Date,AAP
2010-01-04,39.554635609962
2010-01-05,39.319541193261
2010-01-06,39.662387217617
2010-01-07,39.652591616921
2010-01-08,39.809321228055
2010-01-11,39.41749720022
2010-01-12,38.731805151508
2010-01-13,39.270563189782
2010-01-14,38.7513963529
2010-01-15,38.506506335503
2010-01-19,38.692622748725
2010-01-20,38.359572325065
2010-01-21,38.428141529936
2010-01-22,38.927717165426
2010-01-25,39.672182818313
2010-01-26,39.721160821792
2010-01-27,39.760343224576
2010-01-28,38.957103967514
2010-01-29,38.643644745245
2010-02-01,39.662387217617
2010-02-02,40.348079266329
2010-02-03,40.348079266329
2010-02-04,40.093393648236
2010-02-05,39.887686033622
2010-02-08,39.975846439885
2010-02-09,40.720312092772
2010-02-10,41.464777745659
2010-02-11,41.680280960968
2010-02-12,41.934966579061
2010-02-16,41.758645766535
2010-02-17,42.003535783932
2010-02-18,39.329336793957
2010-02-19,39.182402783519
2010-02-22,39.41749720022
2010-02-23,39.397905998828
2010-02-24,39.633000415529
2010-02-25,39.897481634318
2010-02-26,39.966050839189
2010-03-01,40.455830873983
2010-03-02,40.495013276767
2010-03-03,40.641947287205
2010-03-04,40.926019707385
2010-03-05,41.425595342875
2010-03-08,41.239478929654
2010-03-09,41.08274931852
2010-03-10,41.268865731741
2010-03-11,41.513755749138
2010-03-12,41.317843735221
2010-03-15,41.219887728262
2010-03-16,41.435390943571
2010-03-17,41.484368947051
2010-03-18,41.631302957489
2010-03-19,42.375768610376
2010-03-22,42.748001436819
2010-03-23,43.061460659087
2010-03-24,42.561885023597
2010-03-25,42.198946617081
2010-03-26,41.66925272649
2010-03-29,41.384787488951
2010-03-30,41.424024073439
2010-03-31,41.119940543655
2010-04-01,41.551542973026
2010-04-05,41.855626502809
2010-04-06,41.747725895467
2010-04-07,41.296505173852
2010-04-08,41.443642365683
2010-04-09,41.325932612218
2010-04-12,41.600588703636
2010-04-13,41.453451511805
2010-04-14,44.415813640666
2010-04-15,44.513905101886
2010-04-16,44.180394133736
2010-04-19,43.601654512535
2010-04-20,43.611463658657
2010-04-21,44.111730110882
2010-04-22,44.621805709229
2010-04-23,45.229972768796
2010-04-26,45.43596483736
2010-04-27,44.376577056178
2010-04-28,44.661042293717
2010-04-29,45.004362407989
2010-04-30,44.239249010469
2010-05-03,45.43596483736
2010-05-04,44.798370339426
2010-05-05,44.258867302713
2010-05-06,43.356425859484
2010-05-07,42.924823430113
2010-05-10,44.249058156591
2010-05-11,44.543332540253
2010-05-12,45.082835576966
2010-05-13,44.3863862023
2010-05-14,44.043066088028
2010-05-17,44.876843508402
2010-05-18,44.876843508402
2010-05-19,45.210354476552
2010-05-20,48.055006851948
2010-05-21,48.525845865807
2010-05-24,48.604319034783
2010-05-25,50.056072660848
2010-05-26,49.241913532717
2010-05-27,50.350347044509
2010-05-28,50.772140327758
2010-06-01,49.408669016792
2010-06-02,50.369965336753
2010-06-03,50.507293382462
2010-06-04,49.202676948229
2010-06-07,47.672450153188
2010-06-08,48.516036719685
2010-06-09,48.741647080492
2010-06-10,49.271340971083
2010-06-11,49.545997062501
2010-06-14,49.83046230004
2010-06-15,51.144887880396
2010-06-16,50.987941542443
2010-06-17,50.899659227344
2010-06-18,50.605384843683
2010-06-21,50.360156190631
2010-06-22,49.359623286182
2010-06-23,49.957981199627
2010-06-24,50.026726210124
2010-06-25,49.987443346983
2010-06-28,49.565152568216
2010-06-29,49.378558968297
2010-06-30,49.280351810444
2010-07-01,50.773100609804
2010-07-02,50.095471220621
2010-07-06,49.594614715572
2010-07-07,49.977622631197
2010-07-08,49.908877620701
2010-07-09,50.350809831037
2010-07-12,50.537403430957
2010-07-13,51.706068609404
2010-07-14,51.656965030477
2010-07-15,52.108717956599
2010-07-16,50.419554841534
2010-07-19,51.028439220221
2010-07-20,52.049793661888
2010-07-21,50.763279894018
2010-07-22,52.14800081974
2010-07-23,53.198817408763
2010-07-26,53.866626082161
2010-07-27,53.562183892818
2010-07-28,52.678319472145
2010-07-29,52.226566546022
2010-07-30,52.570291598507
2010-08-02,52.472084440654
2010-08-03,51.666785746263
2010-08-04,52.403339430157
2010-08-05,52.904195935206
2010-08-06,51.804275767256
2010-08-09,52.305132272305
2010-08-10,52.098897240814
2010-08-11,50.979335641294
2010-08-12,53.6407496191
2010-08-13,53.287203850831
2010-08-16,53.326486713972
2010-08-17,53.522901029677
2010-08-18,54.20053041886
2010-08-19,54.288916860927
2010-08-20,54.887980523828
2010-08-23,53.768418924309
2010-08-24,53.287203850831
2010-08-25,53.876446797946
2010-08-26,53.699673913812
2010-08-27,54.583538334485
2010-08-30,53.188996692978
2010-08-31,53.493438882321
2010-09-01,54.485331176633
2010-09-02,55.280809155239
2010-09-03,55.52632704987
2010-09-07,55.270988439454
2010-09-08,55.545968481441
2010-09-09,55.035291260607
2010-09-10,55.064753407963
2010-09-13,55.545968481441
2010-09-14,56.331625744262
2010-09-15,56.380729323188
2010-09-16,56.950330838733
2010-09-17,57.107462291298
2010-09-20,58.099354585609
2010-09-21,57.362800901714
2010-09-22,58.796625406363
2010-09-23,57.862721474979
2010-09-24,58.600014052387
2010-09-27,58.373910995315
2010-09-28,58.452555536906
2010-09-29,58.649166890881
2010-09-30,57.685771256401
2010-10-01,57.705432391799
2010-10-04,56.801020163512
2010-10-05,57.675940688702
2010-10-06,57.459668199329
2010-10-07,57.793907501088
2010-10-08,57.557973876317
2010-10-11,58.265774750629
2010-10-12,58.845778244856
2010-10-13,58.963745057242
2010-10-14,58.776964270965
2010-10-15,59.927140691722
2010-10-18,59.337306629795
2010-10-19,59.366798332891
2010-10-20,60.113921477998
2010-10-21,59.976293530215
2010-10-22,60.359685670468
2010-10-25,61.028164273984
2010-10-26,60.811891784611
2010-10-27,60.379346805865
2010-10-28,62.797666459763
2010-10-29,63.879028906628
2010-11-01,63.662756417255
2010-11-02,63.475975630979
2010-11-03,63.839706635833
2010-11-04,64.694966025627
2010-11-05,64.518015807049
2010-11-08,64.852255108807
2010-11-09,64.891577379602
2010-11-10,65.589547686215
2010-11-11,65.215986113662
2010-11-12,63.436653360184
2010-11-15,64.1051319637
2010-11-16,64.18377650529
2010-11-17,64.390218426965
2010-11-18,64.400048994663
2010-11-19,63.967504015917
2010-11-22,65.333952926047
2010-11-23,65.14717213977
2010-11-24,65.864803581781
2010-11-26,65.972939826467
2010-11-29,65.776328472492
2010-11-30,64.871916244204
2010-12-01,65.029205327385
2010-12-02,66.395654237514
2010-12-03,67.07396340873
2010-12-06,67.378711007392
2010-12-07,66.061414935756
2010-12-08,66.562773888393
2010-12-09,66.720062971574
2010-12-10,66.769215810068
2010-12-13,66.847860351658
2010-12-14,66.877352054754
2010-12-15,66.631587862285
2010-12-16,66.729893539273
2010-12-17,65.658361660106
2010-12-20,66.248195722033
2010-12-21,65.658361660106
2010-12-22,65.491091744293
2010-12-23,65.500931151106
2010-12-27,65.353340048917
2010-12-28,65.186070133104
2010-12-29,65.382858269355
2010-12-30,65.648522253294
2010-12-31,65.087676064979
2011-01-03,64.448114622163
2011-01-04,61.240468001274
2011-01-05,61.319183255774
2011-01-06,59.302104859203
2011-01-07,60.886249356022
2011-01-10,61.3388620694
2011-01-11,60.974804017335
2011-01-12,61.791474782777
2011-01-13,61.978423512215
2011-01-14,62.165372241653
2011-01-18,61.899708257715
2011-01-19,62.440875632404
2011-01-20,62.145693428028
2011-01-21,62.490072666467
2011-01-24,62.421196818779
2011-01-25,62.991882413907
2011-01-26,63.218188770595
2011-01-27,63.11979470247
2011-01-28,63.060758261595
2011-01-31,62.913167159407
2011-02-01,62.332642157466
2011-02-02,60.620585372084
2011-02-03,61.476613764775
2011-02-04,62.952524786657
2011-02-07,63.464173940909
2011-02-08,63.857750213411
2011-02-09,64.940084962791
2011-02-10,64.20212945185
2011-02-11,64.251326485913
2011-02-14,62.755736650406
2011-02-15,62.509751480092
2011-02-16,63.375619279596
2011-02-17,61.801314189589
2011-02-18,61.388059103462
2011-02-22,60.443476049458
2011-02-23,59.725199352142
2011-02-24,60.33524257452
2011-02-25,61.624204866963
2011-02-28,61.673401901026
2011-03-01,61.624204866963
2011-03-02,62.007941732653
2011-03-03,63.424816313659
2011-03-04,62.765576057218
2011-03-07,62.03745995309
2011-03-08,63.050918854782
2011-03-09,63.474013347722
2011-03-10,63.847910806598
2011-03-11,64.546508690289
2011-03-14,64.231647672287
2011-03-15,64.369399367663
2011-03-16,63.887268433848
2011-03-17,63.444495127284
2011-03-18,63.759356145285
2011-03-21,63.956144281536
2011-03-22,63.946304874724
2011-03-23,64.349720554038
2011-03-24,65.511836719538
2011-03-25,65.255777225445
2011-03-28,64.625476932292
2011-03-29,64.595931606051
2011-03-30,64.911081752627
2011-03-31,64.625476932292
2011-04-01,65.15729280464
2011-04-04,65.098202152157
2011-04-05,66.752740421682
2011-04-06,66.565620022152
2011-04-07,66.280015201818
2011-04-08,65.452746067055
2011-04-11,64.655022258534
2011-04-12,64.645173816453
2011-04-13,63.03002931525
2011-04-14,63.000483989008
2011-04-15,62.872454241962
2011-04-18,63.522451419275
2011-04-19,64.014873523301
2011-04-20,65.127747478398
2011-04-21,65.413352298733
2011-04-25,64.733809795178
2011-04-26,64.911081752627
2011-04-27,65.344413204169
2011-04-28,65.176989688801
2011-04-29,64.467901859004
2011-05-02,64.448204974843
2011-05-03,65.058808383835
2011-05-04,64.763355121419
2011-05-05,64.861839542224
2011-05-06,64.064115733703
2011-05-09,64.517144069407
2011-05-10,65.275474109606
2011-05-11,67.786826840135
2011-05-12,68.358036480805
2011-05-13,71.066358052944
2011-05-16,69.116366521004
2011-05-17,68.6633381853
2011-05-18,69.589091740868
2011-05-19,62.527758769144
2011-05-20,62.311093043373
2011-05-23,62.035336665119
2011-05-24,61.257309740759
2011-05-25,61.542914561093
2011-05-26,61.710338076462
2011-05-27,61.178522204114
2011-05-31,61.158825319953
2011-06-01,60.095193575259
2011-06-02,59.592923029153
2011-06-03,58.864138315195
2011-06-06,57.99747541211
2011-06-07,57.544447076407
2011-06-08,57.514901750166
2011-06-09,57.278539140233
2011-06-10,57.091418740704
2011-06-13,57.091418740704
2011-06-14,56.382330910907
2011-06-15,56.569451310437
2011-06-16,57.702022149695
2011-06-17,57.239145371911
2011-06-20,58.145202043318
2011-06-21,57.99747541211
2011-06-22,57.820203454661
2011-06-23,58.175110074332
2011-06-24,57.169541318599
2011-06-27,57.208975387451
2011-06-28,57.327277594008
2011-06-29,56.85406876778
2011-06-30,57.662467179252
2011-07-01,58.26383672925
2011-07-05,57.593457558761
2011-07-06,57.287843525155
2011-07-07,58.677894452198
2011-07-08,58.283553763676
2011-07-11,57.692042730891
2011-07-12,57.524447938269
2011-07-13,56.154114045652
2011-07-14,55.749914839916
2011-07-15,54.704912015331
2011-07-18,54.044391362055
2011-07-19,54.704912015331
2011-07-20,54.261278740743
2011-07-21,54.290854292382
2011-07-22,55.079535669428
2011-07-25,56.154114045652
2011-07-26,56.794917664502
2011-07-27,55.404866737459
2011-07-28,54.004957293203
2011-07-29,54.192269120251
2011-08-01,53.433163294845
2011-08-02,52.48674564239
2011-08-03,53.581041053041
2011-08-04,51.993819781736
2011-08-05,52.190990125998
2011-08-08,49.332020134207
2011-08-09,51.126270266986
2011-08-10,49.391171237486
2011-08-11,53.521889949762
2011-08-12,54.389439464513
2011-08-15,55.562603012868
2011-08-16,54.852789773527
2011-08-17,55.937226666965
2011-08-18,55.749914839916
2011-08-19,57.130107249746
2011-08-22,56.518879182536
2011-08-23,57.514589421056
2011-08-24,58.303270798102
2011-08-25,57.159682801386
2011-08-26,58.36242190138
2011-08-29,59.338415105474
2011-08-30,59.535585449736
2011-08-31,59.860916517767
2011-09-01,59.476434346457
2011-09-02,58.599026314494
2011-09-06,58.963791451378
2011-09-07,60.087662413668
2011-09-08,59.99893575875
2011-09-09,59.584878035801
2011-09-12,59.555302484162
2011-09-13,59.791906897276
2011-09-14,60.61016382596
2011-09-15,61.783327374316
2011-09-16,61.704459236611
2011-09-19,61.872054029233
2011-09-20,60.817192687435
2011-09-21,59.00322552023
2011-09-22,57.897963560326
2011-09-23,59.180856906643
2011-09-26,60.029540197284
2011-09-27,59.496646038044
2011-09-28,58.874936185598
2011-09-29,58.223621102083
2011-09-30,57.335464170018
2011-10-03,55.559150305886
2011-10-04,57.789411046407
2011-10-05,57.848621508544
2011-10-06,58.608489105978
2011-10-07,58.263094743508
2011-10-10,60.138092711203
2011-10-11,60.147961121559
2011-10-12,59.249935779137
2011-10-13,59.013093930586
2011-10-14,59.940724504077
2011-10-17,58.795988902748
2011-10-18,60.769670974005
2011-10-19,60.986776001843
2011-10-20,61.559143802508
2011-10-21,62.092037961747
2011-10-24,62.713747814193
2011-10-25,62.703879403837
2011-10-26,62.506511196711
2011-10-27,64.578877371531
2011-10-28,64.805850809726
2011-10-31,64.213746188348
2011-11-01,63.967035929441
2011-11-02,64.045983212292
2011-11-03,65.200587223977
2011-11-04,65.151245172196
2011-11-07,65.575586817516
2011-11-08,66.799269701695
2011-11-09,65.496639534666
2011-11-10,68.595320386539
2011-11-11,69.355187983973
2011-11-14,68.072294637656
2011-11-15,67.549268888773
2011-11-16,66.128217797468
2011-11-17,66.670980367064
2011-11-18,67.055848370959
2011-11-21,66.651243546351
2011-11-22,66.06900733533
2011-11-23,65.970323231767
2011-11-25,66.2565071321
2011-11-28,66.4144016978
2011-11-29,66.631506725638
2011-11-30,68.309136486207
2011-12-01,67.845321199461
2011-12-02,68.151241920506
2011-12-05,68.999925211147
2011-12-06,69.167688187204
2011-12-07,69.078872493997
2011-12-08,68.980188390434
2011-12-09,69.355187983973
2011-12-12,68.249926024069
2011-12-13,67.006506319177
2011-12-14,66.019665283549
2011-12-15,66.819006522408
2011-12-16,67.10519042274
2011-12-19,66.108480976755
2011-12-20,68.082163048012
2011-12-21,67.657821402692
2011-12-22,68.527002173997
2011-12-23,69.386305891082
2011-12-27,70.04806852378
2011-12-28,69.396182945301
2011-12-29,69.485076433276
2011-12-30,68.773928529481
2012-01-03,68.250444655854
2012-01-04,69.850527439392
2012-01-05,70.294994879264
2012-01-06,70.620937668503
2012-01-09,70.601183560065
2012-01-10,70.660445885381
2012-01-11,71.134544487911
2012-01-12,70.769093481794
2012-01-13,70.581429451626
2012-01-17,71.193806813227
2012-01-18,72.724750217229
2012-01-19,74.226062458574
2012-01-20,73.830980289799
2012-01-23,73.97913610309
2012-01-24,74.305078892329
2012-01-25,75.045857958782
2012-01-26,74.137168970599
2012-01-27,74.423603542961
2012-01-30,75.628604157725
2012-01-31,75.69774353726
2012-02-01,75.717497645699
2012-02-02,75.332292531143
2012-02-03,75.974301055403
2012-02-06,75.895284621648
2012-02-07,76.280489736203
2012-02-08,77.860818411302
2012-02-09,79.134958405601
2012-02-10,79.006556700749
2012-02-13,78.453441664465
2012-02-14,78.789261507923
2012-02-15,78.423810501807
2012-02-16,84.843895744398
2012-02-17,84.517952955159
2012-02-21,84.34016597921
2012-02-22,84.033977298409
2012-02-23,84.103116677945
2012-02-24,83.540124587441
2012-02-27,83.135165364447
2012-02-28,84.715494039546
2012-02-29,84.320411870771
2012-03-01,84.922912178153
2012-03-02,85.643937136167
2012-03-05,85.772338841019
2012-03-06,85.940248762748
2012-03-07,85.732830624141
2012-03-08,85.871109383212
2012-03-09,86.197052172452
2012-03-12,86.414347365278
2012-03-13,87.392175732996
2012-03-14,88.073692474132
2012-03-15,88.152708907887
2012-03-16,86.967462401563
2012-03-19,87.411929841434
2012-03-20,87.718118522235
2012-03-21,88.073692474132
2012-03-22,88.142878406948
2012-03-23,87.955088017877
2012-03-26,89.279504446059
2012-03-27,89.457411130442
2012-03-28,87.757413924118
2012-03-29,86.956833844396
2012-03-30,87.539972420984
2012-04-02,87.945204313189
2012-04-03,88.953342191358
2012-04-04,88.686482164784
2012-04-05,89.151016285116
2012-04-09,88.775435506975
2012-04-10,87.253344985034
2012-04-11,88.617296231968
2012-04-12,88.903923667918
2012-04-13,89.101597761677
2012-04-16,88.65683105072
2012-04-17,89.141132580428
2012-04-18,89.625434110137
2012-04-19,89.813224499208
2012-04-20,89.724271157016
2012-04-23,89.536480767946
2012-04-24,87.816716152246
2012-04-25,88.597528822592
2012-04-26,90.366711961732
2012-04-27,91.295780202397
2012-04-30,90.732409035185
2012-05-01,89.694620042952
2012-05-02,91.246361678957
2012-05-03,90.880664605504
2012-05-04,89.309155560123
2012-05-07,89.615550405449
2012-05-08,88.142878406948
2012-05-09,87.579507239736
2012-05-10,88.03415765538
2012-05-11,87.391716850665
2012-05-14,81.382424400404
2012-05-15,80.137077609725
2012-05-16,81.145215487894
2012-05-17,67.37721485761
2012-05-18,65.904542859108
2012-05-21,69.008026131118
2012-05-22,68.167911232644
2012-05-23,70.816744089009
2012-05-24,72.081858289064
2012-05-25,72.81325243597
2012-05-29,73.346972489118
2012-05-30,71.607440464043
2012-05-31,72.091741993752
2012-06-01,70.312675149924
2012-06-04,69.956861781159
2012-06-05,71.281278209341
2012-06-06,72.852787254722
2012-06-07,72.86267095941
2012-06-08,73.465576945374
2012-06-11,71.330696732781
2012-06-12,72.496973885957
2012-06-13,69.719652868649
2012-06-14,69.838257324904
2012-06-15,68.928956493614
2012-06-18,69.867908438968
2012-06-19,68.059190481077
2012-06-20,68.286515688899
2012-06-21,66.505902502748
2012-06-22,67.198363186251
2012-06-25,65.763980341851
2012-06-26,65.140765726699
2012-06-27,64.883566044254
2012-06-28,65.002273589998
2012-06-29,67.485239755131
2012-07-02,66.941163503807
2012-07-03,68.454684712035
2012-07-05,68.058992892891
2012-07-06,68.306300279856
2012-07-09,69.344991305111
2012-07-10,69.889067556435
2012-07-11,69.048222440753
2012-07-12,70.809051035947
2012-07-13,70.828835626904
2012-07-16,69.671437055905
2012-07-17,71.323450400835
2012-07-18,73.113955882464
2012-07-19,72.579771926619
2012-07-20,71.748819106415
2012-07-23,71.14538908222
2012-07-24,70.591420535417
2012-07-25,71.768603697372
2012-07-26,68.642638326129
2012-07-27,68.860268826659
2012-07-30,69.64176016947
2012-07-31,69.394452782504
2012-08-01,67.326963027473
2012-08-02,66.41687184344
2012-08-03,67.27750155008
2012-08-06,68.365654052728
2012-08-07,69.898959851914
2012-08-08,69.809929192606
2012-08-09,67.188470890772
2012-08-10,67.861146983318
2012-08-13,68.365654052728
2012-08-14,69.908852147392
2012-08-15,70.532066762545
2012-08-16,71.679573038065
2012-08-17,72.085157152688
2012-08-20,70.809051035947
2012-08-21,71.224527446048
2012-08-22,71.422373355621
2012-08-23,71.184958264134
2012-08-24,71.194850559613
2012-08-27,70.630989717331
2012-08-28,71.313558105356
2012-08-29,70.670558899246
2012-08-30,70.255082489144
2012-08-31,70.35400544393
2012-09-04,69.503268032769
2012-09-05,69.483483441812
2012-09-06,70.551851353502
2012-09-07,69.631867873991
2012-09-10,69.107576213624
2012-09-11,69.790144601649
2012-09-12,69.829713783563
2012-09-13,68.721776689958
2012-09-14,67.267609254601
2012-09-17,67.158794004337
2012-09-18,66.960948094764
2012-09-19,67.603947300874
2012-09-20,68.524739201721
2012-09-21,67.792066076316
2012-09-24,67.168303820904
2012-09-25,66.861373187288
2012-09-26,67.168303820904
2012-09-27,67.445531489976
2012-09-28,67.762363111773
2012-10-01,67.316818643621
2012-10-02,67.861372993584
2012-10-03,67.455432478157
2012-10-04,68.801966870793
2012-10-05,69.178204421677
2012-10-08,69.891075570719
2012-10-09,69.237610350764
2012-10-10,68.42572931991
2012-10-11,67.811868052678
2012-10-12,67.297016667259
2012-10-15,67.098996903636
2012-10-16,67.495036430882
2012-10-17,67.673254218142
2012-10-18,67.633650265418
2012-10-19,67.752462123592
2012-10-22,65.49503681829
2012-10-23,66.623749470941
2012-10-24,66.18810599097
2012-10-25,67.227709749991
2012-10-26,67.465333466338
2012-10-31,70.23761015706
2012-11-01,80.198004267294
2012-11-02,79.178202484636
2012-11-05,79.99008351549
2012-11-06,79.64354892915
2012-11-07,78.970281732832
2012-11-08,78.61384615831
2012-11-09,77.633648328377
2012-11-12,77.495034493841
2012-11-13,78.485133311955
2012-11-14,77.079192990232
2012-11-15,76.732658403892
2012-11-16,76.138599113023
2012-11-19,77.019787061146
2012-11-20,76.881173226609
2012-11-21,77.158400895682
2012-11-23,78.257410583789
2012-11-26,77.386123623848
2012-11-27,75.85147045577
2012-11-28,77.297014730218
2012-11-29,73.198005623223
2012-11-30,72.425728545093
2012-12-03,72.445530521455
2012-12-04,71.663352455145
2012-12-05,71.485134667884
2012-12-06,71.237609963355
2012-12-07,70.910877353378
2012-12-10,71.980184076941
2012-12-11,72.108896923296
2012-12-12,72.069292970572
2012-12-13,72.306916686919
2012-12-14,71.871273206949
2012-12-17,72.326718663282
2012-12-18,72.178203840564
2012-12-19,71.376223797892
2012-12-20,71.029400553004
2012-12-21,69.632198337885
2012-12-24,70.137569351864
2012-12-26,69.959203111636
2012-12-27,70.692486543684
2012-12-28,70.860943548344
2012-12-31,71.693319336075
2013-01-02,71.83204863403
2013-01-03,71.83204863403
2013-01-04,72.951792253239
2013-01-07,72.704061364033
2013-01-08,71.514953095847
2013-01-09,71.732956278347
2013-01-10,71.10867443755
2013-01-11,71.633863922665
2013-01-14,71.921231754144
2013-01-15,72.971610724375
2013-01-16,72.694152128465
2013-01-17,72.753607541874
2013-01-18,73.080612315625
2013-01-22,73.407617089377
2013-01-23,74.071535872447
2013-01-24,74.329175997221
2013-01-25,74.566997650858
2013-01-28,75.250734905066
2013-01-29,73.893169632219
2013-01-30,72.862609133125
2013-01-31,72.852699897556
2013-02-01,72.991429195511
2013-02-04,71.574408509256
2013-02-05,72.604969008351
2013-02-06,72.238327292327
2013-02-07,76.439843173252
2013-02-08,78.183868633259
2013-02-11,77.67849761928
2013-02-12,77.886591566212
2013-02-13,78.253233282236
2013-02-14,78.12441321985
2013-02-15,78.282960988941
2013-02-19,79.987349506675
2013-02-20,78.778422767352
2013-02-21,78.34241640235
2013-02-22,78.491054935874
2013-02-25,77.648769912575
2013-02-26,76.44975240882
2013-02-27,76.598390942344
2013-02-28,75.647104327795
2013-03-01,75.676832034499
2013-03-04,76.320932346433
2013-03-05,76.251567697456
2013-03-06,75.488556558703
2013-03-07,75.528193500976
2013-03-08,76.142566106206
2013-03-11,76.826303360413
2013-03-12,76.657846355753
2013-03-13,78.055048570872
2013-03-14,76.965032658368
2013-03-15,78.84778741633
2013-03-18,79.967531035539
2013-03-19,79.343249194741
2013-03-20,79.551343141673
2013-03-21,79.362926846524
2013-03-22,79.144760610034
2013-03-25,79.858759202181
2013-03-26,80.919840443288
2013-03-27,80.95950703174
2013-03-28,81.961088390168
2013-04-01,81.653672329661
2013-04-02,82.139588038205
2013-04-03,81.435506093171
2013-04-04,81.514839270077
2013-04-05,80.275258380933
2013-04-08,79.957925673312
2013-04-09,78.053929427588
2013-04-10,80.552924500101
2013-04-11,82.318087686242
2013-04-12,81.306589680701
2013-04-15,79.600926377239
2013-04-16,79.799259319502
2013-04-17,79.154677257147
2013-04-18,78.262179016964
2013-04-19,79.263760375392
2013-04-22,78.410928723661
2013-04-23,79.878592496407
2013-04-24,80.503341264536
2013-04-25,82.308171039128
2013-04-26,82.24867115645
2013-04-29,82.328004333355
2013-04-30,83.180835985086
2013-05-01,83.63700175229
2013-05-02,83.884917930119
2013-05-03,83.85516798878
2013-05-06,84.20225063774
2013-05-07,84.866665994321
2013-05-08,84.410500227116
2013-05-09,84.01383434259
2013-05-10,84.717916287623
2013-05-13,84.291500461758
2013-05-14,85.402164938431
2013-05-15,85.679831057599
2013-05-16,84.70799964051
2013-05-17,85.441831526883
2013-05-20,85.798830822957
2013-05-21,86.453329532424
2013-05-22,85.08483223081
2013-05-23,83.379168927348
2013-05-24,82.694920276541
2013-05-28,82.932919807257
2013-05-29,81.475172681624
2013-05-30,81.385922857606
2013-05-31,80.840507266383
2013-06-03,81.861921919037
2013-06-04,81.306589680701
2013-06-05,80.870257207722
2013-06-06,82.536253922731
2013-06-07,83.617168458064
2013-06-10,82.923003160144
2013-06-11,82.000754978621
2013-06-12,81.663588976774
2013-06-13,82.0602548613
2013-06-14,81.792505389245
2013-06-17,81.792505389245
2013-06-18,82.992419689936
2013-06-19,83.428752162914
2013-06-20,82.247828943289
2013-06-21,80.124151892871
2013-06-24,79.608118217069
2013-06-25,80.769193987624
2013-06-26,79.14170316394
2013-06-27,79.409643726376
2013-06-28,80.550872047862
2013-07-01,81.265380214358
2013-07-02,80.848583783902
2013-07-03,81.364617459704
2013-07-05,81.950117207249
2013-07-08,83.081421804201
2013-07-09,82.565388128399
2013-07-10,82.118820524339
2013-07-11,82.128744248873
2013-07-12,82.039430728061
2013-07-15,82.744015170022
2013-07-16,81.751642716556
2013-07-17,80.868431232971
2013-07-18,81.870727410972
2013-07-19,81.582939399467
2013-07-22,82.118820524339
2013-07-23,82.069201901665
2013-07-24,80.90812613111
2013-07-25,81.592863124002
2013-07-26,82.009659554457
2013-07-29,81.702024093883
2013-07-30,81.563091950398
2013-07-31,81.860803686437
2013-08-01,82.793633792696
2013-08-02,82.833328690834
2013-08-05,82.773786343626
2013-08-06,82.545540679329
2013-08-07,81.662329195744
2013-08-08,81.027210825526
2013-08-09,82.535616954795
2013-08-12,81.821108788299
2013-08-13,83.84554859337
2013-08-14,82.912718487112
2013-08-15,81.255456489823
2013-08-16,80.183694240079
2013-08-19,79.737126636019
2013-08-20,81.03713455006
2013-08-21,81.106600621803
2013-08-22,81.176066693546
2013-08-23,82.37683736224
2013-08-26,82.466150883052
2013-08-27,80.90812613111
2013-08-28,80.451634802515
2013-08-29,80.640185568674
2013-08-30,79.459262349049
2013-09-03,79.171474337544
2013-09-04,79.171474337544
2013-09-05,79.429491175445
2013-09-06,78.516508518256
2013-09-09,79.032542194058
2013-09-10,80.46155852705
2013-09-11,80.818812610298
2013-09-12,79.756974085089
2013-09-13,78.774525356157
2013-09-16,79.111931990336
2013-09-17,79.320330205564
2013-09-18,79.806592707762
2013-09-19,80.154182397256
2013-09-20,80.094595593343
2013-09-23,79.240518070587
2013-09-24,79.548383224138
2013-09-25,80.899017446171
2013-09-26,81.117502393853
2013-09-27,81.494885485303
2013-09-30,82.110615792406
2013-10-01,82.905106511249
2013-10-02,82.051028988493
2013-10-03,81.335987341535
2013-10-04,82.587310223712
2013-10-07,81.415436413419
2013-10-08,80.690463632475
2013-10-09,79.925766315589
2013-10-10,81.196951465737
2013-10-11,81.763026102913
2013-10-14,83.034211253061
2013-10-15,81.931855380667
2013-10-16,95.497784404908
2013-10-17,96.550484607375
2013-10-18,98.020292437234
2013-10-21,97.772014087596
2013-10-22,98.040154705205
2013-10-23,99.082923773686
2013-10-24,98.735334084193
2013-10-25,101.96295262949
2013-10-28,100.30445325391
2013-10-29,99.60927387492
2013-10-30,99.311339855354
2013-10-31,98.49698686854
2013-11-01,99.221959649484
2013-11-04,98.69560954825
2013-11-05,98.576435940424
2013-11-06,97.831600891509
2013-11-07,96.00427223817
2013-11-08,96.292275123751
2013-11-11,98.755196352164
2013-11-12,98.556573672453
2013-11-13,98.993543567816
2013-11-14,98.199052848974
2013-11-15,98.655885012308
2013-11-18,97.632978211798
2013-11-19,96.391586463606
2013-11-20,96.997385636724
2013-11-21,99.351064391296
2013-11-22,99.410651195209
2013-11-25,99.43051346318
2013-11-26,100.81094108717
2013-11-27,101.32736005442
2013-11-29,100.31438438789
2013-12-02,102.34033572094
2013-12-03,106.38230725305
2013-12-04,104.98201736109
2013-12-05,104.22725117819
2013-12-06,103.83000581877
2013-12-09,103.61152087109
2013-12-10,108.69626147168
2013-12-11,106.31278931516
2013-12-12,107.18672910588
2013-12-13,109.09350683111
2013-12-16,108.51750105994
2013-12-17,107.71307920712
2013-12-18,108.57708786386
2013-12-19,107.7126047812
2013-12-20,108.66651714827
2013-12-23,109.1434733318
2013-12-24,109.58068316671
2013-12-26,109.47138070798
2013-12-27,109.22296602906
2013-12-30,108.93480500151
2013-12-31,109.97814665299
2014-01-02,109.04410746023
2014-01-03,112.16419582751
2014-01-06,111.09104441456
2014-01-07,112.46229344222
2014-01-08,111.58787377241
2014-01-09,112.82994716703
2014-01-10,114.90669388283
2014-01-13,113.56525461664
2014-01-14,116.85426496559
2014-01-15,116.72508933255
2014-01-16,117.13248940598
2014-01-17,117.68893828677
2014-01-21,117.25172845186
2014-01-22,117.00331377294
2014-01-23,115.59231839666
2014-01-24,115.24453784616
2014-01-27,114.66821579106
2014-01-28,115.5128256994
2014-01-29,113.17772771752
2014-01-30,114.46948404792
2014-01-31,114.0819571488
2014-02-03,109.52106364377
2014-02-04,109.55087340524
2014-02-05,110.04770276308
2014-02-06,124.06822724152
2014-02-07,124.20733946172
2014-02-10,122.53799281936
2014-02-11,124.64454929663
2014-02-12,124.16759311309
2014-02-13,125.4593494435
2014-02-14,126.53250085644
2014-02-18,125.98598856281
2014-02-19,125.14137865447
2014-02-20,126.7511057739
2014-02-21,127.10882291155
2014-02-24,125.69782753526
2014-02-25,124.70416881957
2014-02-26,124.99232984712
2014-02-27,124.23714922319
2014-02-28,126.55237403076
2014-03-03,125.47922261781
2014-03-04,125.61833483801
2014-03-05,124.79359810398
2014-03-06,125.93630562703
2014-03-07,125.99592514997
2014-03-10,125.97605197566
2014-03-11,126.13503737017
2014-03-12,125.6878909481
2014-03-13,123.77012962682
2014-03-14,123.80987597544
2014-03-17,125.49909579212
2014-03-18,125.15131524163
2014-03-19,123.79000280113
2014-03-20,124.01865442853
2014-03-21,125.58939169504
2014-03-24,123.96894755301
2014-03-25,122.8356307911
2014-03-26,122.03037940763
2014-03-27,123.16369616955
2014-03-28,123.91924067749
2014-03-31,125.75839507182
2014-04-01,126.50399820466
2014-04-02,126.11628457558
2014-04-03,125.65898132077
2014-04-04,120.92688677104
2014-04-07,117.41758135915
2014-04-08,118.46142574512
2014-04-09,120.86723852041
2014-04-10,117.91465011438
2014-04-11,115.56848558972
2014-04-14,116.51291622464
2014-04-15,116.85092297819
2014-04-16,118.80937387378
2014-04-17,120.13157676268
2014-04-21,120.68829376853
2014-04-22,120.89706264572
2014-04-23,121.43389690137
2014-04-24,121.62278302835
2014-04-25,119.92280788548
2014-04-28,120.72805926895
2014-04-29,119.12749787712
2014-04-30,120.57893864238
2014-05-01,120.27075601414
2014-05-02,120.97659364656
2014-05-05,120.32046288966
2014-05-06,119.78362863402
2014-05-07,118.74972562315
2014-05-08,121.7420795296
2014-05-09,123.82976830155
2014-05-12,124.51572318376
2014-05-13,122.68651016453
2014-05-14,122.41809303671
2014-05-15,123.5017029231
2014-05-16,120.95671089635
2014-05-19,122.08008628316
2014-05-20,121.39413140095
2014-05-21,121.86137603086
2014-05-22,121.78184503002
2014-05-23,122.51750678775
2014-05-27,120.72805926895
2014-05-28,120.3999938905
2014-05-29,121.59295890304
2014-05-30,123.44205467247
2014-06-02,123.74029592561
2014-06-03,124.49584043355
2014-06-04,125.7186295714
2014-06-05,126.68294295654
2014-06-06,127.65719771678
2014-06-09,126.96130145946
2014-06-10,126.22563970173
2014-06-11,125.40050556806
2014-06-12,123.55140979862
2014-06-13,124.06836130406
2014-06-16,124.33677843188
2014-06-17,125.27171621066
2014-06-18,129.02141347239
2014-06-19,128.1461525731
2014-06-20,129.10098264505
2014-06-23,129.96629739775
2014-06-24,130.95096590945
2014-06-25,129.15071337796
2014-06-26,129.8270513456
2014-06-27,132.76116458753
2014-06-30,134.19340969545
2014-07-01,133.80550997872
2014-07-02,133.52701787441
2014-07-03,134.21330198862
2014-07-07,133.27836420984
2014-07-08,131.55768085101
2014-07-09,132.86062605336
2014-07-10,132.44288789688
2014-07-11,132.57218780245
2014-07-14,134.08400208304
2014-07-15,131.92568827457
2014-07-16,131.11010425478
2014-07-17,129.16065952455
2014-07-18,129.7673744661
2014-07-21,127.8577143222
2014-07-22,123.48140982575
2014-07-23,122.92442561712
2014-07-24,125.94805417829
2014-07-25,124.87387034735
2014-07-28,123.81957880957
2014-07-29,122.2978183824
2014-07-30,123.53114055867
2014-07-31,120.45778126458
2014-08-01,123.35210992018
2014-08-04,123.35210992018
2014-08-05,123.74000963691
2014-08-06,122.32765682215
2014-08-07,121.1937961117
2014-08-08,124.4362398977
2014-08-11,124.57548594986
2014-08-12,124.03839403439
2014-08-13,122.26797994265
2014-08-14,130.88134288337
2014-08-15,130.76198912438
2014-08-18,132.61197238879
2014-08-19,133.298256503
2014-08-20,134.41222492028
2014-08-21,133.75577924581
2014-08-22,134.68077087801
2014-08-25,135.59581636363
2014-08-26,135.3272704059
2014-08-27,136.69983863433
2014-08-28,136.67000019458
2014-08-29,135.68533168288
2014-09-02,137.13746908397
2014-09-03,137.55520724045
2014-09-04,137.5253688007
2014-09-05,137.01811532498
2014-09-08,136.06328525303
2014-09-09,135.14823976741
2014-09-10,135.16813206057
2014-09-11,133.69610236631
2014-09-12,133.13911815768
2014-09-15,133.26841806325
2014-09-16,134.6907170246
2014-09-17,133.7060485129
2014-09-18,132.95975442653
2014-09-19,131.10894509235
2014-09-22,130.25319453999
2014-09-23,128.48198990835
2014-09-24,129.97457808108
2014-09-25,127.56653582908
2014-09-26,129.45714751453
2014-09-29,129.99447925671
2014-09-30,129.6561592709
2014-10-01,129.8750722029
2014-10-02,132.31296621835
2014-10-03,134.46229318708
2014-10-06,133.75580145199
2014-10-07,133.14881559508
2014-10-08,136.16384370399
2014-10-09,133.32792617581
2014-10-10,132.15375681326
2014-10-13,130.23329336435
2014-10-14,133.31797558799
2014-10-15,132.85029796053
2014-10-16,131.77563447617
2014-10-17,135.11903198308
2014-10-20,138.88035417835
2014-10-21,140.32318941199
2014-10-22,138.09425774071
2014-10-23,140.08437530435
2014-10-24,141.33814936944
2014-10-27,143.74619162144
2014-10-28,145.05966921344
2014-10-29,144.31337512708
2014-10-30,144.99001509871
2014-10-31,146.23383857599
2014-11-03,147.02988560144
2014-11-04,147.70652557308
2014-11-05,148.63193024017
2014-11-06,144.84075628144
2014-11-07,141.1490882009
2014-11-10,144.45268335653
2014-11-11,144.26362218799
2014-11-12,145.54724801653
2014-11-13,145.27858214544
2014-11-14,144.09446219508
2014-11-17,145.10942215253
2014-11-18,145.51739625308
2014-11-19,144.02480808035
2014-11-20,144.47258453217
2014-11-21,144.77110216671
2014-11-24,144.86065745708
2014-11-25,144.73129981544
2014-11-26,144.99001509871
2014-11-28,146.3532456298
2014-12-01,146.34329504199
2014-12-02,147.74632792435
2014-12-03,151.28873718762
2014-12-04,152.49275831362
2014-12-05,153.41816298071
2014-12-08,152.9206335898
2014-12-09,157.46805222271
2014-12-10,156.46304285308
2014-12-11,158.37355571417
2014-12-12,159.45816978635
2014-12-15,160.21441446053
2014-12-16,156.23417933326
2014-12-17,158.76162863908
2014-12-18,159.94574858944
2014-12-19,159.06014627362
2014-12-22,158.65217217308
2014-12-23,160.45322856817
2014-12-24,159.49761656106
2014-12-26,159.26866785102
2014-12-29,160.48309144339
2014-12-30,159.29853072625
2014-12-31,158.5519588457
2015-01-02,157.83524984037
2015-01-05,155.75480286656
2015-01-06,155.64530565741
2015-01-07,158.98994768229
2015-01-08,160.38354852598
2015-01-09,159.56729660325
2015-01-12,158.20355863477
2015-01-13,153.05718980483
2015-01-14,150.14058232481
2015-01-15,147.34342634568
2015-01-16,149.31437611034
2015-01-20,151.96221771336
2015-01-21,152.64906384347
2015-01-22,155.82448290875
2015-01-23,155.06795673645
2015-01-26,158.50218738699
2015-01-27,158.30310155218
2015-01-28,158.57186742918
2015-01-29,159.52747943628
2015-01-30,158.27323867696
2015-02-02,155.25708827953
2015-02-03,156.352060371
2015-02-04,155.75480286656
2015-02-05,159.42793651888
2015-02-06,161.25952619916
2015-02-09,160.00528543984
2015-02-10,162.15541245582
2015-02-11,161.64774357705
2015-02-12,150.72788553751
2015-02-13,149.47364477819
2015-02-17,149.54332482037
2015-02-18,152.51965805084
2015-02-19,152.56942950954
2015-02-20,154.35124773112
2015-02-23,156.46155758015
2015-02-24,155.68512282438
2015-02-25,155.53580844827
2015-02-26,154.66978506683
2015-02-27,154.2218419385
2015-03-02,154.06257327064
2015-03-03,153.76394451842
2015-03-04,150.14058232481
2015-03-05,151.82285762899
2015-03-06,148.38862697845
2015-03-09,147.61219222268
2015-03-10,145.86023687632
2015-03-11,146.65658021557
2015-03-12,148.63748427197
2015-03-13,148.92615873245
2015-03-16,150.42925678529
2015-03-17,149.31437611034
2015-03-18,148.40853556193
2015-03-19,148.56786835191
2015-03-20,151.27652578148
2015-03-23,148.88653393186
2015-03-24,150.38027883787
2015-03-25,148.10978658073
2015-03-26,148.78695093812
2015-03-27,150.75869421406
2015-03-30,151.44581687082
2015-03-31,149.06578332058
2015-04-01,143.15055349277
2015-04-02,143.37959437836
2015-04-06,145.12229676871
2015-04-07,146.0982101073
2015-04-08,148.18945297572
2015-04-09,147.43262222334
2015-04-10,149.57365658862
2015-04-13,148.55791005253
2015-04-14,148.42845216068
2015-04-15,148.95624202747
2015-04-16,149.37449060115
2015-04-17,149.17532461369
2015-04-20,151.76448245077
2015-04-21,151.76448245077
2015-04-22,150.87819380654
2015-04-23,146.07829350855
2015-04-24,147.99028698825
2015-04-27,144.38538261508
2015-04-28,143.89742594578
2015-04-29,144.05675873575
2015-04-30,142.40368103977
2015-05-01,144.73392309314
2015-05-04,144.84346438625
2015-05-05,143.38955267773
2015-05-06,143.48913567147
2015-05-07,143.9273008439
2015-05-08,144.15634172949
2015-05-11,144.90321418249
2015-05-12,146.51645868098
2015-05-13,148.75707604
2015-05-14,149.23507440993
2015-05-15,150.98773509965
2015-05-18,151.24665088335
2015-05-19,152.30223061694
2015-05-20,149.27490760742
2015-05-21,156.84321513121
2015-05-22,159.53195596203
2015-05-26,157.34113009988
2015-05-27,156.56438274876
2015-05-28,155.69801070327
2015-05-29,152.58106299939
2015-06-01,152.68064599313
2015-06-02,154.7121390653
2015-06-03,155.87726009199
2015-06-04,155.9469681876
2015-06-05,156.7336738381
2015-06-08,156.65400744312
2015-06-09,156.76354873622
2015-06-10,159.60166405765
2015-06-11,159.86057984135
2015-06-12,160.53774419875
2015-06-15,157.65979567983
2015-06-16,158.38675153409
2015-06-17,158.38675153409
2015-06-18,159.64197077387
2015-06-19,159.89102221034
2015-06-22,162.64055006891
2015-06-23,163.2681596888
2015-06-24,162.79994298824
2015-06-25,163.57698347001
2015-06-26,163.65667992968
2015-06-29,158.32697918934
2015-06-30,158.68561325785
2015-07-01,162.03286456393
2015-07-02,161.49491346117
2015-07-06,162.79994298824
2015-07-07,162.90952562029
2015-07-08,159.38295727995
2015-07-09,161.45506523134
2015-07-10,163.48732495289
2015-07-13,168.66759483135
2015-07-14,166.57556276505
2015-07-15,167.83078200483
2015-07-16,168.71740511865
2015-07-17,169.05611507224
2015-07-20,168.04994726892
2015-07-21,166.89434860372
2015-07-22,167.58173056837
2015-07-23,167.75108554516
2015-07-24,167.67138908549
2015-07-27,167.70127525787
2015-07-28,169.65383851975
2015-07-29,172.40336637832
2015-07-30,171.88533939048
2015-07-31,173.54900298606
2015-08-03,173.15052068772
2015-08-04,174.43562609988
2015-08-05,174.60498107667
2015-08-06,172.08458053965
2015-08-07,173.09074834297
2015-08-10,173.00108982584
2015-08-11,171.26769182804
2015-08-12,171.34738828771
2015-08-13,187.07747701482
2015-08-14,186.32036064797
2015-08-17,183.98923920266
2015-08-18,185.06514140819
2015-08-19,187.12728730212
2015-08-20,183.75014982365
2015-08-21,176.86636811977
2015-08-24,173.09074834297
2015-08-25,170.57034780594
2015-08-26,170.80943718495
2015-08-27,175.5613385927
2015-08-28,175.81039002916
2015-08-31,174.58505696175
2015-09-01,171.96503585015
2015-09-02,174.58505696175
2015-09-03,172.58268341258
2015-09-04,171.47689503467
2015-09-08,174.65479136396
2015-09-09,174.25630906562
2015-09-10,174.21646083579
2015-09-11,174.17661260595
2015-09-14,174.33600552529
2015-09-15,176.17898615513
2015-09-16,177.97215649767
2015-09-17,177.66322896246
2015-09-18,173.09907376475
2015-09-21,174.14544122274
2015-09-22,173.83651368752
2015-09-23,175.26156651126
2015-09-24,174.19526824455
2015-09-25,176.22821073436
2015-09-28,170.80703076153
2015-09-29,169.94004058205
2015-09-30,188.8743088695
2015-10-01,191.37562536432
2015-10-02,191.02683621165
2015-10-05,190.50863518484
2015-10-06,190.43887735431
2015-10-07,189.69147202717
2015-10-08,186.70185071862
2015-10-09,188.86434346514
2015-10-12,190.61825463282
2015-10-13,190.18974224526
2015-10-14,186.42281939649
2015-10-15,189.89078011441
2015-10-16,190.13991522345
2015-10-19,190.73783948516
2015-10-20,192.9202630404
2015-10-21,191.4852448123
2015-10-22,191.20621349017
2015-10-23,191.2759713207
2015-10-26,191.78420694315
2015-10-27,192.60137010082
2015-10-28,193.60787594136
2015-10-29,196.79680533714
2015-10-30,197.74351875152
2015-11-02,199.68677260207
2015-11-03,198.01258466929
2015-11-04,198.65037054844
2015-11-05,199.64691098462
2015-11-06,198.03251547801
2015-11-09,194.2257310118
2015-11-10,193.43846406721
2015-11-11,193.99652671147
2015-11-12,164.07041741294
2015-11-13,161.06086529567
2015-11-16,163.65187042974
2015-11-17,163.52232017304
2015-11-18,163.8711093257
2015-11-19,161.80827062281
2015-11-20,162.25671381909
2015-11-23,162.05740573185
2015-11-24,162.62543378048
2015-11-25,163.73159366464
2015-11-27,164.26972550018
2015-11-30,162.16702517983
2015-12-01,161.77837440972
2015-12-02,157.38363108616
2015-12-03,154.24452871219
2015-12-04,155.29089617018
2015-12-07,150.69684475938
2015-12-08,149.3614805749
2015-12-09,152.67996022738
2015-12-10,151.23497659492
2015-12-11,148.33504392563
2015-12-14,147.09933378477
2015-12-15,155.62971991848
2015-12-16,160.26363294673
2015-12-17,152.54044456632
2015-12-18,149.05255303968
2015-12-21,149.13227627458
2015-12-22,147.3783651069
2015-12-23,148.60460733839
2015-12-24,148.67439348165
2015-12-28,150.09005524483
2015-12-29,151.73501433586
2015-12-30,150.93745841294
2015-12-31,150.05017744869
2016-01-04,151.774892132
2016-01-05,150.73806943221
2016-01-06,146.7502898176
2016-01-07,148.37531001055
2016-01-08,145.11530017561
2016-01-11,146.60074808205
2016-01-12,147.61763188377
2016-01-13,141.72568750319
2016-01-14,140.88825378412
2016-01-15,143.84918014797
2016-01-19,144.17817196618
2016-01-20,142.95192973468
2016-01-21,143.36067714518
2016-01-22,143.98875243448
2016-01-25,144.27786645654
2016-01-26,151.00724455619
2016-01-27,151.05709180137
2016-01-28,148.10613488656
2016-01-29,151.58547260031
2016-02-01,154.41679612668
2016-02-02,151.39605306862
2016-02-03,147.4880290463
2016-02-04,147.39830400497
2016-02-05,143.50024943169
2016-02-08,141.0178566216
2016-02-09,141.06770386678
2016-02-10,138.14665529908
2016-02-11,137.9871441145
2016-02-12,140.33993408711
2016-02-16,145.55395593321
2016-02-17,142.97186863276
2016-02-18,142.88214359143
2016-02-19,143.19119651156
2016-02-22,147.41824290304
2016-02-23,147.09922053388
2016-02-24,149.96045240736
2016-02-25,149.62149114012
2016-02-26,149.59158279301
2016-02-29,147.98650149813
2016-03-01,152.88150097506
2016-03-02,151.70510598875
2016-03-03,153.40988177399
2016-03-04,151.90449496948
2016-03-07,151.05709180137
2016-03-08,149.22271317865
2016-03-09,153.30021783459
2016-03-10,155.67294670528
2016-03-11,158.08555337212
2016-03-14,158.85320094793
2016-03-15,158.09552282116
2016-03-16,158.53417857877
2016-03-17,157.51691095074
2016-03-18,157.04816998489
2016-03-21,158.18511615739
2016-03-22,157.76624125173
2016-03-23,160.65847274316
2016-03-24,161.38651722204
2016-03-28,161.32667794981
2016-03-29,162.59327587881
2016-03-30,163.35123999381
2016-03-31,159.91048184021
2016-04-01,159.99026753652
2016-04-04,158.80345530383
2016-04-05,160.04013359672
2016-04-06,159.45171408639
2016-04-07,155.41256321042
2016-04-08,155.69181314753
2016-04-11,154.35540273425
2016-04-12,156.08076841707
2016-04-13,160.0600800208
2016-04-14,160.50887456257
2016-04-15,160.75820486356
2016-04-18,160.50887456257
2016-04-19,160.35927638198
2016-04-20,157.96570549252
2016-04-21,156.70908077555
2016-04-22,157.97567870456
2016-04-25,156.96838428858
2016-04-26,157.85600016008
2016-04-27,158.84334815199
2016-04-28,155.45245605858
2016-04-29,155.68183993549
2016-05-02,155.04355436497
2016-05-03,155.59208102713
2016-05-04,155.42253642246
2016-05-05,148.34155587447
2016-05-06,150.11678761749
2016-05-09,151.12408203347
2016-05-10,151.88204614847
2016-05-11,147.73318994006
2016-05-12,149.59818059144
2016-05-13,145.17007444593
2016-05-16,147.7431631521
2016-05-17,143.6940390641
2016-05-18,143.42476233903
2016-05-19,143.15548561397
2016-05-20,145.9978510452
2016-05-23,145.47924401915
2016-05-24,148.93994859684
2016-05-25,153.11872444136
2016-05-26,156.2403398097
2016-05-27,155.89127738832
2016-05-31,153.42789401458
2016-06-01,152.92923341261
2016-06-02,151.74242117991
2016-06-03,150.30627864624
2016-06-06,149.83753768038
2016-06-07,151.30359985018
2016-06-08,153.10875122932
2016-06-09,156.36001835417
2016-06-10,152.61009062735
2016-06-13,152.14134966149
2016-06-14,152.22113535781
2016-06-15,153.28826904603
2016-06-16,153.58758225036
2016-06-17,154.19618576584
2016-06-20,155.22382776738
2016-06-21,154.08643759092
2016-06-22,152.80936791909
2016-06-23,154.57531582466
2016-06-24,154.1662544454
2016-06-27,153.42794854138
2016-06-28,156.62062272094
2016-06-29,160.64139676582
2016-06-30,161.25997738811
2016-07-01,163.95379622711
2016-07-05,160.82098468842
2016-07-06,161.08038946551
2016-07-07,160.76112204755
2016-07-08,164.47260578129
2016-07-11,163.3152613912
2016-07-12,163.17558189584
2016-07-13,162.53704705993
2016-07-14,164.58235395621
2016-07-15,164.2132010042
2016-07-18,164.02363597479
2016-07-19,163.32523849801
2016-07-20,163.37512403207
2016-07-21,163.71434566365
2016-07-22,165.649904385
2016-07-25,166.28843922091
2016-07-26,165.84944652122
2016-07-27,164.35288049956
2016-07-28,169.95003742059
2016-07-29,169.47113629366
2016-08-01,168.11424976735
2016-08-02,166.22857658005
2016-08-03,168.26390636952
2016-08-04,169.79040371162
2016-08-05,170.09969402276
2016-08-08,168.49337982617
2016-08-09,166.11882840512
2016-08-10,166.26848500729
2016-08-11,166.32834764816
2016-08-12,165.61997306457
2016-08-15,167.37594386333
2016-08-16,160.03279325034
2016-08-17,157.68817314973
2016-08-18,157.06959252744
2016-08-19,157.67819604292
2016-08-22,158.1072116358
2016-08-23,157.57842497481
2016-08-24,159.9928848231
2016-08-25,159.8132969005
2016-08-26,156.47096611877
2016-08-29,157.30904309091
2016-08-30,156.30135530298
2016-08-31,157.01970699338
2016-09-01,158.39654773332
2016-09-02,158.20698270391
2016-09-06,159.77338847325
2016-09-07,161.50940505839
2016-09-08,158.50629590824
2016-09-09,152.60982578287
2016-09-12,153.01888716213
2016-09-13,150.83390077049
2016-09-14,150.37495385718
2016-09-15,148.5990288448
2016-09-16,147.77092897948
2016-09-19,148.10017350424
2016-09-20,145.55601126741
2016-09-21,146.05486660797
2016-09-22,148.86956437216
2016-09-23,148.95939515187
2016-09-26,149.81777815797
2016-09-27,150.7260671528
2016-09-28,148.71984640598
2016-09-29,146.46409571553
2016-09-30,148.83962077892
2016-10-03,146.66371967043
2016-10-04,146.26447176062
2016-10-05,148.64997802176
2016-10-06,148.43039167136
2016-10-07,147.85148220213
2016-10-10,147.78161381791
2016-10-11,146.48405811102
2016-10-12,147.68180184046
2016-10-13,146.50402050651
2016-10-14,146.36428373807
2016-10-17,143.00062009788
2016-10-18,142.72114656101
2016-10-19,141.96257553236
2016-10-20,141.03432414205
2016-10-21,141.6631396
2016-10-24,140.83470018714
2016-10-25,143.53960477613
2016-10-26,143.68932274231
2016-10-27,138.95823501101
2016-10-28,139.93639239005
2016-10-31,139.81661801711
2016-11-01,139.52716328249
2016-11-02,137.88026565451
2016-11-03,138.58893069443
2016-11-04,135.93393209416
2016-11-07,137.28139378979
2016-11-08,137.41114936048
2016-11-09,140.06614796074
2016-11-10,145.54582552295
2016-11-11,144.74732970332
2016-11-14,142.6313157813
2016-11-15,164.02102254963
2016-11-16,162.673560854
2016-11-17,166.00728090096
2016-11-18,162.26433174644
2016-11-21,166.58619037019
2016-11-22,169.96981640587
2016-11-23,170.71840623677
2016-11-25,170.53874467735
2016-11-28,170.44891389764
2016-11-29,169.48073771634
2016-11-30,169.40088813438
2016-12-01,170.4389326999
2016-12-02,169.82009843969
2016-12-05,170.20936515176
2016-12-06,172.98413812497
2016-12-07,176.44761374261
2016-12-08,176.18810260123
2016-12-09,175.24987001317
2016-12-12,172.67472099486
2016-12-13,171.54684564963
2016-12-14,171.1875225308
2016-12-15,172.5948714129
2016-12-16,171.58677044062
2016-12-19,173.49317920998
2016-12-20,175.29977600189
2016-12-21,173.24364926635
2016-12-22,170.12843869802
2016-12-23,170.62767116089
2016-12-27,171.57621284035
2016-12-28,170.15839264579
2016-12-29,170.01860755618
2016-12-30,168.86038824232
2017-01-03,170.33811633242
2017-01-04,171.73596722847
2017-01-05,171.61615143738
2017-01-06,169.36960535445
2017-01-09,169.26975886187
2017-01-10,169.65916018292
2017-01-11,173.16377207229
2017-01-12,174.20217559506
2017-01-13,174.5216843713
2017-01-17,172.73443215422
2017-01-18,173.71292778145
2017-01-19,171.45639704926
2017-01-20,171.2367347656
2017-01-23,167.52244524182
2017-01-24,168.03166235395
2017-01-25,167.24287506261
2017-01-26,165.24594521111
2017-01-27,164.11767984502
2017-01-30,164.37728072571
2017-01-31,163.98787940467
2017-02-01,160.3434824257
2017-02-02,162.09079604575
2017-02-03,162.50016666531
2017-02-06,160.02397364946
2017-02-07,158.93564688039
2017-02-08,162.4801973668
2017-02-09,164.57697371086
2017-02-10,163.79817106878
2017-02-13,162.14071929204
2017-02-14,164.11767984502
2017-02-15,163.6284320314
2017-02-16,160.742868396
2017-02-17,161.33196270219
2017-02-21,160.90262278412
2017-02-22,159.43487934327
2017-02-23,157.4778880888
2017-02-24,157.08848676776
2017-02-27,156.69908544672
2017-02-28,156.36959202122
2017-03-01,156.43948456603
2017-03-02,157.11844071553
2017-03-03,155.11152621478
2017-03-06,154.01321479646
2017-03-07,151.75668406427
2017-03-08,154.97174112518
2017-03-09,154.91183322963
2017-03-10,153.73364461725
2017-03-13,154.11306128904
2017-03-14,153.47404373656
2017-03-15,152.68525644522
2017-03-16,153.17450425883
2017-03-17,152.16605468383
2017-03-20,152.20599328086
2017-03-21,150.98786607145
2017-03-22,151.09769721328
2017-03-23,150.60825534355
2017-03-24,149.55945133698
2017-03-27,147.6316496868
2017-03-28,148.19101182364
2017-03-29,149.49951967946
2017-03-30,148.50065872082
2017-03-31,148.09112572778
2017-04-03,145.33426948193
2017-04-04,142.87707152368
2017-04-05,142.57741323609
2017-04-06,142.39761826354
2017-04-07,141.88819917463
2017-04-10,142.67729933196
2017-04-11,143.29659312631
2017-04-12,141.57855227745
2017-04-13,140.72952046261
2017-04-17,140.67957741468
2017-04-18,140.74949768178
2017-04-19,142.25777772933
2017-04-20,146.39306209809
2017-04-21,146.67274316651
2017-04-24,146.93244701576
2017-04-25,145.51406445449
2017-04-26,145.61395055035
2017-04-27,143.02690066748
2017-04-28,141.97809666091
2017-05-01,140.3699305175
2017-05-02,142.38762965395
2017-05-03,142.65732211278
2017-05-04,144.64505542047
2017-05-05,144.81486178344
2017-05-08,146.80259509113
2017-05-09,145.95356327629
2017-05-10,145.99351771464
2017-05-11,145.78375691332
2017-05-12,144.85481622179
2017-05-15,145.68387081746
2017-05-16,145.08455424228
2017-05-17,144.39534018081
2017-05-18,148.34084096744
2017-05-19,151.29746940501
2017-05-22,147.20213947459
2017-05-23,140.49978244212
2017-05-24,132.86848471812
2017-05-25,131.81968071155
2017-05-26,134.00718621097
2017-05-30,132.83851888936
2017-05-31,133.47778990289
2017-06-01,136.94383742937
2017-06-02,137.64304010042
2017-06-05,135.41558016265
2017-06-06,131.15044386927
2017-06-07,130.47121841739
2017-06-08,125.77657191179
2017-06-09,128.21379265087
2017-06-12,130.80084253374
2017-06-13,131.48006798562
2017-06-14,130.44125258863
2017-06-15,131.00061472547
2017-06-16,130.01174237642
2017-06-19,129.45238023958
2017-06-20,123.43923726857
2017-06-21,120.03312139962
2017-06-22,120.62274375933
2017-06-23,119.66335822488
2017-06-26,121.71204608492
2017-06-27,121.88193727331
2017-06-28,116.63529763175
2017-06-29,115.97572007681
2017-06-30,116.51537443994
2017-07-03,118.33420951568
2017-07-05,105.1426584169
2017-07-06,103.09397055686
2017-07-07,101.86475784084
2017-07-10,101.10524429272
2017-07-11,100.18583315554
2017-07-12,100.87539150843
2017-07-13,103.15393215276
2017-07-14,101.97468743333
2017-07-17,101.67487945381
2017-07-18,100.23580115212
2017-07-19,100.80543631321
2017-07-20,103.16392575208
2017-07-21,105.2026200128
2017-07-24,103.10396415618
2017-07-25,105.22260721144
2017-07-26,106.63170471517
2017-07-27,110.26937486665
2017-07-28,110.13945807553
2017-07-31,111.93830595263
2017-08-01,113.97700021336
2017-08-02,114.406724984
2017-08-03,110.45925325368
2017-08-04,110.93894602091
2017-08-07,109.41991892469
2017-08-08,109.31998293151
2017-08-09,109.11011734585
2017-08-10,106.06206955409
2017-08-11,107.27129507147
2017-08-14,109.25002773629
2017-08-15,87.024262854705
2017-08-16,91.451427352251
2017-08-17,92.790569660764
2017-08-18,93.200307232771
2017-08-21,95.129071901003
2017-08-22,95.738681459356
2017-08-23,93.480128013655
2017-08-24,93.040409643695
2017-08-25,95.738681459356
2017-08-28,94.599411137188
2017-08-29,95.059116705782
2017-08-30,96.748034990399
2017-08-31,97.83733731598
2017-09-01,97.997234905057
2017-09-05,96.668086195861
2017-09-06,95.548803072328
2017-09-07,93.470134414338
2017-09-08,93.969814380201
2017-09-11,94.339577554939
2017-09-12,97.197746959676
2017-09-13,100.03592916578
2017-09-14,99.95598037124
2017-09-15,99.446306806059
2017-09-18,98.516902069554
2017-09-19,94.789289524216
2017-09-20,94.689353531043
2017-09-21,93.68
2017-09-22,95.59
2017-09-25,97.94
2017-09-26,97.59
2017-09-27,99.33
2017-09-28,99.5
2017-09-29,99.2
2017-10-02,99.36
2017-10-03,98.98
2017-10-04,94.93
2017-10-05,94.33
2017-10-06,94.29
2017-10-09,91.12
2017-10-10,91.84
2017-10-11,89.4
2017-10-12,86.56
2017-10-13,85.51
2017-10-16,86.01
2017-10-17,88.09
2017-10-18,87.81
2017-10-19,86.92
2017-10-20,86.78
2017-10-23,85.91
2017-10-24,84.25
2017-10-25,83.33
2017-10-26,85.65
2017-10-27,81.93
2017-10-30,82.0
2017-10-31,81.74
2017-11-01,80.75
2017-11-02,81.69
2017-11-03,81.8
2017-11-06,80.71
2017-11-07,79.38
2017-11-09,80.45
2017-11-10,81.22
2017-11-13,82.28
2017-11-14,95.72
2017-11-15,91.58
2017-11-16,90.5
2017-11-17,89.27
2017-11-20,91.43
2017-11-21,88.93
2017-11-22,89.62
2017-11-24,89.23
2017-11-27,89.87
2017-11-28,92.84
2017-11-29,99.95
2017-11-30,101.0
2017-12-01,99.28
2017-12-04,104.02
2017-12-05,101.15
2017-12-06,97.5
2017-12-07,97.61
2017-12-08,100.31
2017-12-11,100.85
2017-12-12,103.03
2017-12-13,102.5
2017-12-14,100.2
2017-12-15,100.7
2017-12-18,102.71
2017-12-19,99.73
2017-12-20,98.59
2017-12-21,100.13
2017-12-22,100.55
2017-12-26,101.96
2017-12-27,99.77
2017-12-28,99.71
2017-12-29,99.69
2018-01-02,106.09
2018-01-03,107.05
2018-01-04,111.0
2018-01-05,112.18
2018-01-08,111.39
2018-01-09,110.49
2018-01-10,110.59
2018-01-11,112.95
2018-01-12,115.94
2018-01-16,113.9
2018-01-17,115.35
2018-01-18,115.53
2018-01-19,117.02
2018-01-22,118.03
2018-01-23,119.1
2018-01-24,120.99
2018-01-25,120.92
2018-01-26,123.64
2018-01-29,122.89
2018-01-30,119.27
2018-01-31,116.99
2018-02-01,117.29
2018-02-02,113.93
2018-02-05,109.86
2018-02-06,112.2
2018-02-07,109.93
2018-02-08,109.63
2018-02-09,109.14
2018-02-12,109.48
2018-02-13,106.22
2018-02-14,109.02
2018-02-15,108.78
2018-02-16,107.57
2018-02-20,105.35
2018-02-21,114.0
2018-02-22,110.49
2018-02-23,116.32
2018-02-26,114.85
2018-02-27,109.8
2018-02-28,114.25
2018-03-01,117.51
2018-03-02,116.07
2018-03-05,116.36
2018-03-06,118.59
2018-03-07,116.77
2018-03-08,115.75
2018-03-09,118.86
2018-03-12,118.41
2018-03-13,119.0
2018-03-14,117.06
2018-03-15,117.1
2018-03-16,116.63
2018-03-19,115.87
2018-03-20,114.25
2018-03-21,115.24
2018-03-22,111.71
2018-03-23,110.84
2018-03-26,114.77
2018-03-27,115.01
