Date,ACN
2010-01-04,35.484403111309
2010-01-05,35.703702964148
2010-01-06,36.083260401754
2010-01-07,36.049521962856
2010-01-08,35.906133597538
2010-01-11,35.87239515864
2010-01-12,35.644660696076
2010-01-13,36.049521962856
2010-01-14,36.37003713239
2010-01-15,36.108564230928
2010-01-19,36.901417545039
2010-01-20,36.698986911649
2010-01-21,36.344733303216
2010-01-22,35.57718381828
2010-01-25,35.324145526542
2010-01-26,35.281972477919
2010-01-27,35.366318575165
2010-01-28,34.826503552792
2010-01-29,34.573465261054
2010-02-01,34.742157455546
2010-02-02,35.104845673703
2010-02-03,35.087976454254
2010-02-04,34.25295009152
2010-02-05,34.193907823448
2010-02-08,33.881827263639
2010-02-09,33.940869531711
2010-02-10,33.75530811777
2010-02-11,33.966173360885
2010-02-12,34.151734774825
2010-02-16,34.446946115186
2010-02-17,34.404773066563
2010-02-18,34.843372772241
2010-02-19,34.472249944359
2010-02-22,34.328861579042
2010-02-23,33.95773875116
2010-02-24,33.974607970609
2010-02-25,33.527573655206
2010-02-26,33.713135069147
2010-03-01,33.814350385842
2010-03-02,34.244515481796
2010-03-03,34.278253920694
2010-03-04,34.505988383258
2010-03-05,34.733722845821
2010-03-08,34.96989191811
2010-03-09,35.475968501585
2010-03-10,35.475968501585
2010-03-11,35.425360843237
2010-03-12,35.526576159932
2010-03-15,35.847091329466
2010-03-16,35.425360843237
2010-03-17,35.627791476627
2010-03-18,35.661529915525
2010-03-19,35.475968501585
2010-03-22,35.788049061394
2010-03-23,35.76274523222
2010-03-24,35.248234039021
2010-03-25,35.020499576457
2010-03-26,35.76274523222
2010-03-29,35.678399134974
2010-03-30,35.602487647453
2010-03-31,35.383187794614
2010-04-01,35.290407087644
2010-04-05,35.391622404339
2010-04-06,35.020499576457
2010-04-07,35.054238015356
2010-04-08,35.341014745991
2010-04-09,36.125433450377
2010-04-12,36.327864083767
2010-04-13,36.353167912941
2010-04-14,36.618858119265
2010-04-15,36.789020099373
2010-04-16,36.712447208325
2010-04-19,36.440188040152
2010-04-20,37.154868356606
2010-04-21,37.418619425773
2010-04-22,37.367570831741
2010-04-23,38.005678257146
2010-04-26,37.495192316822
2010-04-27,36.754987703352
2010-04-28,37.027246871525
2010-04-29,37.597289504887
2010-04-30,37.129344059589
2010-05-03,37.222933148649
2010-05-04,36.584825723244
2010-05-05,35.878653505795
2010-05-06,34.959778813211
2010-05-07,34.304655189795
2010-05-10,34.925746417189
2010-05-11,35.010827407244
2010-05-12,35.274578476411
2010-05-13,34.730060140065
2010-05-14,33.173078022076
2010-05-17,33.879250239525
2010-05-18,33.402796695222
2010-05-19,33.385780497211
2010-05-20,32.296743824519
2010-05-21,32.449889606616
2010-05-24,32.620051586725
2010-05-25,32.271219527503
2010-05-26,31.828798379222
2010-05-27,32.543478695676
2010-05-28,31.922387468281
2010-06-01,31.233231448843
2010-06-02,31.335328636908
2010-06-03,32.20315473546
2010-06-04,31.420409626962
2010-06-07,31.097101864757
2010-06-08,31.003512775698
2010-06-09,31.003512775698
2010-06-10,32.041500854357
2010-06-11,32.024484656346
2010-06-14,32.160614240433
2010-06-15,32.790213566833
2010-06-16,32.917835051914
2010-06-17,32.747673071806
2010-06-18,33.122029428044
2010-06-21,33.019932239979
2010-06-22,32.534970596671
2010-06-23,32.475413903633
2010-06-24,31.947911765298
2010-06-25,34.500341466919
2010-06-28,33.794169249471
2010-06-29,32.883802655892
2010-06-30,32.883802655892
2010-07-01,32.569002992692
2010-07-02,32.279727626508
2010-07-06,32.679608279762
2010-07-07,33.402796695222
2010-07-08,33.470861487265
2010-07-09,33.538926279308
2010-07-12,33.802677348476
2010-07-13,34.245098496757
2010-07-14,34.117477011676
2010-07-15,34.049412219633
2010-07-16,33.181586121081
2010-07-19,33.326223804173
2010-07-20,33.096505131027
2010-07-21,32.849770259871
2010-07-22,33.828201645492
2010-07-23,34.355703783827
2010-07-26,34.440784773881
2010-07-27,34.3131632888
2010-07-28,33.913282635546
2010-07-29,33.394288596216
2010-07-30,33.726104457427
2010-08-02,34.3131632888
2010-08-03,34.032396021622
2010-08-04,34.321671387806
2010-08-05,34.006871724606
2010-08-06,34.262114694768
2010-08-09,34.51735766493
2010-08-10,34.432276674876
2010-08-11,34.023887922616
2010-08-12,33.57295867533
2010-08-13,33.053964636
2010-08-16,33.105013230033
2010-08-17,33.743120655438
2010-08-18,33.743120655438
2010-08-19,33.096505131027
2010-08-20,32.688116378768
2010-08-23,32.330776220541
2010-08-24,31.641620201103
2010-08-25,31.718193092152
2010-08-26,31.599079706076
2010-08-27,31.650128300108
2010-08-30,31.394885329946
2010-08-31,31.139642359784
2010-09-01,31.820290280216
2010-09-02,32.322268121535
2010-09-03,32.824245962854
2010-09-07,32.62855968573
2010-09-08,32.441381507611
2010-09-09,32.509446299654
2010-09-10,33.028440338984
2010-09-13,33.25815901213
2010-09-14,33.360256200195
2010-09-15,33.726104457427
2010-09-16,33.921790734552
2010-09-17,34.508849565925
2010-09-20,35.35115136746
2010-09-21,35.342643268454
2010-09-22,35.955226396844
2010-09-23,36.099864079935
2010-09-24,35.648934832649
2010-09-27,35.46175665453
2010-09-28,35.66595103066
2010-09-29,35.989258792865
2010-09-30,36.150912673968
2010-10-01,37.758943385989
2010-10-04,37.767451484995
2010-10-05,38.414067009406
2010-10-06,38.456607504433
2010-10-07,39.001125840779
2010-10-08,38.950077246746
2010-10-11,38.762899068627
2010-10-12,38.907536751719
2010-10-13,38.882012454703
2010-10-14,39.036681233528
2010-10-15,38.916383294442
2010-10-18,39.036681233528
2010-10-19,39.053866653398
2010-10-20,39.14838646268
2010-10-21,39.31164795144
2010-10-22,39.217128142158
2010-10-25,39.122608332876
2010-10-26,38.710158256008
2010-10-27,38.555489477183
2010-10-28,38.589860316922
2010-10-29,38.418006118227
2010-11-01,38.64141657653
2010-11-02,38.6586019964
2010-11-03,38.959346844116
2010-11-04,39.242906271962
2010-11-05,39.242906271962
2010-11-08,38.650009286465
2010-11-09,38.924976004377
2010-11-10,39.096830203072
2010-11-11,38.014148751294
2010-11-12,37.257990277037
2010-11-15,38.014148751294
2010-11-16,37.764960163187
2010-11-17,37.893850812208
2010-11-18,38.091483140707
2010-11-19,37.98837062149
2010-11-22,37.756367453252
2010-11-23,37.558735124753
2010-11-24,37.97118520162
2010-11-26,37.670440353905
2010-11-29,37.721996613513
2010-11-30,37.223619437298
2010-12-01,37.80792371286
2010-12-02,38.074297720837
2010-12-03,37.996963331425
2010-12-06,38.091483140707
2010-12-07,38.6586019964
2010-12-08,38.675787416269
2010-12-09,38.33207901888
2010-12-10,39.234313562027
2010-12-13,39.440538600461
2010-12-14,40.024842876024
2010-12-15,39.612392799156
2010-12-16,40.102177265436
2010-12-17,43.238516391617
2010-12-20,41.837904672254
2010-12-21,41.872275511993
2010-12-22,41.79494112258
2010-12-23,41.537159824538
2010-12-27,41.459825435125
2010-12-28,41.227822266887
2010-12-29,41.777755702711
2010-12-30,41.605901504016
2010-12-31,41.666050473559
2011-01-03,41.751977572907
2011-01-04,41.477010854995
2011-01-05,41.48560356493
2011-01-06,41.640272343755
2011-01-07,41.709014023233
2011-01-10,41.339527496039
2011-01-11,41.906646351732
2011-01-12,42.869029864423
2011-01-13,42.851844444553
2011-01-14,42.963549673705
2011-01-18,43.264294521421
2011-01-19,43.1354038724
2011-01-20,43.943118606265
2011-01-21,43.857191506918
2011-01-24,44.226678034112
2011-01-25,44.44149578248
2011-01-26,44.982836508369
2011-01-27,44.991429218304
2011-01-28,44.269641583786
2011-01-31,44.226678034112
2011-02-01,45.000021928239
2011-02-02,45.163283416999
2011-02-03,45.352323035563
2011-02-04,45.154690707064
2011-02-07,45.257803226281
2011-02-08,45.232025096477
2011-02-09,45.283581356085
2011-02-10,45.532769944193
2011-02-11,45.025800058043
2011-02-14,45.034392767978
2011-02-15,44.673498950718
2011-02-16,45.893663761452
2011-02-17,46.43500448734
2011-02-18,46.065517960146
2011-02-22,45.000021928239
2011-02-23,44.046231125482
2011-02-24,44.467273912285
2011-02-25,44.836760439479
2011-02-28,44.235270744047
2011-03-01,43.960304026135
2011-03-02,43.9517113162
2011-03-03,45.567140783932
2011-03-04,45.240617806411
2011-03-07,45.017207348108
2011-03-08,44.905502118956
2011-03-09,44.716462500392
2011-03-10,44.157936354634
2011-03-11,44.321197843394
2011-03-14,44.209492614242
2011-03-15,42.980735093574
2011-03-16,42.087093260361
2011-03-17,42.1214641001
2011-03-18,43.178367422074
2011-03-21,43.264294521421
2011-03-22,43.264294521421
2011-03-23,43.539261239333
2011-03-24,44.647720820914
2011-03-25,46.649822235709
2011-03-28,46.039739830342
2011-03-29,46.632636815839
2011-03-30,47.079457732446
2011-03-31,47.234126511271
2011-04-01,47.148199411924
2011-04-04,47.320053610619
2011-04-05,47.199755671532
2011-04-06,46.984937923164
2011-04-07,47.12242128212
2011-04-08,47.345831740423
2011-04-11,48.11917563455
2011-04-12,47.981692275594
2011-04-13,48.978446628024
2011-04-14,48.120999021273
2011-04-15,47.350162283891
2011-04-18,47.194262719028
2011-04-19,47.982421630283
2011-04-20,48.54539228118
2011-04-21,49.203634888382
2011-04-25,48.969785541087
2011-04-26,49.108362932077
2011-04-27,49.255601410004
2011-04-28,49.359534453246
2011-04-29,49.480789670362
2011-05-02,50.286270755492
2011-05-03,48.458781411811
2011-05-04,48.424137064064
2011-05-05,47.57535054425
2011-05-06,47.765894456861
2011-05-09,48.276898586137
2011-05-10,49.333551192436
2011-05-11,48.744597280728
2011-05-12,49.021752062708
2011-05-13,48.276898586137
2011-05-16,48.632003150549
2011-05-17,49.143007279824
2011-05-18,49.298906844688
2011-05-19,49.316229018562
2011-05-20,49.731961191532
2011-05-23,48.796563802349
2011-05-24,48.839869237034
2011-05-25,49.013090975771
2011-05-26,49.394178800994
2011-05-27,49.290245757751
2011-05-31,49.705977930721
2011-06-01,49.350873366309
2011-06-02,49.203634888382
2011-06-03,48.346187281632
2011-06-06,48.311542933884
2011-06-07,48.735936193791
2011-06-08,48.276898586137
2011-06-09,48.805224889286
2011-06-10,48.103676847399
2011-06-13,48.441459237937
2011-06-14,49.472128583426
2011-06-15,47.99108271722
2011-06-16,46.752547285247
2011-06-17,46.726564024436
2011-06-20,46.735225111373
2011-06-21,47.454095327134
2011-06-22,47.85250532623
2011-06-23,48.233593151453
2011-06-24,49.385517714057
2011-06-27,50.052421408196
2011-06-28,51.663383578455
2011-06-29,51.888571838813
2011-06-30,52.330287272594
2011-07-01,52.720036184753
2011-07-05,53.482211835198
2011-07-06,53.785349877989
2011-07-07,54.94593552753
2011-07-08,54.937274440593
2011-07-11,53.25702357484
2011-07-12,52.875935749617
2011-07-13,52.546814446016
2011-07-14,52.685391837006
2011-07-15,52.572797706826
2011-07-18,51.949199447372
2011-07-19,53.352295531145
2011-07-20,53.170412705471
2011-07-21,53.473550748261
2011-07-22,53.075140749165
2011-07-25,52.988529879796
2011-07-26,53.127107270786
2011-07-27,51.749994447823
2011-07-28,51.698027926202
2011-07-29,51.221668144674
2011-08-01,51.06576857981
2011-08-02,50.242965320807
2011-08-03,51.62007814377
2011-08-04,49.350873366309
2011-08-05,49.550078365857
2011-08-08,46.042338156423
2011-08-09,47.540706196503
2011-08-10,44.855769246072
2011-08-11,46.769869459121
2011-08-12,47.29819576227
2011-08-15,47.999743804157
2011-08-16,47.480078587944
2011-08-17,47.220245979838
2011-08-18,42.318070773567
2011-08-19,41.088196428531
2011-08-22,42.00627164384
2011-08-23,43.712505770404
2011-08-24,44.154221204185
2011-08-25,43.955016204637
2011-08-26,44.691208594271
2011-08-29,45.869116417686
2011-08-30,46.795852719931
2011-08-31,46.414764894709
2011-09-01,45.817149896065
2011-09-02,44.578614464092
2011-09-06,43.929032943826
2011-09-07,45.210873810483
2011-09-08,45.184890549673
2011-09-09,43.149535119507
2011-09-12,43.322756858245
2011-09-13,44.050288160942
2011-09-14,44.405392725354
2011-09-15,45.921082939307
2011-09-16,47.653300326682
2011-09-19,47.289534675333
2011-09-20,47.133635110469
2011-09-21,46.241543155971
2011-09-22,43.617233814099
2011-09-23,43.660539248783
2011-09-26,44.968363376251
2011-09-27,46.46673141633
2011-09-28,46.622630981194
2011-09-29,47.150957284343
2011-09-30,45.626605983453
2011-10-03,44.708530768145
2011-10-04,46.995057719479
2011-10-05,47.506061848755
2011-10-06,47.895810760914
2011-10-07,48.432798151001
2011-10-10,49.705977930721
2011-10-11,49.385517714057
2011-10-12,50.316584559771
2011-10-13,50.106274906438
2011-10-14,51.525865066432
2011-10-17,50.596997430881
2011-10-18,50.360399070882
2011-10-19,50.246481341993
2011-10-20,50.027408786439
2011-10-21,50.894936106435
2011-10-24,51.149060270878
2011-10-25,50.973802226434
2011-10-26,51.008853835323
2011-10-27,52.936692324203
2011-10-28,54.119684124198
2011-10-31,52.805248790871
2011-11-01,50.351636168659
2011-11-02,51.245452195322
2011-11-03,51.893906959764
2011-11-04,51.03514254199
2011-11-07,50.824832888657
2011-11-08,51.604731186432
2011-11-09,49.694418501996
2011-11-10,49.948542666439
2011-11-11,51.674834404209
2011-11-14,50.404213581993
2011-11-15,50.763492573102
2011-11-16,49.887202350884
2011-11-17,48.809365377555
2011-11-18,48.283591244224
2011-11-21,48.248539635336
2011-11-22,48.046992884226
2011-11-23,46.995444617564
2011-11-25,47.056784933119
2011-11-28,48.450086386446
2011-11-29,48.695447648667
2011-11-30,50.763492573102
2011-12-01,50.798544181991
2011-12-02,51.1578231731
2011-12-05,51.981535981985
2011-12-06,51.850092448653
2011-12-07,51.298029608655
2011-12-08,49.659366893107
2011-12-09,51.446998946432
2011-12-12,51.017616737545
2011-12-13,50.763492573102
2011-12-14,49.098541150887
2011-12-15,49.186170173109
2011-12-16,47.451115533117
2011-12-19,46.881526888675
2011-12-20,47.529981653117
2011-12-21,45.610906066459
2011-12-22,46.075339884235
2011-12-23,46.346989853122
2011-12-27,46.382041462011
2011-12-28,46.320701146456
2011-12-29,47.179465564229
2011-12-30,46.644928528676
2012-01-03,46.399567266455
2012-01-04,46.382041462011
2012-01-05,45.49698833757
2012-01-06,45.418122217571
2012-01-09,45.339256097571
2012-01-10,46.119154395345
2012-01-11,47.030496226452
2012-01-12,47.267094586451
2012-01-13,46.662454333121
2012-01-17,46.872763986453
2012-01-18,48.152147710892
2012-01-19,48.020704177559
2012-01-20,48.905757301999
2012-01-23,49.492871750886
2012-01-24,49.624315284218
2012-01-25,50.115037808661
2012-01-26,49.878439448662
2012-01-27,49.440294337553
2012-01-30,50.001120079772
2012-01-31,50.246481341993
2012-02-01,51.192874781989
2012-02-02,50.623286137547
2012-02-03,51.096482857545
2012-02-06,50.526894213103
2012-02-07,50.789781279769
2012-02-08,50.009882981994
2012-02-09,50.307821657549
2012-02-10,49.91349105755
2012-02-13,50.307821657549
2012-02-14,50.351636168659
2012-02-15,50.719678061991
2012-02-16,51.219163488656
2012-02-17,51.201637684211
2012-02-21,50.947513519768
2012-02-22,51.289266706433
2012-02-23,52.060402101985
2012-02-24,52.270711755317
2012-02-27,52.27947465754
2012-02-28,52.367103679761
2012-02-29,52.174319830873
2012-03-01,52.297000461984
2012-03-02,52.226897244206
2012-03-05,53.348548728646
2012-03-06,52.104216613096
2012-03-07,52.235660146429
2012-03-08,52.814011693093
2012-03-09,53.331022924201
2012-03-12,53.585147088645
2012-03-13,54.68927276864
2012-03-14,54.864530813083
2012-03-15,55.758346839746
2012-03-16,55.749583937524
2012-03-19,55.565562990858
2012-03-20,55.276387217526
2012-03-21,55.863501666412
2012-03-22,55.661954915302
2012-03-23,56.853709617519
2012-03-26,57.738762741959
2012-03-27,57.361957946405
2012-03-28,56.520719333076
2012-03-29,56.520719333076
2012-03-30,56.520719333076
2012-04-02,57.388246653072
2012-04-03,56.915049933074
2012-04-04,56.468141919743
2012-04-05,56.774843497519
2012-04-09,55.85473876419
2012-04-10,55.337727533081
2012-04-11,56.341079837521
2012-04-12,56.792729487272
2012-04-13,55.393501160593
2012-04-16,54.800157503078
2012-04-17,56.837008864698
2012-04-18,56.287944584609
2012-04-19,55.836294934859
2012-04-20,56.146250576844
2012-04-23,55.818583183888
2012-04-24,55.632609798697
2012-04-25,56.730738358875
2012-04-26,56.978702872463
2012-04-27,57.580902405464
2012-04-30,57.518911277067
2012-05-01,57.563190654493
2012-05-02,57.678317035802
2012-05-03,56.863576491154
2012-05-04,55.446636413505
2012-05-07,53.330082172517
2012-05-08,52.55076512981
2012-05-09,52.444494623986
2012-05-10,51.98398909875
2012-05-11,51.904286219382
2012-05-14,52.081403729089
2012-05-15,52.187674234912
2012-05-16,52.355935869133
2012-05-17,51.709456958706
2012-05-18,51.054122172793
2012-05-21,52.311656491707
2012-05-22,52.187674234912
2012-05-23,52.169962483942
2012-05-24,51.355221939293
2012-05-25,50.868148787602
2012-05-29,51.727168709676
2012-05-30,51.11611330119
2012-05-31,50.567049021101
2012-06-01,48.955279682775
2012-06-04,49.699173223541
2012-06-05,50.24823750363
2012-06-06,51.736024585162
2012-06-07,52.125683106515
2012-06-08,51.8334392155
2012-06-11,50.68217540241
2012-06-12,50.788445908234
2012-06-13,50.416499137851
2012-06-14,51.222383807014
2012-06-15,52.320512367192
2012-06-18,52.143394857486
2012-06-19,52.98470302859
2012-06-20,52.772162016943
2012-06-21,50.177390499748
2012-06-22,50.974419293425
2012-06-25,49.991417114556
2012-06-26,49.991417114556
2012-06-27,49.477776336408
2012-06-28,50.150822873292
2012-06-29,53.214955791208
2012-07-02,53.56919081062
2012-07-03,54.100543339739
2012-07-05,53.374361549943
2012-07-06,51.753736336132
2012-07-09,51.195816180558
2012-07-10,50.460778515277
2012-07-11,50.593616647557
2012-07-12,50.717598904351
2012-07-13,51.417213067691
2012-07-16,51.408357192205
2012-07-17,51.629754079338
2012-07-18,52.196530110398
2012-07-19,52.559621005295
2012-07-20,52.249665363309
2012-07-23,51.142680927646
2012-07-24,50.717598904351
2012-07-25,51.071833923764
2012-07-26,52.435638748501
2012-07-27,53.516055557708
2012-07-30,53.471776180282
2012-07-31,53.400929176399
2012-08-01,53.312370421546
2012-08-02,52.276232989765
2012-08-03,53.445208553826
2012-08-06,53.693173067414
2012-08-07,53.976561082944
2012-08-08,54.729310499195
2012-08-09,54.507913612063
2012-08-10,54.578760615945
2012-08-13,54.463634234636
2012-08-14,54.251093222989
2012-08-15,53.861434701635
2012-08-16,54.15367859265
2012-08-17,54.091687464253
2012-08-20,53.834867075179
2012-08-21,54.0031287094
2012-08-22,54.507913612063
2012-08-23,53.870290577121
2012-08-24,54.490201861092
2012-08-27,54.242237347503
2012-08-28,53.888002328091
2012-08-29,54.038552211341
2012-08-30,54.15367859265
2012-08-31,54.552192989489
2012-09-04,54.073975713283
2012-09-05,54.330796102356
2012-09-06,56.562476724654
2012-09-07,57.067261627316
2012-09-10,56.695314856933
2012-09-11,57.45692014867
2012-09-12,57.713740537744
2012-09-13,58.271660693318
2012-09-14,58.351363572686
2012-09-17,58.094543183612
2012-09-18,57.820011043567
2012-09-19,57.952849175847
2012-09-20,57.731452288714
2012-09-21,57.784587541626
2012-09-24,58.253948942347
2012-09-25,57.483487775126
2012-09-26,56.987558747948
2012-09-27,57.899713922935
2012-09-28,62.017696023603
2012-10-01,61.94684901972
2012-10-02,62.212525284279
2012-10-03,62.416210420441
2012-10-04,63.222095089604
2012-10-05,62.646463183059
2012-10-08,62.912139447619
2012-10-09,62.345363416559
2012-10-10,62.309939914618
2012-10-11,62.193472737207
2012-10-12,62.193472737207
2012-10-15,62.865398760729
2012-10-16,63.385021552253
2012-10-17,62.489120187557
2012-10-18,61.727604027565
2012-10-19,60.697317458165
2012-10-22,60.76898956734
2012-10-23,59.989555380055
2012-10-24,59.416178506649
2012-10-25,59.720784970646
2012-10-26,60.123940584759
2012-10-31,60.392710994168
2012-11-01,61.664890932037
2012-11-02,60.840661676516
2012-11-05,60.813784635575
2012-11-06,61.557382768273
2012-11-07,59.693907929705
2012-11-08,59.084695001712
2012-11-09,58.959268810654
2012-11-12,59.702866943352
2012-11-13,59.380342452061
2012-11-14,58.278383773485
2012-11-15,57.866269145725
2012-11-16,59.299711329239
2012-11-19,60.079145516524
2012-11-20,59.693907929705
2012-11-21,60.527096198872
2012-11-23,61.082555044984
2012-11-26,60.625645348989
2012-11-27,60.338956912286
2012-11-28,60.939210826633
2012-11-29,61.234858276982
2012-11-30,60.849620690163
2012-12-03,60.76898956734
2012-12-04,61.467792631803
2012-12-05,62.354734982853
2012-12-06,62.533915255792
2012-12-07,62.247226819089
2012-12-10,62.27410386003
2012-12-11,63.456693661429
2012-12-12,63.170005224726
2012-12-13,62.318898928265
2012-12-14,62.901234815317
2012-12-17,63.904644343777
2012-12-18,63.716505057191
2012-12-19,63.07145607461
2012-12-20,61.835112191329
2012-12-21,60.401670007815
2012-12-24,59.971637352761
2012-12-26,59.389301465708
2012-12-27,59.32658837018
2012-12-28,58.82488360595
2012-12-31,59.577440752295
2013-01-02,61.870948245917
2013-01-03,61.646972904743
2013-01-04,61.987415423327
2013-01-07,61.718645013918
2013-01-08,62.077005559797
2013-01-09,62.515997228498
2013-01-10,61.969497396033
2013-01-11,62.605587364968
2013-01-14,62.587669337674
2013-01-15,62.937070869905
2013-01-16,62.614546378614
2013-01-17,62.614546378614
2013-01-18,62.811644678848
2013-01-22,63.125210156491
2013-01-23,63.832972234601
2013-01-24,63.913603357424
2013-01-25,64.69303754471
2013-01-28,64.594488394593
2013-01-29,64.236127848715
2013-01-30,64.80950472212
2013-01-31,64.406349108007
2013-02-01,66.117520714576
2013-02-04,65.239537377174
2013-02-05,65.72332411411
2013-02-06,64.881176831296
2013-02-07,65.356004554585
2013-02-08,65.678529045875
2013-02-11,65.463512718348
2013-02-12,65.732283127757
2013-02-13,65.902504387049
2013-02-14,65.51726680023
2013-02-15,66.440045205867
2013-02-19,67.55096289809
2013-02-20,67.192602352212
2013-02-21,66.162315782811
2013-02-22,67.013422079273
2013-02-25,66.216069864693
2013-02-26,66.144397755517
2013-02-27,66.664020547041
2013-02-28,66.619225478806
2013-03-01,67.031340106567
2013-03-04,67.407618679739
2013-03-05,68.912732972428
2013-03-06,69.35172464113
2013-03-07,69.495068859481
2013-03-08,70.193871923944
2013-03-11,70.149076855709
2013-03-12,69.898224473594
2013-03-13,69.817593350772
2013-03-14,70.113240801121
2013-03-15,68.626044535726
2013-03-18,68.814183822312
2013-03-19,68.249765962553
2013-03-20,68.527495385609
2013-03-21,66.565471396925
2013-03-22,66.189192823752
2013-03-25,65.768119182345
2013-03-26,66.780487724452
2013-03-27,67.085094188448
2013-03-28,68.061626675967
2013-04-01,67.954118512204
2013-04-02,68.688757631254
2013-04-03,68.626044535726
2013-04-04,68.635003549373
2013-04-05,68.312479058082
2013-04-08,68.581249467491
2013-04-09,68.276643003494
2013-04-10,69.719044200655
2013-04-11,70.416144110206
2013-04-12,69.918215603384
2013-04-15,68.116619733246
2013-04-16,70.153599988427
2013-04-17,69.438393587719
2013-04-18,68.415376837339
2013-04-19,67.663957454317
2013-04-22,67.845022365889
2013-04-23,69.076263764576
2013-04-24,70.443303846942
2013-04-25,71.819397174886
2013-04-26,71.212829721121
2013-04-29,73.448981379031
2013-04-30,73.729631991967
2013-05-01,72.217739980343
2013-05-02,71.964249104143
2013-05-03,71.973302349722
2013-05-06,71.357681650378
2013-05-07,71.565906298686
2013-05-08,72.425964628651
2013-05-09,72.507443838858
2013-05-10,72.860520416423
2013-05-13,72.353538664022
2013-05-14,72.923893135473
2013-05-15,73.114011292623
2013-05-16,72.978212608944
2013-05-17,74.453891638253
2013-05-20,74.716435760032
2013-05-21,75.051405846439
2013-05-22,74.707382514453
2013-05-23,74.707382514453
2013-05-24,74.435785147096
2013-05-28,75.223417512433
2013-05-29,75.096672074332
2013-05-30,74.997086372968
2013-05-31,74.336199445732
2013-06-03,74.327146200153
2013-06-04,73.557620325974
2013-06-05,72.04572831435
2013-06-06,72.018568577615
2013-06-07,73.240756730723
2013-06-10,73.829217693331
2013-06-11,72.797147697373
2013-06-12,72.163420506872
2013-06-13,73.403715151138
2013-06-14,72.923893135473
2013-06-17,74.644009795403
2013-06-18,75.078565583175
2013-06-19,74.082708569531
2013-06-20,71.991408840879
2013-06-21,71.882769893936
2013-06-24,71.66549200005
2013-06-25,72.118154278979
2013-06-26,72.027621823193
2013-06-27,72.62513603138
2013-06-28,65.147155183471
2013-07-01,65.273900621572
2013-07-02,65.292007112729
2013-07-03,65.798988865129
2013-07-05,66.668100440673
2013-07-08,67.419519823695
2013-07-09,67.084549737288
2013-07-10,67.310880876752
2013-07-11,68.080406750932
2013-07-12,68.370110609446
2013-07-15,69.030997536683
2013-07-16,68.161885961139
2013-07-17,68.044193768617
2013-07-18,68.297684644818
2013-07-19,68.098513242089
2013-07-22,67.89934183936
2013-07-23,67.220348420967
2013-07-24,66.740526405302
2013-07-25,66.215438161744
2013-07-26,66.197331670587
2013-07-29,65.518338252193
2013-07-30,66.758632896459
2013-07-31,66.822005615509
2013-08-01,67.763543155681
2013-08-02,67.528158770638
2013-08-05,67.202241929809
2013-08-06,66.315023863108
2013-08-07,66.088692723644
2013-08-08,66.070586232487
2013-08-09,66.568514739309
2013-08-12,65.898574566494
2013-08-13,65.980053776701
2013-08-14,64.730705886857
2013-08-15,64.757865623592
2013-08-16,64.866504570535
2013-08-19,64.884611061693
2013-08-20,65.328220095043
2013-08-21,65.916681057651
2013-08-22,67.084549737288
2013-08-23,67.003070527081
2013-08-26,66.74957965088
2013-08-27,65.400646059672
2013-08-28,65.590764216822
2013-08-29,65.835201847444
2013-08-30,65.40969930525
2013-09-03,66.161118688273
2013-09-04,66.133958951537
2013-09-05,66.994017281502
2013-09-06,66.278810880794
2013-09-09,66.613780967202
2013-09-10,67.663957454317
2013-09-11,67.89934183936
2013-09-12,67.138869210759
2013-09-13,67.446679560431
2013-09-16,69.11247674689
2013-09-17,69.356914377512
2013-09-18,70.425197355784
2013-09-19,70.207919461898
2013-09-20,69.999694813591
2013-09-23,69.130583238047
2013-09-24,68.02608727746
2013-09-25,68.913305344161
2013-09-26,68.686974204697
2013-09-27,67.075496491709
2013-09-30,66.668100440673
2013-10-01,66.831058861088
2013-10-02,66.550408248152
2013-10-03,66.215438161744
2013-10-04,66.324077108687
2013-10-07,65.500231761036
2013-10-08,64.359522818135
2013-10-09,64.468161765078
2013-10-10,65.367120196065
2013-10-11,66.697211752117
2013-10-14,66.651346526047
2013-10-15,65.679003733346
2013-10-16,66.440366486121
2013-10-17,66.825634385116
2013-10-18,66.853153520758
2013-10-21,67.449401459678
2013-10-22,67.834669358673
2013-10-23,67.678727590032
2013-10-24,67.421882324036
2013-10-25,67.522785821391
2013-10-28,68.174072031596
2013-10-29,68.715281699231
2013-10-30,68.109860715097
2013-10-31,67.421882324036
2013-11-01,66.963230063328
2013-11-04,66.697211752117
2013-11-05,67.293459691037
2013-11-06,68.834531287015
2013-11-07,69.302356592937
2013-11-08,69.017992191298
2013-11-11,69.247318321652
2013-11-12,69.990334983999
2013-11-13,71.00854300277
2013-11-14,70.687486420275
2013-11-15,71.568098760833
2013-11-18,72.026751021541
2013-11-19,71.98088579547
2013-11-20,71.696521393832
2013-11-21,71.944193614614
2013-11-22,71.402983946979
2013-11-25,70.825082098487
2013-11-26,70.971850821913
2013-11-27,71.192003907053
2013-11-29,71.063581274055
2013-12-02,70.017854119641
2013-12-03,70.715005555917
2013-12-04,69.779354944073
2013-12-05,69.522509678077
2013-12-06,69.284010502509
2013-12-09,68.917088693943
2013-12-10,69.173933959939
2013-12-11,68.24745639331
2013-12-12,67.953918946457
2013-12-13,67.825496313458
2013-12-16,68.449263388021
2013-12-17,67.880534584743
2013-12-18,69.366567909436
2013-12-19,72.934882497742
2013-12-20,73.888879200015
2013-12-23,74.80618372143
2013-12-24,74.58603063629
2013-12-26,75.356566434279
2013-12-27,75.686796061989
2013-12-30,75.274009027352
2013-12-31,75.420777750778
2014-01-02,74.420915822435
2014-01-03,74.668588043218
2014-01-06,73.8797061548
2014-01-07,74.778664585788
2014-01-08,75.356566434279
2014-01-09,76.090410051412
2014-01-10,76.319736181765
2014-01-13,74.356704505936
2014-01-14,75.173105529996
2014-01-15,77.255386793609
2014-01-16,77.163656341468
2014-01-17,77.448020743106
2014-01-21,77.906673003814
2014-01-22,78.337806128879
2014-01-23,76.980195437185
2014-01-24,74.466781048506
2014-01-27,74.439261912864
2014-01-28,74.576857591076
2014-01-29,73.677899160089
2014-01-30,74.044820968655
2014-01-31,73.274285170666
2014-02-03,71.632310077333
2014-02-04,71.623137032118
2014-02-05,71.155311726196
2014-02-06,72.026751021541
2014-02-07,73.916398335657
2014-02-10,73.356842577594
2014-02-11,73.888879200015
2014-02-12,74.494300184149
2014-02-13,74.980471580499
2014-02-14,75.319874253423
2014-02-18,75.760180423702
2014-02-19,76.37477445305
2014-02-20,76.48485099562
2014-02-21,76.870118894615
2014-02-24,77.007714572827
2014-02-25,76.512370131263
2014-02-26,76.503197086049
2014-02-27,76.466504905192
2014-02-28,76.457331859978
2014-03-03,75.677623016775
2014-03-04,77.03523370847
2014-03-05,77.154483296254
2014-03-06,76.870118894615
2014-03-07,76.989368482399
2014-03-10,77.090271979754
2014-03-11,76.640792764261
2014-03-12,75.906949147129
2014-03-13,75.301528162994
2014-03-14,74.650241952789
2014-03-17,76.494024040834
2014-03-18,76.860945849401
2014-03-19,75.796872604559
2014-03-20,76.191313548767
2014-03-21,75.980333508842
2014-03-24,75.218970756067
2014-03-25,76.613273628618
2014-03-26,76.10875614184
2014-03-27,72.283596287537
2014-03-28,72.292769332752
2014-03-31,73.12751644724
2014-04-01,72.962401633385
2014-04-02,73.375188668022
2014-04-03,72.788113774316
2014-04-04,71.678175303403
2014-04-07,72.356980649251
2014-04-08,71.815770981616
2014-04-09,72.843152045601
2014-04-10,71.31166375718
2014-04-11,71.552989184447
2014-04-14,72.230556730233
2014-04-15,73.251548922513
2014-04-16,73.427902119361
2014-04-17,73.232985428108
2014-04-21,73.984806951514
2014-04-22,73.919834721097
2014-04-23,73.427902119361
2014-04-24,72.73177107917
2014-04-25,72.796743309588
2014-04-28,73.390775130551
2014-04-29,73.956961709907
2014-04-30,74.458176058844
2014-05-01,74.105469665148
2014-05-02,73.659945799425
2014-05-05,73.325802900133
2014-05-06,73.075195725665
2014-05-07,72.592544871132
2014-05-08,73.16801319769
2014-05-09,73.084477472867
2014-05-12,73.502156096982
2014-05-13,73.956961709907
2014-05-14,73.186576692095
2014-05-15,72.787461562386
2014-05-16,73.817735501869
2014-05-19,73.845580743476
2014-05-20,72.768898067981
2014-05-21,73.669227546628
2014-05-22,73.743481524248
2014-05-23,74.059060929135
2014-05-27,74.346795092414
2014-05-28,73.864144237881
2014-05-29,74.643811002895
2014-05-30,75.599830964758
2014-06-02,75.432759515112
2014-06-03,75.989664347265
2014-06-04,77.456180405268
2014-06-05,77.576843118901
2014-06-06,77.530434382888
2014-06-09,78.208001928674
2014-06-10,77.632533602116
2014-06-11,76.982811297938
2014-06-12,76.500160443405
2014-06-13,76.787894606684
2014-06-16,76.871430331507
2014-06-17,76.583696168228
2014-06-18,76.750767617874
2014-06-19,77.094192264368
2014-06-20,77.159164494786
2014-06-23,76.732204123469
2014-06-24,76.51872393781
2014-06-25,77.094192264368
2014-06-26,75.674084942378
2014-06-27,75.507013492732
2014-06-30,75.033644385402
2014-07-01,75.414196020707
2014-07-02,75.237842823858
2014-07-03,75.692648436783
2014-07-07,75.228561076656
2014-07-08,75.284251559871
2014-07-09,74.848009441351
2014-07-10,74.04049743473
2014-07-11,74.04049743473
2014-07-14,73.752763271451
2014-07-15,73.659945799425
2014-07-16,74.012652193122
2014-07-17,73.548564832995
2014-07-18,74.012652193122
2014-07-21,74.068342676337
2014-07-22,74.523148289262
2014-07-23,74.801600705339
2014-07-24,74.894418177364
2014-07-25,74.606684014085
2014-07-28,74.857291188554
2014-07-29,74.783037210934
2014-07-30,74.708783233313
2014-07-31,73.585691821805
2014-08-01,73.650664052223
2014-08-04,73.650664052223
2014-08-05,72.815306803993
2014-08-06,72.249120224638
2014-08-07,71.933540819751
2014-08-08,73.2051401865
2014-08-11,73.288675911323
2014-08-12,72.926687770424
2014-08-13,73.316521152931
2014-08-14,73.576410074602
2014-08-15,73.335084647336
2014-08-18,74.07762442354
2014-08-19,74.55099353087
2014-08-20,74.62524750849
2014-08-21,75.015080890997
2014-08-22,74.727346727718
2014-08-25,75.163588846238
2014-08-26,75.757620667201
2014-08-27,75.163588846238
2014-08-28,75.200715835048
2014-08-29,75.237842823858
2014-09-02,75.293533307074
2014-09-03,75.980382600062
2014-09-04,75.887565128037
2014-09-05,75.952537358455
2014-09-08,75.859719886429
2014-09-09,75.13574360463
2014-09-10,75.377069031897
2014-09-11,75.655521447973
2014-09-12,75.154307099036
2014-09-15,74.810882452541
2014-09-16,74.337513345211
2014-09-17,73.956961709907
2014-09-18,74.680937991706
2014-09-19,74.18900538997
2014-09-22,73.53000133859
2014-09-23,73.882707732286
2014-09-24,74.439612564439
2014-09-25,73.307239405728
2014-09-26,73.594973569007
2014-09-29,74.179723642768
2014-09-30,75.479168251125
2014-10-01,73.994088698717
2014-10-02,73.724918029843
2014-10-03,74.55099353087
2014-10-06,74.931545166174
2014-10-07,73.149449703285
2014-10-08,74.105469665148
2014-10-09,72.573981376727
2014-10-10,71.320945504383
2014-10-13,70.810449408243
2014-10-14,70.699068441812
2014-10-15,71.348790745991
2014-10-16,71.630987677089
2014-10-17,72.073096202476
2014-10-20,71.903778043817
2014-10-21,73.305356134938
2014-10-22,72.863247609551
2014-10-23,73.446454600487
2014-10-24,73.700431838475
2014-10-27,74.330671651261
2014-10-28,74.753967047909
2014-10-29,74.829219562868
2014-10-30,75.835721950452
2014-10-31,76.306050168949
2014-11-03,76.1649517034
2014-11-04,76.334269862059
2014-11-05,77.58534292326
2014-11-06,78.300241815376
2014-11-07,78.525999360254
2014-11-10,79.16564573741
2014-11-11,78.958701321272
2014-11-12,79.128019479931
2014-11-13,79.429029539769
2014-11-14,79.617160827167
2014-11-17,79.626567391537
2014-11-18,79.297337638589
2014-11-19,78.676504390173
2014-11-20,78.488373102775
2014-11-21,79.090393222451
2014-11-24,79.889951193896
2014-11-25,80.256807204323
2014-11-26,80.096895610034
2014-11-28,81.206870205687
2014-12-01,80.896453581479
2014-12-02,80.877640452739
2014-12-03,81.385594928716
2014-12-04,81.216276770057
2014-12-05,81.075178304508
2014-12-08,79.927577451375
2014-12-09,80.125115303144
2014-12-10,78.761163469503
2014-12-11,78.902261935052
2014-12-12,77.039762189804
2014-12-15,77.020949061064
2014-12-16,77.952198933688
2014-12-17,80.237994075583
2014-12-18,84.414508655836
2014-12-19,85.138814112322
2014-12-22,85.769053925108
2014-12-23,85.994811469986
2014-12-24,85.900745826287
2014-12-26,85.844306440067
2014-12-29,85.148220676692
2014-12-30,84.837804052484
2014-12-31,84.010026387929
2015-01-02,83.567917862542
2015-01-05,82.156933207051
2015-01-06,81.564319651745
2015-01-07,83.276314367074
2015-01-08,84.546200557016
2015-01-09,84.452134913316
2015-01-12,84.198157675328
2015-01-13,84.499167735166
2015-01-14,83.511478476322
2015-01-15,82.937678049756
2015-01-16,83.614950684392
2015-01-20,83.360973446403
2015-01-21,83.097589644045
2015-01-22,84.188751110958
2015-01-23,83.9253673086
2015-01-26,83.79367540742
2015-01-27,81.046958611398
2015-01-28,79.353777024809
2015-01-29,80.557817264161
2015-01-30,79.043360400601
2015-02-02,80.73654198719
2015-02-03,82.702513940508
2015-02-04,82.156933207051
2015-02-05,83.219874980854
2015-02-06,82.918864921016
2015-02-09,82.175746335791
2015-02-10,82.32625136571
2015-02-11,82.740140197987
2015-02-12,83.80308197179
2015-02-13,84.461541477686
2015-02-17,84.000619823559
2015-02-18,84.122905160368
2015-02-19,84.913056567443
2015-02-20,85.120000983582
2015-02-23,85.195253498541
2015-02-24,85.4586373009
2015-02-25,85.223473191651
2015-02-26,84.941276260553
2015-02-27,84.687299022565
2015-03-02,85.769053925108
2015-03-03,85.44923073653
2015-03-04,85.515076687119
2015-03-05,86.587425025292
2015-03-06,85.289319142241
2015-03-09,85.40219791468
2015-03-10,82.834205841687
2015-03-11,81.705418117294
2015-03-12,82.965897742866
2015-03-13,82.655481118658
2015-03-16,83.633763813131
2015-03-17,83.567917862542
2015-03-18,85.533889815859
2015-03-19,84.837804052484
2015-03-20,86.051250856206
2015-03-23,86.107690242426
2015-03-24,84.104092031628
2015-03-25,82.975304307236
2015-03-26,88.58161667172
2015-03-27,88.365265691211
2015-03-30,88.816780780968
2015-03-31,88.130101581963
2015-04-01,88.007816245153
2015-04-02,88.59102323609
2015-04-06,90.01141445595
2015-04-07,90.669873961846
2015-04-08,90.434709852598
2015-04-09,90.767470033931
2015-04-10,90.025890201246
2015-04-13,88.88499815096
2015-04-14,89.189236031036
2015-04-15,89.52199621237
2015-04-16,89.426921874846
2015-04-17,87.839180438199
2015-04-20,88.675834608408
2015-04-21,88.419133897094
2015-04-22,88.780416379684
2015-04-23,89.217758332294
2015-04-24,88.799431247189
2015-04-27,89.141698862275
2015-04-28,89.769189489931
2015-04-29,89.037117090998
2015-04-30,88.086373715761
2015-05-01,88.76140151218
2015-05-04,89.788204357436
2015-05-05,89.037117090998
2015-05-06,88.419133897094
2015-05-07,89.835741526198
2015-05-08,91.166782251531
2015-05-11,91.280871456559
2015-05-12,90.719932865169
2015-05-13,90.967126142731
2015-05-14,92.20309253054
2015-05-15,92.241122265549
2015-05-18,92.659449350654
2015-05-19,92.393241205587
2015-05-20,92.269644566806
2015-05-21,92.060481024254
2015-05-22,91.642153939149
2015-05-26,91.356930926578
2015-05-27,92.00343642174
2015-05-28,92.136540494273
2015-05-29,91.309393757816
2015-06-01,91.452005264102
2015-06-02,91.585109336635
2015-06-03,92.20309253054
2015-06-04,91.20481198654
2015-06-05,90.700917997664
2015-06-08,90.101949671265
2015-06-09,90.263576045055
2015-06-10,91.76575057793
2015-06-11,92.146047928025
2015-06-12,91.366438360331
2015-06-15,91.071707914007
2015-06-16,91.936884385473
2015-06-17,92.155555361778
2015-06-18,92.516837844368
2015-06-19,92.241122265549
2015-06-22,93.733789364672
2015-06-23,93.410536617091
2015-06-24,92.954179796977
2015-06-25,94.579950968634
2015-06-26,94.123594148519
2015-06-29,91.917869517968
2015-06-30,92.012943855492
2015-07-01,93.229895375796
2015-07-02,92.535852711873
2015-07-06,92.545360145625
2015-07-07,93.819356268443
2015-07-08,92.811568290692
2015-07-09,92.935164929473
2015-07-10,93.914430605967
2015-07-13,95.597246380138
2015-07-14,95.777887621433
2015-07-15,95.026800354995
2015-07-16,96.452915417852
2015-07-17,95.530694343871
2015-07-20,95.758872753928
2015-07-21,95.4451274401
2015-07-22,97.289569588061
2015-07-23,97.375136491832
2015-07-24,96.186707272785
2015-07-27,95.4451274401
2015-07-28,96.681093827909
2015-07-29,97.403658793089
2015-07-30,97.603314901889
2015-07-31,98.031149420746
2015-08-03,98.12622375827
2015-08-04,98.32587986707
2015-08-05,99.352682712326
2015-08-06,98.021641986994
2015-08-07,98.630117747146
2015-08-10,100.01820307499
2015-08-11,98.477998807108
2015-08-12,98.658640048403
2015-08-13,98.297357565812
2015-08-14,98.354402168327
2015-08-17,98.382924469584
2015-08-18,98.744206952174
2015-08-19,97.802971010689
2015-08-20,95.0458152225
2015-08-21,92.345704036825
2015-08-24,88.105388583266
2015-08-25,87.60149459439
2015-08-26,90.358650382579
2015-08-27,91.014663311493
2015-08-28,91.128752516521
2015-08-31,89.626577983646
2015-09-01,87.744106100675
2015-09-02,89.778696923684
2015-09-03,90.900574106464
2015-09-04,89.797711791189
2015-09-08,92.336196603073
2015-09-09,90.815007202693
2015-09-10,92.041466156749
2015-09-11,92.554867579377
2015-09-14,91.756243144178
2015-09-15,93.401029183339
2015-09-16,94.08556441351
2015-09-17,93.676744762158
2015-09-18,92.72600138692
2015-09-21,93.581670424634
2015-09-22,92.859105459454
2015-09-23,93.039746700749
2015-09-24,92.954179796977
2015-09-25,92.16506279553
2015-09-28,91.223826854045
2015-09-29,91.841810047949
2015-09-30,93.420044050844
2015-10-01,93.591177858386
2015-10-02,94.494384064862
2015-10-05,96.614541791642
2015-10-06,96.500452586613
2015-10-07,97.565285166879
2015-10-08,99.837561833697
2015-10-09,99.618890857393
2015-10-12,99.875591568707
2015-10-13,98.382924469584
2015-10-14,98.430461638346
2015-10-15,98.305537690157
2015-10-16,98.987814637957
2015-10-19,99.074300448242
2015-10-20,99.429853223857
2015-10-21,98.51694744863
2015-10-22,102.3031040322
2015-10-23,103.77336280704
2015-10-26,103.75414373809
2015-10-27,103.65804839333
2015-10-28,105.44542180587
2015-10-29,103.73492466913
2015-10-30,103.01420958343
2015-11-02,103.39859096247
2015-11-03,103.11991446267
2015-11-04,102.36076123906
2015-11-05,101.94755125659
2015-11-06,101.8610654463
2015-11-09,100.78479758498
2015-11-10,100.96737874003
2015-11-11,100.99620734346
2015-11-12,100.24666365432
2015-11-13,99.122348120622
2015-11-16,102.17818008401
2015-11-17,102.13974194611
2015-11-18,103.6676579278
2015-11-19,103.09108585924
2015-11-20,103.75414373809
2015-11-23,103.6292197899
2015-11-24,103.15835260057
2015-11-25,102.91811423867
2015-11-27,103.26405747981
2015-11-30,103.03342865238
2015-12-01,103.9078962897
2015-12-02,103.388981428
2015-12-03,101.79379870497
2015-12-04,104.84002113388
2015-12-07,104.68626858226
2015-12-08,104.65743997884
2015-12-09,103.10069539371
2015-12-10,103.39859096247
2015-12-11,101.18839803298
2015-12-14,102.20700868744
2015-12-15,102.55295192858
2015-12-16,104.82080206493
2015-12-17,99.228052999859
2015-12-18,97.949984914542
2015-12-21,98.968595569005
2015-12-22,99.708529723662
2015-12-23,100.34275899908
2015-12-24,100.16017784404
2015-12-28,100.0160348269
2015-12-29,101.20761710193
2015-12-30,101.72653196364
2015-12-31,100.41963527489
2016-01-04,97.853889569782
2016-01-05,98.363194897013
2016-01-06,98.171004207492
2016-01-07,95.288143864672
2016-01-08,94.36562855497
2016-01-11,95.355410606004
2016-01-12,97.065907742744
2016-01-13,95.384239209433
2016-01-14,97.901937242162
2016-01-15,95.393848743909
2016-01-19,97.421460518359
2016-01-20,95.192048519911
2016-01-21,94.452114365254
2016-01-22,98.2478804833
2016-01-25,97.777013293973
2016-01-26,98.526556983106
2016-01-27,97.978813517971
2016-01-28,99.05508137929
2016-01-29,101.4190268604
2016-02-01,102.13013241163
2016-02-02,99.766186930519
2016-02-03,98.113347000635
2016-02-04,98.718747672628
2016-02-05,95.105562709627
2016-02-08,91.357844263961
2016-02-09,89.676175730649
2016-02-10,90.531424299019
2016-02-11,89.781880609886
2016-02-12,91.002291488347
2016-02-16,93.125998607557
2016-02-17,95.144000847531
2016-02-18,94.673133658204
2016-02-19,95.086343640675
2016-02-22,96.431678467324
2016-02-23,95.759011053999
2016-02-24,95.662915709239
2016-02-25,96.969812397984
2016-02-26,97.171612621981
2016-02-29,96.345192657039
2016-03-01,99.410634154904
2016-03-02,98.651480931295
2016-03-03,98.78601441396
2016-03-04,99.151176724051
2016-03-07,98.401633034917
2016-03-08,98.613042793391
2016-03-09,99.362586482524
2016-03-10,99.535558103093
2016-03-11,101.55356034307
2016-03-14,102.16857054954
2016-03-15,102.88928563524
2016-03-16,103.388981428
2016-03-17,104.32110627217
2016-03-18,103.56195304856
2016-03-21,103.93672489313
2016-03-22,103.61961025542
2016-03-23,103.45624816933
2016-03-24,109.83697906144
2016-03-28,109.71205511325
2016-03-29,110.75949437114
2016-03-30,110.86519925038
2016-03-31,110.8940278538
2016-04-01,111.80693362903
2016-04-04,110.99012319856
2016-04-05,109.67361697534
2016-04-06,110.19253183705
2016-04-07,107.7228814767
2016-04-08,108.42437749345
2016-04-11,108.68383492431
2016-04-12,109.92346487172
2016-04-13,111.52825712922
2016-04-14,111.32452597058
2016-04-15,111.3924363568
2016-04-18,112.13945060514
2016-04-19,111.66407790165
2016-04-20,112.09094318642
2016-04-21,111.06258590948
2016-04-22,110.54840727101
2016-04-25,110.69392952718
2016-04-26,111.18870519816
2016-04-27,112.03273428395
2016-04-28,110.91706365331
2016-04-29,109.5491544453
2016-05-02,110.98497403952
2016-05-03,109.9178108276
2016-05-04,110.16034792122
2016-05-05,110.67452655969
2016-05-06,112.10064467016
2016-05-09,112.0230328002
2016-05-10,113.44915091068
2016-05-11,112.51780847118
2016-05-12,112.88646485348
2016-05-13,111.99392834897
2016-05-16,113.65288206932
2016-05-17,112.75064408106
2016-05-18,113.0416885934
2016-05-19,112.56631588991
2016-05-20,112.99318117468
2016-05-23,112.71183814608
2016-05-24,115.56407436702
2016-05-25,115.01108979358
2016-05-26,114.87526902115
2016-05-27,115.38944765962
2016-05-31,115.41855211085
2016-06-01,115.45735804583
2016-06-02,115.68049217196
2016-06-03,115.35064172464
2016-06-06,116.02974558677
2016-06-07,116.07825300549
2016-06-08,115.75810404192
2016-06-09,115.87452184686
2016-06-10,114.73944824872
2016-06-13,113.5849716831
2016-06-14,114.56482154132
2016-06-15,113.94392658166
2016-06-16,114.76855269996
2016-06-17,114.06034438659
2016-06-20,115.49616398081
2016-06-21,115.86482036311
2016-06-22,115.47676101332
2016-06-23,115.36034320839
2016-06-24,108.12303633483
2016-06-27,106.02751584597
2016-06-28,107.25960428155
2016-06-29,108.42378233092
2016-06-30,109.90810934386
2016-07-01,110.13124346999
2016-07-05,109.72378115271
2016-07-06,110.13124346999
2016-07-07,109.33572180292
2016-07-08,111.67377938539
2016-07-11,112.01333131646
2016-07-12,113.02228562591
2016-07-13,113.34243458949
2016-07-14,113.28422568702
2016-07-15,111.65437641791
2016-07-18,110.73273546216
2016-07-19,109.98572121381
2016-07-20,112.00362983271
2016-07-21,109.0058713556
2016-07-22,109.49094554283
2016-07-25,109.69467670147
2016-07-26,110.84915326709
2016-07-27,110.31557166113
2016-07-28,108.73422981075
2016-07-29,109.44243812411
2016-08-01,109.51034851032
2016-08-02,109.4618410916
2016-08-03,110.21855682369
2016-08-04,110.31557166113
2016-08-05,111.17900371441
2016-08-08,110.2864672099
2016-08-09,109.51034851032
2016-08-10,109.84019895764
2016-08-11,110.0051241813
2016-08-12,109.65587076649
2016-08-15,110.20885533994
2016-08-16,109.60736334777
2016-08-17,109.55885592905
2016-08-18,108.99616987185
2016-08-19,109.67527373398
2016-08-22,110.36407907986
2016-08-23,112.03273428395
2016-08-24,111.14989926318
2016-08-25,111.60586899918
2016-08-26,111.7610927391
2016-08-29,111.42154080803
2016-08-30,111.90661499527
2016-08-31,111.5670630642
2016-09-01,111.62527196667
2016-09-02,112.20736099135
2016-09-06,111.91631647901
2016-09-07,111.68348086914
2016-09-08,108.94766245313
2016-09-09,107.09467905789
2016-09-12,109.39393070539
2016-09-13,107.23049983032
2016-09-14,106.52229151695
2016-09-15,107.41482802147
2016-09-16,106.59990338691
2016-09-19,107.20139537908
2016-09-20,107.39542505398
2016-09-21,108.36557342845
2016-09-22,110.26706424241
2016-09-23,109.71407966896
2016-09-26,110.33497462862
2016-09-27,112.66333072736
2016-09-28,113.16780788208
2016-09-29,118.00884827069
2016-09-30,118.52302690916
2016-10-03,117.2521325386
2016-10-04,114.71034379749
2016-10-05,114.68123934626
2016-10-06,114.98198534234
2016-10-07,112.53721143867
2016-10-10,113.9536280654
2016-10-11,113.47825536191
2016-10-12,114.10885180532
2016-10-13,114.58422450881
2016-10-14,114.72004528123
2016-10-17,113.36183755697
2016-10-18,114.02153845162
2016-10-19,114.50661263885
2016-10-20,113.75186095479
2016-10-21,113.30097033834
2016-10-24,113.50681170672
2016-10-25,112.98730730081
2016-10-26,113.16374275942
2016-10-27,113.17354472934
2016-10-28,113.37938609772
2016-10-31,113.93809838332
2016-11-01,113.8400786841
2016-11-02,116.26116525504
2016-11-03,114.63403824785
2016-11-04,114.90849340569
2016-11-07,117.59423316455
2016-11-08,117.43740164579
2016-11-09,114.88888946584
2016-11-10,117.94710408177
2016-11-11,116.81987754065
2016-11-14,114.92809734553
2016-11-15,113.69304913525
2016-11-16,114.99671113499
2016-11-17,116.02591797689
2016-11-18,116.08472979643
2016-11-21,117.30997603679
2016-11-22,117.11393663833
2016-11-23,117.44720361571
2016-11-25,118.34898484861
2016-11-28,118.36858878846
2016-11-29,118.54502424707
2016-11-30,117.06492678872
2016-12-01,115.32997811237
2016-12-02,114.96730522523
2016-12-05,115.38878993191
2016-12-06,116.06512585659
2016-12-07,119.16254835221
2016-12-08,119.3291818409
2016-12-09,120.86809111879
2016-12-12,121.16215021647
2016-12-13,122.91670283266
2016-12-14,121.20135809616
2016-12-15,122.08353538922
2016-12-16,120.56423005118
2016-12-19,121.20135809616
2016-12-20,121.64244674269
2016-12-21,115.56522539052
2016-12-22,115.45740372137
2016-12-23,115.15354265376
2016-12-27,115.22215644322
2016-12-28,114.30077127047
2016-12-29,114.69285006739
2016-12-30,114.81047370646
2017-01-03,114.15374172163
2017-01-04,114.42819687947
2017-01-05,112.71285214297
2017-01-06,113.99691020286
2017-01-09,112.72265411289
2017-01-10,112.78146593243
2017-01-11,113.82047474425
2017-01-12,113.48720776687
2017-01-13,114.63403824785
2017-01-17,113.73225701494
2017-01-18,113.65384125556
2017-01-19,113.21275260903
2017-01-20,112.79126790235
2017-01-23,112.54621865428
2017-01-24,114.17334566147
2017-01-25,115.24176038307
2017-01-26,113.63423731572
2017-01-27,113.06572306019
2017-01-30,112.35998122574
2017-01-31,111.61503151161
2017-02-01,110.9681014967
2017-02-02,111.38958620338
2017-02-03,112.22275364682
2017-02-06,111.91889257922
2017-02-07,113.62443534579
2017-02-08,113.14413881957
2017-02-09,114.66344415762
2017-02-10,115.27116629283
2017-02-13,116.2415613152
2017-02-14,117.62363907432
2017-02-15,117.55502528486
2017-02-16,118.32938090877
2017-02-17,118.82928137483
2017-02-21,119.68205275812
2017-02-22,119.78987442727
2017-02-23,120.05452761519
2017-02-24,120.98571475786
2017-02-27,120.3583886828
2017-02-28,120.07413155504
2017-03-01,121.61304083292
2017-03-02,121.88749599076
2017-03-03,121.19155612624
2017-03-06,120.79947732933
2017-03-07,121.68165462238
2017-03-08,121.99531765992
2017-03-09,120.74066550979
2017-03-10,121.475813254
2017-03-13,121.58363492316
2017-03-14,121.45620931416
2017-03-15,122.32858463729
2017-03-16,121.64244674269
2017-03-17,122.74026737405
2017-03-20,121.92670387046
2017-03-21,122.17175311853
2017-03-22,123.97531558433
2017-03-23,118.36858878846
2017-03-24,116.62383814219
2017-03-27,117.02571890903
2017-03-28,118.94690501391
2017-03-29,118.58423212676
2017-03-30,118.13334151031
2017-03-31,117.50601543525
2017-04-03,115.31037417253
2017-04-04,115.70245296944
2017-04-05,115.31037417253
2017-04-06,114.49681066893
2017-04-07,115.11433477407
2017-04-10,115.50641357098
2017-04-11,114.96730522523
2017-04-12,114.47209801802
2017-04-13,113.75899963964
2017-04-17,114.61075603604
2017-04-18,115.12577153153
2017-04-19,115.82896576577
2017-04-20,118.06730234234
2017-04-21,118.08711063063
2017-04-24,118.2158645045
2017-04-25,117.55228684685
2017-04-26,117.83950702703
2017-04-27,119.33503279279
2017-04-28,120.13726846847
2017-05-01,120.08774774775
2017-05-02,119.52321153153
2017-05-03,119.14685405405
2017-05-04,119.66186954955
2017-05-05,120.35515963964
2017-05-08,119.94908972973
2017-05-09,119.90947315315
2017-05-10,120.03822702703
2017-05-11,119.64206126126
2017-05-12,119.80052756757
2017-05-15,121.07816216216
2017-05-16,121.95963099099
2017-05-17,119.28551207207
2017-05-18,119.2458954955
2017-05-19,119.82033585586
2017-05-22,121.53375279279
2017-05-23,120.97912072072
2017-05-24,120.78103783784
2017-05-25,121.92001441441
2017-05-26,121.71202738739
2017-05-30,122.58359207207
2017-05-31,123.27688216216
2017-06-01,124.08902198198
2017-06-02,124.53470846847
2017-06-05,125.36665657658
2017-06-06,125.11905297297
2017-06-07,125.33694414414
2017-06-08,124.96058666667
2017-06-09,124.61394162162
2017-06-12,125.08934054054
2017-06-13,125.85195963964
2017-06-14,126.03023423423
2017-06-15,125.81234306306
2017-06-16,126.3372627027
2017-06-19,126.54524972973
2017-06-20,125.31713585586
2017-06-21,125.89157621622
2017-06-22,120.90979171171
2017-06-23,121.56346522523
2017-06-26,121.16729945946
2017-06-27,121.0187372973
2017-06-28,122.55387963964
2017-06-29,121.81106882883
2017-06-30,122.49445477477
2017-07-03,122.74205837838
2017-07-05,122.86090810811
2017-07-06,121.76154810811
2017-07-07,123.01937441441
2017-07-10,122.87081225225
2017-07-11,122.66282522523
2017-07-12,124.26729657658
2017-07-13,124.52480432432
2017-07-14,125.48550630631
2017-07-17,125.20819027027
2017-07-18,126.14908396396
2017-07-19,126.55515387387
2017-07-20,127.30786882883
2017-07-21,127.6148972973
2017-07-24,126.78294918919
2017-07-25,127.71393873874
2017-07-26,128.26857081081
2017-07-27,126.93151135135
2017-07-28,127.16921081081
2017-07-31,127.58518486486
2017-08-01,128.61521585586
2017-08-02,127.38710198198
2017-08-03,128.77368216216
2017-08-04,128.95195675676
2017-08-07,128.43694126126
2017-08-08,127.89221333333
2017-08-09,128.3775163964
2017-08-10,127.0107445045
2017-08-11,126.97112792793
2017-08-14,128.44684540541
2017-08-15,128.13981693694
2017-08-16,128.78358630631
2017-08-17,126.36697513514
2017-08-18,126.21841297297
2017-08-21,126.9414154955
2017-08-22,128.07048792793
2017-08-23,127.12959423423
2017-08-24,127.4366227027
2017-08-25,128.14972108108
2017-08-28,128.00115891892
2017-08-29,128.41713297297
2017-08-30,128.54588684685
2017-08-31,129.50658882883
2017-09-01,128.85291531532
2017-09-05,128.52607855856
2017-09-06,129.86313801802
2017-09-07,132.95323099099
2017-09-08,132.4382154955
2017-09-11,134.92415567568
2017-09-12,134.91425153153
2017-09-13,133.48805477477
2017-09-14,133.56728792793
2017-09-15,134.05259099099
2017-09-18,135.62734990991
2017-09-19,135.39955459459
2017-09-20,136.68709333333
2017-09-21,135.35003387387
2017-09-22,136.57814774775
2017-09-25,136.8356554955
2017-09-26,135.52830846847
2017-09-27,135.33022558559
2017-09-28,135.01329297297
2017-09-29,133.77527495495
2017-10-02,134.14172828829
2017-10-03,132.96313513514
2017-10-04,133.86441225225
2017-10-05,134.91425153153
2017-10-06,134.94396396396
2017-10-09,135.67687063063
2017-10-10,136.20179027027
2017-10-11,135.59763747748
2017-10-12,137.86568648649
2017-10-13,137.86568648649
2017-10-16,137.7567409009
2017-10-17,137.32095855856
2017-10-18,137.42
2017-10-19,138.62
2017-10-20,139.49
2017-10-23,139.33
2017-10-24,138.91
2017-10-25,141.22
2017-10-26,141.97
2017-10-27,143.28
2017-10-30,143.29
2017-10-31,142.36
2017-11-01,142.96
2017-11-02,143.43
2017-11-03,144.04
2017-11-06,143.93
2017-11-07,143.5
2017-11-09,143.83
2017-11-10,143.89
2017-11-13,143.92
2017-11-14,144.96
2017-11-15,144.26
2017-11-16,147.04
2017-11-17,145.45
2017-11-20,146.57
2017-11-21,148.01
2017-11-22,147.11
2017-11-24,147.63
2017-11-27,147.5
2017-11-28,148.04
2017-11-29,146.95
2017-11-30,148.01
2017-12-01,146.57
2017-12-04,147.15
2017-12-05,147.67
2017-12-06,148.27
2017-12-07,148.6
2017-12-08,150.53
2017-12-11,150.69
2017-12-12,152.1
2017-12-13,151.42
2017-12-14,151.21
2017-12-15,152.66
2017-12-18,151.72
2017-12-19,152.22
2017-12-20,151.75
2017-12-21,154.2
2017-12-22,153.89
2017-12-26,152.99
2017-12-27,153.32
2017-12-28,153.57
2017-12-29,153.09
2018-01-02,153.84
2018-01-03,154.55
2018-01-04,156.38
2018-01-05,157.67
2018-01-08,158.93
2018-01-09,159.46
2018-01-10,158.9
2018-01-11,159.11
2018-01-12,160.11
2018-01-16,157.96
2018-01-17,160.21
2018-01-18,160.94
2018-01-19,161.75
2018-01-22,161.43
2018-01-23,160.88
2018-01-24,160.6
2018-01-25,160.79
2018-01-26,162.55
2018-01-29,161.19
2018-01-30,159.7
2018-01-31,160.7
2018-02-01,160.46
2018-02-02,156.9
2018-02-05,151.83
2018-02-06,154.69
2018-02-07,155.15
2018-02-08,150.51
2018-02-09,153.84
2018-02-12,154.95
2018-02-13,156.84
2018-02-14,159.79
2018-02-15,161.06
2018-02-16,162.66
2018-02-20,161.44
2018-02-21,160.46
2018-02-22,160.32
2018-02-23,162.95
2018-02-26,164.74
2018-02-27,162.55
2018-02-28,161.01
2018-03-01,156.15
2018-03-02,157.5
2018-03-05,158.85
2018-03-06,158.03
2018-03-07,158.55
2018-03-08,158.5
2018-03-09,161.51
2018-03-12,161.69
2018-03-13,162.49
2018-03-14,161.0
2018-03-15,162.86
2018-03-16,160.89
2018-03-19,160.62
2018-03-20,162.88
2018-03-21,162.03
2018-03-22,150.23
2018-03-23,147.35
2018-03-26,152.85
2018-03-27,148.86
