Date,ADI
2010-01-04,25.578014740197
2010-01-05,25.53763265188
2010-01-06,25.489174145899
2010-01-07,25.287263704312
2010-01-08,25.432639222254
2010-01-11,25.287263704312
2010-01-12,24.237329408062
2010-01-13,24.229252990398
2010-01-14,24.205023737408
2010-01-15,23.389305553398
2010-01-19,23.801202854234
2010-01-20,23.365076300407
2010-01-21,23.470069730032
2010-01-22,22.420135433782
2010-01-25,22.622045875368
2010-01-26,22.290912751166
2010-01-27,22.371676927801
2010-01-28,21.92747395631
2010-01-29,21.774022020704
2010-02-01,22.226301409858
2010-02-02,22.436288269109
2010-02-03,22.331294839484
2010-02-04,21.402506808185
2010-02-05,21.725563514724
2010-02-08,21.644799338089
2010-02-09,21.90324470332
2010-02-10,21.846709779676
2010-02-11,22.34744767481
2010-02-12,22.605893040041
2010-02-16,23.098554517513
2010-02-17,22.920873328917
2010-02-18,23.881967030869
2010-02-19,24.027342548811
2010-02-22,24.1404123961
2010-02-23,23.542757489003
2010-02-24,23.817355689561
2010-02-25,23.93042553685
2010-02-26,23.615445247975
2010-03-01,24.083877472456
2010-03-02,23.922349119186
2010-03-03,23.736591512927
2010-03-04,23.639010458403
2010-03-05,23.98867590378
2010-03-08,24.004939412867
2010-03-09,23.785382040189
2010-03-10,24.460317667312
2010-03-11,23.720328003839
2010-03-12,23.56582466751
2010-03-15,23.517034140248
2010-03-16,24.403395385506
2010-03-17,24.74492907634
2010-03-18,24.525371703661
2010-03-19,24.191969767371
2010-03-22,24.452185912768
2010-03-23,24.74492907634
2010-03-24,23.630878703859
2010-03-25,23.533297649335
2010-03-26,23.167368694871
2010-03-29,23.435716594811
2010-03-30,23.590219931141
2010-03-31,23.435716594811
2010-04-01,23.435716594811
2010-04-05,23.948017131062
2010-04-06,23.817909058363
2010-04-07,23.956148885605
2010-04-08,23.573956422054
2010-04-09,23.671537476577
2010-04-12,24.029334676498
2010-04-13,24.216365031002
2010-04-14,25.493050494356
2010-04-15,25.493050494356
2010-04-16,24.866905394495
2010-04-19,24.728665567252
2010-04-20,25.005145221737
2010-04-21,24.631084512729
2010-04-22,24.736797321796
2010-04-23,24.940091185387
2010-04-26,25.314151894396
2010-04-27,24.427790649137
2010-04-28,24.598557494554
2010-04-29,25.086462767173
2010-04-30,24.338341349157
2010-05-03,24.468449421855
2010-05-04,23.907358358343
2010-05-05,23.777250285645
2010-05-06,22.833966758581
2010-05-07,22.557487104097
2010-05-10,23.728459758383
2010-05-11,23.468243612986
2010-05-12,23.874831340169
2010-05-13,23.240554485764
2010-05-14,22.590014122271
2010-05-17,23.05352413126
2010-05-18,22.443642540486
2010-05-19,23.395057822093
2010-05-20,22.866493776756
2010-05-21,23.289345013026
2010-05-24,23.151105185784
2010-05-25,23.313740276657
2010-05-26,23.338135540288
2010-05-27,24.354262228137
2010-05-28,23.903560874655
2010-06-01,23.657723772756
2010-06-02,24.428013358707
2010-06-03,24.886909282252
2010-06-04,23.764253183579
2010-06-07,22.912017896996
2010-06-08,23.018547307819
2010-06-09,22.838266766426
2010-06-10,23.452859521174
2010-06-11,23.797031463833
2010-06-14,23.66591834282
2010-06-15,24.878714712189
2010-06-16,25.075384393708
2010-06-17,25.116357244024
2010-06-18,25.009827833201
2010-06-21,24.813158151682
2010-06-22,24.239538247251
2010-06-23,24.419818788644
2010-06-24,23.985506575289
2010-06-25,23.862588024339
2010-06-28,23.944533724972
2010-06-29,23.141465858768
2010-06-30,22.830072196363
2010-07-01,22.879239616743
2010-07-02,22.838266766426
2010-07-06,22.854655906553
2010-07-07,24.124814266365
2010-07-08,23.829809744086
2010-07-09,24.010090285478
2010-07-12,24.059257705858
2010-07-13,24.624683040226
2010-07-14,24.255927387378
2010-07-15,24.3624567982
2010-07-16,23.936339154909
2010-07-19,24.591904759973
2010-07-20,24.624683040226
2010-07-21,24.231343677188
2010-07-22,25.083578963771
2010-07-23,25.288443215354
2010-07-26,25.567058597506
2010-07-27,25.435945476493
2010-07-28,24.837741861872
2010-07-29,24.370651368264
2010-07-30,24.346067658074
2010-08-02,24.657461320479
2010-08-03,24.477180779087
2010-08-04,24.780379871429
2010-08-05,24.772185301366
2010-08-06,24.723017880986
2010-08-09,24.985244123011
2010-08-10,24.493569919213
2010-08-11,23.838004314149
2010-08-12,23.133271288705
2010-08-13,23.002158167692
2010-08-16,23.239800699528
2010-08-17,23.608556352377
2010-08-18,24.649266750416
2010-08-19,24.313289377821
2010-08-20,24.272316527504
2010-08-23,24.50995905934
2010-08-24,24.026479425605
2010-08-25,23.952728295035
2010-08-26,23.911444723344
2010-08-27,24.126119296137
2010-08-30,23.43255529173
2010-08-31,23.019719574822
2010-09-01,23.531635863789
2010-09-02,24.101349153122
2010-09-03,24.431617726649
2010-09-07,23.672000007537
2010-09-08,23.79585072261
2010-09-09,23.787594008272
2010-09-10,23.061003146513
2010-09-13,23.721540293566
2010-09-14,24.06832229577
2010-09-15,23.861904437315
2010-09-16,24.340793868929
2010-09-17,24.695832585471
2010-09-20,24.786656443191
2010-09-21,24.786656443191
2010-09-22,24.20042972518
2010-09-23,24.316023725915
2010-09-24,25.488477161935
2010-09-27,25.60407116267
2010-09-28,26.149014308989
2010-09-29,26.066447165607
2010-09-30,25.909569593182
2010-10-01,25.91782630752
2010-10-04,25.620584591346
2010-10-05,26.429742596487
2010-10-06,26.091217308622
2010-10-07,26.347175453105
2010-10-08,26.702214169646
2010-10-11,26.826064884719
2010-10-12,26.883861885086
2010-10-13,25.942596450535
2010-10-14,25.942596450535
2010-10-15,26.149014308989
2010-10-18,26.049933736931
2010-10-19,25.818745735462
2010-10-20,26.041677022593
2010-10-21,25.926083021858
2010-10-22,26.429742596487
2010-10-25,26.644417169279
2010-10-26,26.41322916781
2010-10-27,27.073766314864
2010-10-28,27.189360315598
2010-10-29,27.800357176623
2010-11-01,27.907694463019
2010-11-02,28.361813751619
2010-11-03,28.617771896102
2010-11-04,29.418673186905
2010-11-05,29.336106043523
2010-11-08,29.245282185803
2010-11-09,28.956297183967
2010-11-10,28.659055467793
2010-11-11,28.13062575015
2010-11-12,28.246219750884
2010-11-15,28.114112321474
2010-11-16,27.874667605667
2010-11-17,28.006775035077
2010-11-18,28.526948038382
2010-11-19,29.047121041687
2010-11-22,29.691144760064
2010-11-23,29.48472690161
2010-11-24,30.029670047929
2010-11-26,29.608577616683
2010-11-29,29.542523901977
2010-11-30,29.360876186538
2010-12-01,30.450762479176
2010-12-02,30.949138297166
2010-12-03,31.256470051593
2010-12-06,30.882688188101
2010-12-07,31.447514115156
2010-12-08,31.754845869583
2010-12-09,31.671783233251
2010-12-10,31.347838951558
2010-12-13,31.198326206161
2010-12-14,31.140182360729
2010-12-15,30.849463133568
2010-12-16,30.965750824432
2010-12-17,31.140182360729
2010-12-20,31.165101151628
2010-12-21,31.547189278754
2010-12-22,31.214938733427
2010-12-23,31.289695106126
2010-12-27,31.663476969618
2010-12-28,31.190019942528
2010-12-29,31.264776315226
2010-12-30,31.530576751487
2010-12-31,31.289695106126
2011-01-03,31.522270487854
2011-01-04,31.165101151628
2011-01-05,31.231551260694
2011-01-06,31.40598279699
2011-01-07,31.22324499706
2011-01-10,31.314613897025
2011-01-11,31.58872059692
2011-01-12,31.597026860553
2011-01-13,31.439207851523
2011-01-14,32.06217762401
2011-01-18,33.108766841788
2011-01-19,32.427653223869
2011-01-20,32.336284323904
2011-01-21,32.203384105774
2011-01-24,32.685147396497
2011-01-25,32.211690369407
2011-01-26,32.303059269372
2011-01-27,32.543940914733
2011-01-28,31.812989715015
2011-01-31,32.253221687573
2011-02-01,32.950947832758
2011-02-02,33.025704205457
2011-02-03,32.585472232899
2011-02-04,33.225054532653
2011-02-07,33.108766841788
2011-02-08,32.909416514593
2011-02-09,33.067235523623
2011-02-10,33.21674826902
2011-02-11,33.715124087009
2011-02-14,34.047374632336
2011-02-15,34.055680895969
2011-02-16,33.922780677838
2011-02-17,34.213499904999
2011-02-18,34.155356059567
2011-02-22,33.274892114452
2011-02-23,32.568859705633
2011-02-24,32.618697287432
2011-02-25,33.21674826902
2011-02-28,33.125379369055
2011-03-01,32.5356346511
2011-03-02,33.19182947812
2011-03-03,34.210803609054
2011-03-04,33.935179458883
2011-03-07,33.091602514422
2011-03-08,33.258647453919
2011-03-09,32.164503100211
2011-03-10,31.671720528694
2011-03-11,31.863822209116
2011-03-14,31.880526703066
2011-03-15,31.404448625499
2011-03-16,30.519110446163
2011-03-17,31.203994698102
2011-03-18,31.588198058946
2011-03-21,31.838765468192
2011-03-22,31.713481763569
2011-03-23,32.055923889538
2011-03-24,32.657285671729
2011-03-25,32.59046769593
2011-03-28,32.54035421408
2011-03-29,32.991375550723
2011-03-30,32.991375550723
2011-03-31,32.891148587025
2011-04-01,32.707399153578
2011-04-04,32.156150853237
2011-04-05,32.055923889538
2011-04-06,32.807626117276
2011-04-07,32.849387352151
2011-04-08,32.623876683829
2011-04-11,32.106037371387
2011-04-12,31.529732330122
2011-04-13,31.61325479987
2011-04-14,31.462914354323
2011-04-15,31.872174456091
2011-04-18,30.920018300956
2011-04-19,31.187290204152
2011-04-20,32.55705870803
2011-04-21,32.657285671729
2011-04-25,32.707399153578
2011-04-26,33.392283405517
2011-04-27,33.868361483084
2011-04-28,33.860009236109
2011-04-29,33.667907555687
2011-05-02,33.734725531486
2011-05-03,33.559328345014
2011-05-04,33.743077778461
2011-05-05,33.692964296612
2011-05-06,33.851656989135
2011-05-09,34.093872151406
2011-05-10,34.553245735023
2011-05-11,34.035406422582
2011-05-12,34.636768204772
2011-05-13,34.068815410481
2011-05-16,33.868361483084
2011-05-17,33.601089579889
2011-05-18,35.580572112932
2011-05-19,35.338356950661
2011-05-20,34.912392354943
2011-05-23,34.269269337878
2011-05-24,33.784839013336
2011-05-25,33.584385085939
2011-05-26,33.937374118374
2011-05-27,34.080250631502
2011-05-31,34.601329679382
2011-06-01,33.500340078216
2011-06-02,33.483531076672
2011-06-03,32.84478901798
2011-06-06,32.777553011802
2011-06-07,33.147351045781
2011-06-08,32.390945976278
2011-06-09,32.306900968556
2011-06-10,31.827844424537
2011-06-13,31.500068894419
2011-06-14,31.844653426082
2011-06-15,31.063034854262
2011-06-16,30.8697313365
2011-06-17,30.743663824916
2011-06-20,30.878135837272
2011-06-21,31.558900399825
2011-06-22,31.365596882063
2011-06-23,31.920293933032
2011-06-24,31.365596882063
2011-06-27,31.80263092222
2011-06-28,32.1724289562
2011-06-29,32.189237957744
2011-06-30,32.895216022614
2011-07-01,33.592789586711
2011-07-05,33.164160047326
2011-07-06,33.307036560454
2011-07-07,33.777688603701
2011-07-08,33.298632059682
2011-07-11,32.390945976278
2011-07-12,30.726854823371
2011-07-13,30.474719800204
2011-07-14,30.16375327163
2011-07-15,30.062899262363
2011-07-18,29.802359738423
2011-07-19,30.331843287075
2011-07-20,30.34865228862
2011-07-21,30.668023317966
2011-07-22,31.147079861984
2011-07-25,30.592382811015
2011-07-26,30.920158341133
2011-07-27,29.289685191315
2011-07-28,29.155213178959
2011-07-29,28.911482656564
2011-08-01,28.642538631852
2011-08-02,27.718043546903
2011-08-03,28.155077587061
2011-08-04,26.583435942649
2011-08-05,26.474177432609
2011-08-08,25.364783330671
2011-08-09,26.053952393997
2011-08-10,25.776603868512
2011-08-11,26.474177432609
2011-08-12,26.465772931837
2011-08-15,26.9616384774
2011-08-16,26.348109921026
2011-08-17,26.633862947282
2011-08-18,25.961502885502
2011-08-19,25.885862378551
2011-08-22,26.222042409442
2011-08-23,27.533144529914
2011-08-24,27.398672517558
2011-08-25,26.92438328696
2011-08-26,27.424080869197
2011-08-29,28.050820209629
2011-08-30,28.050820209629
2011-08-31,27.966125704166
2011-09-01,27.813675594331
2011-09-02,27.110711198981
2011-09-06,26.771933177125
2011-09-07,27.72051163832
2011-09-08,27.661225484496
2011-09-09,27.195405704444
2011-09-12,27.805206143784
2011-09-13,28.186331418372
2011-09-14,29.134909879567
2011-09-15,29.101032077381
2011-09-16,29.304298890494
2011-09-19,29.295829439948
2011-09-20,28.940112517
2011-09-21,28.152453616186
2011-09-22,27.169997352805
2011-09-23,27.822145044877
2011-09-26,27.635817132856
2011-09-27,28.457353835856
2011-09-28,27.568061528485
2011-09-29,27.449489220836
2011-09-30,26.467032957455
2011-10-03,26.31458284762
2011-10-04,27.364794715372
2011-10-05,28.33031207766
2011-10-06,28.736845703887
2011-10-07,29.007868121371
2011-10-10,29.617668560711
2011-10-11,29.355115593773
2011-10-12,29.54991295634
2011-10-13,30.22746900005
2011-10-14,30.337571857153
2011-10-17,29.448279549783
2011-10-18,30.218999549504
2011-10-19,29.490626802515
2011-10-20,28.906234714814
2011-10-21,29.753179769453
2011-10-24,30.549308120813
2011-10-25,30.43920526371
2011-10-26,30.642472076823
2011-10-27,31.430130977637
2011-10-28,31.929828559874
2011-10-31,30.972780648132
2011-11-01,30.007263285844
2011-11-02,30.066549439669
2011-11-03,30.989719549225
2011-11-04,31.548703285287
2011-11-07,31.116761307421
2011-11-08,31.44706987873
2011-11-09,29.85481317601
2011-11-10,30.396858010978
2011-11-11,31.218394713978
2011-11-14,30.803391637205
2011-11-15,31.04900570305
2011-11-16,30.95584174704
2011-11-17,30.066549439669
2011-11-18,29.897160428741
2011-11-21,29.084093176288
2011-11-22,28.220209220557
2011-11-23,27.5341837263
2011-11-25,27.339386363733
2011-11-28,27.864492297609
2011-11-29,28.14398416564
2011-11-30,29.73624086836
2011-12-01,30.034797503585
2011-12-02,30.077448451474
2011-12-05,30.666031532345
2011-12-06,30.597790015722
2011-12-07,30.538078688677
2011-12-08,29.633878593426
2011-12-09,30.026267314007
2011-12-12,29.309731389468
2011-12-13,28.925872858465
2011-12-14,28.738208687752
2011-12-15,29.045295512555
2011-12-16,29.139127597911
2011-12-19,28.542014327462
2011-12-20,30.09450883063
2011-12-21,29.958025797384
2011-12-22,30.657501342767
2011-12-23,30.887816461369
2011-12-27,31.032829684192
2011-12-28,30.36747489712
2011-12-29,30.580729636567
2011-12-30,30.521018309522
2012-01-03,30.734273048968
2012-01-04,30.691622101079
2012-01-05,30.828105134324
2012-01-06,30.623380584456
2012-01-09,31.220493854905
2012-01-10,31.35697688815
2012-01-11,31.484929731818
2012-01-12,31.826137314932
2012-01-13,31.23755423406
2012-01-17,31.59582219633
2012-01-18,33.395692197255
2012-01-19,33.839262055303
2012-01-20,33.933094140659
2012-01-23,33.694248832479
2012-01-24,33.992805467704
2012-01-25,33.933094140659
2012-01-26,33.506584661767
2012-01-27,33.574826178389
2012-01-30,33.33598087021
2012-01-31,33.378631818099
2012-02-01,33.566295988812
2012-02-02,33.557765799234
2012-02-03,34.188999827994
2012-02-06,33.753960159524
2012-02-07,33.839262055303
2012-02-08,34.026926226015
2012-02-09,34.20606020715
2012-02-10,33.660128074168
2012-02-13,33.694248832479
2012-02-14,33.634537505434
2012-02-15,33.796611107413
2012-02-16,34.427845136174
2012-02-17,34.479026273641
2012-02-21,34.28283191335
2012-02-22,33.96721489897
2012-02-23,33.549235609656
2012-02-24,33.139786509919
2012-02-27,33.114195941186
2012-02-28,33.753960159524
2012-02-29,33.446873334722
2012-03-01,33.395692197255
2012-03-02,32.97771290794
2012-03-05,32.380599637491
2012-03-06,32.482961912425
2012-03-07,32.841229874695
2012-03-08,33.167922737323
2012-03-09,33.434435335782
2012-03-12,33.219505820896
2012-03-13,33.890085907342
2012-03-14,33.57199022531
2012-03-15,34.208181589375
2012-03-16,34.130806964015
2012-03-19,34.638040619148
2012-03-20,34.431708284857
2012-03-21,34.509082910216
2012-03-22,34.233973131161
2012-03-23,34.319944937116
2012-03-26,34.76699832808
2012-03-27,34.715415244507
2012-03-28,34.491888549025
2012-03-29,34.397319562475
2012-03-30,34.732609605698
2012-04-02,34.302750575925
2012-04-03,33.597781767096
2012-04-04,33.262491723873
2012-04-05,33.348463529828
2012-04-09,32.703674985167
2012-04-10,32.333996219562
2012-04-11,32.613404588915
2012-04-12,33.382852252209
2012-04-13,32.703674985167
2012-04-16,32.609105998617
2012-04-17,33.219505820896
2012-04-18,33.004576306009
2012-04-19,32.910007319459
2012-04-20,32.505939831472
2012-04-23,31.998706176339
2012-04-24,32.20503851063
2012-04-25,32.523134192663
2012-04-26,32.995979125413
2012-04-27,33.503212780546
2012-04-30,33.511809961142
2012-05-01,33.563393044714
2012-05-02,33.520407141737
2012-05-03,32.841229874695
2012-05-04,32.239427233012
2012-05-07,32.187844149439
2012-05-08,32.196441330035
2012-05-09,31.886942828598
2012-05-10,31.92133155098
2012-05-11,32.093275162889
2012-05-14,31.972914634552
2012-05-15,31.723596397284
2012-05-16,31.250751464533
2012-05-17,30.674740364636
2012-05-18,30.167506709504
2012-05-21,30.83808679595
2012-05-22,30.777906531782
2012-05-23,30.674740364636
2012-05-24,30.949850143692
2012-05-25,31.113196575005
2012-05-29,31.723596397284
2012-05-30,31.336723270488
2012-05-31,31.527430853323
2012-06-01,30.981313684294
2012-06-04,30.929302525339
2012-06-05,31.375731639704
2012-06-06,32.350940870113
2012-06-07,31.934851598472
2012-06-08,32.160233287278
2012-06-11,31.488422484107
2012-06-12,32.333603817128
2012-06-13,31.744144015636
2012-06-14,31.588110538771
2012-06-15,31.99553128392
2012-06-18,32.558985505934
2012-06-19,32.940400671605
2012-06-20,33.174450886904
2012-06-21,32.350940870113
2012-06-22,32.706350456307
2012-06-25,32.038873916382
2012-06-26,31.757146805375
2012-06-27,32.142896234293
2012-06-28,31.657458750711
2012-06-29,32.654339297352
2012-07-02,32.281592658173
2012-07-03,32.316266764143
2012-07-05,32.446294661531
2012-07-06,31.744144015636
2012-07-09,31.475419694368
2012-07-10,31.31071769101
2012-07-11,31.588110538771
2012-07-12,31.059330422727
2012-07-13,31.614116118249
2012-07-16,31.358394586719
2012-07-17,31.700801383174
2012-07-18,32.584991085412
2012-07-19,32.931732145113
2012-07-20,32.498305820486
2012-07-23,32.06487949586
2012-07-24,31.80915796433
2012-07-25,32.897058039143
2012-07-26,33.230796309105
2012-07-27,34.127988801082
2012-07-30,33.997960903694
2012-07-31,33.876601532798
2012-08-01,34.110651748097
2012-08-02,33.876601532798
2012-08-03,34.50073544026
2012-08-06,34.53540954623
2012-08-07,34.682774496603
2012-08-08,34.830139446976
2012-08-09,34.986172923842
2012-08-10,35.04685260929
2012-08-13,35.133537874215
2012-08-14,34.916824711902
2012-08-15,35.04685260929
2012-08-16,35.410930721976
2012-08-17,35.384925142498
2012-08-20,35.142206400707
2012-08-21,34.968835870857
2012-08-22,34.414050175335
2012-08-23,34.301359330932
2012-08-24,34.448724281305
2012-08-27,34.32736491041
2012-08-28,34.284022277947
2012-08-29,34.518072493245
2012-08-30,34.404526202149
2012-08-31,34.7102277551
2012-09-04,34.378323211896
2012-09-05,34.32591723139
2012-09-06,35.23428756016
2012-09-07,35.330365191087
2012-09-10,34.998460647883
2012-09-11,35.138209929232
2012-09-12,35.164412919485
2012-09-13,35.714675714798
2012-09-14,36.404687791459
2012-09-17,35.950502627074
2012-09-18,35.609863753786
2012-09-19,35.740878705051
2012-09-20,35.382771171593
2012-09-21,35.216818899991
2012-09-24,34.788836725859
2012-09-25,34.072621658945
2012-09-26,33.854263406837
2012-09-27,34.579212803836
2012-09-28,34.216738105336
2012-10-01,34.500603833077
2012-10-02,34.622884454257
2012-10-03,34.544275483498
2012-10-04,34.570478473751
2012-10-05,34.692759094932
2012-10-08,34.317182901306
2012-10-09,33.775654436078
2012-10-10,33.347672261946
2012-10-11,33.155517000091
2012-10-12,33.286531951356
2012-10-15,33.67957680515
2012-10-16,34.456932182655
2012-10-17,34.52680682333
2012-10-18,34.2647769208
2012-10-19,33.583499174223
2012-10-22,33.574764844138
2012-10-23,33.670842475066
2012-10-24,33.338937931862
2012-10-25,33.793123096247
2012-10-26,34.098824649198
2012-10-31,34.169834752783
2012-11-01,35.225553230076
2012-11-02,34.780102395775
2012-11-05,35.609863753786
2012-11-06,36.098986238508
2012-11-07,35.330365191087
2012-11-08,34.937320337293
2012-11-09,35.181881579654
2012-11-12,35.155678589401
2012-11-13,35.330365191087
2012-11-14,34.7102277551
2012-11-15,34.404526202149
2012-11-16,34.352120221643
2012-11-19,35.120741269064
2012-11-20,34.97225765763
2012-11-21,35.03339796822
2012-11-23,35.583660763533
2012-11-26,35.269224880497
2012-11-27,35.03339796822
2012-11-28,35.286693540666
2012-11-29,35.461380142352
2012-11-30,35.461380142352
2012-12-03,35.321630861003
2012-12-04,35.505051792774
2012-12-05,35.697207054629
2012-12-06,35.837989729727
2012-12-07,36.321930175378
2012-12-10,36.453913933283
2012-12-11,37.175425143162
2012-12-12,36.973050047708
2012-12-13,36.533104188025
2012-12-14,36.383522595733
2012-12-17,36.559500939606
2012-12-18,37.096234888419
2012-12-19,37.228218646324
2012-12-20,37.263414315098
2012-12-21,37.12263164
2012-12-24,37.052240302451
2012-12-26,36.770674952254
2012-12-27,36.85866412419
2012-12-28,36.489109602057
2012-12-31,37.008245716482
2013-01-02,38.71523565205
2013-01-03,38.090512531301
2013-01-04,37.41299590739
2013-01-07,37.527381830908
2013-01-08,37.140229474387
2013-01-09,37.043441385257
2013-01-10,37.492186162133
2013-01-11,37.184224060355
2013-01-14,37.166626225968
2013-01-15,36.973050047708
2013-01-16,37.02584355087
2013-01-17,37.888137435847
2013-01-18,37.888137435847
2013-01-22,37.96732769059
2013-01-23,38.143306034463
2013-01-24,38.204898454819
2013-01-25,38.539257308177
2013-01-28,38.741632403631
2013-01-29,38.847219409955
2013-01-30,38.864817244342
2013-01-31,38.398474633079
2013-02-01,39.304763104025
2013-02-04,38.759230238018
2013-02-05,39.313562021218
2013-02-06,39.36635552438
2013-02-07,39.058393422602
2013-02-08,40.21105157497
2013-02-11,40.545410428329
2013-02-12,40.712589855008
2013-02-13,40.703790937815
2013-02-14,40.950160619237
2013-02-15,40.629000141669
2013-02-19,41.363709727338
2013-02-20,40.290241829713
2013-02-21,39.700714377739
2013-02-22,40.052671065485
2013-02-25,39.392752275961
2013-02-26,39.595127371415
2013-02-27,40.228649409358
2013-02-28,40.086811950003
2013-03-01,40.095676791213
2013-03-04,40.15773067968
2013-03-05,40.574378216534
2013-03-06,40.884647658871
2013-03-07,40.521189169276
2013-03-08,40.822593770404
2013-03-11,41.16832257758
2013-03-12,41.203781942418
2013-03-13,41.203781942418
2013-03-14,41.225944045442
2013-03-15,40.361622027502
2013-03-18,39.758812825247
2013-03-19,39.812001872504
2013-03-20,40.476864963228
2013-03-21,39.492867588957
2013-03-22,39.803137031295
2013-03-25,39.572651159844
2013-03-26,40.556648534114
2013-03-27,40.556648534114
2013-03-28,41.212646783628
2013-04-01,40.255243932986
2013-04-02,40.069082267584
2013-04-03,39.058490369685
2013-04-04,38.779247871581
2013-04-05,38.659572515251
2013-04-08,39.005301322427
2013-04-09,39.067355210894
2013-04-10,39.980433855488
2013-04-11,39.803137031295
2013-04-12,39.528326953796
2013-04-15,38.863463863073
2013-04-16,39.66129957194
2013-04-17,37.985844583318
2013-04-18,37.533737681626
2013-04-19,37.551467364046
2013-04-22,37.817412600335
2013-04-23,38.500005373477
2013-04-24,38.526599897106
2013-04-25,38.695031880089
2013-04-26,38.384762437752
2013-04-29,38.703896721299
2013-04-30,38.996436481217
2013-05-01,38.898923227911
2013-05-02,39.191462987829
2013-05-03,39.891785443391
2013-05-06,40.618702422582
2013-05-07,40.583243057743
2013-05-08,40.849188294033
2013-05-09,41.115133530322
2013-05-10,41.478592019917
2013-05-13,40.999890594596
2013-05-14,41.079674165483
2013-05-15,41.389943607821
2013-05-16,41.221511624838
2013-05-17,41.682483367739
2013-05-20,41.549510749594
2013-05-21,41.274700672095
2013-05-22,40.379351709921
2013-05-23,40.326162662664
2013-05-24,40.219784568148
2013-05-28,40.317297821454
2013-05-29,40.742810199517
2013-05-30,41.29652660293
2013-05-31,41.019668401223
2013-06-03,40.921428394166
2013-06-04,41.198286595873
2013-06-05,40.53739927567
2013-06-06,40.60884655353
2013-06-07,41.269733873732
2013-06-10,41.037530220688
2013-06-11,40.206955615569
2013-06-12,39.429966468844
2013-06-13,40.278402893429
2013-06-14,40.144439247442
2013-06-17,41.037530220688
2013-06-18,41.671624811693
2013-06-19,41.11790840828
2013-06-20,39.894373774932
2013-06-21,40.331988351823
2013-06-24,39.322795552054
2013-06-25,39.760410128945
2013-06-26,40.251610164231
2013-06-27,40.519537456205
2013-06-28,40.242679254499
2013-07-01,40.519537456205
2013-07-02,40.46595199781
2013-07-03,40.796395657912
2013-07-05,41.269733873732
2013-07-08,40.867842935771
2013-07-09,41.314388422395
2013-07-10,41.734141179821
2013-07-11,42.868366715844
2013-07-12,43.18094855648
2013-07-15,43.225603105143
2013-07-16,43.332774021932
2013-07-17,43.457806758187
2013-07-18,43.172017646748
2013-07-19,42.850504896379
2013-07-22,42.814781257449
2013-07-23,43.207741285678
2013-07-24,43.073777639691
2013-07-25,43.538184945779
2013-07-26,43.368497660862
2013-07-29,43.314912202467
2013-07-30,43.698941320964
2013-07-31,44.100832258925
2013-08-01,44.600963203943
2013-08-02,44.538446835816
2013-08-05,44.279450453574
2013-08-06,44.136555897854
2013-08-07,43.895421335078
2013-08-08,43.850766786416
2013-08-09,43.761457689091
2013-08-12,44.127624988122
2013-08-13,44.279450453574
2013-08-14,43.654286772301
2013-08-15,42.716541250392
2013-08-16,43.140759462684
2013-08-19,42.67188670173
2013-08-20,42.734403069857
2013-08-21,41.930621193935
2013-08-22,42.189617576177
2013-08-23,42.269995763769
2013-08-26,42.171755756712
2013-08-27,41.22507932507
2013-08-28,41.537661165706
2013-08-29,41.825554853665
2013-08-30,41.636624620942
2013-09-03,41.978498375392
2013-09-04,42.689235917539
2013-09-05,42.54528907356
2013-09-06,42.320372129843
2013-09-09,42.554285751309
2013-09-10,43.075193392958
2013-09-11,43.40447179856
2013-09-12,43.148066482722
2013-09-13,43.139069804973
2013-09-16,43.453953526178
2013-09-17,43.624890403403
2013-09-18,43.633887081151
2013-09-19,43.525926948167
2013-09-20,43.179554854843
2013-09-23,42.788199372774
2013-09-24,42.950139572251
2013-09-25,42.806192728272
2013-09-26,42.689235917539
2013-09-27,42.185421963612
2013-09-30,42.329368807591
2013-10-01,42.383348874083
2013-10-02,42.104451863874
2013-10-03,41.672611331937
2013-10-04,42.275388741099
2013-10-07,41.960505019895
2013-10-08,41.114817311518
2013-10-09,41.105820633769
2013-10-10,41.969501697644
2013-10-11,42.26639206335
2013-10-14,42.527295718062
2013-10-15,42.041475119633
2013-10-16,42.500305684816
2013-10-17,42.75221266178
2013-10-18,42.878166150261
2013-10-21,42.95913625
2013-10-22,42.860172794764
2013-10-23,41.816558175916
2013-10-24,42.239402030104
2013-10-25,42.059468475131
2013-10-28,42.716225950785
2013-10-29,44.236664490314
2013-10-30,43.885794058115
2013-10-31,44.353621301047
2013-11-01,44.695495055497
2013-11-04,44.227667812565
2013-11-05,44.794458510733
2013-11-06,44.920411999214
2013-11-07,44.209674457068
2013-11-08,44.803455188481
2013-11-11,44.6775017
2013-11-12,44.848438577225
2013-11-13,45.298272464659
2013-11-14,45.308168810183
2013-11-15,45.604159508115
2013-11-18,45.082352198691
2013-11-19,44.488571467277
2013-11-20,44.155694390576
2013-11-21,44.776465155235
2013-11-22,44.767468477487
2013-11-25,44.6775017
2013-11-26,44.911415321466
2013-11-27,43.669873792146
2013-11-29,43.381980104188
2013-12-02,43.543920303665
2013-12-03,44.587534922513
2013-12-04,44.182684423822
2013-12-05,44.227981414209
2013-12-06,44.635654327695
2013-12-09,44.400109977681
2013-12-10,44.309515996906
2013-12-11,44.092090443047
2013-12-12,43.584764150709
2013-12-13,43.856546093033
2013-12-16,44.155506229589
2013-12-17,44.336694191139
2013-12-18,45.097683629646
2013-12-19,44.988970852716
2013-12-20,45.306049785428
2013-12-23,45.858673068154
2013-12-24,45.867732466231
2013-12-26,45.967385845083
2013-12-27,45.931148252773
2013-12-30,46.067039223935
2013-12-31,46.139514408555
2014-01-02,44.644713725773
2014-01-03,44.943673862329
2014-01-06,44.69001071616
2014-01-07,44.925555066174
2014-01-08,45.034267843104
2014-01-09,44.862139279632
2014-01-10,44.871198677709
2014-01-13,44.273278404596
2014-01-14,45.034267843104
2014-01-15,45.315109183505
2014-01-16,45.133921221956
2014-01-17,44.735307706547
2014-01-21,45.278871591195
2014-01-22,45.632188116217
2014-01-23,44.76248590078
2014-01-24,43.711595723793
2014-01-27,43.684417529561
2014-01-28,43.947140073807
2014-01-29,43.729714519948
2014-01-30,44.291397200751
2014-01-31,43.729714519948
2014-02-03,42.814715314124
2014-02-04,43.204269431455
2014-02-05,43.349219800694
2014-02-06,43.802189704568
2014-02-07,44.363872385371
2014-02-10,44.590357337308
2014-02-11,45.070505435414
2014-02-12,45.197337008498
2014-02-13,45.922088854696
2014-02-14,45.994564039316
2014-02-18,46.411296350879
2014-02-19,46.719315885513
2014-02-20,46.565306118196
2014-02-21,46.311642972027
2014-02-24,46.166692602788
2014-02-25,46.021742233548
2014-02-26,46.393177554724
2014-02-27,46.566558824107
2014-02-28,46.374926894789
2014-03-03,46.15591897557
2014-03-04,46.721689433554
2014-03-05,46.758190753424
2014-03-06,47.059326642351
2014-03-07,47.296585221506
2014-03-10,47.269209231603
2014-03-11,47.013699992514
2014-03-12,47.205331921831
2014-03-13,46.037289685992
2014-03-14,45.708777807162
2014-03-17,46.247172275244
2014-03-18,46.940697352774
2014-03-19,47.086702632254
2014-03-20,48.569568751971
2014-03-21,48.583256746922
2014-03-24,48.920893955719
2014-03-25,48.62888339676
2014-03-26,48.136115578515
2014-03-27,47.980984969068
2014-03-28,48.218243548223
2014-03-31,48.492003447247
2014-04-01,49.349784464191
2014-04-02,49.331533804256
2014-04-03,49.258531164516
2014-04-04,48.291246187962
2014-04-07,48.473752787312
2014-04-08,49.240280504581
2014-04-09,49.550541723476
2014-04-10,47.89885699936
2014-04-11,47.533843800661
2014-04-14,47.871481009458
2014-04-15,48.528504767117
2014-04-16,47.588595780466
2014-04-17,48.22736887819
2014-04-21,48.272995528027
2014-04-22,48.638008726727
2014-04-23,48.62888339676
2014-04-24,49.003021925427
2014-04-25,46.922446692839
2014-04-28,46.530057504237
2014-04-29,46.712564103586
2014-04-30,46.803817403261
2014-05-01,46.374926894789
2014-05-02,46.913321362871
2014-05-05,46.703438773619
2014-05-06,46.301924255049
2014-05-07,46.356676234854
2014-05-08,46.822068063196
2014-05-09,46.767316083391
2014-05-12,47.661598420206
2014-05-13,46.968073342676
2014-05-14,46.593934814009
2014-05-15,46.338425574919
2014-05-16,47.086702632254
2014-05-19,47.433465171018
2014-05-20,47.433465171018
2014-05-21,46.840318723131
2014-05-22,47.214457251798
2014-05-23,47.807603699685
2014-05-27,48.382499487637
2014-05-28,48.199992888288
2014-05-29,48.025388528921
2014-05-30,48.135664966416
2014-06-02,48.126475263291
2014-06-03,48.218372294537
2014-06-04,48.236751700786
2014-06-05,48.310269325782
2014-06-06,48.420545763277
2014-06-09,50.82824798191
2014-06-10,51.269353731889
2014-06-11,51.122318481896
2014-06-12,50.947714122529
2014-06-13,51.113128778771
2014-06-16,51.002852341277
2014-06-17,51.186646403768
2014-06-18,50.662833325668
2014-06-19,50.479039263177
2014-06-20,50.258486388188
2014-06-23,50.10226143507
2014-06-24,49.504930731974
2014-06-25,49.39465429448
2014-06-26,49.210860231988
2014-06-27,49.164911716366
2014-06-30,49.688724794465
2014-07-01,50.10226143507
2014-07-02,50.0011747007
2014-07-03,50.382547380369
2014-07-07,50.230917278814
2014-07-08,50.037933513198
2014-07-09,50.30443490381
2014-07-10,49.991984997576
2014-07-11,49.890898263206
2014-07-14,49.486551325725
2014-07-15,49.37627488823
2014-07-16,49.321136669483
2014-07-17,48.650288341391
2014-07-18,49.146532310117
2014-07-21,49.128152903868
2014-07-22,49.39465429448
2014-07-23,47.124797622715
2014-07-24,47.143177028964
2014-07-25,46.095550872765
2014-07-28,46.453949294622
2014-07-29,46.426380185249
2014-07-30,46.738830091483
2014-07-31,45.608496607163
2014-08-01,45.957705325896
2014-08-04,45.663634825911
2014-08-05,45.626876013412
2014-08-06,45.994464138394
2014-08-07,44.965217388444
2014-08-08,45.525789279042
2014-08-11,45.8841877009
2014-08-12,46.109335427451
2014-08-13,46.435569888373
2014-08-14,46.623958802426
2014-08-15,47.028305739907
2014-08-18,47.179935841462
2014-08-19,47.529144560195
2014-08-20,47.938086349238
2014-08-21,48.282700216409
2014-08-22,48.24594140391
2014-08-25,47.722128325811
2014-08-26,47.979440013298
2014-08-27,46.890460193039
2014-08-28,47.133987325839
2014-08-29,46.977762372722
2014-09-02,46.518277216494
2014-09-03,46.518277216494
2014-09-04,46.666395114099
2014-09-05,46.490505110693
2014-09-08,46.351644581689
2014-09-09,46.101695629481
2014-09-10,45.953577731876
2014-09-11,46.06466615508
2014-09-12,45.47219456466
2014-09-15,45.240760349653
2014-09-16,45.546253513463
2014-09-17,45.944320363276
2014-09-18,46.555306690895
2014-09-19,46.277585632886
2014-09-22,46.212784052684
2014-09-23,45.981349837677
2014-09-24,46.286843001487
2014-09-25,45.953577731876
2014-09-26,46.309986422987
2014-09-29,46.110952998081
2014-09-30,45.814717202871
2014-10-01,44.666803496435
2014-10-02,44.250221909421
2014-10-03,44.046559800215
2014-10-06,43.643864266102
2014-10-07,42.778300301974
2014-10-08,44.20393506642
2014-10-09,42.898646093778
2014-10-10,40.223266568292
2014-10-13,39.899258667281
2014-10-14,40.232523936892
2014-10-15,40.843510264512
2014-10-16,41.287863957326
2014-10-17,41.602614489736
2014-10-20,41.954394496547
2014-10-21,43.245797416289
2014-10-22,42.602410298568
2014-10-23,42.97270504258
2014-10-24,43.370771892393
2014-10-27,43.157852414586
2014-10-28,43.500375052797
2014-10-29,43.796610848007
2014-10-30,43.509632421397
2014-10-31,45.935062994675
2014-11-03,46.027636680678
2014-11-04,45.77768772847
2014-11-05,46.314615107288
2014-11-06,46.490505110693
2014-11-07,46.509019847894
2014-11-10,46.675652482699
2014-11-11,46.416446161891
2014-11-12,46.522905900794
2014-11-13,46.481247742093
2014-11-14,46.860799854705
2014-11-17,46.610850902497
2014-11-18,47.453271445124
2014-11-19,46.981145646509
2014-11-20,47.369955127721
2014-11-21,47.814308820536
2014-11-24,47.95316934954
2014-11-25,47.869853032137
2014-11-26,50.508203083222
2014-11-28,50.582262032025
2014-12-01,50.591519400625
2014-12-02,51.109932042242
2014-12-03,52.655912598491
2014-12-04,52.758410393321
2014-12-05,53.429305050389
2014-12-08,52.348419214002
2014-12-09,52.525460859617
2014-12-10,51.845248221201
2014-12-11,52.413645083439
2014-12-12,52.101492708275
2014-12-15,51.640252631541
2014-12-16,51.043901825258
2014-12-17,52.171377568387
2014-12-18,53.16840157264
2014-12-19,52.879544150847
2014-12-22,53.569074770612
2014-12-23,52.795682318714
2014-12-24,52.842272225455
2014-12-26,52.441599027483
2014-12-29,52.25523940052
2014-12-30,51.766045379741
2014-12-31,51.733432445023
2015-01-02,51.752068407719
2015-01-05,50.80629330088
2015-01-06,49.618250678989
2015-01-07,50.140057634486
2015-01-08,51.025265862562
2015-01-09,50.987993937169
2015-01-12,50.47550496302
2015-01-13,49.897790119434
2015-01-14,49.860518194041
2015-01-15,49.133715648884
2015-01-16,50.028241858308
2015-01-20,50.68050055268
2015-01-21,50.857542198295
2015-01-22,51.015947881214
2015-01-23,50.792316328858
2015-01-26,50.93208604908
2015-01-27,49.730066455167
2015-01-28,49.315416285173
2015-01-29,49.599614716292
2015-01-30,48.551341814624
2015-02-02,48.728383460239
2015-02-03,50.289145336057
2015-02-04,50.112103690442
2015-02-05,51.202307508177
2015-02-06,51.253556405592
2015-02-09,50.834247244925
2015-02-10,51.752068407719
2015-02-11,51.826612258504
2015-02-12,52.846931216129
2015-02-13,53.159083591292
2015-02-17,54.79904830857
2015-02-18,54.398375110598
2015-02-19,54.649960606999
2015-02-20,55.097223711711
2015-02-23,54.957453991488
2015-02-24,55.544486816423
2015-02-25,55.339491226763
2015-02-26,55.23629841383
2015-02-27,54.917338810217
2015-03-02,56.075912664516
2015-03-03,55.10496210646
2015-03-04,54.786002502848
2015-03-05,54.832908326908
2015-03-06,54.345087756677
2015-03-09,54.84228949172
2015-03-10,53.660262725392
2015-03-11,53.744693208701
2015-03-12,53.951078834568
2015-03-13,53.969841164192
2015-03-16,55.156558512927
2015-03-17,55.123724436084
2015-03-18,55.977410433988
2015-03-19,56.286988872789
2015-03-20,57.290773507687
2015-03-23,56.662235465274
2015-03-24,56.624710806025
2015-03-25,53.997984658628
2015-03-26,53.861957768853
2015-03-27,55.198773754581
2015-03-30,60.799329147424
2015-03-31,59.101338316428
2015-04-01,58.697948229506
2015-04-02,58.388369790706
2015-04-06,58.894952690561
2015-04-07,59.326486271919
2015-04-08,59.729876358841
2015-04-09,60.067598292078
2015-04-10,60.259912170726
2015-04-13,59.804925677338
2015-04-14,58.697948229506
2015-04-15,59.96909606155
2015-04-16,60.137957028169
2015-04-17,59.495347238537
2015-04-20,59.776782182901
2015-04-21,60.38655789569
2015-04-22,60.499131873436
2015-04-23,59.654827040344
2015-04-24,58.660423570258
2015-04-27,58.791759877628
2015-04-28,59.307723942295
2015-04-29,58.93247734981
2015-04-30,58.013123198221
2015-05-01,59.354629766356
2015-05-04,59.335867436731
2015-05-05,57.94276446213
2015-05-06,57.825499901978
2015-05-07,58.200746494463
2015-05-08,58.838665701688
2015-05-11,58.763616383191
2015-05-12,58.238271153712
2015-05-13,58.388369790706
2015-05-14,59.476584908913
2015-05-15,59.26550870064
2015-05-18,59.439060249665
2015-05-19,59.523490732974
2015-05-20,62.084548726686
2015-05-21,61.437248354649
2015-05-22,62.942925306996
2015-05-26,62.713086769099
2015-05-27,64.439221094531
2015-05-28,64.458093322117
2015-05-29,64.127829339351
2015-06-01,64.873282329023
2015-06-02,63.891926494519
2015-06-03,63.4956097152
2015-06-04,63.165345732434
2015-06-05,63.571098625546
2015-06-08,62.231170466896
2015-06-09,61.98583150827
2015-06-10,63.901362608312
2015-06-11,63.429556918646
2015-06-12,62.523689994488
2015-06-15,62.938879001394
2015-06-16,62.872826204841
2015-06-17,63.43899303244
2015-06-18,64.448657208324
2015-06-19,64.080648770385
2015-06-22,64.184446022111
2015-06-23,63.722076446239
2015-06-24,63.0709845945
2015-06-25,62.835081749668
2015-06-26,62.089628759996
2015-06-29,60.381692163406
2015-06-30,60.565696382376
2015-07-01,60.928986763419
2015-07-02,60.749700601346
2015-07-06,60.004247611674
2015-07-07,59.806089222014
2015-07-08,58.447288835777
2015-07-09,57.45649688748
2015-07-10,58.041535942665
2015-07-13,58.381236039224
2015-07-14,59.088944573723
2015-07-15,59.372027987522
2015-07-16,59.287102963382
2015-07-17,58.93796675303
2015-07-20,58.494469404744
2015-07-21,58.579394428884
2015-07-22,55.342807397778
2015-07-23,56.663863328841
2015-07-24,55.191829577085
2015-07-27,54.625662749486
2015-07-28,55.66363526675
2015-07-29,55.474912990884
2015-07-30,55.503221332264
2015-07-31,55.040851756392
2015-08-03,55.361679625364
2015-08-04,55.182393463291
2015-08-05,57.277210725407
2015-08-06,55.55040190123
2015-08-07,56.248674321936
2015-08-10,57.645219163346
2015-08-11,56.031643704689
2015-08-12,56.371343801249
2015-08-13,55.673071380543
2015-08-14,55.52209355985
2015-08-17,56.144877070209
2015-08-18,54.635098863279
2015-08-19,55.088032325358
2015-08-20,50.785164435608
2015-08-21,50.747419980434
2015-08-24,48.756399970045
2015-08-25,47.756171907954
2015-08-26,51.540053539073
2015-08-27,53.688347913811
2015-08-28,53.659830731845
2015-08-31,53.098992819856
2015-09-01,50.903169808509
2015-09-02,51.891765449981
2015-09-03,52.443097634648
2015-09-04,51.292904628705
2015-09-08,54.91458673833
2015-09-09,53.488727640052
2015-09-10,53.241578729684
2015-09-11,53.564773458627
2015-09-14,54.714966464571
2015-09-15,55.418390286388
2015-09-16,55.560976196215
2015-09-17,55.066678375479
2015-09-18,53.868956732926
2015-09-21,53.830933823639
2015-09-22,52.45260336197
2015-09-23,52.471614816614
2015-09-24,51.330927537992
2015-09-25,51.749179540153
2015-09-28,50.827123989934
2015-09-29,51.378456174601
2015-09-30,53.621807822558
2015-10-01,52.224465906246
2015-10-02,52.937395455385
2015-10-05,54.591392009387
2015-10-06,54.078082734007
2015-10-07,55.009644011548
2015-10-08,54.86705810172
2015-10-09,53.88796818757
2015-10-12,53.783405187029
2015-10-13,53.279601638971
2015-10-14,57.975430935965
2015-10-15,58.251097028299
2015-10-16,57.214972750217
2015-10-19,57.243489932183
2015-10-20,57.414593023976
2015-10-21,58.697866212426
2015-10-22,60.266311220531
2015-10-23,60.475437221612
2015-10-26,58.488740211345
2015-10-27,58.355660028839
2015-10-28,58.802429212966
2015-10-29,57.015352476458
2015-10-30,57.148432658964
2015-11-02,57.357558660045
2015-11-03,57.661741934344
2015-11-04,57.500144569873
2015-11-05,57.376570114689
2015-11-06,58.650337575817
2015-11-09,57.946913754
2015-11-10,57.005846749137
2015-11-11,56.939306657884
2015-11-12,56.521054655722
2015-11-13,55.256792921916
2015-11-16,55.589493378181
2015-11-17,56.368963018573
2015-11-18,57.737787752919
2015-11-19,56.8157322027
2015-11-20,56.483031746435
2015-11-23,53.99253118811
2015-11-24,57.43360447862
2015-11-25,57.272007114148
2015-11-27,57.462121660585
2015-11-30,58.583797484564
2015-12-01,58.526763120633
2015-12-02,58.118016845793
2015-12-03,56.500969620416
2015-12-04,56.654062848854
2015-12-07,55.97471164766
2015-12-08,55.515431962346
2015-12-09,54.204571193846
2015-12-10,54.682987532714
2015-12-11,54.472484343612
2015-12-14,54.367232749061
2015-12-15,54.108887926072
2015-12-16,55.046583950255
2015-12-17,53.697449874645
2015-12-18,52.788458830794
2015-12-21,53.419968398101
2015-12-22,53.596982443482
2015-12-23,54.04190963863
2015-12-24,54.348096095506
2015-12-28,54.013204658298
2015-12-29,54.836080761152
2015-12-30,54.108887926072
2015-12-31,52.931983732454
2016-01-04,52.089970976045
2016-01-05,51.70723790495
2016-01-06,49.506522746153
2016-01-07,48.243503611539
2016-01-08,47.822497233335
2016-01-11,48.961128119842
2016-01-12,49.420407805157
2016-01-13,47.937317154663
2016-01-14,48.320050225758
2016-01-15,47.669404004896
2016-01-19,47.257965953469
2016-01-20,48.396596839977
2016-01-21,48.34875520609
2016-01-22,49.162062982167
2016-01-25,48.846308198514
2016-01-26,49.075948041171
2016-01-27,49.066379714394
2016-01-28,49.525659399708
2016-01-29,51.535008022957
2016-02-01,50.874793475318
2016-02-02,49.123789675058
2016-02-03,49.162062982167
2016-02-04,49.439544458711
2016-02-05,47.669404004896
2016-02-08,47.03789443759
2016-02-09,47.18141933925
2016-02-10,46.846527902042
2016-02-11,46.731707980713
2016-02-12,47.497174122904
2016-02-16,49.822277529806
2016-02-17,50.453787097113
2016-02-18,49.793572549474
2016-02-19,49.850982510139
2016-02-22,50.338967175785
2016-02-23,49.238609596386
2016-02-24,49.975370758245
2016-02-25,51.113586112322
2016-02-26,51.547651289724
2016-02-29,51.113586112322
2016-03-01,52.76303378645
2016-03-02,53.447892177462
2016-03-03,53.505767534449
2016-03-04,53.804790212215
2016-03-07,54.489648603228
2016-03-08,53.380370927644
2016-03-09,52.984889321567
2016-03-10,53.168161285359
2016-03-11,53.959124497514
2016-03-14,53.698685391073
2016-03-15,54.123104675644
2016-03-16,54.846546637981
2016-03-17,55.820781813928
2016-03-18,56.92041359668
2016-03-21,56.766079311382
2016-03-22,56.447764847953
2016-03-23,56.264492884161
2016-03-24,56.563515561927
2016-03-28,56.25484699133
2016-03-29,56.717849847226
2016-03-30,57.016872524992
2016-03-31,57.094039667641
2016-04-01,56.891475918187
2016-04-04,56.679266275901
2016-04-05,56.409181276629
2016-04-06,57.065101989148
2016-04-07,56.293430562655
2016-04-08,56.717849847226
2016-04-11,56.524931990603
2016-04-12,56.717849847226
2016-04-13,57.682439130342
2016-04-14,57.33518698842
2016-04-15,56.58280734759
2016-04-18,56.621390918914
2016-04-19,56.16803395585
2016-04-20,57.08439377481
2016-04-21,56.727495740057
2016-04-22,56.409181276629
2016-04-25,56.360951812473
2016-04-26,57.229082167278
2016-04-27,57.528104845044
2016-04-28,55.811135921097
2016-04-29,54.325668425098
2016-05-02,54.991235030448
2016-05-03,54.238855389618
2016-05-04,53.853019676371
2016-05-05,53.717977176735
2016-05-06,53.505767534449
2016-05-09,53.274266106502
2016-05-10,54.113458782813
2016-05-11,53.775852533722
2016-05-12,52.955951643073
2016-05-13,52.782325572112
2016-05-16,53.467183963125
2016-05-17,53.409308606138
2016-05-18,53.84337378354
2016-05-19,53.727623069566
2016-05-20,54.537878067384
2016-05-23,54.750087709669
2016-05-24,56.158388063019
2016-05-25,56.611745026083
2016-05-26,56.631175863573
2016-05-27,56.776907144745
2016-05-31,56.835199657214
2016-06-01,56.980930938386
2016-06-02,56.621460444828
2016-06-03,56.456298326166
2016-06-06,55.465325614194
2016-06-07,56.145404926332
2016-06-08,56.135689507587
2016-06-09,55.921950295201
2016-06-10,55.339025170511
2016-06-13,55.251586401808
2016-06-14,55.445894776704
2016-06-15,55.251586401808
2016-06-16,55.280732658042
2016-06-17,54.396629552264
2016-06-20,55.173863051849
2016-06-21,55.43617935796
2016-06-22,55.232155564318
2016-06-23,56.456298326166
2016-06-24,53.473664771505
2016-06-27,51.054525504044
2016-06-28,52.764439203133
2016-06-29,54.037159058705
2016-06-30,55.028131770677
2016-07-01,55.018416351932
2016-07-05,53.78455817134
2016-07-06,53.881712358788
2016-07-07,54.357767877284
2016-07-08,56.096827832608
2016-07-11,56.592314188594
2016-07-12,57.31125517571
2016-07-13,57.826172369186
2016-07-14,58.311943306427
2016-07-15,58.43824375011
2016-07-18,58.710275474965
2016-07-19,58.554828775048
2016-07-20,58.96287636233
2016-07-21,58.243935375213
2016-07-22,58.68112921873
2016-07-25,58.807429662413
2016-07-26,61.083266503388
2016-07-27,61.527746910964
2016-07-28,62.392419179253
2016-07-29,62.013517848205
2016-08-01,62.159249129377
2016-08-02,61.051691392467
2016-08-03,61.080837648702
2016-08-04,61.537462329708
2016-08-05,61.877501985777
2016-08-08,61.634616517157
2016-08-09,62.00380242946
2016-08-10,61.974656173225
2016-08-11,62.314695829294
2016-08-12,62.411850016742
2016-08-15,63.412538147459
2016-08-16,63.033636816411
2016-08-17,62.372988341763
2016-08-18,62.304980410549
2016-08-19,62.314695829294
2016-08-22,62.02323326695
2016-08-23,61.98437159197
2016-08-24,61.323723117322
2016-08-25,61.343284113532
2016-08-26,61.578016068048
2016-08-29,61.509552581314
2016-08-30,61.519333079419
2016-08-31,61.186796143855
2016-09-01,61.675821049096
2016-09-02,61.76384553204
2016-09-06,61.353064611637
2016-09-07,60.296770816315
2016-09-08,60.062038861798
2016-09-09,58.311329701033
2016-09-12,59.289379511516
2016-09-13,59.123111043734
2016-09-14,59.582794454662
2016-09-15,61.274820626798
2016-09-16,60.687990740508
2016-09-19,61.088991162806
2016-09-20,60.971625185548
2016-09-21,61.910553003612
2016-09-22,62.282211931596
2016-09-23,61.842089516879
2016-09-26,60.912942196919
2016-09-27,62.409358406959
2016-09-28,62.526724384217
2016-09-29,62.340894920225
2016-09-30,63.035310285669
2016-10-03,62.839700323572
2016-10-04,62.829919825467
2016-10-05,63.26026174208
2016-10-06,63.318944730709
2016-10-07,63.005968791354
2016-10-10,61.959455494137
2016-10-11,60.736893231032
2016-10-12,59.846867903492
2016-10-13,59.37740399446
2016-10-14,60.697771238613
2016-10-17,60.345673306839
2016-10-18,60.776015223452
2016-10-19,60.55106376704
2016-10-20,62.076821471395
2016-10-21,61.529113577524
2016-10-24,62.614748867161
2016-10-25,62.65387085958
2016-10-26,62.04747997708
2016-10-27,61.881211509298
2016-10-28,62.135504460024
2016-10-31,62.692992851999
2016-11-01,62.203967946758
2016-11-02,62.262650935387
2016-11-03,62.448480399378
2016-11-04,62.037699478975
2016-11-07,62.947285802725
2016-11-08,63.426530209862
2016-11-09,63.54389618712
2016-11-10,62.839700323572
2016-11-11,63.886213620789
2016-11-14,65.001190404741
2016-11-15,66.712777573087
2016-11-16,66.390021135627
2016-11-17,66.712777573087
2016-11-18,66.967070523813
2016-11-21,68.287437767966
2016-11-22,71.29005068615
2016-11-23,71.974685553489
2016-11-25,72.571295937884
2016-11-28,72.532173945465
2016-11-29,72.894052375343
2016-11-30,73.021198850706
2016-12-01,67.877059976929
2016-12-02,68.959001231452
2016-12-05,69.440956881194
2016-12-06,69.834390064657
2016-12-07,71.742541004452
2016-12-08,72.66710898559
2016-12-09,71.939257596183
2016-12-12,71.703197686106
2016-12-13,71.899914277837
2016-12-14,71.349107820989
2016-12-15,72.401541586752
2016-12-16,70.906495489593
2016-12-19,71.614675219827
2016-12-20,72.194989165434
2016-12-21,72.391705757166
2016-12-22,72.244168313367
2016-12-23,72.627765667243
2016-12-27,73.090049657812
2016-12-28,72.352362438819
2016-12-29,72.372034097993
2016-12-30,71.427794457682
2017-01-03,71.314682417436
2017-01-04,71.172062888431
2017-01-05,70.149136611427
2017-01-06,70.424539839851
2017-01-09,70.758958045795
2017-01-10,71.162227058844
2017-01-11,71.427794457682
2017-01-12,71.034361274219
2017-01-13,71.476973605615
2017-01-17,71.093376251738
2017-01-18,71.811391811558
2017-01-19,71.250749525123
2017-01-20,71.683526026933
2017-01-23,71.585167731067
2017-01-24,72.303183290887
2017-01-25,73.316273738303
2017-01-26,72.98185553236
2017-01-27,75.667037009494
2017-01-30,75.027708086367
2017-01-31,73.709706921766
2017-02-01,74.919513960915
2017-02-02,73.994945979777
2017-02-03,74.280185037787
2017-02-06,74.290020867374
2017-02-07,75.057215575127
2017-02-08,76.208007636755
2017-02-09,75.253932166858
2017-02-10,75.273603826031
2017-02-13,76.640784138565
2017-02-14,76.562097501872
2017-02-15,80.260369426423
2017-02-16,80.624295121126
2017-02-17,81.125922430041
2017-02-21,81.460340635985
2017-02-22,81.155429918801
2017-02-23,80.71039039329
2017-02-24,80.779618763925
2017-02-27,81.37300479794
2017-02-28,81.026862944764
2017-03-01,82.83669034851
2017-03-02,82.727902908941
2017-03-03,82.263083848962
2017-03-06,82.925698253613
2017-03-07,82.490548495335
2017-03-08,82.55977686597
2017-03-09,82.253194081729
2017-03-10,81.293886660071
2017-03-13,81.847713625152
2017-03-14,82.757572210642
2017-03-15,82.589446167671
2017-03-16,81.808154556218
2017-03-17,82.342201986831
2017-03-20,81.986170366422
2017-03-21,80.898295970728
2017-03-22,81.214768522202
2017-03-23,80.641162022654
2017-03-24,80.74005969499
2017-03-27,80.502705281384
2017-03-28,81.293886660071
2017-03-29,81.007083410297
2017-03-30,81.293886660071
2017-03-31,81.046642479231
2017-04-03,80.344469005647
2017-04-04,80.344469005647
2017-04-05,79.157696937617
2017-04-06,79.434610420157
2017-04-07,79.128027635916
2017-04-10,78.455523464032
2017-04-11,77.219302559834
2017-04-12,76.02264072457
2017-04-13,75.666609104161
2017-04-17,75.547931897358
2017-04-18,76.556688155184
2017-04-19,76.141317931373
2017-04-20,77.792909059382
2017-04-21,76.774263034323
2017-04-24,78.346736024463
2017-04-25,78.475302998499
2017-04-26,77.120404887498
2017-04-27,76.991837913461
2017-04-28,75.350136552686
2017-05-01,75.379805854387
2017-05-02,74.657852846335
2017-05-03,74.766640285905
2017-05-04,74.825978889306
2017-05-05,74.954545863343
2017-05-08,75.538042130124
2017-05-09,77.634672783645
2017-05-10,78.158830447025
2017-05-11,77.575334180243
2017-05-12,77.763239757681
2017-05-15,79.325822980588
2017-05-16,80.141728777358
2017-05-17,77.585223947477
2017-05-18,79.592846695894
2017-05-19,80.344469005647
2017-05-22,81.185099220502
2017-05-23,81.056532246465
2017-05-24,81.214768522202
2017-05-25,81.402674099641
2017-05-26,81.89716246132
2017-05-30,83.865226140803
2017-05-31,84.814643795227
2017-06-01,81.303776427305
2017-06-02,80.018106686939
2017-06-05,77.881916964484
2017-06-06,79.217035541018
2017-06-07,80.393917841815
2017-06-08,82.04475781729
2017-06-09,78.166278356836
2017-06-12,79.299987737584
2017-06-13,80.78176578786
2017-06-14,80.493366033109
2017-06-15,79.309932556714
2017-06-16,79.598332311465
2017-06-19,79.926511342735
2017-06-20,78.762967504598
2017-06-21,79.538663396689
2017-06-22,80.871269160025
2017-06-23,81.1
2017-06-26,80.125407725322
2017-06-27,77.708816676885
2017-06-28,78.762967504598
2017-06-29,77.311023911711
2017-06-30,77.370692826487
2017-07-03,75.690018393624
2017-07-05,77.311023911711
2017-07-06,76.903286327406
2017-07-07,78.036995708155
2017-07-10,78.295561005518
2017-07-11,79.419325567137
2017-07-12,79.926511342735
2017-07-13,79.827063151441
2017-07-14,81.1
2017-07-17,80.642538320049
2017-07-18,80.692262415696
2017-07-19,79.926511342735
2017-07-20,80.403862660944
2017-07-21,78.524291845494
2017-07-24,78.315450643777
2017-07-25,79.081201716738
2017-07-26,80.274580012262
2017-07-27,79.111036174126
2017-07-28,78.802746781116
2017-07-31,78.57401594114
2017-08-01,78.514347026364
2017-08-02,78.385064377682
2017-08-03,77.509920294298
2017-08-04,77.350803188228
2017-08-07,78.434788473329
2017-08-08,78.534236664623
2017-08-09,77.549699570815
2017-08-10,76.406045370938
2017-08-11,77.609368485592
2017-08-14,79.459104843654
2017-08-15,79.51877375843
2017-08-16,79.618221949724
2017-08-17,77.132017167382
2017-08-18,77.311023911711
2017-08-21,77.271244635193
2017-08-22,78.73313304721
2017-08-23,78.633684855917
2017-08-24,78.832581238504
2017-08-25,78.534236664623
2017-08-28,79.001643163703
2017-08-29,79.111036174126
2017-08-30,83.258025751073
2017-08-31,83.228191293685
2017-09-01,83.914383813611
2017-09-05,82.541998773758
2017-09-06,82.054702636419
2017-09-07,81.1
2017-09-08,80.44
2017-09-11,82.22
2017-09-12,82.15
2017-09-13,82.06
2017-09-14,82.34
2017-09-15,83.84
2017-09-18,85.17
2017-09-19,85.24
2017-09-20,83.69
2017-09-21,84.24
2017-09-22,84.92
2017-09-25,83.88
2017-09-26,83.91
2017-09-27,84.92
2017-09-28,85.64
2017-09-29,86.17
2017-10-02,85.82
2017-10-03,85.9
2017-10-04,87.0
2017-10-05,87.89
2017-10-06,87.87
2017-10-09,87.71
2017-10-10,87.99
2017-10-11,88.57
2017-10-12,88.83
2017-10-13,89.06
2017-10-16,88.83
2017-10-17,88.94
2017-10-18,89.0
2017-10-19,88.8
2017-10-20,88.93
2017-10-23,88.77
2017-10-24,90.29
2017-10-25,89.865
2017-10-26,90.56
2017-10-27,91.21
2017-10-30,91.32
2017-10-31,91.3
2017-11-01,90.99
2017-11-02,90.79
2017-11-03,91.81
2017-11-06,92.28
2017-11-07,91.9
2017-11-09,89.7
2017-11-10,89.59
2017-11-13,90.03
2017-11-14,90.44
2017-11-15,89.16
2017-11-16,90.48
2017-11-17,90.42
2017-11-20,93.07
2017-11-21,90.19
2017-11-22,88.65
2017-11-24,89.15
2017-11-27,87.45
2017-11-28,87.07
2017-11-29,85.66
2017-11-30,86.11
2017-12-01,85.41
2017-12-04,84.79
2017-12-05,84.83
2017-12-06,85.41
2017-12-07,86.11
2017-12-08,85.52
2017-12-11,85.8
2017-12-12,85.48
2017-12-13,85.18
2017-12-14,85.44
2017-12-15,86.69
2017-12-18,88.09
2017-12-19,87.95
2017-12-20,88.65
2017-12-21,88.65
2017-12-22,88.85
2017-12-26,88.63
2017-12-27,89.1
2017-12-28,89.38
2017-12-29,89.03
2018-01-02,90.28
2018-01-03,91.4
2018-01-04,91.3
2018-01-05,91.67
2018-01-08,91.83
2018-01-09,91.64
2018-01-10,90.11
2018-01-11,91.19
2018-01-12,92.02
2018-01-16,93.1
2018-01-17,95.57
2018-01-18,97.24
2018-01-19,96.14
2018-01-22,96.65
2018-01-23,96.47
2018-01-24,95.34
2018-01-25,91.98
2018-01-26,93.84
2018-01-29,93.78
2018-01-30,91.55
2018-01-31,91.89
2018-02-01,91.65
2018-02-02,89.11
2018-02-05,85.91
2018-02-06,88.54
2018-02-07,85.35
2018-02-08,82.66
2018-02-09,83.86
2018-02-12,85.05
2018-02-13,84.34
2018-02-14,85.13
2018-02-15,85.4
2018-02-16,86.09
2018-02-20,88.41
2018-02-21,88.41
2018-02-22,88.56
2018-02-23,90.37
2018-02-26,92.36
2018-02-27,92.26
2018-02-28,90.15
2018-03-01,88.31
2018-03-02,89.53
2018-03-05,91.14
2018-03-06,91.93
2018-03-07,92.74
2018-03-08,92.72
2018-03-09,94.73
2018-03-12,95.53
2018-03-13,94.66
2018-03-14,94.09
2018-03-15,93.94
2018-03-16,94.15
2018-03-19,93.5
2018-03-20,92.71
2018-03-21,92.8
2018-03-22,90.54
2018-03-23,87.7
2018-03-26,93.11
2018-03-27,91.05
