Date,ADM
2010-01-04,25.909240975812
2010-01-05,26.049201921661
2010-01-06,25.983337947144
2010-01-07,25.711649052259
2010-01-08,25.390562176487
2010-01-11,25.407028170116
2010-01-12,25.135339275231
2010-01-13,25.242368233822
2010-01-14,25.30823220834
2010-01-15,25.143572272046
2010-01-19,25.143572272046
2010-01-20,25.439960157375
2010-01-21,25.061242303899
2010-01-22,25.085941294343
2010-01-25,24.509631517315
2010-01-26,24.39436956191
2010-01-27,24.493165523686
2010-01-28,24.65782545998
2010-01-29,24.674291453609
2010-02-01,24.830718393088
2010-02-02,26.040968924847
2010-02-03,25.670484068186
2010-02-04,24.748388424941
2010-02-05,25.201203249749
2010-02-08,24.608427479092
2010-02-09,24.624893472721
2010-02-10,24.690757447238
2010-02-11,24.723689434497
2010-02-12,24.509631517315
2010-02-16,24.39436956191
2010-02-17,24.725365078354
2010-02-18,24.799839069553
2010-02-19,24.783289293731
2010-02-22,24.667440862976
2010-02-23,24.510217992665
2010-02-24,24.46884355311
2010-02-25,24.386094673999
2010-02-26,24.295070906977
2010-03-01,24.54331754431
2010-03-02,24.70054041462
2010-03-03,24.642616199243
2010-03-04,24.824663733287
2010-03-05,25.337706783775
2010-03-08,25.296332344219
2010-03-09,25.246683016753
2010-03-10,25.023261043153
2010-03-11,24.361270010265
2010-03-12,23.7158287532
2010-03-15,23.674454313644
2010-03-16,23.657904537822
2010-03-17,24.079923821288
2010-03-18,24.195772252044
2010-03-19,24.071648933377
2010-03-22,24.270246243243
2010-03-23,24.261971355332
2010-03-24,23.583430546622
2010-03-25,23.384833236756
2010-03-26,23.517231443334
2010-03-29,24.021999605911
2010-03-30,23.9392507268
2010-03-31,23.914426063066
2010-04-01,24.088198709199
2010-04-05,23.550330994978
2010-04-06,23.360008573023
2010-04-07,23.376558348845
2010-04-08,23.219335478534
2010-04-09,23.384833236756
2010-04-12,23.475857003778
2010-04-13,23.318634133467
2010-04-14,23.426207676312
2010-04-15,23.451032340045
2010-04-16,23.376558348845
2010-04-19,23.384833236756
2010-04-20,23.930975838888
2010-04-21,23.806852520222
2010-04-22,23.550330994978
2010-04-23,23.583430546622
2010-04-26,23.533781219156
2010-04-27,23.070387496135
2010-04-28,23.177961038979
2010-04-29,23.268984806001
2010-04-30,23.120036823601
2010-05-03,22.937989289557
2010-05-04,21.696756102893
2010-05-05,21.887078524848
2010-05-06,21.266461931516
2010-05-07,21.465059241382
2010-05-10,22.019476731425
2010-05-11,22.35874713578
2010-05-12,22.755941755513
2010-05-13,22.466320678625
2010-05-14,22.151874938003
2010-05-17,22.482870454447
2010-05-18,22.226348929203
2010-05-19,22.19306349464
2010-05-20,21.119608229995
2010-05-21,21.144572305917
2010-05-24,20.736825732525
2010-05-25,20.55375584243
2010-05-26,20.695218939321
2010-05-27,21.161215023198
2010-05-28,21.028073284948
2010-06-01,20.80339660165
2010-06-02,21.269392685527
2010-06-03,21.244428609605
2010-06-04,20.657772825438
2010-06-07,20.395650028258
2010-06-08,20.711861656603
2010-06-09,20.745147091165
2010-06-10,21.127929588636
2010-06-11,21.335963554652
2010-06-14,21.344284913293
2010-06-15,22.226348929203
2010-06-16,22.284598439687
2010-06-17,22.892057620456
2010-06-18,22.625774143954
2010-06-21,22.600810068032
2010-06-22,22.176420777359
2010-06-23,22.459346971141
2010-06-24,22.018314963186
2010-06-25,21.918458659498
2010-06-28,22.176420777359
2010-06-29,21.643853824357
2010-06-30,21.485748010184
2010-07-01,21.43581985834
2010-07-02,21.219464533683
2010-07-06,21.452462575621
2010-07-07,21.918458659498
2010-07-08,22.226348929203
2010-07-09,22.234670287843
2010-07-12,22.201384853281
2010-07-13,22.451025612501
2010-07-14,22.384454743375
2010-07-15,22.359490667453
2010-07-16,22.251313005125
2010-07-19,22.284598439687
2010-07-20,22.783879958127
2010-07-21,22.542560557548
2010-07-22,22.842129468612
2010-07-23,22.991913924143
2010-07-26,23.133377021035
2010-07-27,23.166662455597
2010-07-28,23.016878000065
2010-07-29,22.467668329782
2010-07-30,22.767237240846
2010-08-02,23.566087670349
2010-08-03,23.70755076724
2010-08-04,23.807407070928
2010-08-05,25.172109887996
2010-08-06,25.113860377512
2010-08-09,25.488321516341
2010-08-10,25.496642874982
2010-08-11,24.830934183729
2010-08-12,25.463357440419
2010-08-13,25.005682715183
2010-08-16,24.997361356543
2010-08-17,25.737962275561
2010-08-18,25.679428898066
2010-08-19,25.278057166674
2010-08-20,25.520552587724
2010-08-23,25.361676277381
2010-08-24,24.9853902792
2010-08-25,25.177714233826
2010-08-26,25.060647478836
2010-08-27,25.528914498794
2010-08-30,25.545638320936
2010-08-31,25.763048008773
2010-09-01,26.21459120659
2010-09-02,26.373467516933
2010-09-03,26.758115426185
2010-09-07,26.248038850873
2010-09-08,26.716305870831
2010-09-09,26.632686760124
2010-09-10,27.360173023274
2010-09-13,27.326725378991
2010-09-14,26.891906003315
2010-09-15,27.209658624001
2010-09-16,27.769906665737
2010-09-17,27.07586804687
2010-09-20,27.552496977899
2010-09-21,27.468877867193
2010-09-22,27.920421065009
2010-09-23,27.602668444324
2010-09-24,26.983887025093
2010-09-27,27.293277734708
2010-09-28,27.502325511475
2010-09-29,27.234744357213
2010-09-30,26.691220137619
2010-10-01,26.691220137619
2010-10-04,26.432000894428
2010-10-05,27.07586804687
2010-10-06,27.008972758305
2010-10-07,27.368534934344
2010-10-08,27.477239778263
2010-10-11,27.226382446143
2010-10-12,27.351811112203
2010-10-13,27.778268576808
2010-10-14,27.828440043232
2010-10-15,27.820078132161
2010-10-18,28.079297375352
2010-10-19,27.56085888897
2010-10-20,27.953868709292
2010-10-21,27.953868709292
2010-10-22,28.04584973107
2010-10-25,28.188002219271
2010-10-26,27.903697242868
2010-10-27,27.778268576808
2010-10-28,27.970592531434
2010-10-29,27.861887687515
2010-11-01,27.920421065009
2010-11-02,26.080800629459
2010-11-03,25.96373387447
2010-11-04,26.390191339075
2010-11-05,26.21459120659
2010-11-08,26.080800629459
2010-11-09,25.796495653056
2010-11-10,25.737962275561
2010-11-11,25.654343164854
2010-11-12,25.278057166674
2010-11-15,25.244609522391
2010-11-16,24.85996161314
2010-11-17,24.809535727515
2010-11-18,25.036452212827
2010-11-19,24.927196127306
2010-11-22,24.935600441577
2010-11-23,24.448150213869
2010-11-24,24.775918470431
2010-11-26,24.549001985119
2010-11-29,24.271659614181
2010-11-30,24.36410707116
2010-12-01,24.784322784702
2010-12-02,25.313794583765
2010-12-03,25.540711069077
2010-12-06,25.339007526577
2010-12-07,25.355816155119
2010-12-08,25.170921241161
2010-12-09,25.582732640432
2010-12-10,26.112204439494
2010-12-13,25.79494157577
2010-12-14,25.683584411682
2010-12-15,25.397837726473
2010-12-16,25.507093811994
2010-12-17,25.238155755327
2010-12-20,25.423050669286
2010-12-21,25.339007526577
2010-12-22,25.708797354494
2010-12-23,25.389433412202
2010-12-27,25.288581640952
2010-12-28,25.028047898556
2010-12-29,25.002834955744
2010-12-30,25.128899669806
2010-12-31,25.280177326681
2011-01-03,25.549115383348
2011-01-04,25.532306754807
2011-01-05,25.649967154598
2011-01-06,26.633271924286
2011-01-07,26.851784095328
2011-01-10,26.96944449512
2011-01-11,27.07029626637
2011-01-12,27.364447265849
2011-01-13,27.927536321996
2011-01-14,28.162857121579
2011-01-18,28.339347721267
2011-01-19,28.515838320954
2011-01-20,28.062005350329
2011-01-21,28.112431235954
2011-01-24,28.087218293141
2011-01-25,28.019983778975
2011-01-26,28.087218293141
2011-01-27,28.095622607412
2011-01-28,27.532533551266
2011-01-31,27.456894722829
2011-02-01,29.162970519809
2011-02-02,29.692442318872
2011-02-03,29.793294090122
2011-02-04,30.331170203455
2011-02-07,30.213509803664
2011-02-08,30.331170203455
2011-02-09,30.272340003559
2011-02-10,29.784889775851
2011-02-11,30.440426288976
2011-02-14,30.801811802622
2011-02-15,30.77659885981
2011-02-16,31.333717764019
2011-02-17,31.637600802679
2011-02-18,31.78110112649
2011-02-22,31.215541026763
2011-02-23,30.278568324229
2011-02-24,30.751275273255
2011-02-25,31.131129071579
2011-02-28,31.384364937129
2011-03-01,30.911657988103
2011-03-02,31.038275920878
2011-03-03,31.477218087831
2011-03-04,31.190217440208
2011-03-07,31.012952334323
2011-03-08,31.223982222281
2011-03-09,30.894775597066
2011-03-10,29.924038112459
2011-03-11,30.464274625632
2011-03-14,30.2194799556
2011-03-15,29.966244090051
2011-03-16,29.071477365108
2011-03-17,29.333154426176
2011-03-18,29.510419532061
2011-03-21,30.287009519747
2011-03-22,30.42206864804
2011-03-23,30.481157016668
2011-03-24,30.447392234595
2011-03-25,29.797420179684
2011-03-28,29.839626157276
2011-03-29,30.151950391454
2011-03-30,30.337656692857
2011-03-31,30.396745061485
2011-04-01,30.793481250846
2011-04-04,30.996069943286
2011-04-05,31.249305808836
2011-04-06,30.861010814993
2011-04-07,30.785040055328
2011-04-08,29.772096593129
2011-04-11,30.025332458679
2011-04-12,30.000008872124
2011-04-13,29.662361051391
2011-04-14,29.577949096208
2011-04-15,29.400683990323
2011-04-18,29.079918560627
2011-04-19,29.510419532061
2011-04-20,30.227921151119
2011-04-21,30.430509843558
2011-04-25,30.126626804899
2011-04-26,30.683745709108
2011-04-27,30.649980927035
2011-04-28,30.67530451359
2011-04-29,31.249305808836
2011-05-02,31.232423417799
2011-05-03,29.130565733737
2011-05-04,29.307830839621
2011-05-05,28.767594326449
2011-05-06,28.674741175747
2011-05-09,28.792917913004
2011-05-10,28.202034226721
2011-05-11,27.5014149987
2011-05-12,27.265061524187
2011-05-13,27.180649569004
2011-05-16,27.020266854155
2011-05-17,26.986502072082
2011-05-18,26.944083804129
2011-05-19,26.715025157179
2011-05-20,26.519901124593
2011-05-23,26.273875170462
2011-05-24,26.265391516871
2011-05-25,26.324777092006
2011-05-26,26.587770353318
2011-05-27,27.325848215711
2011-05-31,27.495521287525
2011-06-01,26.392646320732
2011-06-02,26.036332869921
2011-06-03,25.7818232622
2011-06-06,25.67153576552
2011-06-07,25.561248268841
2011-06-08,25.238869432394
2011-06-09,25.527313654478
2011-06-10,25.060712706989
2011-06-13,25.281287700347
2011-06-14,25.696986726293
2011-06-15,25.094647321351
2011-06-16,25.043745399807
2011-06-17,25.595182883204
2011-06-20,25.824241530153
2011-06-21,25.934529026833
2011-06-22,25.705470379883
2011-06-23,25.035261746216
2011-06-24,24.857105020811
2011-06-27,25.128581935714
2011-06-28,25.111614628533
2011-06-29,25.713954033474
2011-06-30,25.578215576023
2011-07-01,26.155104020192
2011-07-05,26.307809784825
2011-07-06,26.087234791466
2011-07-07,25.832725183744
2011-07-08,26.333260745597
2011-07-11,25.883627105289
2011-07-12,26.121169405829
2011-07-13,25.824241530153
2011-07-14,25.357640582664
2011-07-15,25.705470379883
2011-07-18,25.137065589305
2011-07-19,25.926045373242
2011-07-20,26.553835738955
2011-07-21,27.376750137255
2011-07-22,27.249495333395
2011-07-25,27.003469379264
2011-07-26,26.808345346677
2011-07-27,26.307809784825
2011-07-28,26.13813671301
2011-07-29,25.773339608609
2011-08-01,25.858176144516
2011-08-02,24.263249269461
2011-08-03,25.145549242896
2011-08-04,23.796648321971
2011-08-05,24.297183883824
2011-08-08,22.303525290004
2011-08-09,23.508204099887
2011-08-10,22.201721446916
2011-08-11,23.355498335254
2011-08-12,23.143406995486
2011-08-15,24.000256008149
2011-08-16,23.923903125832
2011-08-17,24.171332937048
2011-08-18,23.471703815679
2011-08-19,23.480235878135
2011-08-22,23.266934316742
2011-08-23,24.103076437402
2011-08-24,24.256653561605
2011-08-25,23.591152690059
2011-08-26,23.719133626895
2011-08-29,24.521147497732
2011-08-30,24.512615435277
2011-08-31,24.299313873884
2011-09-01,24.111608499858
2011-09-02,23.403447316033
2011-09-06,23.121889254995
2011-09-07,23.821518376363
2011-09-08,23.505832065502
2011-09-09,23.13042131745
2011-09-12,23.053632755349
2011-09-13,23.121889254995
2011-09-14,23.386383191122
2011-09-15,24.051884062668
2011-09-16,24.418762748264
2011-09-19,23.727665689351
2011-09-20,23.915371063376
2011-09-21,23.19014575464
2011-09-22,21.679970699978
2011-09-23,21.492265325953
2011-09-26,21.782355449447
2011-09-27,21.987124948384
2011-09-28,21.424008826307
2011-09-29,21.987124948384
2011-09-30,21.168046952635
2011-10-03,20.613462893014
2011-10-04,20.997405703521
2011-10-05,21.475201201041
2011-10-06,22.106573822764
2011-10-07,21.714098949801
2011-10-10,22.191894447321
2011-10-11,22.490516633272
2011-10-12,23.104825130083
2011-10-13,23.13042131745
2011-10-14,23.676473314616
2011-10-17,23.053632755349
2011-10-18,23.812986313908
2011-10-19,23.394915253578
2011-10-20,23.693537439528
2011-10-21,24.393166560897
2011-10-24,24.691788746847
2011-10-25,24.017755812845
2011-10-26,24.657660497024
2011-10-27,25.553527054874
2011-10-28,25.886277490647
2011-10-31,24.691788746847
2011-11-01,23.667941252161
2011-11-02,24.350506248618
2011-11-03,25.058667432442
2011-11-04,24.78564143386
2011-11-07,25.075731557354
2011-11-08,25.468206430317
2011-11-09,24.333442123707
2011-11-10,24.640596372112
2011-11-11,25.331693431025
2011-11-14,25.408481993127
2011-11-15,25.438344211722
2011-11-16,24.837573599434
2011-11-17,24.640177541111
2011-11-18,24.803243850161
2011-11-21,24.279715173739
2011-11-22,24.382704421559
2011-11-23,23.850593307819
2011-11-25,23.945000118321
2011-11-28,24.803243850161
2011-11-29,24.940562847255
2011-11-30,25.850301203005
2011-12-01,25.936125576189
2011-12-02,25.738729517866
2011-12-05,25.712982205911
2011-12-06,25.404014462448
2011-12-07,25.361102275856
2011-12-08,24.665924853066
2011-12-09,24.992057471165
2011-12-12,24.322627360331
2011-12-13,23.893505494411
2011-12-14,23.541625564357
2011-12-15,23.996494742232
2011-12-16,23.773351371953
2011-12-19,23.404306567262
2011-12-20,24.331209797649
2011-12-21,24.605847791838
2011-12-22,24.631595103793
2011-12-23,24.940562847255
2011-12-27,24.923397972618
2011-12-28,24.348374672286
2011-12-29,24.665924853066
2011-12-30,24.545770730609
2012-01-03,24.794661412842
2012-01-04,25.206618404125
2012-01-05,25.095046718986
2012-01-06,24.949145284573
2012-01-09,24.811826287479
2012-01-10,24.70025460234
2012-01-11,24.828991162116
2012-01-12,25.009222345802
2012-01-13,25.034969657757
2012-01-17,24.70025460234
2012-01-18,25.077881844349
2012-01-19,25.249530590717
2012-01-20,25.781641704458
2012-01-23,25.652905144682
2012-01-24,25.592828083453
2012-01-25,25.815971453731
2012-01-26,25.60999295809
2012-01-27,25.592828083453
2012-01-30,25.498421272951
2012-01-31,24.571518042564
2012-02-01,25.052134532394
2012-02-02,25.034969657757
2012-02-03,25.361102275856
2012-02-06,25.404014462448
2012-02-07,25.575663208816
2012-02-08,26.107774322557
2012-02-09,26.390994754064
2012-02-10,26.236510882333
2012-02-13,26.545478625795
2012-02-14,26.884484899871
2012-02-15,26.789547714029
2012-02-16,26.953530125939
2012-02-17,27.057097965039
2012-02-21,27.074359271556
2012-02-22,27.229711030207
2012-02-23,27.393693442116
2012-02-24,27.583567813801
2012-02-27,27.367801482341
2012-02-28,27.255602989982
2012-02-29,26.927638166163
2012-03-01,27.203819070432
2012-03-02,27.307386909532
2012-03-05,27.316017562791
2012-03-06,26.228555252234
2012-03-07,26.798178367288
2012-03-08,26.849962286838
2012-03-09,26.867223593355
2012-03-12,27.039836658522
2012-03-13,27.756180878968
2012-03-14,27.316017562791
2012-03-15,27.462738668183
2012-03-16,27.445477361667
2012-03-19,27.350540175824
2012-03-20,27.505891934475
2012-03-21,27.557675854026
2012-03-22,27.393693442116
2012-03-23,27.497261281217
2012-03-26,27.652613039868
2012-03-27,27.505891934475
2012-03-28,26.988052738972
2012-03-29,26.979422085714
2012-03-30,27.324648216049
2012-04-02,27.902901984361
2012-04-03,27.600829120317
2012-04-04,27.126143191106
2012-04-05,27.031206005264
2012-04-09,26.616934648861
2012-04-10,26.599673342345
2012-04-11,26.746394447737
2012-04-12,26.84133163358
2012-04-13,26.539258769536
2012-04-16,26.57378138257
2012-04-17,26.927638166163
2012-04-18,26.694610528187
2012-04-19,26.474528870098
2012-04-20,26.504736156502
2012-04-23,26.254447212009
2012-04-24,26.703241181445
2012-04-25,26.660087915153
2012-04-26,26.780917060771
2012-04-27,26.824070327063
2012-04-30,26.608303995603
2012-05-01,28.49841705919
2012-05-02,28.438002486381
2012-05-03,28.101407009304
2012-05-04,27.833856758294
2012-05-07,28.127298969079
2012-05-08,28.463894446156
2012-05-09,28.187713541888
2012-05-10,28.912688415592
2012-05-11,28.351695953797
2012-05-14,28.524309018965
2012-05-15,28.174767562
2012-05-16,28.027255689948
2012-05-17,27.949161169449
2012-05-18,27.610751580623
2012-05-21,27.914452493672
2012-05-22,27.905775324728
2012-05-23,27.697523270066
2012-05-24,27.853712311063
2012-05-25,27.983869845226
2012-05-29,28.200799068833
2012-05-30,27.897098155784
2012-05-31,27.662814594289
2012-06-01,26.82980637564
2012-06-04,26.795097699863
2012-06-05,27.168215964466
2012-06-06,27.914452493672
2012-06-07,27.879743817895
2012-06-08,27.636783087456
2012-06-11,27.497948384348
2012-06-12,27.70620043901
2012-06-13,27.124830119745
2012-06-14,27.124830119745
2012-06-15,27.289696329686
2012-06-18,27.150861626578
2012-06-19,26.161664366933
2012-06-20,25.927380805438
2012-06-21,25.493522358225
2012-06-22,25.406750668782
2012-06-25,24.981569390514
2012-06-26,24.842734687406
2012-06-27,25.050986742068
2012-06-28,25.285270303563
2012-06-29,25.615002723444
2012-07-02,25.19849861412
2012-07-03,25.155112769399
2012-07-05,24.72993149113
2012-07-06,24.634482632744
2012-07-09,23.905600441426
2012-07-10,23.922954779315
2012-07-11,24.001049299813
2012-07-12,23.697348386764
2012-07-13,23.766765738318
2012-07-16,23.350261628994
2012-07-17,23.645285373098
2012-07-18,23.948986286147
2012-07-19,23.679994048875
2012-07-20,23.428356149492
2012-07-23,23.315552953217
2012-07-24,23.15936391222
2012-07-25,23.176718250108
2012-07-26,23.584545190489
2012-07-27,23.896923272482
2012-07-30,23.85353742776
2012-07-31,22.638733775565
2012-08-01,22.28296984885
2012-08-02,21.805725556916
2012-08-03,22.161489483631
2012-08-06,22.239584004129
2012-08-07,22.309001355683
2012-08-08,22.977143364391
2012-08-09,22.968466195446
2012-08-10,22.508576241401
2012-08-13,22.499899072456
2012-08-14,22.556300670594
2012-08-15,22.931947815767
2012-08-16,22.993099676609
2012-08-17,22.862059974804
2012-08-20,23.159083298894
2012-08-21,22.993099676609
2012-08-22,22.949419776007
2012-08-23,22.897003895286
2012-08-24,23.045515557331
2012-08-27,23.080459477812
2012-08-28,23.03677957721
2012-08-29,23.220235159736
2012-08-30,23.176555259135
2012-08-31,23.368746821781
2012-09-04,23.482314563345
2012-09-05,23.263915060338
2012-09-06,23.901641609119
2012-09-07,23.840489748277
2012-09-10,23.796809847676
2012-09-11,23.875433668758
2012-09-12,23.753129947074
2012-09-13,23.92784954948
2012-09-14,23.753129947074
2012-09-17,23.761865927194
2012-09-18,23.788073867555
2012-09-19,23.735657986834
2012-09-20,23.604618285029
2012-09-21,23.61335426515
2012-09-24,24.032681310924
2012-09-25,24.163721012728
2012-09-26,24.006473370563
2012-09-27,24.076361211525
2012-09-28,23.744393966954
2012-10-01,24.259816794051
2012-10-02,24.355912575374
2012-10-03,24.425800416337
2012-10-04,24.591784038622
2012-10-05,24.644199919344
2012-10-08,24.740295700667
2012-10-09,24.722823740427
2012-10-10,24.5393681579
2012-10-11,24.486952277179
2012-10-12,24.504424237419
2012-10-15,24.548104138021
2012-10-16,25.098470885599
2012-10-17,25.42170215005
2012-10-18,25.395494209689
2012-10-19,24.915015303073
2012-10-22,24.495688257299
2012-10-23,23.840489748277
2012-10-24,23.525994463947
2012-10-25,23.578410344668
2012-10-26,23.63082622539
2012-10-31,23.447370642864
2012-11-01,23.674506125992
2012-11-02,23.456106622984
2012-11-05,23.237707119977
2012-11-06,23.263915060338
2012-11-07,22.713548312759
2012-11-08,22.250541366384
2012-11-09,22.180653525422
2012-11-12,22.067085783858
2012-11-13,21.896734171512
2012-11-14,21.580027690928
2012-11-15,21.536040679735
2012-11-16,21.958315987181
2012-11-19,22.47736271925
2012-11-20,23.172357496088
2012-11-21,23.21634450728
2012-11-23,23.524253585626
2012-11-26,23.497861378911
2012-11-27,23.251534116234
2012-11-28,23.401089954288
2012-11-29,23.541848390103
2012-11-30,23.489063976672
2012-12-03,23.568240596818
2012-12-04,23.497861378911
2012-12-05,23.506658781149
2012-12-06,23.506658781149
2012-12-07,23.911339284118
2012-12-10,23.726593837111
2012-12-11,23.90254188188
2012-12-12,23.946528893072
2012-12-13,23.884947077403
2012-12-14,23.832162663972
2012-12-17,24.096084731126
2012-12-18,24.703105485579
2012-12-19,24.535954843048
2012-12-20,24.659118474387
2012-12-21,24.439183418425
2012-12-24,24.403993809472
2012-12-26,24.166463949033
2012-12-27,24.18405875351
2012-12-28,23.805770457257
2012-12-31,24.096084731126
2013-01-02,25.222152217648
2013-01-03,25.019811966163
2013-01-04,25.706009340763
2013-01-07,24.64152366991
2013-01-08,24.931837943779
2013-01-09,25.055001575117
2013-01-10,24.931837943779
2013-01-11,24.931837943779
2013-01-14,25.125380793025
2013-01-15,25.002217161686
2013-01-16,24.975824954971
2013-01-17,25.318923642271
2013-01-18,25.195760010932
2013-01-22,25.60923791614
2013-01-23,25.213354815409
2013-01-24,25.538858698232
2013-01-25,25.486074284801
2013-01-28,25.195760010932
2013-01-29,25.178165206455
2013-01-30,25.239747022125
2013-01-31,25.098988586309
2013-02-01,25.222152217648
2013-02-04,25.019811966163
2013-02-05,25.846767776578
2013-02-06,26.717710598185
2013-02-07,26.638533978039
2013-02-08,26.585749564608
2013-02-11,26.638533978039
2013-02-12,27.104796296677
2013-02-13,27.412705375023
2013-02-14,27.623843028746
2013-02-15,28.820289733175
2013-02-19,29.271574589298
2013-02-20,28.758348674492
2013-02-21,28.413248490398
2013-02-22,28.404399767729
2013-02-25,28.050450860966
2013-02-26,28.165484255664
2013-02-27,28.315912541038
2013-02-28,28.192030423671
2013-03-01,28.289366373031
2013-03-04,28.333609986376
2013-03-05,28.501735717089
2013-03-06,28.599071666449
2013-03-07,28.820289733175
2013-03-08,28.793743565168
2013-03-11,28.722953783816
2013-03-12,28.811441010506
2013-03-13,29.138843749262
2013-03-14,29.121146303924
2013-03-15,29.200784807946
2013-03-18,28.926474405204
2013-03-19,28.935323127873
2013-03-20,29.209633530615
2013-03-21,28.855684623852
2013-03-22,29.006112909226
2013-03-25,28.820289733175
2013-03-26,29.050356522571
2013-03-27,29.174238639938
2013-03-28,29.846741562788
2013-04-01,29.811346672112
2013-04-02,30.182993024213
2013-04-03,29.404305429334
2013-04-04,29.722859445421
2013-04-05,29.35121309332
2013-04-08,29.483943933356
2013-04-09,28.961869295881
2013-04-10,29.35121309332
2013-04-11,29.183087362607
2013-04-12,28.882230791859
2013-04-15,27.891173852923
2013-04-16,28.475189549082
2013-04-17,28.377853599722
2013-04-18,28.236274037017
2013-04-19,28.475189549082
2013-04-22,28.510584439758
2013-04-23,28.802592287837
2013-04-24,28.661012725132
2013-04-25,29.360061815989
2013-04-26,29.616674773392
2013-04-29,30.11220324286
2013-04-30,30.032564738839
2013-05-01,29.714010722752
2013-05-02,29.73170816809
2013-05-03,30.262631528235
2013-05-06,29.979472402824
2013-05-07,30.386513645602
2013-05-08,30.439605981616
2013-05-09,30.006018570831
2013-05-10,30.138749410868
2013-05-13,30.076808352184
2013-05-14,30.30687514158
2013-05-15,30.885250621381
2013-05-16,30.395855984626
2013-05-17,31.143295066215
2013-05-20,30.609410007937
2013-05-21,30.885250621381
2013-05-22,30.378059816017
2013-05-23,30.395855984626
2013-05-24,30.146709624097
2013-05-28,30.378059816017
2013-05-29,29.746295830388
2013-05-30,29.639518818732
2013-05-31,28.678525713832
2013-06-03,29.052245254627
2013-06-04,29.363678205289
2013-06-05,29.007754833104
2013-06-06,29.052245254627
2013-06-07,29.283595446547
2013-06-10,29.452659048335
2013-06-11,29.470455216944
2013-06-12,29.265799277938
2013-06-13,29.71070349317
2013-06-14,29.434862879726
2013-06-17,29.603926481514
2013-06-18,30.102219202573
2013-06-19,29.595028397209
2013-06-20,29.016652917408
2013-06-21,29.443760964031
2013-06-24,29.301391615156
2013-06-25,29.514945638468
2013-06-26,29.879767094958
2013-06-27,29.995442190918
2013-06-28,30.17340387701
2013-07-01,30.564919586414
2013-07-02,31.027619970255
2013-07-03,30.974231464427
2013-07-05,31.03651805456
2013-07-08,31.463626101182
2013-07-09,31.783957136149
2013-07-10,31.944122653632
2013-07-11,32.202167098467
2013-07-12,32.308944110122
2013-07-15,32.228861351381
2013-07-16,31.775059051844
2013-07-17,31.757262883235
2013-07-18,31.846243726281
2013-07-19,32.638173229394
2013-07-22,32.184370929858
2013-07-23,32.531396217738
2013-07-24,32.095390086811
2013-07-25,32.602580892175
2013-07-26,32.629275145089
2013-07-29,32.353434531646
2013-07-30,32.050899665288
2013-07-31,32.451313458997
2013-08-01,33.083077444625
2013-08-02,33.430102732506
2013-08-05,33.68814717734
2013-08-06,33.714841430254
2013-08-07,33.599166334294
2013-08-08,34.079662886744
2013-08-09,34.150847561181
2013-08-12,34.311013078665
2013-08-13,34.373299668797
2013-08-14,34.293216910056
2013-08-15,32.949606180056
2013-08-16,33.145364034758
2013-08-19,32.549192386347
2013-08-20,32.72715407244
2013-08-21,32.467769686515
2013-08-22,32.262051035609
2013-08-23,32.449881108175
2013-08-26,30.857797635944
2013-08-27,30.974073395152
2013-08-28,30.947240527642
2013-08-29,31.135070600209
2013-08-30,31.492842167002
2013-09-03,31.662783661229
2013-09-04,32.288883903118
2013-09-05,32.369382505647
2013-09-06,32.011610938853
2013-09-09,32.297828192288
2013-09-10,32.270995324778
2013-09-11,32.315716770628
2013-09-12,32.19049672225
2013-09-13,32.396215373156
2013-09-16,32.870262699158
2013-09-17,33.236978555121
2013-09-18,33.192257109272
2013-09-19,33.147535663423
2013-09-20,33.30853286848
2013-09-23,32.762931229119
2013-09-24,32.888151277497
2013-09-25,32.798708385799
2013-09-26,32.923928434177
2013-09-27,33.201201398442
2013-09-30,32.950761301686
2013-10-01,32.959705590856
2013-10-02,33.254867133461
2013-10-03,32.870262699158
2013-10-04,32.825541253308
2013-10-07,32.575101156553
2013-10-08,32.369382505647
2013-10-09,32.494602554024
2013-10-10,33.156479952592
2013-10-11,32.72715407244
2013-10-14,33.067037060894
2013-10-15,32.932872723346
2013-10-16,33.558972965235
2013-10-17,33.898855953689
2013-10-18,34.006187423727
2013-10-21,34.578621930597
2013-10-22,35.320997931693
2013-10-23,35.124223569957
2013-10-24,35.043724967428
2013-10-25,35.714546655166
2013-10-28,35.634048052638
2013-10-29,36.430089788753
2013-10-30,36.671585596339
2013-10-31,36.582142704641
2013-11-01,36.582142704641
2013-11-04,36.555309837131
2013-11-05,37.548125934983
2013-11-06,37.351351573247
2013-11-07,36.877304247245
2013-11-08,37.065134319812
2013-11-11,36.796805644717
2013-11-12,36.322758318715
2013-11-13,37.230377960029
2013-11-14,37.742598945721
2013-11-15,36.448566981868
2013-11-18,36.790047638996
2013-11-19,36.817006638243
2013-11-20,35.855468998435
2013-11-21,36.978760633724
2013-11-22,37.616790282569
2013-11-25,37.158487295371
2013-11-26,37.383145622428
2013-11-27,37.284295958523
2013-11-29,36.169990656316
2013-12-02,36.709170641255
2013-12-03,36.933828968313
2013-12-04,37.499967952499
2013-12-05,37.266323292358
2013-12-06,37.688680947227
2013-12-09,38.173942933672
2013-12-10,38.066106936684
2013-12-11,37.481995286334
2013-12-12,36.475525981115
2013-12-13,36.250867654057
2013-12-16,36.538430312691
2013-12-17,37.275309625441
2013-12-18,38.767040917105
2013-12-19,39.351152567455
2013-12-20,38.964740244916
2013-12-23,38.677177586282
2013-12-24,38.883863247175
2013-12-26,39.225343904303
2013-12-27,39.324193568208
2013-12-30,39.261289236632
2013-12-31,39.000685577245
2014-01-02,38.63224592087
2014-01-03,38.811972582516
2014-01-06,38.892849580257
2014-01-07,38.506437257718
2014-01-08,38.066106936684
2014-01-09,37.886380275038
2014-01-10,37.724626279556
2014-01-13,37.320241290852
2014-01-14,38.039147937437
2014-01-15,38.146983934425
2014-01-16,37.068623964547
2014-01-17,36.852951970572
2014-01-21,37.176459961535
2014-01-22,37.967257272779
2014-01-23,36.700184308173
2014-01-24,35.558920006719
2014-01-27,35.37020701199
2014-01-28,36.008236660834
2014-01-29,35.244398348838
2014-01-30,35.505002008225
2014-01-31,35.478043008978
2014-02-03,34.965822023286
2014-02-04,34.354751373688
2014-02-05,34.741163696228
2014-02-06,35.145548684932
2014-02-07,35.846482665353
2014-02-10,36.044181993164
2014-02-11,36.421607982621
2014-02-12,36.529443979609
2014-02-13,36.547416645773
2014-02-14,36.646266309679
2014-02-18,36.637279976596
2014-02-19,36.112986308044
2014-02-20,36.266658590206
2014-02-21,36.149144492082
2014-02-24,36.302816774244
2014-02-25,36.510726332463
2014-02-26,36.510726332463
2014-02-27,36.058749031987
2014-02-28,36.700556798663
2014-03-03,36.049709485977
2014-03-04,36.790952258758
2014-03-05,36.76383362073
2014-03-06,37.007901362987
2014-03-07,37.360443657358
2014-03-10,38.372872810425
2014-03-11,38.372872810425
2014-03-12,38.806771018882
2014-03-13,38.327675080377
2014-03-14,38.427110086482
2014-03-17,38.472307816529
2014-03-18,38.806771018882
2014-03-19,38.562703276625
2014-03-20,38.598861460663
2014-03-21,38.571742822634
2014-03-24,38.237279620282
2014-03-25,38.336714626387
2014-03-26,38.598861460663
2014-03-27,38.960443301044
2014-03-28,39.059878307148
2014-03-31,39.22259013532
2014-04-01,39.258748319358
2014-04-02,39.258748319358
2014-04-03,39.005641031091
2014-04-04,38.915245570996
2014-04-07,39.41242060152
2014-04-08,39.349143779453
2014-04-09,40.117505190263
2014-04-10,39.927674724063
2014-04-11,40.144623828291
2014-04-14,40.397731116558
2014-04-15,40.018070184158
2014-04-16,40.696036134872
2014-04-17,40.714115226891
2014-04-21,40.578522036748
2014-04-22,40.325414748482
2014-04-23,40.433889300596
2014-04-24,40.343493840501
2014-04-25,40.153663374301
2014-04-28,40.117505190263
2014-04-29,39.077957399167
2014-04-30,39.529934699644
2014-05-01,39.086996945177
2014-05-02,39.367222871472
2014-05-05,39.240669227339
2014-05-06,38.996601485082
2014-05-07,40.018070184158
2014-05-08,39.837279263967
2014-05-09,40.126544736272
2014-05-12,40.379652024539
2014-05-13,40.271177472425
2014-05-14,39.853106119743
2014-05-15,39.562273874399
2014-05-16,39.825840596742
2014-05-19,39.889460150411
2014-05-20,39.38050372106
2014-05-21,39.86219462741
2014-05-22,39.671335966403
2014-05-23,39.5895393974
2014-05-27,40.280265980092
2014-05-28,40.253000457091
2014-05-29,40.571098225435
2014-05-30,40.843753455445
2014-06-02,40.761956886442
2014-06-03,40.307531503092
2014-06-04,40.271177472425
2014-06-05,40.871018978446
2014-06-06,41.061877639452
2014-06-09,41.025523608785
2014-06-10,41.025523608785
2014-06-11,40.589275240769
2014-06-12,39.507742828398
2014-06-13,39.844017612076
2014-06-16,40.189380903422
2014-06-17,40.362062549094
2014-06-18,40.380239564428
2014-06-19,41.007346593451
2014-06-20,40.780133901776
2014-06-23,40.880107486113
2014-06-24,40.243911949424
2014-06-25,39.889460150411
2014-06-26,39.925814181079
2014-06-27,39.825840596742
2014-06-30,40.089407319085
2014-07-01,40.761956886442
2014-07-02,41.18911674679
2014-07-03,41.598099591805
2014-07-07,42.261560651495
2014-07-08,41.752604222144
2014-07-09,41.94346288315
2014-07-10,43.034083803189
2014-07-11,43.488509186538
2014-07-14,43.688456355212
2014-07-15,43.206765448862
2014-07-16,43.406712617535
2014-07-17,43.006818280188
2014-07-18,43.715721878213
2014-07-21,43.697544862879
2014-07-22,43.806606954883
2014-07-23,43.888403523886
2014-07-24,44.015642631224
2014-07-25,43.733898893547
2014-07-28,43.688456355212
2014-07-29,43.234030971863
2014-07-30,42.479684835503
2014-07-31,42.170675574825
2014-08-01,42.325180205164
2014-08-04,42.670543496509
2014-08-05,44.133793230894
2014-08-06,44.20650129223
2014-08-07,44.097439200227
2014-08-08,44.57004159891
2014-08-11,45.269856689268
2014-08-12,45.115352058929
2014-08-13,45.478892365609
2014-08-14,45.41527281194
2014-08-15,45.206237135599
2014-08-18,45.251679673934
2014-08-19,45.378918781272
2014-08-20,45.479375232589
2014-08-21,45.26932992529
2014-08-22,44.876636524687
2014-08-25,45.168873473973
2014-08-26,44.931430952678
2014-08-27,45.278462329955
2014-08-28,45.433713209263
2014-08-29,45.53416966058
2014-09-02,45.716817753883
2014-09-03,45.598096493236
2014-09-04,45.844671419196
2014-09-05,45.990789893839
2014-09-08,46.146040773147
2014-09-09,46.082113940491
2014-09-10,46.273894438459
2014-09-11,46.502204555089
2014-09-12,46.036451917165
2014-09-15,46.173437987142
2014-09-16,46.812706313705
2014-09-17,46.757911885714
2014-09-18,47.543298686919
2014-09-19,47.205399714308
2014-09-22,46.995354407008
2014-09-23,46.365218485111
2014-09-24,46.995354407008
2014-09-25,46.100378749821
2014-09-26,46.456542531763
2014-09-29,46.849235932366
2014-09-30,46.666587839062
2014-10-01,46.0273195125
2014-10-02,46.146040773147
2014-10-03,46.675720243727
2014-10-06,46.200835201138
2014-10-07,45.26932992529
2014-10-08,43.853807202187
2014-10-09,43.041023186986
2014-10-10,42.337828027767
2014-10-13,40.876643281339
2014-10-14,39.342399297589
2014-10-15,39.251075250937
2014-10-16,39.424590939575
2014-10-17,40.639200760044
2014-10-20,41.46111717991
2014-10-21,41.735089319866
2014-10-22,41.789883747857
2014-10-23,41.588970845223
2014-10-24,41.625500463884
2014-10-27,40.748789616026
2014-10-28,41.7259569152
2014-10-29,41.844678175848
2014-10-30,42.538740930401
2014-10-31,42.922301926339
2014-11-03,43.150612042968
2014-11-04,45.241932711294
2014-11-05,45.945127870513
2014-11-06,45.634626111897
2014-11-07,46.164305582477
2014-11-10,46.365218485111
2014-11-11,46.684852648392
2014-11-12,46.31042405712
2014-11-13,46.401748103772
2014-11-14,46.894897955691
2014-11-17,47.479371854263
2014-11-18,47.716814375558
2014-11-19,47.9094798441
2014-11-20,48.230588958336
2014-11-21,48.359032604031
2014-11-24,48.579221710936
2014-11-25,48.560872618694
2014-11-26,48.79023627172
2014-11-28,48.331508965668
2014-12-01,48.129668951005
2014-12-02,48.909505371293
2014-12-03,49.276487216135
2014-12-04,48.423254426878
2014-12-05,48.854458094567
2014-12-08,48.129668951005
2014-12-09,48.661792626025
2014-12-10,47.0378979626
2014-12-11,46.698439756122
2014-12-12,45.735112413412
2014-12-15,45.71676332117
2014-12-16,45.248861468996
2014-12-17,45.54244694487
2014-12-18,46.936977955269
2014-12-19,47.927828936342
2014-12-22,48.368207150152
2014-12-23,48.781061725599
2014-12-24,48.726014448873
2014-12-26,49.010425378625
2014-12-29,48.744363541115
2014-12-30,48.52417443421
2014-12-31,47.707639829437
2015-01-02,47.725988921679
2015-01-05,46.07457061989
2015-01-06,45.166290553907
2015-01-07,45.845206966864
2015-01-08,45.175465100028
2015-01-09,44.790134162944
2015-01-12,44.23048684956
2015-01-13,44.294708672408
2015-01-14,43.533221344361
2015-01-15,43.313032237456
2015-01-16,43.744235905145
2015-01-20,43.303857691335
2015-01-21,43.762584997387
2015-01-22,44.111217749987
2015-01-23,43.918552281445
2015-01-26,44.303883218529
2015-01-27,44.294708672408
2015-01-28,43.569919528845
2015-01-29,43.96442501205
2015-01-30,42.780908562435
2015-02-02,44.193788665076
2015-02-03,44.735086886218
2015-02-04,42.340530348625
2015-02-05,44.661690517249
2015-02-06,43.634141351692
2015-02-09,43.468999521513
2015-02-10,43.652490443934
2015-02-11,43.046970399945
2015-02-12,43.780934089629
2015-02-13,44.390028029325
2015-02-17,44.085481059477
2015-02-18,44.030108883141
2015-02-19,44.094709755533
2015-02-20,44.436171509605
2015-02-23,44.53768716622
2015-02-24,44.897606312404
2015-02-25,44.390028029325
2015-02-26,43.882449746245
2015-02-27,44.186996716093
2015-03-02,44.159310627925
2015-03-03,43.854763658077
2015-03-04,43.448701031613
2015-03-05,43.817848873853
2015-03-06,42.682719258966
2015-03-09,42.81192100375
2015-03-10,42.009024446878
2015-03-11,41.990567054766
2015-03-12,43.04263840515
2015-03-13,42.728862739246
2015-03-16,42.90420796431
2015-03-17,42.682719258966
2015-03-18,43.531759296117
2015-03-19,42.90420796431
2015-03-20,43.328727982885
2015-03-23,43.494844511893
2015-03-24,43.337956678941
2015-03-25,43.107239277542
2015-03-26,42.728862739246
2015-03-27,42.876521876142
2015-03-30,43.762476697517
2015-03-31,43.744019305405
2015-04-01,43.771705393573
2015-04-02,43.697875825125
2015-04-06,44.602288038612
2015-04-07,44.445400205661
2015-04-08,44.602288038612
2015-04-09,44.205454108205
2015-04-10,44.260826284541
2015-04-13,44.186996716093
2015-04-14,44.306969764821
2015-04-15,44.666888911004
2015-04-16,44.574601950444
2015-04-17,44.556144558332
2015-04-20,44.574601950444
2015-04-21,44.242368892429
2015-04-22,44.390028029325
2015-04-23,44.546915862276
2015-04-24,44.49154368594
2015-04-27,44.86069152818
2015-04-28,45.017579361132
2015-04-29,45.174467194084
2015-04-30,45.109866321692
2015-05-01,45.940448966731
2015-05-04,46.438798553755
2015-05-05,46.466484641923
2015-05-06,46.088108103627
2015-05-07,46.438798553755
2015-05-08,47.297067286962
2015-05-11,47.620071648922
2015-05-12,47.915389922714
2015-05-13,48.136878628058
2015-05-14,48.801344744089
2015-05-15,48.949003880985
2015-05-18,49.032062145489
2015-05-19,48.727515175641
2015-05-20,48.644014102416
2015-05-21,49.098631056644
2015-05-22,48.866683631017
2015-05-26,48.384232985714
2015-05-27,49.33057848227
2015-05-28,48.857405733992
2015-05-29,49.033685777468
2015-06-01,49.200687923919
2015-06-02,48.950184704243
2015-06-03,48.671847793491
2015-06-04,47.679112811809
2015-06-05,47.326552724856
2015-06-08,47.326552724856
2015-06-09,47.326552724856
2015-06-10,48.439900367864
2015-06-11,48.300731912488
2015-06-12,48.161563457112
2015-06-15,47.567778047508
2015-06-16,47.734780193959
2015-06-17,47.261607445681
2015-06-18,47.660557017759
2015-06-19,47.781169679084
2015-06-22,48.235786633313
2015-06-23,48.245064530338
2015-06-24,47.734780193959
2015-06-25,47.038937917079
2015-06-26,45.990535553247
2015-06-29,44.95141108644
2015-06-30,44.738019454863
2015-07-01,45.127691129916
2015-07-02,45.136969026941
2015-07-06,44.617406793537
2015-07-07,44.663796278663
2015-07-08,44.079288766084
2015-07-09,43.689617091031
2015-07-10,43.800951855332
2015-07-13,44.070010869058
2015-07-14,44.339069882785
2015-07-15,44.032899280958
2015-07-16,44.394737264936
2015-07-17,44.552461514362
2015-07-20,44.571017308412
2015-07-21,44.060732972033
2015-07-22,44.23701301551
2015-07-23,44.552461514362
2015-07-24,43.782396061281
2015-07-27,43.847341340457
2015-07-28,44.858632116189
2015-07-29,44.654518381638
2015-07-30,44.366903573861
2015-07-31,43.995787692858
2015-08-03,44.25556880956
2015-08-04,44.914299498339
2015-08-05,44.738019454863
2015-08-06,44.487516235186
2015-08-07,43.067997990351
2015-08-10,43.170054857627
2015-08-11,42.743271594474
2015-08-12,43.50405915053
2015-08-13,44.079288766084
2015-08-14,43.791673958307
2015-08-17,44.339069882785
2015-08-18,44.497723679461
2015-08-19,43.601796357056
2015-08-20,43.116502390753
2015-08-21,42.108584153047
2015-08-24,40.643369677864
2015-08-25,40.139410559011
2015-08-26,41.054003033966
2015-08-27,41.837939441071
2015-08-28,41.66995306812
2015-08-31,41.987260661472
2015-09-01,40.447385576088
2015-09-02,40.708697711789
2015-09-03,40.830021203365
2015-09-04,40.036752219985
2015-09-08,40.783358321989
2015-09-09,40.120745406461
2015-09-10,40.186073440386
2015-09-11,39.962091609785
2015-09-14,40.06474994881
2015-09-15,40.568709067663
2015-09-16,41.240654559467
2015-09-17,41.296650017118
2015-09-18,40.344727237062
2015-09-21,40.484715881188
2015-09-22,39.616786287608
2015-09-23,39.252815812881
2015-09-24,39.21548550778
2015-09-25,39.663449168983
2015-09-28,38.3475559142
2015-09-29,38.282227880275
2015-09-30,38.683528660102
2015-10-01,38.692861236377
2015-10-02,39.588788558782
2015-10-05,40.727362864339
2015-10-06,40.727362864339
2015-10-07,41.352645474768
2015-10-08,42.117916729322
2015-10-09,42.388561441299
2015-10-12,42.407226593849
2015-10-13,41.921932627546
2015-10-14,41.959262932646
2015-10-15,42.51921750915
2015-10-16,42.892520560152
2015-10-19,42.901853136427
2015-10-20,42.649873577
2015-10-21,42.267237949723
2015-10-22,43.583131204506
2015-10-23,43.760450153732
2015-10-26,43.293821339979
2015-10-27,43.153832695853
2015-10-28,43.676456967256
2015-10-29,42.491219780325
2015-10-30,42.6125432719
2015-11-02,43.191163000954
2015-11-03,40.270066626861
2015-11-04,40.148743135286
2015-11-05,40.195406016661
2015-11-06,39.318143846806
2015-11-09,38.748856694028
2015-11-10,37.918257405548
2015-11-11,37.806266490247
2015-11-12,35.939751235236
2015-11-13,35.239808014607
2015-11-16,35.949083811511
2015-11-17,34.971389063499
2015-11-18,35.168808195309
2015-11-19,34.247518913529
2015-11-20,33.683464251215
2015-11-23,34.520145333648
2015-11-24,33.880883383025
2015-11-25,34.285122557683
2015-11-27,34.275721646645
2015-11-30,34.30392437976
2015-12-01,34.501343511571
2015-12-02,34.332127112876
2015-12-03,33.476644208366
2015-12-04,33.815077005755
2015-12-07,33.288625987594
2015-12-08,33.157013233054
2015-12-09,33.288625987594
2015-12-10,32.98779683436
2015-12-11,32.169917574004
2015-12-14,32.13231392985
2015-12-15,32.771575880473
2015-12-16,33.279225076556
2015-12-17,32.235723951274
2015-12-18,32.903188635013
2015-12-21,33.194616877209
2015-12-22,34.228717091452
2015-12-23,34.482541689493
2015-12-24,34.454338956378
2015-12-28,34.313325290799
2015-12-29,34.867979042075
2015-12-30,34.670559910265
2015-12-31,34.482541689493
2016-01-04,33.692865162253
2016-01-05,34.068901603796
2016-01-06,33.241621432401
2016-01-07,32.451944905161
2016-01-08,32.32973306166
2016-01-11,32.113512107772
2016-01-12,32.216922129197
2016-01-13,31.464849246111
2016-01-14,31.361439224686
2016-01-15,29.62227068255
2016-01-19,28.682179578693
2016-01-20,29.415450639701
2016-01-21,30.007708035132
2016-01-22,31.239227381185
2016-01-25,30.487154498099
2016-01-26,31.615263822728
2016-01-27,31.718673844152
2016-01-28,32.621161303856
2016-01-29,33.232220521363
2016-02-01,33.335630542787
2016-02-02,30.421348120829
2016-02-03,31.436646512995
2016-02-04,32.19812030712
2016-02-05,32.028903908425
2016-02-08,31.305033758455
2016-02-09,31.568259267535
2016-02-10,31.192222825992
2016-02-11,30.01710894617
2016-02-12,30.795295140791
2016-02-16,31.905633979458
2016-02-17,31.696852317486
2016-02-18,32.171356094694
2016-02-19,30.985096651674
2016-02-22,32.066965263708
2016-02-23,32.066965263708
2016-02-24,32.123905716973
2016-02-25,32.854641533873
2016-02-26,33.015972818124
2016-02-29,33.177304102375
2016-03-01,33.670788030671
2016-03-02,34.002940674716
2016-03-03,34.951948229132
2016-03-04,35.730134423753
2016-03-07,35.246140571001
2016-03-08,34.1927421856
2016-03-09,34.221212412232
2016-03-10,33.946000221451
2016-03-11,34.733676491617
2016-03-14,34.838067322602
2016-03-15,34.69571618944
2016-03-16,35.549822988414
2016-03-17,36.252088578682
2016-03-18,36.128717596608
2016-03-21,36.223618352049
2016-03-22,35.692174121576
2016-03-23,34.733676491617
2016-03-24,34.610305509542
2016-03-28,34.496424603013
2016-03-29,34.989908531309
2016-03-30,34.752656642705
2016-03-31,34.458464300836
2016-04-01,34.610305509542
2016-04-04,34.202232261144
2016-04-05,33.319655235537
2016-04-06,33.727728483936
2016-04-07,33.898549843731
2016-04-08,34.249682638864
2016-04-11,34.164271958967
2016-04-12,34.951948229132
2016-04-13,35.246140571001
2016-04-14,34.724186416072
2016-04-15,35.397981779708
2016-04-18,35.787074877018
2016-04-19,36.280558805314
2016-04-20,36.88792364014
2016-04-21,36.394439711844
2016-04-22,37.599679305952
2016-04-25,37.258036586362
2016-04-26,37.704070136938
2016-04-27,37.874891496733
2016-04-28,38.026732705439
2016-04-29,37.903361723365
2016-05-02,38.207044140778
2016-05-03,37.106195377656
2016-05-04,36.745572506978
2016-05-05,36.138207672152
2016-05-06,36.252088578682
2016-05-09,35.806055028106
2016-05-10,36.441890089565
2016-05-11,36.024326765622
2016-05-12,36.574751147183
2016-05-13,35.711154272665
2016-05-16,36.014836690078
2016-05-17,35.861785591262
2016-05-18,35.880916978614
2016-05-19,36.703566634749
2016-05-20,38.100157911442
2016-05-23,38.683665225677
2016-05-24,40.223741907511
2016-05-25,40.635066735578
2016-05-26,41.199442662461
2016-05-27,41.352493761277
2016-05-31,40.912471852181
2016-06-01,40.969866014237
2016-06-02,41.5820704095
2016-06-03,41.706424427288
2016-06-06,41.77338428302
2016-06-07,41.763818589344
2016-06-08,41.91686968816
2016-06-09,41.926435381836
2016-06-10,41.161179887757
2016-06-13,40.003730952963
2016-06-14,39.965468178259
2016-06-15,40.31939884427
2016-06-16,40.223741907511
2016-06-17,40.472449943086
2016-06-20,40.60636965455
2016-06-21,40.118519277075
2016-06-22,40.175913439131
2016-06-23,40.855077690125
2016-06-24,38.741059387733
2016-06-27,37.440125047799
2016-06-28,38.798453549789
2016-06-29,39.774154304739
2016-06-30,41.027260176293
2016-07-01,40.759420753366
2016-07-05,40.128084970751
2016-07-06,40.290701763242
2016-07-07,40.290701763242
2016-07-08,41.591636103176
2016-07-11,41.285533905545
2016-07-12,41.409887923332
2016-07-13,41.228139743489
2016-07-14,41.591636103176
2016-07-15,42.041223705947
2016-07-18,42.328194516227
2016-07-19,41.591636103176
2016-07-20,41.505544860092
2016-07-21,41.505544860092
2016-07-22,41.8212127514
2016-07-25,41.706424427288
2016-07-26,41.96469815654
2016-07-27,41.993395237567
2016-07-28,42.98822737987
2016-07-29,43.122147091334
2016-08-01,42.318628822551
2016-08-02,41.562939022148
2016-08-03,42.022092318595
2016-08-04,41.840344138752
2016-08-05,42.519508389747
2016-08-08,42.586468245478
2016-08-09,42.452548534015
2016-08-10,42.385588678283
2016-08-11,42.022092318595
2016-08-12,42.156012030059
2016-08-15,42.156012030059
2016-08-16,41.867074319092
2016-08-17,42.021174431608
2016-08-18,41.963386889415
2016-08-19,41.876705576125
2016-08-22,42.184905801156
2016-08-23,42.493106026187
2016-08-24,41.722605463609
2016-08-25,40.99062992916
2016-08-26,40.826898559612
2016-08-29,41.260305126062
2016-08-30,41.616661636254
2016-08-31,42.146380773027
2016-09-01,41.549242837029
2016-09-02,42.20416831522
2016-09-06,42.319743399607
2016-09-07,42.396793455865
2016-09-08,41.645555407351
2016-09-09,40.470542049419
2016-09-12,41.375880210449
2016-09-13,40.451279535355
2016-09-14,40.43201702129
2016-09-15,40.720954732257
2016-09-16,40.480173306452
2016-09-19,40.624642161935
2016-09-20,40.595748390838
2016-09-21,41.231411354965
2016-09-22,41.395142724513
2016-09-23,40.90394861587
2016-09-26,40.354966965033
2016-09-27,40.345335708
2016-09-28,40.306810679872
2016-09-29,39.99861045484
2016-09-30,40.615010904903
2016-10-03,41.318092668255
2016-10-04,41.212148840901
2016-10-05,41.674449178448
2016-10-06,41.568505351093
2016-10-07,41.07731124245
2016-10-10,41.674449178448
2016-10-11,40.778742274451
2016-10-12,40.826898559612
2016-10-13,40.692060961161
2016-10-14,40.576485876774
2016-10-17,40.306810679872
2016-10-18,40.43201702129
2016-10-19,40.663167190064
2016-10-20,40.624642161935
2016-10-21,40.759479760386
2016-10-24,40.942473643999
2016-10-25,40.961736158063
2016-10-26,41.68408043548
2016-10-27,41.491455294835
2016-10-28,41.982649403479
2016-10-31,41.963386889415
2016-11-01,45.026126625663
2016-11-02,45.517320734307
2016-11-03,45.681052103854
2016-11-04,45.189857995211
2016-11-07,45.31506433663
2016-11-08,45.960358557789
2016-11-09,44.573457545148
2016-11-10,43.514019271603
2016-11-11,40.191235595485
2016-11-14,41.587767865158
2016-11-15,42.179384898687
2016-11-16,41.956316181127
2016-11-17,41.704151543885
2016-11-18,42.179384898687
2016-11-21,42.33456313699
2016-11-22,42.198782178475
2016-11-23,41.946617541233
2016-11-25,42.237576738051
2016-11-28,41.810836582718
2016-11-29,41.481082826325
2016-11-30,41.927220261445
2016-12-01,42.974673369989
2016-12-02,42.674015533278
2016-12-05,42.577029134338
2016-12-06,43.333523046065
2016-12-07,43.837852320549
2016-12-08,44.584647592381
2016-12-09,45.156867346123
2016-12-12,45.603004781243
2016-12-13,45.00168910782
2016-12-14,44.216099276412
2016-12-15,44.361578874821
2016-12-16,45.108374146653
2016-12-19,44.68163399132
2016-12-20,44.827113589729
2016-12-21,44.739825830684
2016-12-22,43.818455040761
2016-12-23,43.789359121079
2016-12-27,44.274291115775
2016-12-28,43.973633279064
2016-12-29,43.993030558852
2016-12-30,44.274291115775
2017-01-03,44.798017670047
2017-01-04,44.720428550896
2017-01-05,44.390674794503
2017-01-06,43.37231760564
2017-01-09,43.401413525322
2017-01-10,43.120152968398
2017-01-11,42.683714173171
2017-01-12,42.130891699218
2017-01-13,42.247275377945
2017-01-17,43.343221685958
2017-01-18,43.595386323201
2017-01-19,43.158947527974
2017-01-20,43.382016245534
2017-01-23,43.362618965746
2017-01-24,43.314125766277
2017-01-25,43.837852320549
2017-01-26,43.207440727444
2017-01-27,43.178344807762
2017-01-30,42.800097851899
2017-01-31,42.92618017052
2017-02-01,42.450946815717
2017-02-02,42.664316893384
2017-02-03,42.664316893384
2017-02-06,42.693412813065
2017-02-07,43.246235287019
2017-02-08,42.150288979006
2017-02-09,42.227878098157
2017-02-10,42.509138655081
2017-02-13,42.392754976354
2017-02-14,42.412152256142
2017-02-15,43.129851608292
2017-02-16,43.081358408822
2017-02-17,43.657730324043
2017-02-21,43.774958510189
2017-02-22,43.687037370579
2017-02-23,44.048490944531
2017-02-24,44.214564208238
2017-02-27,44.322023378872
2017-02-28,45.885065860825
2017-03-01,45.435691147264
2017-03-02,44.429482549507
2017-03-03,44.155950115165
2017-03-06,43.726113432628
2017-03-07,43.433042967262
2017-03-08,42.973899238188
2017-03-09,43.393966905213
2017-03-10,43.99964586697
2017-03-13,43.667499339555
2017-03-14,43.638192293018
2017-03-15,43.970338820433
2017-03-16,43.814034572238
2017-03-17,43.687037370579
2017-03-20,43.814034572238
2017-03-21,43.91172472736
2017-03-22,44.556479751165
2017-03-23,44.556479751165
2017-03-24,44.527172704629
2017-03-27,44.302485347848
2017-03-28,44.6639389218
2017-03-29,45.171927728434
2017-03-30,45.044930526776
2017-03-31,44.97654741819
2017-04-03,44.742091045897
2017-04-04,44.361099440921
2017-04-05,44.214564208238
2017-04-06,44.204795192726
2017-04-07,43.853110634287
2017-04-10,43.950800789409
2017-04-11,43.511195091359
2017-04-12,43.618654261994
2017-04-13,43.257200688042
2017-04-17,43.64796130853
2017-04-18,44.361099440921
2017-04-19,43.569809184433
2017-04-20,43.862879649799
2017-04-21,43.774958510189
2017-04-24,44.331792394385
2017-04-25,44.527172704629
2017-04-26,44.22433322375
2017-04-27,44.722553014873
2017-04-28,44.693245968336
2017-05-01,44.673707937312
2017-05-02,40.707487639357
2017-05-03,40.355803080917
2017-05-04,41.420625771748
2017-05-05,41.449932818284
2017-05-08,41.967690640431
2017-05-09,41.381549709699
2017-05-10,41.313166601113
2017-05-11,41.059172197796
2017-05-12,40.990789089211
2017-05-15,41.16663136843
2017-05-16,41.244783492528
2017-05-17,40.870725790209
2017-05-18,40.664009691559
2017-05-19,40.851038542719
2017-05-22,40.851038542719
2017-05-23,42.366956599485
2017-05-24,41.884619035968
2017-05-25,41.953524402185
2017-05-26,41.786182798516
2017-05-30,41.451499591178
2017-05-31,40.929787532681
2017-06-01,41.166034502566
2017-06-02,41.559779452375
2017-06-05,41.284157987509
2017-06-06,41.294001611254
2017-06-07,41.254627116273
2017-06-08,41.353063353726
2017-06-09,41.362906977471
2017-06-12,41.766495551025
2017-06-13,41.697590184809
2017-06-14,41.392437848706
2017-06-15,41.697590184809
2017-06-16,41.894462659713
2017-06-19,41.776339174771
2017-06-20,40.831351295228
2017-06-21,40.604947949088
2017-06-22,40.388388226693
2017-06-23,40.516355335381
2017-06-26,40.654166067814
2017-06-27,40.358857355457
2017-06-28,40.49666808789
2017-06-29,39.994643276883
2017-06-30,40.732915057776
2017-07-03,40.811664047738
2017-07-05,41.146347255076
2017-07-06,40.457293592909
2017-07-07,40.595104325343
2017-07-10,40.171828504298
2017-07-11,39.659960069545
2017-07-12,40.260421118005
2017-07-13,40.732915057776
2017-07-14,40.831351295228
2017-07-17,40.949474780171
2017-07-18,40.536042582871
2017-07-19,40.634478820324
2017-07-20,40.772289552757
2017-07-21,40.614791572833
2017-07-24,40.732915057776
2017-07-25,41.303845234999
2017-07-26,41.057754641369
2017-07-27,41.126660007585
2017-07-28,41.126660007585
2017-07-31,41.520404957395
2017-08-01,42.622890816861
2017-08-02,41.825557293497
2017-08-03,41.953524402185
2017-08-04,41.923993530949
2017-08-07,41.776339174771
2017-08-08,41.579466699866
2017-08-09,41.825557293497
2017-08-10,41.461343214923
2017-08-11,40.614791572833
2017-08-14,41.294001611254
2017-08-15,41.707433808554
2017-08-16,41.806619144603
2017-08-17,41.330529531568
2017-08-18,40.933788187373
2017-08-21,41.221425661914
2017-08-22,41.380122199593
2017-08-23,41.429714867617
2017-08-24,40.74533604888
2017-08-25,41.409877800407
2017-08-28,41.429714867617
2017-08-29,41.399959266802
2017-08-30,41.518981670061
2017-08-31,40.983380855397
2017-09-01,41.856211812627
2017-09-05,41.5983299389
2017-09-06,42.054582484725
2017-09-07,42.243034623218
2017-09-08,42.02482688391
2017-09-11,42.441405295316
2017-09-12,42.857983706721
2017-09-13,42.93733197556
2017-09-14,43.096028513238
2017-09-15,43.482851323829
2017-09-18,43.730814663951
2017-09-19,43.532443991853
2017-09-20,42.967087576375
2017-09-21,42.93733197556
2017-09-22,43.026598778004
2017-09-25,43.215050916497
2017-09-26,43.165458248473
2017-09-27,42.699287169043
2017-09-28,42.401731160896
2017-09-29,42.163686354379
2017-10-02,42.272790224033
2017-10-03,42.371975560081
2017-10-04,42.679450101833
2017-10-05,42.996843177189
2017-10-06,42.649694501018
2017-10-09,42.262871690428
2017-10-10,42.659613034623
2017-10-11,42.93733197556
2017-10-12,43.086109979633
2017-10-13,43.641547861507
2017-10-16,43.34399185336
2017-10-17,43.314236252546
2017-10-18,42.95716904277
2017-10-19,42.95716904277
2017-10-20,43.135702647658
2017-10-23,43.215050916497
2017-10-24,43.373747454175
2017-10-25,43.135702647658
2017-10-26,42.659613034623
2017-10-27,42.719124236253
2017-10-30,42.461242362525
2017-10-31,40.537046843177
2017-11-01,40.289083503055
2017-11-02,39.83283095723
2017-11-03,39.455926680244
2017-11-06,38.950081466395
2017-11-07,39.217881873727
2017-11-09,39.277393075356
2017-11-10,39.604704684318
2017-11-13,39.416252545825
2017-11-14,39.465845213849
2017-11-15,38.96
2017-11-16,39.19
2017-11-17,39.42
2017-11-20,39.2
2017-11-21,39.34
2017-11-22,39.24
2017-11-24,39.14
2017-11-27,39.07
2017-11-28,39.09
2017-11-29,39.77
2017-11-30,39.88
2017-12-01,40.83
2017-12-04,41.2
2017-12-05,40.84
2017-12-06,41.22
2017-12-07,41.31
2017-12-08,41.51
2017-12-11,41.9
2017-12-12,41.77
2017-12-13,40.05
2017-12-14,39.57
2017-12-15,40.56
2017-12-18,40.22
2017-12-19,40.13
2017-12-20,39.87
2017-12-21,40.09
2017-12-22,40.19
2017-12-26,40.26
2017-12-27,40.24
2017-12-28,40.27
2017-12-29,40.08
2018-01-02,40.09
2018-01-03,39.78
2018-01-04,40.45
2018-01-05,40.18
2018-01-08,40.09
2018-01-09,40.22
2018-01-10,39.91
2018-01-11,40.56
2018-01-12,40.5
2018-01-16,40.78
2018-01-17,40.91
2018-01-18,40.48
2018-01-19,40.96
2018-01-22,42.75
2018-01-23,42.61
2018-01-24,42.84
2018-01-25,42.89
2018-01-26,43.59
2018-01-29,43.11
2018-01-30,42.48
2018-01-31,42.95
2018-02-01,42.46
2018-02-02,41.43
2018-02-05,40.6
2018-02-06,42.0
2018-02-07,42.19
2018-02-08,41.35
2018-02-09,41.49
2018-02-12,41.27
2018-02-13,41.34
2018-02-14,41.82
2018-02-15,43.2
2018-02-16,43.13
2018-02-20,42.57
2018-02-21,42.12
2018-02-22,41.76
2018-02-23,42.57
2018-02-26,42.17
2018-02-27,41.64
2018-02-28,41.52
2018-03-01,41.25
2018-03-02,42.2
2018-03-05,42.72
2018-03-06,43.12
2018-03-07,43.03
2018-03-08,43.29
2018-03-09,43.3
2018-03-12,44.53
2018-03-13,44.24
2018-03-14,43.77
2018-03-15,43.26
2018-03-16,43.5
2018-03-19,43.06
2018-03-20,42.97
2018-03-21,42.62
2018-03-22,41.94
2018-03-23,42.05
2018-03-26,42.83
2018-03-27,42.87
