Date,ADS
2010-01-04,65.282648531966
2010-01-05,65.411450236461
2010-01-06,65.738408409409
2010-01-07,66.342785638192
2010-01-08,67.056148924624
2010-01-11,67.125503688582
2010-01-12,66.025735288666
2010-01-13,66.005919641821
2010-01-14,66.07527440578
2010-01-15,65.034952946399
2010-01-19,66.630112517449
2010-01-20,66.511218636377
2010-01-21,63.241636906896
2010-01-22,60.754773227806
2010-01-25,59.694636121581
2010-01-26,59.863069119766
2010-01-27,60.001778647683
2010-01-28,59.397401418901
2010-01-29,58.91191807119
2010-02-01,60.457538525126
2010-02-02,60.893482755724
2010-02-03,54.195794121999
2010-02-04,52.561003257259
2010-02-05,54.79026352736
2010-02-08,55.315378168761
2010-02-09,54.483121001257
2010-02-10,53.680587304021
2010-02-11,54.106623711195
2010-02-12,53.363536954495
2010-02-16,53.680587304021
2010-02-17,53.49233865899
2010-02-18,54.819986997628
2010-02-19,56.355699628141
2010-02-22,56.623210860553
2010-02-23,55.463995520101
2010-02-24,55.870216280431
2010-02-25,55.563073754328
2010-02-26,54.928973055277
2010-03-01,55.6819676354
2010-03-02,56.57367174344
2010-03-03,57.950859199191
2010-03-04,58.604775545087
2010-03-05,59.80362217923
2010-03-08,59.645097004467
2010-03-09,60.318828997209
2010-03-10,61.14117834129
2010-03-11,62.122052860135
2010-03-12,62.171591977248
2010-03-15,63.509148139308
2010-03-16,65.07458424009
2010-03-17,65.579883234646
2010-03-18,64.549469598689
2010-03-19,63.47942466904
2010-03-22,63.687488960916
2010-03-23,63.984723663596
2010-03-24,63.707304607762
2010-03-25,63.984723663596
2010-03-26,63.528963786154
2010-03-29,63.796475018566
2010-03-30,63.410069905082
2010-03-31,63.400162081659
2010-04-01,63.697396784339
2010-04-05,64.390944423926
2010-04-06,65.361911119347
2010-04-07,65.143939004049
2010-04-08,64.212603602318
2010-04-09,64.361220953658
2010-04-12,64.281958366276
2010-04-13,64.18288013205
2010-04-14,66.640020340872
2010-04-15,66.70937510483
2010-04-16,66.253615227388
2010-04-19,66.590481223758
2010-04-20,67.630802683139
2010-04-21,67.581263566025
2010-04-22,72.83240998004
2010-04-23,76.032636945562
2010-04-26,75.606600538387
2010-04-27,74.298767846595
2010-04-28,74.070887907873
2010-04-29,74.932868545646
2010-04-30,74.368122610554
2010-05-03,76.646921997767
2010-05-04,75.794849183418
2010-05-05,74.9130528988
2010-05-06,71.425499054021
2010-05-07,70.840937472083
2010-05-10,75.279642365439
2010-05-11,75.755217889727
2010-05-12,77.261207049973
2010-05-13,76.131715179789
2010-05-14,69.285409194724
2010-05-17,70.157297655919
2010-05-18,68.978266668622
2010-05-19,69.701537778476
2010-05-20,68.106378207427
2010-05-21,69.166515313652
2010-05-24,69.424118722642
2010-05-25,68.60176937856
2010-05-26,68.770202376746
2010-05-27,71.207526938722
2010-05-28,70.008680304579
2010-06-01,67.700157447097
2010-06-02,69.770892542435
2010-06-03,71.465130347712
2010-06-04,67.977576502932
2010-06-07,65.451081530151
2010-06-08,65.976196171553
2010-06-09,65.629422351759
2010-06-10,66.877808103016
2010-06-11,68.7503867299
2010-06-14,67.828959151592
2010-06-15,69.800616012703
2010-06-16,70.404993241486
2010-06-17,70.246468066723
2010-06-18,69.850155129816
2010-06-21,68.403612910107
2010-06-22,65.887025760749
2010-06-23,66.352693461614
2010-06-24,64.945782535595
2010-06-25,63.310991670855
2010-06-28,62.577812737577
2010-06-29,59.050627599107
2010-06-30,58.971365011726
2010-07-01,58.971365011726
2010-07-02,55.186576464266
2010-07-06,54.126439358041
2010-07-07,55.295562521916
2010-07-08,56.058464925461
2010-07-09,57.663532319934
2010-07-12,55.553165930905
2010-07-13,58.178739137912
2010-07-14,58.218370431603
2010-07-15,58.267909548716
2010-07-16,55.364917285874
2010-07-19,56.325976157873
2010-07-20,56.672749977667
2010-07-21,56.732196918203
2010-07-22,55.206392111112
2010-07-23,56.137727512843
2010-07-26,58.040029609995
2010-07-27,58.099476550531
2010-07-28,57.693255790202
2010-07-29,57.039339444305
2010-07-30,56.950169033501
2010-08-02,58.555236427974
2010-08-03,58.485881664015
2010-08-04,60.368368114322
2010-08-05,60.556616759353
2010-08-06,60.853851462033
2010-08-09,63.29117602401
2010-08-10,60.526893289085
2010-08-11,57.772518377583
2010-08-12,57.326666323563
2010-08-13,57.534730615439
2010-08-16,56.543948273172
2010-08-17,59.100166716221
2010-08-18,58.50569731086
2010-08-19,56.712381271357
2010-08-20,56.068372748884
2010-08-23,55.483811166946
2010-08-24,53.740034244557
2010-08-25,54.423674060721
2010-08-26,54.245333239113
2010-08-27,56.801551682161
2010-08-30,56.207082276801
2010-08-31,55.672059811977
2010-09-01,58.882194600922
2010-09-02,60.031502117951
2010-09-03,60.437722878281
2010-09-07,58.76330071985
2010-09-08,58.783116366695
2010-09-09,60.734957580961
2010-09-10,61.190717458404
2010-09-13,63.310991670855
2010-09-14,62.29048585832
2010-09-15,63.172282142938
2010-09-16,62.458918856505
2010-09-17,62.716522265495
2010-09-20,63.994631487019
2010-09-21,62.845323969989
2010-09-22,62.73633791234
2010-09-23,61.973435508795
2010-09-24,64.747626067142
2010-09-27,66.41214040215
2010-09-28,65.887025760749
2010-09-29,65.708684939141
2010-09-30,64.658455656338
2010-10-01,65.104307710358
2010-10-04,62.835416146567
2010-10-05,64.440483541039
2010-10-06,63.519055962731
2010-10-07,63.489332492463
2010-10-08,63.955000193328
2010-10-11,64.163064485204
2010-10-12,65.560067587801
2010-10-13,67.620894859716
2010-10-14,68.116286030849
2010-10-15,67.719973093943
2010-10-18,67.274121039923
2010-10-19,65.134031180626
2010-10-20,62.072513743021
2010-10-21,62.894863087103
2010-10-22,63.647857667226
2010-10-25,63.608226373535
2010-10-26,61.577122571888
2010-10-27,59.902700413457
2010-10-28,58.485881664015
2010-10-29,60.160303822446
2010-11-01,59.882884766611
2010-11-02,60.289105526941
2010-11-03,61.349242633166
2010-11-04,62.498550150196
2010-11-05,62.369748445701
2010-11-08,61.943712038527
2010-11-09,61.497859984507
2010-11-10,62.191407624093
2010-11-11,62.597628384423
2010-11-12,61.606846042156
2010-11-15,61.418597397125
2010-11-16,61.022284460218
2010-11-17,60.447630701704
2010-11-18,61.022284460218
2010-11-19,61.151086164713
2010-11-22,61.99325115564
2010-11-23,62.022974625908
2010-11-24,63.855921959102
2010-11-26,63.112835202402
2010-11-29,62.191407624093
2010-11-30,62.498550150196
2010-12-01,65.550159764378
2010-12-02,66.5211264598
2010-12-03,67.551540095757
2010-12-06,67.333567980459
2010-12-07,67.254305393077
2010-12-08,67.610987036293
2010-12-09,68.552230261447
2010-12-10,69.19623878392
2010-12-13,68.393705086684
2010-12-14,68.463059850643
2010-12-15,68.254995558767
2010-12-16,69.701537778476
2010-12-17,69.424118722642
2010-12-20,70.078035068538
2010-12-21,70.682412297321
2010-12-22,70.573426239671
2010-12-23,70.028495951425
2010-12-27,70.276191536991
2010-12-28,70.107758538806
2010-12-29,70.335638477527
2010-12-30,70.662596650475
2010-12-31,70.375269771218
2011-01-03,71.851535461196
2011-01-04,71.38586776033
2011-01-05,70.028495951425
2011-01-06,70.821121825238
2011-01-07,70.543702769403
2011-01-10,71.128264351341
2011-01-11,71.356144290062
2011-01-12,72.921580390844
2011-01-13,71.603839875629
2011-01-14,71.49485381798
2011-01-18,71.34623646664
2011-01-19,70.613057533362
2011-01-20,71.356144290062
2011-01-21,70.979647000001
2011-01-24,72.42618921971
2011-01-25,72.327110985484
2011-01-26,72.287479691793
2011-01-27,71.762365050392
2011-01-28,70.593241886517
2011-01-31,70.087942891961
2011-02-01,71.593932052206
2011-02-02,74.87342160511
2011-02-03,77.122497522056
2011-02-04,75.804757006841
2011-02-07,77.221575756282
2011-02-08,76.468581176159
2011-02-09,76.65682982119
2011-02-10,77.271114873396
2011-02-11,77.80613733822
2011-02-14,79.14369350028
2011-02-15,78.420422390425
2011-02-16,77.776413867952
2011-02-17,77.984478159828
2011-02-18,78.232173745394
2011-02-22,75.91374306449
2011-02-23,75.784941359995
2011-02-24,76.537935940118
2011-02-25,77.627796516612
2011-02-28,78.014201630096
2011-03-01,76.845078466221
2011-03-02,77.191852286014
2011-03-03,79.817425493022
2011-03-04,80.471341838918
2011-03-07,80.14438366597
2011-03-08,79.658900318259
2011-03-09,79.312126498465
2011-03-10,78.004293806673
2011-03-11,78.004293806673
2011-03-14,77.39991657789
2011-03-15,79.322034321888
2011-03-16,80.540696602876
2011-03-17,80.917193892938
2011-03-18,80.382171428114
2011-03-21,82.532169110833
2011-03-22,83.285163690956
2011-03-23,83.106822869348
2011-03-24,83.750831391821
2011-03-25,84.077789564769
2011-03-28,82.938389871162
2011-03-29,82.839311636936
2011-03-30,84.275946033223
2011-03-31,85.098295377304
2011-04-01,85.137926670995
2011-04-04,83.423873218873
2011-04-05,82.96811334143
2011-04-06,83.344610631492
2011-04-07,84.147144328728
2011-04-08,84.216499092687
2011-04-11,83.71120009813
2011-04-12,83.027560281966
2011-04-13,83.473412335986
2011-04-14,82.839311636936
2011-04-15,82.888850754049
2011-04-18,82.987928988276
2011-04-19,83.136546339616
2011-04-20,86.118801189839
2011-04-21,89.418106389588
2011-04-25,89.665801975154
2011-04-26,90.072022735484
2011-04-27,91.795984011028
2011-04-28,92.350822122698
2011-04-29,94.124322515356
2011-05-02,95.204275268426
2011-05-03,92.638149001955
2011-05-04,92.033771773172
2011-05-05,91.300592839895
2011-05-06,89.953128854412
2011-05-09,90.022483618371
2011-05-10,90.854740785875
2011-05-11,92.113034360554
2011-05-12,93.093908879398
2011-05-13,90.934003373256
2011-05-16,90.795293845339
2011-05-17,89.319028155361
2011-05-18,89.57663156435
2011-05-19,90.002667971525
2011-05-20,90.646676493999
2011-05-23,87.951748523033
2011-05-24,88.179628461754
2011-05-25,88.278706695981
2011-05-26,91.161883311978
2011-05-27,92.856121117254
2011-05-31,93.06418540913
2011-06-01,91.934693538946
2011-06-02,90.616953023731
2011-06-03,89.031701276104
2011-06-06,86.921334887075
2011-06-07,87.278016530291
2011-06-08,87.19875394291
2011-06-09,87.377094764518
2011-06-10,85.60359437186
2011-06-13,86.098985542994
2011-06-14,87.129399178951
2011-06-15,86.396220245674
2011-06-16,86.386312422251
2011-06-17,87.317647823982
2011-06-20,88.9425308653
2011-06-21,92.06349524344
2011-06-22,91.102436371441
2011-06-23,90.527782612927
2011-06-24,88.526402281548
2011-06-27,90.537690436349
2011-06-28,91.558196248884
2011-06-29,92.122942183976
2011-06-30,93.202894937047
2011-07-01,93.767640872139
2011-07-05,94.946671859437
2011-07-06,95.14482832789
2011-07-07,96.918328720548
2011-07-08,96.829158309744
2011-07-11,95.323169149498
2011-07-12,94.114414691933
2011-07-13,94.570174569376
2011-07-14,94.3621102775
2011-07-15,93.351512288387
2011-07-18,93.817179989253
2011-07-19,97.017406954775
2011-07-20,98.513488291598
2011-07-21,95.590680381911
2011-07-22,96.749895722363
2011-07-25,98.444133527639
2011-07-26,99.484454987019
2011-07-27,98.265792706031
2011-07-28,97.691138947516
2011-07-29,97.433535538527
2011-08-01,96.839066133167
2011-08-02,94.530543275685
2011-08-03,94.560266745953
2011-08-04,89.913497560721
2011-08-05,87.357279117673
2011-08-08,80.907286069515
2011-08-09,84.107513035037
2011-08-10,82.37364393607
2011-08-11,86.515114126746
2011-08-12,88.53631010497
2011-08-15,90.894372079565
2011-08-16,90.438612202123
2011-08-17,89.53700027066
2011-08-18,84.573180735903
2011-08-19,82.244842231575
2011-08-22,83.176177633306
2011-08-23,86.178248130375
2011-08-24,87.961656346455
2011-08-25,87.129399178951
2011-08-26,89.071332569794
2011-08-29,91.439302367812
2011-08-30,91.964417009214
2011-08-31,92.548978591151
2011-09-01,91.528472778616
2011-09-02,89.685617622
2011-09-06,89.873866267031
2011-09-07,92.02386394975
2011-09-08,91.251053722782
2011-09-09,88.873176101341
2011-09-12,89.57663156435
2011-09-13,89.517184623814
2011-09-14,91.984232656059
2011-09-15,94.461188511726
2011-09-16,94.163953809046
2011-09-19,94.926856212592
2011-09-20,98.275700529454
2011-09-21,95.739297733251
2011-09-22,92.519255120883
2011-09-23,90.696215611112
2011-09-26,93.242526230738
2011-09-27,94.342294630654
2011-09-28,92.548978591151
2011-09-29,92.786766353295
2011-09-30,91.845523128142
2011-10-03,87.268108706869
2011-10-04,88.199444108599
2011-10-05,90.101746205752
2011-10-06,93.311880994697
2011-10-07,93.728009578449
2011-10-10,96.165334140425
2011-10-11,95.977085495395
2011-10-12,97.344365127723
2011-10-13,91.657274483111
2011-10-14,93.282157524429
2011-10-17,91.815799657874
2011-10-18,93.460498346037
2011-10-19,92.142757830822
2011-10-20,93.866719106366
2011-10-21,97.086761718734
2011-10-24,100.01947745184
2011-10-25,98.057728414155
2011-10-26,99.93030704104
2011-10-27,102.16947513456
2011-10-28,104.00242246776
2011-10-31,101.49574314182
2011-11-01,99.256575048298
2011-11-02,100.46532950586
2011-11-03,101.80288566792
2011-11-04,101.62454484632
2011-11-07,101.62454484632
2011-11-08,102.34781595617
2011-11-09,99.563717574401
2011-11-10,99.573625397823
2011-11-11,101.01025979411
2011-11-14,100.57431556351
2011-11-15,100.41579038875
2011-11-16,98.909801228505
2011-11-17,95.729389909828
2011-11-18,94.946671859437
2011-11-21,94.500819805417
2011-11-22,93.886534753211
2011-11-23,92.598517708265
2011-11-25,92.222020418203
2011-11-28,95.511417794529
2011-11-29,96.482384489951
2011-11-30,101.46601967155
2011-12-01,102.37753942644
2011-12-02,103.88352858668
2011-12-05,104.01233029118
2011-12-06,102.11993601745
2011-12-07,102.33790813275
2011-12-08,101.07961455807
2011-12-09,102.74412889308
2011-12-12,102.07039690034
2011-12-13,101.2678632031
2011-12-14,99.137681167226
2011-12-15,100.6139468572
2011-12-16,102.05058125349
2011-12-19,101.85242478504
2011-12-20,104.06186940829
2011-12-21,104.74550922446
2011-12-22,104.7653248713
2011-12-23,104.7653248713
2011-12-27,104.57707622627
2011-12-28,102.96210100838
2011-12-29,103.36832176871
2011-12-30,102.88283842099
2012-01-03,101.81279349135
2012-01-04,100.00956962842
2012-01-05,101.59482137605
2012-01-06,101.59482137605
2012-01-09,103.22961224079
2012-01-10,103.99251464433
2012-01-11,105.71647591988
2012-01-12,106.40011573604
2012-01-13,105.05265175056
2012-01-17,107.24228072697
2012-01-18,108.46094300796
2012-01-19,108.83744029802
2012-01-20,107.48997631254
2012-01-23,107.78721101522
2012-01-24,109.48144882049
2012-01-25,110.11554951954
2012-01-26,109.18421411781
2012-01-27,109.38237058627
2012-01-30,108.88697941513
2012-01-31,109.77868352317
2012-02-01,109.98674781505
2012-02-02,111.31439615369
2012-02-03,114.50471529579
2012-02-06,114.90102823269
2012-02-07,114.861396939
2012-02-08,116.31784698213
2012-02-09,116.79342250642
2012-02-10,116.84296162354
2012-02-13,117.67521879104
2012-02-14,119.12176101075
2012-02-15,119.50816612423
2012-02-16,118.5768307225
2012-02-17,118.51738378197
2012-02-21,118.86415760176
2012-02-22,119.12176101075
2012-02-23,120.50885628992
2012-02-24,120.75655187549
2012-02-27,120.95470834394
2012-02-28,120.38996240885
2012-02-29,120.24134505751
2012-03-01,120.65747364126
2012-03-02,119.58742871161
2012-03-05,120.47913281966
2012-03-06,118.94342018914
2012-03-07,120.03328076563
2012-03-08,121.16277263582
2012-03-09,121.7671498646
2012-03-12,121.72751857091
2012-03-13,123.26323120143
2012-03-14,122.79756350056
2012-03-15,125.13580982831
2012-03-16,123.71899107887
2012-03-19,123.46138766988
2012-03-20,123.62982066806
2012-03-21,124.30355266081
2012-03-22,124.58097171664
2012-03-23,124.81875947878
2012-03-26,125.07636288777
2012-03-27,124.27382919054
2012-03-28,123.48120331672
2012-03-29,124.77912818509
2012-03-30,124.79894383194
2012-04-02,125.40332106072
2012-04-03,126.01760611293
2012-04-04,125.43304453099
2012-04-05,125.24479588596
2012-04-09,125.03673159408
2012-04-10,122.01484545017
2012-04-11,122.43097403392
2012-04-12,123.88742407705
2012-04-13,123.17406079062
2012-04-16,124.39272307161
2012-04-17,126.46345816695
2012-04-18,126.16622346427
2012-04-19,126.26530169849
2012-04-20,127.21645274707
2012-04-23,126.82013981016
2012-04-24,126.0473295832
2012-04-25,127.66230480109
2012-04-26,128.61345584967
2012-04-27,129.07912355053
2012-04-30,127.30562315787
2012-05-01,127.86046126954
2012-05-02,128.47474632175
2012-05-03,127.11737451284
2012-05-04,125.24479588596
2012-05-07,124.39272307161
2012-05-08,123.76853019598
2012-05-09,123.50101896357
2012-05-10,124.64041865718
2012-05-11,126.02751393635
2012-05-14,124.93765335986
2012-05-15,125.10608635804
2012-05-16,124.56115606979
2012-05-17,120.82590663945
2012-05-18,120.13235899986
2012-05-21,120.91507705025
2012-05-22,121.7671498646
2012-05-23,122.50032879788
2012-05-24,124.91783771301
2012-05-25,126.0076982895
2012-05-29,127.22636057049
2012-05-30,125.78972617421
2012-05-31,124.83857512563
2012-06-01,121.06369440159
2012-06-04,120.35033111516
2012-06-05,121.65816380695
2012-06-06,123.97659448786
2012-06-07,122.98581214559
2012-06-08,123.64963631491
2012-06-11,122.79756350056
2012-06-12,123.36230943565
2012-06-13,122.9461808519
2012-06-14,125.53212276522
2012-06-15,127.72175174163
2012-06-18,129.02958443342
2012-06-19,130.53557359366
2012-06-20,130.42658753601
2012-06-21,129.12866266765
2012-06-22,128.20723508934
2012-06-25,127.63258133082
2012-06-26,128.86115143523
2012-06-27,131.15976646929
2012-06-28,131.54617158278
2012-06-29,133.75561620603
2012-07-02,135.38049924735
2012-07-03,135.58856353923
2012-07-05,135.15261930863
2012-07-06,134.66713596092
2012-07-09,134.92473936991
2012-07-10,134.10239002582
2012-07-11,133.10169986014
2012-07-12,129.24755654872
2012-07-13,131.01114911795
2012-07-16,130.32750930179
2012-07-17,129.90147289461
2012-07-18,128.72244190732
2012-07-19,130.34732494863
2012-07-20,129.34663478294
2012-07-23,126.55262857775
2012-07-24,125.51230711837
2012-07-25,126.45355034352
2012-07-26,127.29571533445
2012-07-27,129.39617390006
2012-07-30,130.56529706393
2012-07-31,128.8017044947
2012-08-01,127.1867292768
2012-08-02,127.39479356868
2012-08-03,128.09824903169
2012-08-06,128.2369585596
2012-08-07,130.57520488735
2012-08-08,130.84271611977
2012-08-09,130.42658753601
2012-08-10,130.0699058928
2012-08-13,131.49663246566
2012-08-14,133.32957979886
2012-08-15,133.15123897725
2012-08-16,135.09317236809
2012-08-17,136.20284859143
2012-08-20,134.7463985483
2012-08-21,134.78602984199
2012-08-22,135.59847136265
2012-08-23,135.29132883655
2012-08-24,137.21344658054
2012-08-27,137.70883775168
2012-08-28,136.80722582021
2012-08-29,137.15399964001
2012-08-30,135.90561388875
2012-08-31,136.38118941304
2012-09-04,137.43141869584
2012-09-05,137.57012822376
2012-09-06,139.30399732273
2012-09-07,139.88855890466
2012-09-10,139.63095549567
2012-09-11,139.36344426326
2012-09-12,139.15537997139
2012-09-13,140.04708407943
2012-09-14,139.61113984883
2012-09-17,141.2162072433
2012-09-18,140.6910926019
2012-09-19,142.04846441081
2012-09-20,141.24593071357
2012-09-21,140.89915689378
2012-09-24,140.20560925419
2012-09-25,140.94869601089
2012-09-26,139.69040243621
2012-09-27,140.76044736586
2012-09-28,140.64155348479
2012-10-01,140.20560925419
2012-10-02,140.56229089741
2012-10-03,140.84961777666
2012-10-04,141.72150623786
2012-10-05,142.69247293328
2012-10-08,142.38533040718
2012-10-09,140.53256742714
2012-10-10,137.91690204355
2012-10-11,137.23326222739
2012-10-12,136.56943805807
2012-10-15,137.43141869584
2012-10-16,138.12496633543
2012-10-17,137.52058910665
2012-10-18,143.63371615843
2012-10-19,142.99961545938
2012-10-22,142.77173552066
2012-10-23,141.84040011893
2012-10-24,141.45399500545
2012-10-25,141.01805077485
2012-10-26,141.32519330095
2012-10-31,141.73141406128
2012-11-01,143.27703451522
2012-11-02,142.10791135134
2012-11-05,141.86021576577
2012-11-06,141.8701235892
2012-11-07,140.79017083613
2012-11-08,140.45330483976
2012-11-09,141.00814295143
2012-11-12,141.45399500545
2012-11-13,140.998235128
2012-11-14,139.1157486777
2012-11-15,138.01598027778
2012-11-16,138.372661921
2012-11-19,139.57150855514
2012-11-20,139.26436602904
2012-11-21,139.05630173716
2012-11-23,139.53187726145
2012-11-26,138.85814526871
2012-11-27,138.2438602165
2012-11-28,138.93740785609
2012-11-29,140.81989430639
2012-11-30,141.17657594961
2012-12-03,141.10722118565
2012-12-04,140.88924907035
2012-12-05,141.42427153518
2012-12-06,141.59270453336
2012-12-07,141.64224365048
2012-12-10,141.30537765411
2012-12-11,143.49500663052
2012-12-12,143.46528316025
2012-12-13,142.67265728643
2012-12-14,142.77173552066
2012-12-17,144.11919950614
2012-12-18,144.51551244305
2012-12-19,145.62518866639
2012-12-20,146.65560230235
2012-12-21,144.96136449707
2012-12-24,145.26850702317
2012-12-26,143.71297874581
2012-12-27,143.0491545765
2012-12-28,142.69247293328
2012-12-31,143.42565186656
2013-01-02,147.66620029146
2013-01-03,148.85513910218
2013-01-04,149.70721191653
2013-01-07,152.98670146943
2013-01-08,153.77932734325
2013-01-09,154.13600898646
2013-01-10,153.40283005318
2013-01-11,154.09637769277
2013-01-14,154.78001750894
2013-01-15,153.71988040271
2013-01-16,154.98808180081
2013-01-17,154.67103145129
2013-01-18,154.36388892518
2013-01-22,155.63209032328
2013-01-23,155.91941720254
2013-01-24,156.0779423773
2013-01-25,156.59314919528
2013-01-28,155.79061549805
2013-01-29,154.54222974679
2013-01-30,152.03555042086
2013-01-31,156.14729714126
2013-02-01,155.30513215034
2013-02-04,153.47218481714
2013-02-05,154.31434980807
2013-02-06,153.71988040271
2013-02-07,152.32287730011
2013-02-08,152.65974329648
2013-02-11,152.00582695059
2013-02-12,150.91596637409
2013-02-13,150.91596637409
2013-02-14,150.96550549121
2013-02-15,153.9774838117
2013-02-19,153.51181611083
2013-02-20,151.36181842811
2013-02-21,150.64845514168
2013-02-22,152.60029635595
2013-02-25,153.99729945854
2013-02-26,154.20536375042
2013-02-27,156.2959144926
2013-02-28,157.22724989433
2013-03-01,157.11826383669
2013-03-04,157.46503765648
2013-03-05,157.49476112675
2013-03-06,158.13876964922
2013-03-07,157.01918560246
2013-03-08,156.39499272683
2013-03-11,156.36526925656
2013-03-12,155.36457909087
2013-03-13,155.44384167825
2013-03-14,156.37517707998
2013-03-15,156.38508490341
2013-03-18,155.12679132873
2013-03-19,155.29522432691
2013-03-20,154.76020186209
2013-03-21,155.05743656477
2013-03-22,156.00858761335
2013-03-25,156.16711278811
2013-03-26,156.48416313763
2013-03-27,158.23784788345
2013-03-28,160.39775338959
2013-04-01,158.89176422934
2013-04-02,158.36664958794
2013-04-03,156.9498308385
2013-04-04,156.56342572502
2013-04-05,153.91803687116
2013-04-08,153.62080216848
2013-04-09,152.89753105863
2013-04-10,154.78001750894
2013-04-11,157.04890907273
2013-04-12,156.41480837368
2013-04-15,154.49269062968
2013-04-16,156.18692843495
2013-04-17,155.65190597013
2013-04-18,156.88047607454
2013-04-19,158.59452952666
2013-04-22,163.43945518035
2013-04-23,164.88599740006
2013-04-24,164.32125146497
2013-04-25,164.65811746134
2013-04-26,165.35166510092
2013-04-29,166.88737773144
2013-04-30,170.18668293119
2013-05-01,168.86894241597
2013-05-02,170.94958533473
2013-05-03,172.34658843733
2013-05-06,171.0684792158
2013-05-07,171.89082855988
2013-05-08,172.73299355081
2013-05-09,174.80372864615
2013-05-10,175.55672322627
2013-05-13,174.42723135609
2013-05-14,175.59635451996
2013-05-15,176.99335762256
2013-05-16,175.72515622446
2013-05-17,176.43851951089
2013-05-20,177.96432431798
2013-05-21,179.21271006924
2013-05-22,177.37976273604
2013-05-23,176.79520115411
2013-05-24,179.95579682594
2013-05-28,181.34289210511
2013-05-29,179.4604056548
2013-05-30,179.30188048004
2013-05-31,175.45764499205
2013-06-03,172.42585102471
2013-06-04,175.03160858487
2013-06-05,171.97999897069
2013-06-06,176.66639944961
2013-06-07,176.72584639015
2013-06-10,174.86317558669
2013-06-11,175.78460316499
2013-06-12,176.9240028586
2013-06-13,178.68759542784
2013-06-14,176.15119263163
2013-06-17,177.17169844417
2013-06-18,178.18229643328
2013-06-19,177.08252803336
2013-06-20,171.49451562298
2013-06-21,171.03875574554
2013-06-24,170.57308804467
2013-06-25,172.49520578867
2013-06-26,176.71593856672
2013-06-27,178.410176372
2013-06-28,179.36132742058
2013-07-01,178.52907025307
2013-07-02,177.85533826033
2013-07-03,178.42999201885
2013-07-05,180.6394366421
2013-07-08,182.16524144919
2013-07-09,182.08597886181
2013-07-10,181.03574957901
2013-07-11,185.88067523269
2013-07-12,188.75394402527
2013-07-15,188.29818414782
2013-07-16,186.22744905249
2013-07-17,186.3661585804
2013-07-18,187.03989057315
2013-07-19,187.04979839657
2013-07-22,187.0200749263
2013-07-23,188.55578755681
2013-07-24,188.78366749554
2013-07-25,189.52675425224
2013-07-26,189.9924219531
2013-07-29,190.25002536209
2013-07-30,191.79564581603
2013-07-31,195.95693165355
2013-08-01,201.3566954189
2013-08-02,201.23780153783
2013-08-05,203.15001145841
2013-08-06,202.76360634492
2013-08-07,201.58457535762
2013-08-08,204.2398720349
2013-08-09,204.1110703304
2013-08-12,204.79471014657
2013-08-13,205.83503160595
2013-08-14,203.4967852782
2013-08-15,197.8592337507
2013-08-16,200.68296342616
2013-08-19,198.00785110204
2013-08-20,199.74172020101
2013-08-21,199.57328720282
2013-08-22,200.38572872348
2013-08-23,200.43526784059
2013-08-26,199.48411679202
2013-08-27,194.41131119961
2013-08-28,194.7977163131
2013-08-29,196.86845140843
2013-08-30,193.89610438163
2013-09-03,194.92651801759
2013-09-04,197.01706875977
2013-09-05,196.14518029858
2013-09-06,197.59172251829
2013-09-09,201.0495528928
2013-09-10,204.03180774302
2013-09-11,205.33964043482
2013-09-12,206.13226630863
2013-09-13,204.19033291779
2013-09-16,203.16982710525
2013-09-17,207.81659629048
2013-09-18,208.80737863275
2013-09-19,208.49032828322
2013-09-20,207.81659629048
2013-09-23,206.91498435902
2013-09-24,208.74793169221
2013-09-25,207.58871635176
2013-09-26,209.23341503992
2013-09-27,207.35092858962
2013-09-30,209.52074191918
2013-10-01,212.38410288833
2013-10-02,211.95806648116
2013-10-03,210.51152426145
2013-10-04,215.85184108627
2013-10-07,213.99907810623
2013-10-08,213.52350258194
2013-10-09,212.03732906854
2013-10-10,218.33870476536
2013-10-11,221.48939261377
2013-10-14,223.5601277091
2013-10-15,221.82625861014
2013-10-16,223.41151035776
2013-10-17,224.97694645855
2013-10-18,228.94998365104
2013-10-21,230.47578845813
2013-10-22,230.18846157887
2013-10-23,231.17924392114
2013-10-24,233.62647630654
2013-10-25,232.30873579132
2013-10-28,231.43684733013
2013-10-29,233.91380318579
2013-10-30,233.27970248674
2013-10-31,234.87486205779
2013-11-01,234.59744300196
2013-11-04,237.35181791346
2013-11-05,237.81748561432
2013-11-06,240.96817346273
2013-11-07,235.26126717128
2013-11-08,240.62139964294
2013-11-11,242.37508438875
2013-11-12,241.89950886446
2013-11-13,246.18959640648
2013-11-14,248.9538791414
2013-11-15,246.81378928211
2013-11-18,246.1103338191
2013-11-19,245.41678617951
2013-11-20,242.32554527164
2013-11-21,240.89881869877
2013-11-22,241.02762040327
2013-11-25,240.58176834925
2013-11-26,238.50112543049
2013-11-27,239.40273736195
2013-11-29,240.02693023758
2013-12-02,237.72831520352
2013-12-03,238.7686366629
2013-12-04,238.86771489713
2013-12-05,239.19467307008
2013-12-06,246.40756852178
2013-12-09,243.57393102289
2013-12-10,245.00065759576
2013-12-11,241.45365681044
2013-12-12,243.70273272739
2013-12-13,248.5575662045
2013-12-16,246.34812158124
2013-12-17,245.83291476326
2013-12-18,251.82714793398
2013-12-19,248.68636790899
2013-12-20,248.19097673786
2013-12-23,253.51147791583
2013-12-24,251.87668705109
2013-12-26,252.94673198074
2013-12-27,255.7704616562
2013-12-30,257.65294810651
2013-12-31,260.50640125224
2014-01-02,259.9218396703
2014-01-03,261.26930365578
2014-01-06,255.90917118412
2014-01-07,252.83774592309
2014-01-08,255.61193648144
2014-01-09,256.58290317686
2014-01-10,255.87944771385
2014-01-13,248.69627573241
2014-01-14,253.46193879872
2014-01-15,251.16332376466
2014-01-16,252.60986598437
2014-01-17,254.52207590494
2014-01-21,252.38198604565
2014-01-22,259.52552673339
2014-01-23,253.58083267979
2014-01-24,247.41816651089
2014-01-27,239.7296955349
2014-01-28,243.62347014001
2014-01-29,242.69213473828
2014-01-30,246.65526410734
2014-01-31,237.45089614769
2014-02-03,233.55712154258
2014-02-04,234.49836476773
2014-02-05,232.04122455891
2014-02-06,256.16677459311
2014-02-07,262.63658328811
2014-02-10,265.52966772753
2014-02-11,271.3752835469
2014-02-12,273.9513176368
2014-02-13,276.82458642937
2014-02-14,277.52804189238
2014-02-18,281.31283043984
2014-02-19,278.1026956509
2014-02-20,281.61006514252
2014-02-21,280.34186374442
2014-02-24,283.66098459101
2014-02-25,282.84854307035
2014-02-26,282.6503866019
2014-02-27,281.64969643621
2014-02-28,282.48195360372
2014-03-03,275.63564761865
2014-03-04,284.4833339351
2014-03-05,281.3821852038
2014-03-06,283.50245941625
2014-03-07,285.12734245757
2014-03-10,281.58034167225
2014-03-11,282.74946483613
2014-03-12,283.24485600726
2014-03-13,275.57620067812
2014-03-14,276.02205273214
2014-03-17,279.19255622739
2014-03-18,285.37503804314
2014-03-19,281.78840596413
2014-03-20,291.55751985888
2014-03-21,283.85914105947
2014-03-24,278.06306435721
2014-03-25,275.93288232133
2014-03-26,270.017911738
2014-03-27,270.71145937759
2014-03-28,271.70224171985
2014-03-31,269.93864915062
2014-04-01,270.04763520827
2014-04-02,269.37390321552
2014-04-03,263.87506121594
2014-04-04,260.26861349009
2014-04-07,254.0663160275
2014-04-08,253.85825173563
2014-04-09,262.63658328811
2014-04-10,251.42092717365
2014-04-11,244.10895348772
2014-04-14,249.44927031254
2014-04-15,254.98774360581
2014-04-16,261.63589312242
2014-04-17,242.80112079593
2014-04-21,241.958955805
2014-04-22,239.53153906645
2014-04-23,239.84858941597
2014-04-24,239.075779189
2014-04-25,233.94352665606
2014-04-28,232.77440349219
2014-04-29,237.64905261614
2014-04-30,239.67024859436
2014-05-01,237.47071179453
2014-05-02,236.68799374414
2014-05-05,237.95619514224
2014-05-06,236.80688762521
2014-05-07,231.51610991751
2014-05-08,233.33914942728
2014-05-09,234.24076135874
2014-05-12,240.3836118808
2014-05-13,241.75089151312
2014-05-14,238.81817578001
2014-05-15,232.81403478588
2014-05-16,237.69859173325
2014-05-19,237.55988220533
2014-05-20,235.83592092979
2014-05-21,240.15573194207
2014-05-22,241.69144457259
2014-05-23,246.58590934339
2014-05-27,250.55894653588
2014-05-28,250.96516729621
2014-05-29,254.46262896441
2014-05-30,253.68981873744
2014-06-02,258.42575833348
2014-06-03,255.09672966346
2014-06-04,255.31470177876
2014-06-05,255.95871030123
2014-06-06,263.74625951145
2014-06-09,264.78658097083
2014-06-10,263.47874827904
2014-06-11,264.57851667895
2014-06-12,260.77391248465
2014-06-13,267.33289159046
2014-06-16,271.12758796134
2014-06-17,269.97828044431
2014-06-18,270.2358838533
2014-06-19,268.72989469305
2014-06-20,272.8614570603
2014-06-23,277.10200548521
2014-06-24,277.43887148158
2014-06-25,278.16214259143
2014-06-26,276.38864219877
2014-06-27,279.31145010846
2014-06-30,278.65753376257
2014-07-01,282.26398148842
2014-07-02,278.36029905989
2014-07-03,282.17481107761
2014-07-07,276.71560037172
2014-07-08,274.3476305737
2014-07-09,274.02067240076
2014-07-10,271.46445395771
2014-07-11,272.82182576661
2014-07-14,276.01214490871
2014-07-15,273.19832305668
2014-07-16,272.63357712158
2014-07-17,272.48495977024
2014-07-18,268.17505658138
2014-07-21,268.5317382246
2014-07-22,269.79003179928
2014-07-23,269.4927970966
2014-07-24,269.20547021734
2014-07-25,268.07597834716
2014-07-28,264.24165068258
2014-07-29,265.5593911978
2014-07-30,267.96699228951
2014-07-31,259.87230055319
2014-08-01,259.14902944333
2014-08-04,259.14902944333
2014-08-05,256.36493106156
2014-08-06,255.73083036251
2014-08-07,254.00686908697
2014-08-08,259.77322231896
2014-08-11,260.3577839009
2014-08-12,255.27507048507
2014-08-13,258.69326956589
2014-08-14,260.37759954774
2014-08-15,257.11792564168
2014-08-18,262.0222982359
2014-08-19,262.84464757999
2014-08-20,264.47943844473
2014-08-21,265.74763984283
2014-08-22,263.56791868984
2014-08-25,262.90409452052
2014-08-26,263.89487686279
2014-08-27,263.13197445924
2014-08-28,262.26008599805
2014-08-29,262.20063905751
2014-09-02,261.87368088456
2014-09-03,261.04142371706
2014-09-04,259.31746244152
2014-09-05,259.55525020366
2014-09-08,254.08613167435
2014-09-09,243.37577455444
2014-09-10,256.820690939
2014-09-11,250.53913088903
2014-09-12,255.53267389406
2014-09-15,248.71609137926
2014-09-16,247.96309679914
2014-09-17,245.75365217588
2014-09-18,247.02185357398
2014-09-19,243.98015178322
2014-09-22,239.25412001061
2014-09-23,242.20665139057
2014-09-24,245.7635599993
2014-09-25,240.84927958166
2014-09-26,246.07070252541
2014-09-29,248.6467366153
2014-09-30,245.9815321146
2014-10-01,240.40342752764
2014-10-02,241.42393334018
2014-10-03,249.53844072334
2014-10-06,247.17047092532
2014-10-07,240.96817346273
2014-10-08,246.68498757761
2014-10-09,239.76932682859
2014-10-10,234.78569164699
2014-10-13,232.45735314266
2014-10-14,237.0644910342
2014-10-15,236.47992945226
2014-10-16,249.8257676026
2014-10-17,257.32598993356
2014-10-20,258.64373044877
2014-10-21,265.66837725545
2014-10-22,266.27275448423
2014-10-23,270.72136720101
2014-10-24,270.97897061
2014-10-27,270.5430263794
2014-10-28,277.89463135902
2014-10-29,274.05039587102
2014-10-30,280.36167939126
2014-10-31,280.73817668133
2014-11-03,279.25200316793
2014-11-04,275.54647720785
2014-11-05,281.40200085065
2014-11-06,282.35315189922
2014-11-07,280.99578009032
2014-11-10,282.36305972264
2014-11-11,281.65960425963
2014-11-12,280.61928280025
2014-11-13,281.61006514252
2014-11-14,282.82872742351
2014-11-17,278.29094429593
2014-11-18,279.40062051927
2014-11-19,278.03334088694
2014-11-20,282.20453454788
2014-11-21,282.47204578029
2014-11-24,283.56190635679
2014-11-25,281.95683896231
2014-11-26,281.74877467044
2014-11-28,283.23494818384
2014-12-01,279.01421540578
2014-12-02,280.38149503811
2014-12-03,278.85569023102
2014-12-04,276.09140749609
2014-12-05,275.67527891234
2014-12-08,275.75454149972
2014-12-09,274.53587921874
2014-12-10,274.73403568719
2014-12-11,275.44739897362
2014-12-12,271.79141213066
2014-12-15,279.88610386698
2014-12-16,276.01214490871
2014-12-17,280.27250898046
2014-12-18,287.50522007901
2014-12-19,286.83148808627
2014-12-22,286.78194896915
2014-12-23,287.05936802499
2014-12-24,287.52503572585
2014-12-26,288.43655548074
2014-12-29,288.66443541946
2014-12-30,284.23563834953
2014-12-31,283.41328900545
2015-01-02,282.73955701271
2015-01-05,278.80615111391
2015-01-06,275.25915032859
2015-01-07,277.36951671762
2015-01-08,285.27595980891
2015-01-09,288.0699660141
2015-01-12,288.67434324288
2015-01-13,284.89946251885
2015-01-14,278.77642764364
2015-01-15,277.07228201494
2015-01-16,286.88102720338
2015-01-20,290.57664534004
2015-01-21,292.20152838135
2015-01-22,291.71604503364
2015-01-23,295.78816046036
2015-01-26,297.87871120254
2015-01-27,292.03309538317
2015-01-28,287.42595749163
2015-01-29,290.22987152024
2015-01-30,286.16766391695
2015-02-02,288.83286841765
2015-02-03,292.55821002457
2015-02-04,289.62549429146
2015-02-05,277.15154460232
2015-02-06,271.88058254146
2015-02-09,270.60247331994
2015-02-10,276.86421772306
2015-02-11,277.07228201494
2015-02-12,282.28379713526
2015-02-13,283.96812711712
2015-02-17,281.61006514252
2015-02-18,280.26260115704
2015-02-19,279.33126575531
2015-02-20,279.79693345617
2015-02-23,277.04255854467
2015-02-24,273.6441751107
2015-02-25,273.91168634311
2015-02-26,276.82458642937
2015-02-27,275.94279014475
2015-03-02,279.68794739852
2015-03-03,276.62642996092
2015-03-04,275.67527891234
2015-03-05,280.10407598228
2015-03-06,276.58679866723
2015-03-09,277.59739665634
2015-03-10,271.79141213066
2015-03-11,274.4764322782
2015-03-12,280.83725491555
2015-03-13,281.55061820199
2015-03-16,286.65314726466
2015-03-17,286.24692650433
2015-03-18,289.96236028783
2015-03-19,289.70475687884
2015-03-20,291.73586068049
2015-03-23,291.93401714894
2015-03-24,291.49807291834
2015-03-25,287.58448266639
2015-03-26,288.97157794556
2015-03-27,293.02387772544
2015-03-30,297.23470268007
2015-03-31,293.51926889657
2015-04-01,291.86466238498
2015-04-02,290.97295827694
2015-04-06,293.96512095059
2015-04-07,295.49092575768
2015-04-08,296.2439203378
2015-04-09,296.64023327471
2015-04-10,298.04714420073
2015-04-13,297.92825031966
2015-04-14,298.2948397863
2015-04-15,299.41442383306
2015-04-16,297.16534791611
2015-04-17,291.95383279579
2015-04-20,296.85820539001
2015-04-21,302.04990486349
2015-04-22,305.48791959115
2015-04-23,307.05335569194
2015-04-24,304.60612330654
2015-04-27,301.8814718653
2015-04-28,299.59276465467
2015-04-29,297.8588955557
2015-04-30,294.56949817937
2015-05-01,295.83769957747
2015-05-04,297.78954079174
2015-05-05,297.91834249623
2015-05-06,293.9254896569
2015-05-07,295.36212405319
2015-05-08,300.50428440955
2015-05-11,298.6019823124
2015-05-12,293.93539748032
2015-05-13,294.99553458655
2015-05-14,296.04576386935
2015-05-15,294.73793117756
2015-05-18,297.71027820436
2015-05-19,298.13631461153
2015-05-20,297.23470268007
2015-05-21,294.46051212172
2015-05-22,297.54184520617
2015-05-26,295.00544240997
2015-05-27,299.49368642044
2015-05-28,297.30405744403
2015-05-29,295.2828614658
2015-06-01,294.40106518119
2015-06-02,295.47111011084
2015-06-03,296.2439203378
2015-06-04,292.46903961377
2015-06-05,292.69691955249
2015-06-08,292.78608996329
2015-06-09,290.8243409256
2015-06-10,296.94737580081
2015-06-11,297.8588955557
2015-06-12,298.77041531058
2015-06-15,296.69968021525
2015-06-16,294.67848423702
2015-06-17,294.95590329286
2015-06-18,298.49299625475
2015-06-19,299.91972282761
2015-06-22,302.68400556254
2015-06-23,301.37617287075
2015-06-24,300.59345482035
2015-06-25,301.16810857887
2015-06-26,300.15751058976
2015-06-29,288.76351365369
2015-06-30,289.2489970014
2015-07-01,290.16051675628
2015-07-02,292.99415425517
2015-07-06,293.17249507678
2015-07-07,296.20428904411
2015-07-08,290.98286610037
2015-07-09,292.71673519933
2015-07-10,299.14691260065
2015-07-13,301.3563572239
2015-07-14,302.08953615718
2015-07-15,297.26442615034
2015-07-16,299.36488471594
2015-07-17,299.58285683124
2015-07-20,299.8701837105
2015-07-21,296.8086662729
2015-07-22,298.9091248385
2015-07-23,281.71905120017
2015-07-24,271.58334783878
2015-07-27,264.53888538526
2015-07-28,268.3137661093
2015-07-29,270.33496208752
2015-07-30,269.99809609115
2015-07-31,272.50477541709
2015-08-03,270.87989237577
2015-08-04,273.25776999721
2015-08-05,273.01998223507
2015-08-06,266.98611777066
2015-08-07,267.66975758683
2015-08-10,267.74902017421
2015-08-11,265.51975990411
2015-08-12,267.0455647112
2015-08-13,266.44118748241
2015-08-14,271.25638966583
2015-08-17,268.81906510386
2015-08-18,270.96906278657
2015-08-19,266.09441366262
2015-08-20,264.17229591862
2015-08-21,256.83059876243
2015-08-24,244.77277765704
2015-08-25,245.11955147683
2015-08-26,255.43359565983
2015-08-27,261.39810536028
2015-08-28,259.83266925949
2015-08-31,254.81931060762
2015-09-01,250.07346318817
2015-09-02,253.15479627262
2015-09-03,254.39327420045
2015-09-04,248.19097673786
2015-09-08,255.14626878057
2015-09-09,249.37991554858
2015-09-10,249.41954684227
2015-09-11,251.29212546915
2015-09-14,249.58797984045
2015-09-15,254.0663160275
2015-09-16,252.0550278727
2015-09-17,252.99627109785
2015-09-18,249.34028425489
2015-09-21,253.6303717969
2015-09-22,250.05364754132
2015-09-23,252.4909721033
2015-09-24,251.67853058264
2015-09-25,256.90986134981
2015-09-28,247.17047092532
2015-09-29,248.88452437745
2015-09-30,256.59281100028
2015-10-01,259.93174749372
2015-10-02,266.86722388959
2015-10-05,273.22804652694
2015-10-06,273.06952135218
2015-10-07,275.70500238261
2015-10-08,276.83449425279
2015-10-09,277.5379497158
2015-10-12,276.42827349247
2015-10-13,273.26767782063
2015-10-14,274.10984281156
2015-10-15,275.61583197181
2015-10-16,275.59601632496
2015-10-19,277.48841059869
2015-10-20,278.39993035358
2015-10-21,273.38657170171
2015-10-22,291.77549197418
2015-10-23,293.14277160651
2015-10-26,292.20152838135
2015-10-27,290.84415657245
2015-10-28,295.52064922795
2015-10-29,295.1045206442
2015-10-30,294.56949817937
2015-11-02,295.66926657929
2015-11-03,297.81926426201
2015-11-04,299.08746566011
2015-11-05,296.35290639545
2015-11-06,295.20359887842
2015-11-09,293.99484442086
2015-11-10,294.82710158836
2015-11-11,292.01327973632
2015-11-12,288.13932077806
2015-11-13,283.71052370813
2015-11-16,284.49324175852
2015-11-17,281.86766855151
2015-11-18,285.04807987019
2015-11-19,283.43310465229
2015-11-20,283.96812711712
2015-11-23,283.02688389196
2015-11-24,282.81881960009
2015-11-25,283.76006282524
2015-11-27,282.89808218747
2015-11-30,284.20591487926
2015-12-01,286.4946220899
2015-12-02,282.73955701271
2015-12-03,278.65753376257
2015-12-04,281.6001573191
2015-12-07,280.25269333362
2015-12-08,279.54923787061
2015-12-09,277.50822624554
2015-12-10,277.57758100949
2015-12-11,265.62874596176
2015-12-14,267.50132458864
2015-12-15,265.51975990411
2015-12-16,270.78081414154
2015-12-17,266.57989701033
2015-12-18,264.47943844473
2015-12-21,268.03634705346
2015-12-22,271.17712707845
2015-12-23,275.78426496999
2015-12-24,275.63564761865
2015-12-28,275.57620067812
2015-12-29,277.71629053741
2015-12-30,274.21882886921
2015-12-31,274.02067240076
2016-01-04,269.20547021734
2016-01-05,271.52390089824
2016-01-06,267.68957323367
2016-01-07,259.6146971442
2016-01-08,254.64096978602
2016-01-11,250.7868264746
2016-01-12,254.91838884185
2016-01-13,246.29858246413
2016-01-14,253.87806738247
2016-01-15,248.96378696483
2016-01-19,249.64742678099
2016-01-20,244.69351506966
2016-01-21,246.51655457943
2016-01-22,246.92277533976
2016-01-25,243.12807896887
2016-01-26,247.29927262982
2016-01-27,244.52508207147
2016-01-28,197.16568611111
2016-01-29,197.9484041615
2016-02-01,204.65600061865
2016-02-02,192.49910127904
2016-02-03,192.90532203937
2016-02-04,195.59034218691
2016-02-05,185.49427011921
2016-02-08,182.04634756812
2016-02-09,175.48736846231
2016-02-10,180.4214645268
2016-02-11,178.78667366206
2016-02-12,180.96639481505
2016-02-16,185.76178135162
2016-02-17,190.63643047557
2016-02-18,195.61015783375
2016-02-19,202.47627946566
2016-02-22,208.94608816067
2016-02-23,204.55692238442
2016-02-24,208.81728645617
2016-02-25,210.64032596594
2016-02-26,210.72949637675
2016-02-29,208.19309358054
2016-03-01,211.54193789741
2016-03-02,212.37419506491
2016-03-03,214.88087439085
2016-03-04,214.22695804495
2016-03-07,217.93248400503
2016-03-08,210.67995725963
2016-03-09,211.22488754788
2016-03-10,206.14217413205
2016-03-11,209.64954362368
2016-03-14,212.88940188289
2016-03-15,208.75783951564
2016-03-16,205.42881084562
2016-03-17,203.66521827638
2016-03-18,206.7762748311
2016-03-21,208.36152657873
2016-03-22,208.38134222557
2016-03-23,207.8661354076
2016-03-24,209.81797662186
2016-03-28,209.09470551201
2016-03-29,210.80875896413
2016-03-30,213.96935463596
2016-03-31,217.97211529872
2016-04-01,219.08179152206
2016-04-04,212.73087670813
2016-04-05,208.06429187605
2016-04-06,212.48318112256
2016-04-07,210.47189296776
2016-04-08,213.2857148198
2016-04-11,204.79471014657
2016-04-12,202.51591075935
2016-04-13,213.1569131153
2016-04-14,212.5029967694
2016-04-15,212.79032364866
2016-04-18,213.01820358738
2016-04-19,209.66935927052
2016-04-20,215.9112880268
2016-04-21,200.73250254327
2016-04-22,204.09125468356
2016-04-25,202.02051958822
2016-04-26,199.82098278839
2016-04-27,201.0495528928
2016-04-28,199.3454072641
2016-04-29,201.43595800628
2016-05-02,200.95047465857
2016-05-03,199.24632902987
2016-05-04,198.89955521008
2016-05-05,198.39425621552
2016-05-06,201.98088829453
2016-05-09,201.42605018286
2016-05-10,202.50600293593
2016-05-11,202.71406722781
2016-05-12,200.2172957253
2016-05-13,199.71199673074
2016-05-16,203.15001145841
2016-05-17,208.89654904355
2016-05-18,210.67004943621
2016-05-19,203.54632439531
2016-05-20,204.50738326731
2016-05-23,203.38779922055
2016-05-24,207.74724152652
2016-05-25,210.87811372809
2016-05-26,210.0953956777
2016-05-27,213.07765052792
2016-05-31,220.14192862828
2016-06-01,220.56796503546
2016-06-02,222.4207280155
2016-06-03,221.53893173088
2016-06-06,224.36266140634
2016-06-07,223.53040423884
2016-06-08,221.72718037591
2016-06-09,220.55805721203
2016-06-10,213.61267299274
2016-06-13,210.96728413889
2016-06-14,207.05369388694
2016-06-15,206.0331880744
2016-06-16,204.64609279523
2016-06-17,205.30991696455
2016-06-20,198.94909432719
2016-06-21,198.1663762768
2016-06-22,198.15646845338
2016-06-23,199.75162802443
2016-06-24,191.35970158543
2016-06-27,184.68182859855
2016-06-28,185.73205788135
2016-06-29,192.03343357817
2016-06-30,194.11407649693
2016-07-01,193.99518261586
2016-07-05,191.89472405025
2016-07-06,193.80693397083
2016-07-07,195.4120013653
2016-07-08,199.10761950196
2016-07-11,208.45069698953
2016-07-12,211.20507190104
2016-07-13,207.49954594096
2016-07-14,210.55115555514
2016-07-15,211.20507190104
2016-07-18,209.352308921
2016-07-19,212.43364200545
2016-07-20,213.03801923423
2016-07-21,226.74053902778
2016-07-22,228.94998365104
2016-07-25,228.25643601145
2016-07-26,230.85228574819
2016-07-27,231.31795344905
2016-07-28,231.68454291569
2016-07-29,229.48500611586
2016-08-01,226.02717574135
2016-08-02,220.53824156519
2016-08-03,220.27073033278
2016-08-04,217.27856765913
2016-08-05,220.32026944989
2016-08-08,220.85529191471
2016-08-09,218.36842823562
2016-08-10,216.72372954746
2016-08-11,217.91266835818
2016-08-12,217.01105642672
2016-08-15,213.08755835134
2016-08-16,209.89723920924
2016-08-17,201.83227094319
2016-08-18,200.44517566402
2016-08-19,198.2951779813
2016-08-22,198.6914909182
2016-08-23,199.67236543705
2016-08-24,196.39287588415
2016-08-25,198.5131500966
2016-08-26,196.81891229132
2016-08-29,196.97743746608
2016-08-30,198.85001609297
2016-08-31,202.69425158096
2016-09-01,208.25254052108
2016-09-02,207.96521364182
2016-09-06,211.11590149023
2016-09-07,213.71175122697
2016-09-08,215.25737168091
2016-09-09,206.73664353741
2016-09-12,214.49446927736
2016-09-13,211.44285966318
2016-09-14,211.24470319473
2016-09-15,213.41451652429
2016-09-16,212.5029967694
2016-09-19,214.04861722334
2016-09-20,211.76981783613
2016-09-21,213.64239646301
2016-09-22,216.04999755472
2016-09-23,214.98986044849
2016-09-26,209.49101844891
2016-09-27,211.50230660372
2016-09-28,212.23548553699
2016-09-29,210.98709978574
2016-09-30,212.55253588652
2016-10-03,214.90069003769
2016-10-04,210.74931202359
2016-10-05,214.28640498549
2016-10-06,212.07696036223
2016-10-07,207.00415476982
2016-10-10,206.85553741848
2016-10-11,206.33042277708
2016-10-12,206.35023842393
2016-10-13,204.93341967449
2016-10-14,207.83641193733
2016-10-17,204.547014561
2016-10-18,209.12442898227
2016-10-19,212.80023147208
2016-10-20,202.88250022599
2016-10-21,198.10692933627
2016-10-24,204.58664585469
2016-10-25,202.02051958822
2016-10-26,201.00992159911
2016-10-27,200.69287124958
2016-10-28,201.95116482426
2016-10-31,202.58526552331
2016-11-01,200.3956365469
2016-11-02,198.69703171645
2016-11-03,198.71689843962
2016-11-04,198.46856440008
2016-11-07,202.43197567113
2016-11-08,200.20690267685
2016-11-09,205.93845230943
2016-11-10,208.39199262008
2016-11-11,210.30913140533
2016-11-14,209.39526213982
2016-11-15,208.73966027543
2016-11-16,209.30586188559
2016-11-17,216.10028120739
2016-11-18,216.1499480153
2016-11-21,227.13624592453
2016-11-22,231.56652518992
2016-11-23,233.48366397516
2016-11-25,233.12606295823
2016-11-28,230.49372213911
2016-11-29,227.18591273244
2016-11-30,227.25544626351
2016-12-01,226.65944456862
2016-12-02,217.25255115085
2016-12-05,221.90136437104
2016-12-06,225.64624168729
2016-12-07,231.94399293002
2016-12-08,238.27154425749
2016-12-09,230.65265592441
2016-12-12,229.06331807136
2016-12-13,231.12945728033
2016-12-14,228.45738301488
2016-12-15,229.83812027472
2016-12-16,227.30511307142
2016-12-19,229.4209190883
2016-12-20,229.7983868284
2016-12-21,232.12279343849
2016-12-22,230.11625439901
2016-12-23,232.08305999216
2016-12-27,232.15259352323
2016-12-28,227.0468456703
2016-12-29,227.72231425784
2016-12-30,226.97731213923
2017-01-03,231.45725821252
2017-01-04,236.19547168694
2017-01-05,234.24853281695
2017-01-06,234.74520089603
2017-01-09,236.00673781689
2017-01-10,233.69226456838
2017-01-11,233.03666270399
2017-01-12,234.09953239322
2017-01-13,235.96700437056
2017-01-17,228.46731637646
2017-01-18,230.07652095268
2017-01-19,228.68585033126
2017-01-20,229.01365126345
2017-01-23,227.02697894713
2017-01-24,224.70257233704
2017-01-25,225.74557530311
2017-01-26,220.22262626375
2017-01-27,220.86829476655
2017-01-30,226.65944456862
2017-01-31,226.85811180025
2017-02-01,228.85471747815
2017-02-02,224.47410502067
2017-02-03,226.61971112229
2017-02-06,224.98070646133
2017-02-07,223.60990256307
2017-02-08,224.25557106587
2017-02-09,227.11637920137
2017-02-10,225.51710798673
2017-02-13,226.80844499234
2017-02-14,228.38149860319
2017-02-15,229.55631079357
2017-02-16,230.39261777656
2017-02-17,234.00665866731
2017-02-21,238.40722636348
2017-02-22,238.81542381946
2017-02-23,241.35421287495
2017-02-24,243.73370536225
2017-02-27,245.68508832255
2017-02-28,241.91175086361
2017-03-01,246.53135134104
2017-03-02,242.86753027273
2017-03-03,243.55449672304
2017-03-06,244.370891635
2017-03-07,243.97265021453
2017-03-08,245.10763826287
2017-03-09,246.83998844191
2017-03-10,247.10880140072
2017-03-13,246.73047205128
2017-03-14,244.45053991909
2017-03-15,244.47045199012
2017-03-16,244.01247435658
2017-03-17,243.93282607249
2017-03-20,243.46489240344
2017-03-21,238.23797375979
2017-03-22,239.81102737064
2017-03-23,241.85201465054
2017-03-24,242.71818974006
2017-03-27,242.35977246163
2017-03-28,243.62418897162
2017-03-29,244.25141920886
2017-03-30,247.78581181552
2017-03-31,247.90528424166
2017-04-03,249.22943696472
2017-04-04,249.86662323747
2017-04-05,249.15974471613
2017-04-06,252.24611572477
2017-04-07,249.93631548605
2017-04-10,246.57117548309
2017-04-11,237.29215038617
2017-04-12,237.84968837483
2017-04-13,233.87723020566
2017-04-17,237.46140298987
2017-04-18,236.95364517877
2017-04-19,239.58203855387
2017-04-20,259.47419750627
2017-04-21,258.36907756447
2017-04-24,259.72309839406
2017-04-25,261.89351413562
2017-04-26,261.17667957877
2017-04-27,259.39454922218
2017-04-28,248.5325144789
2017-05-01,252.36558815091
2017-05-02,254.77494874474
2017-05-03,253.15211495633
2017-05-04,252.56470886114
2017-05-05,254.36675128876
2017-05-08,256.22852992945
2017-05-09,259.06600005029
2017-05-10,257.42325419086
2017-05-11,250.51376554573
2017-05-12,242.90157904189
2017-05-15,244.27835720379
2017-05-16,244.48786692408
2017-05-17,237.63390607462
2017-05-18,234.11214744309
2017-05-19,234.62095676379
2017-05-22,237.7137193014
2017-05-23,235.65852871189
2017-05-24,237.15502671396
2017-05-25,245.04655951152
2017-05-26,243.47024828267
2017-05-30,241.58466080007
2017-05-31,240.56704215867
2017-06-01,241.08582813272
2017-06-02,237.28472320747
2017-06-05,235.95782831231
2017-06-06,239.69907331747
2017-06-07,237.68378934135
2017-06-08,241.44498765321
2017-06-09,240.79650518565
2017-06-12,243.81943114982
2017-06-13,245.71499528577
2017-06-14,242.74195258834
2017-06-15,249.45624029094
2017-06-16,254.30489381763
2017-06-19,256.80903380775
2017-06-20,257.4974228887
2017-06-21,258.33546176986
2017-06-22,259.06375746419
2017-06-23,260.64006869304
2017-06-26,260.30086247923
2017-06-27,259.35308041126
2017-06-28,261.9869168949
2017-06-29,257.51737619539
2017-06-30,256.09071476676
2017-07-03,257.62711938221
2017-07-05,258.67466798366
2017-07-06,253.73622457684
2017-07-07,255.57192879271
2017-07-10,255.4422322992
2017-07-11,258.71457459705
2017-07-12,259.66235666502
2017-07-13,263.95231760427
2017-07-14,263.52332151035
2017-07-17,261.4581542675
2017-07-18,261.38831769407
2017-07-19,262.91474565618
2017-07-20,238.06290216854
2017-07-21,235.98775827235
2017-07-24,239.58933013065
2017-07-25,241.50484757329
2017-07-26,238.2025753154
2017-07-27,240.14802271809
2017-07-28,240.48722893189
2017-07-31,240.86634175908
2017-08-01,239.30998383693
2017-08-02,239.87865307772
2017-08-03,239.4297036771
2017-08-04,238.71138463611
2017-08-07,238.41208503569
2017-08-08,234.90030305751
2017-08-09,231.89733040004
2017-08-10,222.21
2017-08-11,222.64
2017-08-14,222.41
2017-08-15,226.45
2017-08-16,228.62
2017-08-17,223.02
2017-08-18,221.27
2017-08-21,221.15
2017-08-22,222.88
2017-08-23,220.83
2017-08-24,222.9
2017-08-25,222.02
2017-08-28,223.68
2017-08-29,223.64
2017-08-30,225.09
2017-08-31,225.5
2017-09-01,225.18
2017-09-05,219.5
2017-09-06,220.38
2017-09-07,216.05
2017-09-08,214.32
2017-09-11,219.19
2017-09-12,221.61
2017-09-13,222.46
2017-09-14,218.87
2017-09-15,216.0
2017-09-18,217.09
2017-09-19,215.05
2017-09-20,210.43
2017-09-21,215.81
2017-09-22,216.76
2017-09-25,217.39
2017-09-26,218.93
2017-09-27,219.86
2017-09-28,220.61
2017-09-29,221.55
2017-10-02,223.7
2017-10-03,225.75
2017-10-04,225.71
2017-10-05,226.7
2017-10-06,226.22
2017-10-09,226.22
2017-10-10,226.59
2017-10-11,224.8
2017-10-12,220.14
2017-10-13,230.86
2017-10-16,228.77
2017-10-17,226.94
2017-10-18,228.38
2017-10-19,232.8
2017-10-20,239.37
2017-10-23,239.33
2017-10-24,239.8
2017-10-25,235.945
2017-10-26,232.59
2017-10-27,231.83
2017-10-30,224.47
2017-10-31,223.73
2017-11-01,226.2
2017-11-02,226.24
2017-11-03,225.59
2017-11-06,230.69
2017-11-07,229.72
2017-11-09,227.91
2017-11-10,225.45
2017-11-13,224.2
2017-11-14,226.17
2017-11-15,224.59
2017-11-16,225.33
2017-11-17,224.35
2017-11-20,224.67
2017-11-21,223.84
2017-11-22,221.81
2017-11-24,222.02
2017-11-27,221.45
2017-11-28,225.61
2017-11-29,233.21
2017-11-30,239.27
2017-12-01,234.03
2017-12-04,238.17
2017-12-05,232.5
2017-12-06,229.86
2017-12-07,232.45
2017-12-08,233.05
2017-12-11,234.28
2017-12-12,238.34
2017-12-13,234.0
2017-12-14,236.29
2017-12-15,239.81
2017-12-18,247.22
2017-12-19,244.85
2017-12-20,247.15
2017-12-21,249.78
2017-12-22,251.99
2017-12-26,250.64
2017-12-27,250.42
2017-12-28,251.35
2017-12-29,253.48
2018-01-02,255.33
2018-01-03,260.07
2018-01-04,264.05
2018-01-05,264.76
2018-01-08,263.3
2018-01-09,267.96
2018-01-10,272.09
2018-01-11,273.62
2018-01-12,276.37
2018-01-16,258.07
2018-01-17,258.26
2018-01-18,255.94
2018-01-19,261.82
2018-01-22,261.85
2018-01-23,260.78
2018-01-24,259.49
2018-01-25,252.85
2018-01-26,261.85
2018-01-29,256.51
2018-01-30,254.59
2018-01-31,256.66
2018-02-01,257.11
2018-02-02,249.91
2018-02-05,238.78
2018-02-06,241.47
2018-02-07,246.75
2018-02-08,240.6
2018-02-09,240.67
2018-02-12,248.29
2018-02-13,246.26
2018-02-14,250.05
2018-02-15,240.65
2018-02-16,244.68
2018-02-20,244.57
2018-02-21,239.59
2018-02-22,238.82
2018-02-23,242.09
2018-02-26,245.66
2018-02-27,242.39
2018-02-28,240.96
2018-03-01,235.35
2018-03-02,232.72
2018-03-05,231.77
2018-03-06,235.09
2018-03-07,235.38
2018-03-08,236.17
2018-03-09,239.19
2018-03-12,238.06
2018-03-13,232.63
2018-03-14,230.33
2018-03-15,228.24
2018-03-16,229.09
2018-03-19,229.85
2018-03-20,227.68
2018-03-21,226.78
2018-03-22,220.37
2018-03-23,215.01
2018-03-26,222.25
2018-03-27,219.12
