Date,AEP
2010-01-04,25.004246211627
2010-01-05,24.717992677435
2010-01-06,24.968464519853
2010-01-07,25.183154670496
2010-01-08,25.483720881397
2010-01-11,25.748505400525
2010-01-12,25.490877219752
2010-01-13,25.805756107363
2010-01-14,25.90594484433
2010-01-15,25.769974415589
2010-01-19,26.077696964845
2010-01-20,26.134947671683
2010-01-21,25.841537799137
2010-01-22,25.347750452656
2010-01-25,25.490877219752
2010-01-26,25.483720881397
2010-01-27,25.426470174559
2010-01-28,25.090122271884
2010-01-29,24.796712399338
2010-02-01,24.760930707564
2010-02-02,25.090122271884
2010-02-03,24.832494091112
2010-02-04,24.152641947407
2010-02-05,24.073922225504
2010-02-08,23.780512352958
2010-02-09,24.055850399702
2010-02-10,23.925427114402
2010-02-11,23.968901542835
2010-02-12,23.874706947897
2010-02-16,24.418137303312
2010-02-17,24.309451232229
2010-02-18,24.287714018012
2010-02-19,24.613772231261
2010-02-22,24.381908612951
2010-02-23,24.432628779456
2010-02-24,24.570297802828
2010-02-25,24.403645827167
2010-02-26,24.360171398734
2010-03-01,24.592035017044
2010-03-02,24.722458302344
2010-03-03,24.613772231261
2010-03-04,24.570297802828
2010-03-05,24.816652897283
2010-03-08,24.765932730777
2010-03-09,24.722458302344
2010-03-10,24.744195516561
2010-03-11,24.794915683066
2010-03-12,24.7079668262
2010-03-15,24.918093230293
2010-03-16,25.193431277037
2010-03-17,25.229659967398
2010-03-18,25.186185538965
2010-03-19,25.012287825232
2010-03-22,24.693475350055
2010-03-23,24.852881587644
2010-03-24,24.628263707405
2010-03-25,24.563052064756
2010-03-26,24.700721088127
2010-03-29,24.903601754149
2010-03-30,24.93983044451
2010-03-31,24.765932730777
2010-04-01,24.990550611015
2010-04-05,24.860127325716
2010-04-06,24.852881587644
2010-04-07,24.693475350055
2010-04-08,24.606526493189
2010-04-09,24.831144373427
2010-04-12,24.693475350055
2010-04-13,24.686229611983
2010-04-14,24.563052064756
2010-04-15,24.468857469817
2010-04-16,24.439874517528
2010-04-19,24.490594684034
2010-04-20,24.599280755117
2010-04-21,24.599280755117
2010-04-22,24.621017969333
2010-04-23,24.650000921622
2010-04-26,24.461611731745
2010-04-27,24.157290732712
2010-04-28,24.287714018012
2010-04-29,24.519577636322
2010-04-30,24.852881587644
2010-05-03,25.041270777521
2010-05-04,24.352925660662
2010-05-05,24.179027946929
2010-05-06,23.62110611537
2010-05-07,23.430258147999
2010-05-10,24.325775533355
2010-05-11,24.333115839792
2010-05-12,24.648749016598
2010-05-13,24.443220436352
2010-05-14,24.223011243232
2010-05-17,24.215670936794
2010-05-18,23.929398985738
2010-05-19,23.716530099055
2010-05-20,23.004520374633
2010-05-21,23.092604051881
2010-05-24,22.894415778073
2010-05-25,22.732929036451
2010-05-26,22.769630568638
2010-05-27,23.48164029306
2010-05-28,23.459619373748
2010-06-01,22.90175608451
2010-06-02,23.378876002937
2010-06-03,23.606425502495
2010-06-04,22.843033633011
2010-06-07,23.070583132569
2010-06-08,23.283452019252
2010-06-09,23.298132632127
2010-06-10,23.988121437237
2010-06-11,23.819294389178
2010-06-14,23.789933163429
2010-06-15,24.523963807163
2010-06-16,24.722152080971
2010-06-17,24.957041886966
2010-06-18,25.00108372559
2010-06-21,24.861617903281
2010-06-22,24.443220436352
2010-06-23,24.017482662986
2010-06-24,24.017482662986
2010-06-25,24.215670936794
2010-06-28,24.450560742789
2010-06-29,23.995461743674
2010-06-30,23.709189792618
2010-07-01,23.650467341119
2010-07-02,23.775252550554
2010-07-06,24.413859210603
2010-07-07,25.228633225148
2010-07-08,25.522245482642
2010-07-09,25.573627627703
2010-07-12,25.595648547015
2010-07-13,25.522245482642
2010-07-14,25.588308240578
2010-07-15,25.896601110946
2010-07-16,25.514905176204
2010-07-19,25.970004175319
2010-07-20,26.366380722936
2010-07-21,25.881920498071
2010-07-22,26.27095673925
2010-07-23,26.278297045688
2010-07-26,26.54988838387
2010-07-27,26.887542479987
2010-07-28,26.872861867113
2010-07-29,26.498506238808
2010-07-30,26.41042256156
2010-08-02,26.623291448243
2010-08-03,26.608610835368
2010-08-04,26.417762867997
2010-08-05,26.726055738366
2010-08-06,26.718715431928
2010-08-09,26.622177549601
2010-08-10,26.934069169429
2010-08-11,26.362267866411
2010-08-12,26.250878002186
2010-08-13,26.377119848307
2010-08-16,26.533065658221
2010-08-17,26.555343631066
2010-08-18,26.154340119859
2010-08-19,25.872152463824
2010-08-20,25.857300481927
2010-08-23,26.072654219428
2010-08-24,26.295433947876
2010-08-25,26.23602602029
2010-08-26,26.139488137962
2010-08-27,26.518213676325
2010-08-30,26.117210165117
2010-08-31,26.295433947876
2010-09-01,26.815253314256
2010-09-02,26.629603540549
2010-09-03,26.822679305204
2010-09-07,26.859809259946
2010-09-08,26.792975341411
2010-09-09,26.993477097015
2010-09-10,27.201404843567
2010-09-13,27.253386780205
2010-09-14,27.045459033653
2010-09-15,26.867235250894
2010-09-16,26.733567413825
2010-09-17,26.644455522446
2010-09-20,26.986051106067
2010-09-21,26.740993404773
2010-09-22,27.052885024601
2010-09-23,26.807827323308
2010-09-24,27.104866961239
2010-09-27,27.134570925032
2010-09-28,27.268238762101
2010-09-29,27.075162997446
2010-09-30,26.904365205636
2010-10-01,26.896939214687
2010-10-04,26.882087232791
2010-10-05,26.986051106067
2010-10-06,26.92664317848
2010-10-07,26.770697368566
2010-10-08,26.874661241842
2010-10-11,26.948921151325
2010-10-12,26.629603540549
2010-10-13,26.607325567704
2010-10-14,26.577621603911
2010-10-15,26.689011468135
2010-10-18,26.978625115118
2010-10-19,27.119718943136
2010-10-20,27.342498671584
2010-10-21,27.401906599171
2010-10-22,27.253386780205
2010-10-25,27.075162997446
2010-10-26,27.223682816412
2010-10-27,27.364776644429
2010-10-28,27.632112318567
2010-10-29,27.802910110378
2010-11-01,27.684094255205
2010-11-02,27.944003938395
2010-11-03,27.884596010809
2010-11-04,27.914299974602
2010-11-05,27.995985875033
2010-11-08,27.765780155637
2010-11-09,27.74322468841
2010-11-10,27.517670016147
2010-11-11,27.472559081694
2010-11-12,27.457522103543
2010-11-15,27.389855701864
2010-11-16,27.021449737167
2010-11-17,26.856042977507
2010-11-18,27.111671606072
2010-11-19,26.878598444733
2010-11-22,27.059042182544
2010-11-23,26.825969021205
2010-11-24,27.081597649771
2010-11-26,26.953783335488
2010-11-29,26.825969021205
2010-11-30,26.765821108602
2010-12-01,27.367300234638
2010-12-02,27.126708584223
2010-12-03,27.059042182544
2010-12-06,26.916190890111
2010-12-07,26.630488305244
2010-12-08,26.374859676678
2010-12-09,26.592895859866
2010-12-10,26.795895064904
2010-12-13,26.968820313639
2010-12-14,27.126708584223
2010-12-15,26.856042977507
2010-12-16,27.104153116997
2010-12-17,27.059042182544
2010-12-20,27.036486715318
2010-12-21,26.916190890111
2010-12-22,27.036486715318
2010-12-23,27.006412759016
2010-12-27,26.976338802714
2010-12-28,27.104153116997
2010-12-29,27.156782540525
2010-12-30,27.104153116997
2010-12-31,27.051523693469
2011-01-03,27.254522898506
2011-01-04,27.450003614468
2011-01-05,27.036486715318
2011-01-06,27.171819518676
2011-01-07,27.06656067162
2011-01-10,26.886116933809
2011-01-11,27.006412759016
2011-01-12,27.028968226242
2011-01-13,26.81845053213
2011-01-14,26.65304377247
2011-01-18,27.224448942204
2011-01-19,27.028968226242
2011-01-20,27.419929658166
2011-01-21,27.39737419094
2011-01-24,27.630447352278
2011-01-25,27.562780950599
2011-01-26,27.374818723713
2011-01-27,27.585336417826
2011-01-28,26.961301824563
2011-01-31,26.825969021205
2011-02-01,27.028968226242
2011-02-02,26.833487510281
2011-02-03,26.931227868262
2011-02-04,26.780858086753
2011-02-07,27.096634627922
2011-02-08,27.284596854808
2011-02-09,27.216061724556
2011-02-10,27.117066536414
2011-02-11,27.307441898225
2011-02-14,27.048531406162
2011-02-15,27.284596854808
2011-02-16,27.238906767973
2011-02-17,27.299826883753
2011-02-18,27.231291753501
2011-02-22,27.117066536414
2011-02-23,26.941921203547
2011-02-24,26.736315812791
2011-02-25,26.865771058823
2011-02-28,27.246521782445
2011-03-01,26.881001087768
2011-03-02,27.101836507469
2011-03-03,27.38359204295
2011-03-04,26.903846131185
2011-03-07,27.117066536414
2011-03-08,27.398822071895
2011-03-09,27.642502535013
2011-03-10,27.223676739028
2011-03-11,27.269366825863
2011-03-14,26.911461145657
2011-03-15,26.591630537814
2011-03-16,26.089039582632
2011-03-17,25.58644862745
2011-03-18,25.746363931372
2011-03-21,25.936739293183
2011-03-22,26.012889437908
2011-03-23,26.271799929971
2011-03-24,26.507865378617
2011-03-25,26.431715233893
2011-03-28,26.416485204948
2011-03-29,26.728700798319
2011-03-30,27.033301377217
2011-03-31,26.759160856208
2011-04-01,27.048531406162
2011-04-04,26.995226304854
2011-04-05,26.881001087768
2011-04-06,27.086606478524
2011-04-07,27.010456333799
2011-04-08,26.88861610224
2011-04-11,26.4850203352
2011-04-12,26.340335060223
2011-04-13,26.591630537814
2011-04-14,26.782005899626
2011-04-15,27.002841319327
2011-04-18,26.88861610224
2011-04-19,26.751545841736
2011-04-20,27.056146420634
2011-04-21,27.025686362744
2011-04-25,27.101836507469
2011-04-26,27.32267192717
2011-04-27,27.589197433706
2011-04-28,27.703422650793
2011-04-29,27.779572795517
2011-05-02,27.825262882352
2011-05-03,28.137478475723
2011-05-04,27.901413027077
2011-05-05,27.916643056022
2011-05-06,28.015638244163
2011-05-09,28.131309748062
2011-05-10,28.416632791011
2011-05-11,28.424344224604
2011-05-12,29.018124611282
2011-05-13,28.979567443316
2011-05-16,29.087527513621
2011-05-17,29.958919509655
2011-05-18,29.874093740129
2011-05-19,29.673596466706
2011-05-20,29.727576501858
2011-05-23,29.604193564367
2011-05-24,29.958919509655
2011-05-25,29.712153634672
2011-05-26,29.58877069718
2011-05-27,29.550213529214
2011-05-31,29.457676326095
2011-06-01,29.318870521417
2011-06-02,29.280313353451
2011-06-03,28.925587408163
2011-06-06,28.979567443316
2011-06-07,28.971856009723
2011-06-08,29.041258912062
2011-06-09,28.887030240197
2011-06-10,28.624841498028
2011-06-13,28.632552931621
2011-06-14,28.779070169892
2011-06-15,28.478324259757
2011-06-16,28.802204470672
2011-06-17,29.025836044875
2011-06-20,29.234044751892
2011-06-21,29.210910451112
2011-06-22,28.979567443316
2011-06-23,28.763647302706
2011-06-24,28.609418630841
2011-06-27,28.763647302706
2011-06-28,28.863895939418
2011-06-29,28.971856009723
2011-06-30,29.056681779248
2011-07-01,29.442253458909
2011-07-05,29.696730767485
2011-07-06,29.689019333892
2011-07-07,29.704442201078
2011-07-08,29.573347829994
2011-07-11,29.241756185485
2011-07-12,29.426830591723
2011-07-13,29.280313353451
2011-07-14,28.971856009723
2011-07-15,28.902453107384
2011-07-18,28.617130064435
2011-07-19,28.833050205045
2011-07-20,28.994990310502
2011-07-21,29.318870521417
2011-07-22,29.079816080028
2011-07-25,29.102950380807
2011-07-26,29.072104646434
2011-07-27,29.064393212841
2011-07-28,28.655687232401
2011-07-29,28.424344224604
2011-08-01,29.187776150333
2011-08-02,28.624841498028
2011-08-03,28.624841498028
2011-08-04,27.784295236367
2011-08-05,27.946235341825
2011-08-08,26.504197259893
2011-08-09,27.403042050482
2011-08-10,26.785574759555
2011-08-11,27.95798100815
2011-08-12,27.950164966492
2011-08-15,29.302340173205
2011-08-16,29.067858923486
2011-08-17,29.568085589553
2011-08-18,29.122571215087
2011-08-19,28.966250381941
2011-08-22,28.950618298626
2011-08-23,29.341420381491
2011-08-24,29.86509517253
2011-08-25,29.380500589778
2011-08-26,29.357052464806
2011-08-29,29.896359339159
2011-08-30,30.052680172305
2011-08-31,30.193368922137
2011-09-01,29.990151839047
2011-09-02,29.685326214412
2011-09-06,29.802566839272
2011-09-07,29.888543297502
2011-09-08,29.458661006351
2011-09-09,28.763033298851
2011-09-12,29.013146631885
2011-09-13,29.020962673542
2011-09-14,29.278892048233
2011-09-15,29.419580798064
2011-09-16,29.325788298177
2011-09-19,29.333604339834
2011-09-20,29.943255589103
2011-09-21,29.271076006576
2011-09-22,28.981882465256
2011-09-23,29.271076006576
2011-09-26,29.521189339609
2011-09-27,29.622797881154
2011-09-28,29.466477048008
2011-09-29,30.06831225562
2011-09-30,29.716590381042
2011-10-03,29.036594756857
2011-10-04,28.653608715649
2011-10-05,28.950618298626
2011-10-06,29.40394871475
2011-10-07,29.497741214637
2011-10-10,30.15428871385
2011-10-11,29.935439547446
2011-10-12,29.86509517253
2011-10-13,29.943255589103
2011-10-14,30.216817047108
2011-10-17,29.943255589103
2011-10-18,30.138656630536
2011-10-19,30.06831225562
2011-10-20,30.451298296827
2011-10-21,30.584171005001
2011-10-24,30.521642671743
2011-10-25,30.209001005451
2011-10-26,30.326241630311
2011-10-27,31.029685379467
2011-10-28,30.810836213063
2011-10-31,30.701411629861
2011-11-01,30.255897255395
2011-11-02,30.756123921462
2011-11-03,31.162558087641
2011-11-04,31.029685379467
2011-11-07,31.076581629411
2011-11-08,31.006237254495
2011-11-09,30.397186165568
2011-11-10,30.721486096036
2011-11-11,31.259349395348
2011-11-14,30.903410447274
2011-11-15,31.022056763299
2011-11-16,30.555381253601
2011-11-17,30.318088621551
2011-11-18,30.500012972789
2011-11-21,30.096615498305
2011-11-22,29.701127778222
2011-11-23,29.345188830147
2011-11-25,29.424286374164
2011-11-28,29.890961883862
2011-11-29,30.26272034074
2011-11-30,31.385905465775
2011-12-01,31.338446939365
2011-12-02,31.045786026504
2011-12-05,31.21980062334
2011-12-06,31.433363992185
2011-12-07,31.433363992185
2011-12-08,31.07742504411
2011-12-09,31.425454237783
2011-12-12,31.101154307315
2011-12-13,31.211890868939
2011-12-14,30.626569043216
2011-12-15,31.433363992185
2011-12-16,31.370085956972
2011-12-19,31.07742504411
2011-12-20,31.591559080218
2011-12-21,32.311346730769
2011-12-22,32.722653959655
2011-12-23,32.880849047688
2011-12-27,32.944127082901
2011-12-28,32.65146617004
2011-12-29,32.857119784483
2011-12-30,32.675195433245
2012-01-03,32.248068695556
2012-01-04,32.350895502777
2012-01-05,32.390444274785
2012-01-06,32.263888204359
2012-01-09,32.41417353799
2012-01-10,32.635646661237
2012-01-11,32.611917398032
2012-01-12,32.706834450852
2012-01-13,32.722653959655
2012-01-17,32.770112486065
2012-01-18,32.857119784483
2012-01-19,32.50909059081
2012-01-20,32.437902801195
2012-01-23,32.271797958761
2012-01-24,32.168971151539
2012-01-25,32.730563714057
2012-01-26,32.65146617004
2012-01-27,31.59946883462
2012-01-30,31.211890868939
2012-01-31,31.290988412955
2012-02-01,31.164432342529
2012-02-02,31.298898167357
2012-02-03,31.306807921758
2012-02-06,31.330537184963
2012-02-07,31.544100553808
2012-02-08,31.465003009792
2012-02-09,31.513028961982
2012-02-10,31.456998684427
2012-02-13,31.785176024391
2012-02-14,31.889232254136
2012-02-15,31.697128445376
2012-02-16,31.945262531691
2012-02-17,31.801184675121
2012-02-21,31.913245230231
2012-02-22,31.889232254136
2012-02-23,30.344397458692
2012-02-24,30.200319602122
2012-02-27,30.600535870372
2012-02-28,30.384419085517
2012-02-29,30.104267697743
2012-03-01,30.200319602122
2012-03-02,30.384419085517
2012-03-05,30.624548846467
2012-03-06,30.568518568912
2012-03-07,30.600535870372
2012-03-08,30.568518568912
2012-03-09,30.584527219642
2012-03-12,30.960730511797
2012-03-13,31.256890550302
2012-03-14,30.656566147927
2012-03-15,30.744613726942
2012-03-16,31.000752138622
2012-03-19,30.744613726942
2012-03-20,30.768626703037
2012-03-21,30.600535870372
2012-03-22,30.656566147927
2012-03-23,30.800644004497
2012-03-26,30.808648329862
2012-03-27,30.936717535702
2012-03-28,30.552509918182
2012-03-29,30.640557497197
2012-03-30,30.880687258147
2012-04-02,31.120817019097
2012-04-03,31.040773765447
2012-04-04,30.880687258147
2012-04-05,30.408432061612
2012-04-09,30.264354205042
2012-04-10,29.792099008508
2012-04-11,29.832120635333
2012-04-12,29.912163888983
2012-04-13,29.864137936793
2012-04-16,30.224332578217
2012-04-17,30.408432061612
2012-04-18,30.416436386977
2012-04-19,30.328388807962
2012-04-20,30.680579124022
2012-04-23,30.456458013802
2012-04-24,30.632553171832
2012-04-25,30.808648329862
2012-04-26,30.904700234242
2012-04-27,30.976739162527
2012-04-30,31.088799717637
2012-05-01,31.120817019097
2012-05-02,31.056782416177
2012-05-03,30.856674282052
2012-05-04,30.880687258147
2012-05-07,30.832661305957
2012-05-08,30.888691583512
2012-05-09,30.969721729324
2012-05-10,31.083163933461
2012-05-11,31.156091064691
2012-05-14,31.002133787649
2012-05-15,30.483540854452
2012-05-16,30.46733482529
2012-05-17,30.32958357741
2012-05-18,30.588880044008
2012-05-21,30.653704160657
2012-05-22,30.840073496025
2012-05-23,30.621292102333
2012-05-24,30.775249379375
2012-05-25,30.977824743905
2012-05-29,31.172297093854
2012-05-30,30.953515700162
2012-05-31,31.204709152179
2012-06-01,31.107472977204
2012-06-04,31.131782020948
2012-06-05,31.536932750008
2012-06-06,31.990701566554
2012-06-07,31.990701566554
2012-06-08,32.185173916503
2012-06-11,32.063628697785
2012-06-12,32.193276931084
2012-06-13,32.177070901922
2012-06-14,32.282410091477
2012-06-15,32.363440237289
2012-06-18,32.468779426845
2012-06-19,32.428264353939
2012-06-20,32.120349799853
2012-06-21,31.682787012469
2012-06-22,31.804332231187
2012-06-25,31.739508114537
2012-06-26,31.917774435324
2012-06-27,32.193276931084
2012-06-28,32.355337222708
2012-06-29,32.331028178965
2012-07-02,32.752384937187
2012-07-03,33.230462797477
2012-07-05,33.254771841221
2012-07-06,33.189947724571
2012-07-09,33.125123607922
2012-07-10,33.246668826639
2012-07-11,33.311492943289
2012-07-12,33.497862278656
2012-07-13,33.781467788998
2012-07-16,33.919219036879
2012-07-17,33.959734109785
2012-07-18,33.959734109785
2012-07-19,34.032661241015
2012-07-20,33.975940138947
2012-07-23,33.781467788998
2012-07-24,33.578892424468
2012-07-25,33.400626103682
2012-07-26,33.992146168109
2012-07-27,34.372987853425
2012-07-30,34.494533072143
2012-07-31,34.227133590964
2012-08-01,34.178515503477
2012-08-02,33.886806978554
2012-08-03,34.308163736776
2012-08-06,34.348678809682
2012-08-07,34.113691386827
2012-08-08,34.697108436673
2012-08-09,35.532788498194
2012-08-10,35.680261450227
2012-08-13,35.606524974211
2012-08-14,35.532788498194
2012-08-15,35.360736720822
2012-08-16,35.434473196839
2012-08-17,35.287000244806
2012-08-20,35.319772011924
2012-08-21,34.942896690062
2012-08-22,34.910124922943
2012-08-23,34.901931981164
2012-08-24,35.065790816756
2012-08-27,35.073983758536
2012-08-28,35.139527292772
2012-08-29,35.213263768789
2012-08-30,35.065790816756
2012-08-31,35.221456710569
2012-09-04,35.344350837263
2012-09-05,35.18868494345
2012-09-06,35.655682624888
2012-09-07,35.606524974211
2012-09-10,35.549174381753
2012-09-11,35.581946148872
2012-09-12,35.639296741329
2012-09-13,36.016172063191
2012-09-14,35.770383809803
2012-09-17,35.696647333786
2012-09-18,35.655682624888
2012-09-19,35.909663820056
2012-09-20,36.024365004971
2012-09-21,36.057136772089
2012-09-24,36.417626210393
2012-09-25,36.343889734376
2012-09-26,36.343889734376
2012-09-27,35.901470878277
2012-09-28,35.999786179632
2012-10-01,35.975207354293
2012-10-02,36.188223840563
2012-10-03,36.409433268613
2012-10-04,36.425819152172
2012-10-05,36.229188549461
2012-10-08,36.343889734376
2012-10-09,36.401240326833
2012-10-10,36.114487364547
2012-10-11,36.245574433021
2012-10-12,36.147259131665
2012-10-15,36.46678386107
2012-10-16,36.507748569968
2012-10-17,36.884623891831
2012-10-18,37.089447436321
2012-10-19,36.851852124712
2012-10-22,36.827273299373
2012-10-23,36.556906220646
2012-10-24,35.901470878277
2012-10-25,35.975207354293
2012-10-26,36.007979121412
2012-10-31,36.409433268613
2012-11-01,36.368468559715
2012-11-02,36.237381491241
2012-11-05,35.631103799549
2012-11-06,35.491823789296
2012-11-07,34.852774330486
2012-11-08,34.827920914039
2012-11-09,34.629093582465
2012-11-12,34.190016558573
2012-11-13,34.248007863615
2012-11-14,34.115456309232
2012-11-15,33.933197921956
2012-11-16,34.397128362296
2012-11-19,34.339137057253
2012-11-20,34.115456309232
2012-11-21,33.958051338403
2012-11-23,33.991189226999
2012-11-26,34.3639904737
2012-11-27,34.339137057253
2012-11-28,34.695369359657
2012-11-29,34.943903524124
2012-11-30,35.333273715123
2012-12-03,35.026748245613
2012-12-04,35.084739550656
2012-12-05,35.788919683313
2012-12-06,35.846910988356
2012-12-07,35.846910988356
2012-12-10,35.929755709845
2012-12-11,35.987747014887
2012-12-12,36.020884903483
2012-12-13,35.573523407442
2012-12-14,35.490678685952
2012-12-17,36.062307264228
2012-12-18,36.377117205886
2012-12-19,36.04573831993
2012-12-20,36.12029856927
2012-12-21,35.996031487036
2012-12-24,35.788919683313
2012-12-26,35.449256325208
2012-12-27,35.324989242974
2012-12-28,34.968756940571
2012-12-31,35.35812713157
2013-01-02,36.161720930014
2013-01-03,36.136867513568
2013-01-04,36.078876208525
2013-01-07,35.929755709845
2013-01-08,35.747497322569
2013-01-09,35.755781794718
2013-01-10,36.078876208525
2013-01-11,35.822057571909
2013-01-14,35.822057571909
2013-01-15,35.755781794718
2013-01-16,35.722643906122
2013-01-17,35.788919683313
2013-01-18,36.04573831993
2013-01-22,36.468246399524
2013-01-23,36.534522176716
2013-01-24,36.609082426056
2013-01-25,36.832763174077
2013-01-28,36.857616590523
2013-01-29,37.296693614416
2013-01-30,37.371253863756
2013-01-31,37.520374362437
2013-02-01,37.478952001692
2013-02-04,37.280124670118
2013-02-05,37.155857587884
2013-02-06,37.321547030863
2013-02-07,37.25457251847
2013-02-08,37.313175216814
2013-02-11,37.447124241599
2013-02-12,37.589445080434
2013-02-13,37.614560522581
2013-02-14,37.480611497795
2013-02-15,37.781996803563
2013-02-19,38.141984807674
2013-02-20,38.150356621723
2013-02-21,37.974548526692
2013-02-22,38.661037278718
2013-02-25,38.242446576263
2013-02-26,38.786614489454
2013-02-27,39.062884353074
2013-02-28,39.171717935712
2013-03-01,39.10474342332
2013-03-04,39.732629477002
2013-03-05,39.900065757984
2013-03-06,39.900065757984
2013-03-07,39.674026778658
2013-03-08,39.757744919149
2013-03-11,39.665654964609
2013-03-12,39.590308638167
2013-03-13,39.715885848904
2013-03-14,39.916809386082
2013-03-15,40.100989295162
2013-03-18,39.925181200131
2013-03-19,39.93355301418
2013-03-20,40.234938319947
2013-03-21,39.874950315836
2013-03-22,40.067502038966
2013-03-25,39.900065757984
2013-03-26,40.2098228778
2013-03-27,40.310284646389
2013-03-28,40.712131720746
2013-04-01,40.603298138108
2013-04-02,40.469349113322
2013-04-03,40.268425576144
2013-04-04,40.737247162893
2013-04-05,40.779106233139
2013-04-08,41.214440563691
2013-04-09,41.021888840562
2013-04-10,41.557684939704
2013-04-11,41.800467547128
2013-04-12,41.842326617374
2013-04-15,41.080491538906
2013-04-16,41.473966799213
2013-04-17,41.331645960379
2013-04-18,41.423735914919
2013-04-19,41.808839361177
2013-04-22,42.168827365288
2013-04-23,42.394866344614
2013-04-24,42.61253350989
2013-04-25,42.495328113203
2013-04-26,42.311148204123
2013-04-29,42.955777885903
2013-04-30,43.056239654492
2013-05-01,42.88880337351
2013-05-02,42.838572489216
2013-05-03,42.763226162774
2013-05-06,42.24417369173
2013-05-07,42.754854348725
2013-05-08,42.369750902467
2013-05-09,41.27922858275
2013-05-10,41.270774921357
2013-05-13,41.14397000046
2013-05-14,41.313043228323
2013-05-15,41.769540943553
2013-05-16,41.465209133399
2013-05-17,41.963975155595
2013-05-20,41.820262911912
2013-05-21,41.727272636587
2013-05-22,41.076340709315
2013-05-23,40.814277206127
2013-05-24,40.332418506717
2013-05-28,39.360247446505
2013-05-29,39.047461974959
2013-05-30,38.962925361027
2013-05-31,38.734676503412
2013-06-03,39.005193667993
2013-06-04,38.929110715455
2013-06-05,38.557149614156
2013-06-06,38.607871582515
2013-06-07,39.013647329386
2013-06-10,38.81075945595
2013-06-11,38.345808079327
2013-06-12,38.210549497037
2013-06-13,38.819213117344
2013-06-14,38.472613000224
2013-06-17,38.523334968583
2013-06-18,38.802305794557
2013-06-19,37.863949379918
2013-06-20,36.511363557014
2013-06-21,37.01012957921
2013-06-24,36.832602689953
2013-06-25,37.120027177321
2013-06-26,37.703329813448
2013-06-27,37.60188587673
2013-06-28,37.855495718525
2013-07-01,37.593432215337
2013-07-02,37.60188587673
2013-07-03,37.584978553944
2013-07-05,37.432812648867
2013-07-08,37.677968829268
2013-07-09,37.677968829268
2013-07-10,38.396530047686
2013-07-11,39.089730281924
2013-07-12,39.351793785112
2013-07-15,40.154891617461
2013-07-16,39.926642759846
2013-07-17,39.808291500342
2013-07-18,39.918189098453
2013-07-19,39.850559807308
2013-07-22,39.808291500342
2013-07-23,39.816745161735
2013-07-24,39.208081541429
2013-07-25,38.726222842019
2013-07-26,39.284164493967
2013-07-29,39.478598706009
2013-07-30,39.351793785112
2013-07-31,39.182720557249
2013-08-01,39.351793785112
2013-08-02,39.377154769292
2013-08-05,39.216535202822
2013-08-06,38.709315519233
2013-08-07,38.853027762916
2013-08-08,38.895751567362
2013-08-09,38.451424001127
2013-08-12,38.186536413563
2013-08-13,37.861835499776
2013-08-14,37.913104065111
2013-08-15,37.408963172652
2013-08-16,37.007359410862
2013-08-19,36.469039474846
2013-08-20,36.588666127294
2013-08-21,36.204151887283
2013-08-22,36.477584235735
2013-08-23,36.879187997525
2013-08-26,36.443405192179
2013-08-27,36.545942322849
2013-08-28,36.751016584188
2013-08-29,36.477584235735
2013-08-30,36.571576605516
2013-09-03,36.024711908611
2013-09-04,36.067435713057
2013-09-05,36.007622386833
2013-09-06,36.366502344177
2013-09-09,36.460494713957
2013-09-10,36.648479453518
2013-09-11,36.067435713057
2013-09-12,35.819637647272
2013-09-13,36.417770909512
2013-09-16,36.588666127294
2013-09-17,36.913367041082
2013-09-18,38.289073544233
2013-09-19,38.169446891785
2013-09-20,37.366239368206
2013-09-23,37.878925021554
2013-09-24,37.776387890885
2013-09-25,37.417507933541
2013-09-26,37.289336520204
2013-09-27,37.118441302421
2013-09-30,37.041538454419
2013-10-01,37.357694607317
2013-10-02,37.494410781543
2013-10-03,37.02444893264
2013-10-04,37.03299369353
2013-10-07,36.862098475747
2013-10-08,37.161165106867
2013-10-09,37.32351556376
2013-10-10,37.716574564661
2013-10-11,37.82765645622
2013-10-14,37.656761238437
2013-10-15,37.152620345978
2013-10-16,37.400418411763
2013-10-17,38.135267848229
2013-10-18,38.297618305122
2013-10-21,38.143812609118
2013-10-22,38.656498262466
2013-10-23,39.750227656276
2013-10-24,39.921122874059
2013-10-25,40.39962948385
2013-10-28,40.416719005629
2013-10-29,40.391084722961
2013-10-30,40.245823787846
2013-10-31,40.023660004728
2013-11-01,40.194555222511
2013-11-04,40.322726635848
2013-11-05,39.792951460722
2013-11-06,40.365450440294
2013-11-07,39.942278195627
2013-11-08,39.942278195627
2013-11-11,40.6763524976
2013-11-12,40.90952904058
2013-11-13,40.866348199288
2013-11-14,41.099524742268
2013-11-15,41.31542894873
2013-11-18,41.729965025139
2013-11-19,41.462243809125
2013-11-20,41.030435396199
2013-11-21,41.134069415302
2013-11-22,41.194522593111
2013-11-25,41.064980069233
2013-11-26,40.96998221839
2013-11-27,40.650443992825
2013-11-29,40.641807824566
2013-12-02,40.27045258945
2013-12-03,40.477720627655
2013-12-04,40.469084459396
2013-12-05,40.140910065572
2013-12-06,40.6763524976
2013-12-09,40.348178103777
2013-12-10,39.8645526813
2013-12-11,39.536378287477
2013-12-12,39.63137613832
2013-12-13,39.553650623994
2013-12-16,39.700465484388
2013-12-17,39.570922960511
2013-12-18,40.166818570348
2013-12-19,40.054548382987
2013-12-20,40.348178103777
2013-12-23,40.080456887763
2013-12-24,40.235907916416
2013-12-26,40.089093056021
2013-12-27,40.15818240209
2013-12-30,40.279088757709
2013-12-31,40.365450440294
2014-01-02,39.838644176525
2014-01-03,39.821371840007
2014-01-06,39.795463335232
2014-01-07,40.054548382987
2014-01-08,39.812735671749
2014-01-09,39.968186700402
2014-01-10,40.762714180186
2014-01-13,40.304997262484
2014-01-14,40.166818570348
2014-01-15,40.115001560797
2014-01-16,40.227271748158
2014-01-17,40.391358945069
2014-01-21,40.883620535805
2014-01-22,41.039071564458
2014-01-23,41.134069415302
2014-01-24,40.391358945069
2014-01-27,40.745441843668
2014-01-28,41.030435396199
2014-01-29,41.099524742268
2014-01-30,41.660875679071
2014-01-31,42.153137269806
2014-02-03,41.721328856881
2014-02-04,41.885416053792
2014-02-05,41.410426799574
2014-02-06,41.539969323452
2014-02-07,41.915225348853
2014-02-10,42.107216803709
2014-02-11,42.447565291863
2014-02-12,42.744279358459
2014-02-13,43.372615028898
2014-02-14,43.730417285676
2014-02-18,43.974770046402
2014-02-19,43.765324822922
2014-02-20,43.931135624844
2014-02-21,44.1231270797
2014-02-24,43.695509748429
2014-02-25,43.686782864118
2014-02-26,43.870047434662
2014-02-27,43.459883872015
2014-02-28,43.808959244481
2014-03-03,43.390068797521
2014-03-04,43.678055979806
2014-03-05,43.355161260275
2014-03-06,42.979905234874
2014-03-07,43.049720309367
2014-03-10,42.944997697627
2014-03-11,42.499926597733
2014-03-12,43.198077342665
2014-03-13,43.555879599443
2014-03-14,43.730417285676
2014-03-17,43.887501203285
2014-03-18,43.774051707234
2014-03-19,42.709371821213
2014-03-20,42.543561019291
2014-03-21,42.665737399655
2014-03-24,42.552287903603
2014-03-25,43.084627846614
2014-03-26,43.040993425055
2014-03-27,43.459883872015
2014-03-28,43.634421558248
2014-03-31,44.210395922817
2014-04-01,43.983496930714
2014-04-02,43.992223815025
2014-04-03,44.131853964012
2014-04-04,44.315118534556
2014-04-07,44.236576575751
2014-04-08,44.86491224619
2014-04-09,44.978361742242
2014-04-10,44.498383105101
2014-04-11,44.419841146296
2014-04-14,44.751462750139
2014-04-15,45.65905871855
2014-04-16,45.81614263616
2014-04-17,45.144172544163
2014-04-21,45.07435746967
2014-04-22,45.091811238293
2014-04-23,45.292529577461
2014-04-24,45.667785602862
2014-04-25,46.584108455585
2014-04-28,47.50915819262
2014-04-29,47.020452671168
2014-04-30,46.959364480986
2014-05-01,47.011725786856
2014-05-02,46.104129818444
2014-05-05,46.566654686962
2014-05-06,46.121583587068
2014-05-07,47.125175282907
2014-05-08,46.73760374787
2014-05-09,46.08577889349
2014-05-12,45.592506030716
2014-05-13,46.006502897687
2014-05-14,46.121012669403
2014-05-15,45.821525574147
2014-05-16,46.420499764658
2014-05-19,44.940681176335
2014-05-20,44.887830512467
2014-05-21,45.019957172138
2014-05-22,45.354678043307
2014-05-23,45.284210491482
2014-05-27,46.420499764658
2014-05-28,46.631902420133
2014-05-29,46.499775760461
2014-05-30,46.993048623236
2014-06-02,47.107558394951
2014-06-03,47.512746817944
2014-06-04,47.556789037835
2014-06-05,47.715341029441
2014-06-06,47.62725658966
2014-06-09,47.116366838929
2014-06-10,47.089941506995
2014-06-11,46.27075621703
2014-06-12,46.323606880899
2014-06-13,46.490967316483
2014-06-16,46.764029079805
2014-06-17,46.517392648418
2014-06-18,47.67129880955
2014-06-19,48.358357439843
2014-06-20,47.988402792763
2014-06-23,47.961977460828
2014-06-24,48.138146340391
2014-06-25,48.552143207362
2014-06-26,48.446441879624
2014-06-27,48.737120530902
2014-06-30,49.124692065939
2014-07-01,48.631419203165
2014-07-02,47.715341029441
2014-07-03,47.354194826338
2014-07-07,47.363003270317
2014-07-08,48.050061900609
2014-07-09,48.190997004259
2014-07-10,48.270273000062
2014-07-11,47.838659245135
2014-07-14,47.213259722689
2014-07-15,47.503938373966
2014-07-16,47.750574805354
2014-07-17,47.107558394951
2014-07-18,47.90912679696
2014-07-21,47.600831257726
2014-07-22,47.609639701704
2014-07-23,47.539172149879
2014-07-24,47.574405925791
2014-07-25,46.87853885152
2014-07-28,48.138146340391
2014-07-29,47.644873477616
2014-07-30,46.684753084002
2014-07-31,45.795100242212
2014-08-01,46.076970449512
2014-08-04,45.275402047504
2014-08-05,44.782129184729
2014-08-06,43.848434123049
2014-08-07,44.346711783538
2014-08-08,44.951763228418
2014-08-11,44.791602551832
2014-08-12,44.853887259393
2014-08-13,45.174208612565
2014-08-14,45.503427781103
2014-08-15,45.752566611347
2014-08-18,45.797055688177
2014-08-19,47.478742792328
2014-08-20,46.606756886472
2014-08-21,46.980465131838
2014-08-22,46.749121932326
2014-08-25,47.113932362327
2014-08-26,46.499983102081
2014-08-27,47.291888669644
2014-08-28,47.443151530864
2014-08-29,47.781268514768
2014-09-02,47.051647654765
2014-09-03,47.478742792328
2014-09-04,47.158421439156
2014-09-05,47.923633560622
2014-09-08,47.630005653548
2014-09-09,47.14952362379
2014-09-10,47.14952362379
2014-09-11,47.638903468913
2014-09-12,46.69573504013
2014-09-15,46.882589162814
2014-09-16,47.718983807206
2014-09-17,47.443151530864
2014-09-18,46.927078239643
2014-09-19,47.407560269401
2014-09-22,47.131727993058
2014-09-23,46.766917563057
2014-09-24,46.686837224764
2014-09-25,46.348720240861
2014-09-26,46.491085286715
2014-09-29,46.428800579154
2014-09-30,46.455494025252
2014-10-01,46.606756886472
2014-10-02,46.517778732813
2014-10-03,47.0427498394
2014-10-06,46.980465131838
2014-10-07,47.122830177692
2014-10-08,48.154976760134
2014-10-09,47.656699099645
2014-10-10,47.950327006719
2014-10-13,48.252852729159
2014-10-14,48.688845682087
2014-10-15,48.377422144281
2014-10-16,47.994816083549
2014-10-17,48.590969713062
2014-10-20,49.258305865503
2014-10-21,49.436262172821
2014-10-22,49.756583525993
2014-10-23,49.187123342576
2014-10-24,50.245963371116
2014-10-27,50.504000016726
2014-10-28,50.352737155506
2014-10-29,50.504000016726
2014-10-30,51.847570136974
2014-10-31,51.909854844535
2014-11-03,52.185687120877
2014-11-04,51.723000721852
2014-11-05,53.155548995758
2014-11-06,51.96324173673
2014-11-07,52.367310490515
2014-11-10,52.421186324353
2014-11-11,52.026096876208
2014-11-12,51.065311172764
2014-11-13,50.562470056943
2014-11-14,50.337987415951
2014-11-17,51.352648953233
2014-11-18,51.406524787071
2014-11-19,51.397545481432
2014-11-20,51.388566175792
2014-11-21,51.559172982946
2014-11-24,51.002456033286
2014-11-25,50.804911309214
2014-11-26,50.876745754331
2014-11-28,51.675903956261
2014-12-01,52.088952015686
2014-12-02,52.403227713074
2014-12-03,52.537917297669
2014-12-04,52.475062158191
2014-12-05,51.864469374694
2014-12-08,52.76239993866
2014-12-09,52.861172300697
2014-12-10,52.286496739758
2014-12-11,52.852192995057
2014-12-12,52.699544799183
2014-12-15,52.151807155163
2014-12-16,51.927324514172
2014-12-17,52.816275772498
2014-12-18,53.857875226699
2014-12-19,53.777061475942
2014-12-22,54.010523422574
2014-12-23,53.974606200015
2014-12-24,55.052122876775
2014-12-26,55.662715660272
2014-12-29,56.488811779121
2014-12-30,55.420274408001
2014-12-31,54.522343844034
2015-01-02,54.90845398654
2015-01-05,54.10031647897
2015-01-06,54.396633565079
2015-01-07,55.16885385009
2015-01-08,55.644757048992
2015-01-09,55.348439962883
2015-01-12,55.276605517766
2015-01-13,55.554963992596
2015-01-14,56.354122194526
2015-01-15,56.713294420112
2015-01-16,57.081445951338
2015-01-20,57.04552872878
2015-01-21,57.593266372799
2015-01-22,57.539390538961
2015-01-23,57.934479987106
2015-01-26,57.979376515305
2015-01-27,57.692038734835
2015-01-28,56.910839144185
2015-01-29,57.216135535933
2015-01-30,56.399018722724
2015-02-02,56.623501363716
2015-02-03,56.354122194526
2015-02-04,55.869239689984
2015-02-05,56.075763719696
2015-02-06,53.588496057509
2015-02-09,52.764057656625
2015-02-10,53.733452259863
2015-02-11,52.800296707213
2015-02-12,52.5285038278
2015-02-13,52.392607388094
2015-02-17,52.428846438683
2015-02-18,53.561316769568
2015-02-19,52.918073621625
2015-02-20,53.198926263685
2015-02-23,53.534137481627
2015-02-24,53.706272971922
2015-02-25,52.619101454271
2015-02-26,52.012097356917
2015-02-27,52.166113321917
2015-03-02,50.870567263384
2015-03-03,51.396033496915
2015-03-04,51.260137057209
2015-03-05,51.713125189563
2015-03-06,49.837754321616
2015-03-09,49.991770286617
2015-03-10,50.064248387793
2015-03-11,49.620320018086
2015-03-12,50.707491535736
2015-03-13,50.109547201029
2015-03-16,50.879627026031
2015-03-17,50.644073197207
2015-03-18,52.138934033976
2015-03-19,51.685945901622
2015-03-20,52.274830473682
2015-03-23,52.501324539859
2015-03-24,51.867141154563
2015-03-25,50.653132959854
2015-03-26,50.127666726323
2015-03-27,50.644073197207
2015-03-30,51.260137057209
2015-03-31,50.961164889855
2015-04-01,51.06988204162
2015-04-02,51.151419905443
2015-04-06,51.731244714857
2015-04-07,51.06988204162
2015-04-08,50.716551298383
2015-04-09,50.544415808089
2015-04-10,51.088001566914
2015-04-13,50.435698656324
2015-04-14,50.825268450148
2015-04-15,51.060822278973
2015-04-16,50.598774383971
2015-04-17,50.490057232206
2015-04-20,51.305435870444
2015-04-21,50.707491535736
2015-04-22,50.861507500737
2015-04-23,51.550049461915
2015-04-24,52.43790620133
2015-04-27,52.283890236329
2015-04-28,52.619101454271
2015-04-29,52.356368337506
2015-04-30,51.522870173974
2015-05-01,51.667826376327
2015-05-04,51.966798543681
2015-05-05,50.644073197207
2015-05-06,50.272622928676
2015-05-07,50.547036809291
2015-05-08,51.040981794398
2015-05-11,50.702538008306
2015-05-12,50.263475799322
2015-05-13,49.650618132615
2015-05-14,50.40068273963
2015-05-15,50.858039207322
2015-05-18,51.114158829229
2015-05-19,51.040981794398
2015-05-20,51.150747346644
2015-05-21,51.050128923752
2015-05-22,50.903774854091
2015-05-26,50.611066714768
2015-05-27,51.278807157598
2015-05-28,51.315395675013
2015-05-29,51.489191132736
2015-06-01,51.233071510829
2015-06-02,50.464712645107
2015-06-03,49.742089426154
2015-06-04,49.659765261969
2015-06-05,48.882259266893
2015-06-08,48.900553525601
2015-06-09,48.900553525601
2015-06-10,49.293880087816
2015-06-11,49.678059520677
2015-06-12,49.330468605231
2015-06-15,49.074348983324
2015-06-16,49.147526018155
2015-06-17,49.449381286831
2015-06-18,50.153710247076
2015-06-19,49.824413590338
2015-06-22,49.6140296152
2015-06-23,48.790787973355
2015-06-24,48.443197057909
2015-06-25,48.132194659879
2015-06-26,48.39746141114
2015-06-29,48.296842988248
2015-06-30,48.452344187263
2015-07-01,48.745052326586
2015-07-02,49.604882485846
2015-07-06,49.879296366461
2015-07-07,51.297101416306
2015-07-08,51.251365769537
2015-07-09,50.784862172491
2015-07-10,50.821450689906
2015-07-13,50.620213844122
2015-07-14,50.483006903814
2015-07-15,50.931216242152
2015-07-16,51.553221038213
2015-07-17,50.967804759568
2015-07-20,50.803156431199
2015-07-21,50.208593023199
2015-07-22,50.501301162522
2015-07-23,49.934179142584
2015-07-24,49.943326271938
2015-07-27,50.986099018275
2015-07-28,51.123305958583
2015-07-29,51.169041605352
2015-07-30,51.516632520798
2015-07-31,51.745310754644
2015-08-03,52.193520092982
2015-08-04,51.580662426275
2015-08-05,51.818487789474
2015-08-06,51.946547600428
2015-08-07,52.417445916749
2015-08-10,52.362046114829
2015-08-11,52.491312319309
2015-08-12,53.15610994235
2015-08-13,53.13764334171
2015-08-14,53.737807862512
2015-08-17,53.876307367312
2015-08-18,53.802440964752
2015-08-19,54.291805881713
2015-08-20,53.894773967952
2015-08-21,52.89757753339
2015-08-24,50.626185654665
2015-08-25,48.954958296742
2015-08-26,49.869055028424
2015-08-27,50.700052057225
2015-08-28,50.690818756905
2015-08-31,50.127587437384
2015-09-01,48.927258395782
2015-09-02,48.945724996422
2015-09-03,49.259657207302
2015-09-04,48.511759881381
2015-09-08,49.933688130664
2015-09-09,49.278123807942
2015-09-10,49.296590408582
2015-09-11,49.656689121063
2015-09-14,49.564356117863
2015-09-15,49.721322223303
2015-09-16,50.441519648265
2015-09-17,51.586448887947
2015-09-18,51.226350175466
2015-09-21,51.337149779307
2015-09-22,50.524619351145
2015-09-23,50.801618360746
2015-09-24,51.207883574826
2015-09-25,51.697248491787
2015-09-28,51.577215587627
2015-09-29,51.826514696268
2015-09-30,52.500545619629
2015-10-01,51.835747996588
2015-10-02,52.001947402348
2015-10-05,53.05454363883
2015-10-06,52.278946411949
2015-10-07,51.743414993388
2015-10-08,52.509778919949
2015-10-09,52.389746015789
2015-10-12,53.14687664203
2015-10-13,53.229976344911
2015-10-14,53.691641360912
2015-10-15,54.217939479153
2015-10-16,54.051740073392
2015-10-19,54.097906574992
2015-10-20,54.162539677233
2015-10-21,54.421072086193
2015-10-22,54.633437993554
2015-10-23,53.07301023947
2015-10-26,53.386942450351
2015-10-27,53.248442945551
2015-10-28,52.69444492635
2015-10-29,51.900381098828
2015-10-30,52.306646312909
2015-11-02,52.528245520589
2015-11-03,52.398979316109
2015-11-04,52.362046114829
2015-11-05,52.158913507788
2015-11-06,50.339953344745
2015-11-09,50.778422174842
2015-11-10,51.403473485831
2015-11-11,51.832613191883
2015-11-12,51.608714214812
2015-11-13,51.366156989652
2015-11-16,52.439006254783
2015-11-17,51.356827865608
2015-11-18,51.692676331214
2015-11-19,52.541626619274
2015-11-20,52.746867348255
2015-11-23,52.233765525802
2015-11-24,52.047183044909
2015-11-25,51.879258812106
2015-11-27,52.187119905578
2015-11-30,52.252423773891
2015-12-01,52.924120705103
2015-12-02,51.618043338857
2015-12-03,51.030308524046
2015-12-04,52.093828665132
2015-12-07,52.476322750962
2015-12-08,52.131145161311
2015-12-09,52.476322750962
2015-12-10,51.198232756849
2015-12-11,50.899700787422
2015-12-14,50.881042539332
2015-12-15,52.280411146025
2015-12-16,53.185336178352
2015-12-17,53.567830264182
2015-12-18,52.504310123095
2015-12-21,52.7561964723
2015-12-22,53.371918659245
2015-12-23,54.342147559885
2015-12-24,54.482084420554
2015-12-28,54.668666901446
2015-12-29,54.93921149874
2015-12-30,54.948540622785
2015-12-31,54.360805807974
2016-01-04,54.416780552242
2016-01-05,54.864578506383
2016-01-06,55.069819235365
2016-01-07,54.435438800331
2016-01-08,54.351476683929
2016-01-11,54.827262010205
2016-01-12,54.267514567528
2016-01-13,54.062273838546
2016-01-14,55.172439599855
2016-01-15,54.752629017848
2016-01-19,55.573591933774
2016-01-20,54.034286466412
2016-01-21,53.773070993163
2016-01-22,54.603363033134
2016-01-25,53.875691357654
2016-01-26,54.295501939662
2016-01-27,54.286172815617
2016-01-28,55.461642445238
2016-01-29,56.87966930002
2016-02-01,57.644657471678
2016-02-02,57.840569076615
2016-02-03,59.06268432646
2016-02-04,58.111113673909
2016-02-05,58.624215496363
2016-02-08,58.8201271013
2016-02-09,58.707174384831
2016-02-10,59.20604888257
2016-02-11,57.709425389354
2016-02-12,57.041121816911
2016-02-16,57.50234540916
2016-02-17,57.511758135533
2016-02-18,58.78247619581
2016-02-19,58.274188971699
2016-02-22,59.158985250707
2016-02-23,59.074270713356
2016-02-24,59.309588872666
2016-02-25,60.13790879344
2016-02-26,57.860029011312
2016-02-29,58.12358534974
2016-03-01,58.104759896996
2016-03-02,58.255363518954
2016-03-03,58.142410802485
2016-03-04,58.763650743065
2016-03-07,59.526081579232
2016-03-08,59.874352455012
2016-03-09,60.523830574709
2016-03-10,60.363814226378
2016-03-11,60.457941490102
2016-03-14,60.44852876373
2016-03-15,60.627370564806
2016-03-16,61.305086863621
2016-03-17,61.587468654794
2016-03-18,60.985054166958
2016-03-21,60.994466893331
2016-03-22,60.966228714214
2016-03-23,61.258023231759
2016-03-24,61.239197779014
2016-03-28,61.182721420779
2016-03-29,62.152232237139
2016-03-30,62.142819510767
2016-03-31,62.500503112919
2016-04-01,63.074679421637
2016-04-04,62.669932187623
2016-04-05,61.559230475676
2016-04-06,61.775723182242
2016-04-07,61.653357739401
2016-04-08,62.133406784395
2016-04-11,61.822786814104
2016-04-12,62.415788575567
2016-04-13,61.926326804201
2016-04-14,61.738072276753
2016-04-15,62.171057689884
2016-04-18,62.34989949096
2016-04-19,61.973390436063
2016-04-20,59.959066992364
2016-04-21,58.603634394734
2016-04-22,59.055445260611
2016-04-25,59.121334345218
2016-04-26,59.20604888257
2016-04-27,60.17555969893
2016-04-28,59.356652504528
2016-04-29,59.770812464915
2016-05-02,60.580306932944
2016-05-03,60.712085102158
2016-05-04,61.549817749304
2016-05-05,61.323912316366
2016-05-06,61.295674137249
2016-05-09,61.98876338942
2016-05-10,61.760898429802
2016-05-11,61.912808402881
2016-05-12,62.340055202164
2016-05-13,62.292583335577
2016-05-16,62.596403281735
2016-05-17,61.248202270661
2016-05-18,60.099383099254
2016-05-19,60.621573631712
2016-05-20,60.574101765125
2016-05-23,59.767080033144
2016-05-24,60.412697418729
2016-05-25,60.22280995238
2016-05-26,61.077303550948
2016-05-27,61.058314804313
2016-05-31,61.457078483645
2016-06-01,61.608988456723
2016-06-02,61.409606617058
2016-06-03,62.482470801926
2016-06-06,62.378032695434
2016-06-07,62.510953921878
2016-06-08,62.852751361305
2016-06-09,63.574323733429
2016-06-10,63.469885626937
2016-06-13,63.185054427415
2016-06-14,63.450896880302
2016-06-15,62.890728854575
2016-06-16,63.498368746889
2016-06-17,63.811683066364
2016-06-20,63.412919387033
2016-06-21,63.393930640398
2016-06-22,63.137582560828
2016-06-23,63.223031920684
2016-06-24,63.859154932951
2016-06-27,64.89404162455
2016-06-28,65.169378450755
2016-06-29,65.245333437294
2016-06-30,66.54606258178
2016-07-01,66.593534448368
2016-07-05,67.229657460635
2016-07-06,67.666398633236
2016-07-07,66.726455674811
2016-07-08,67.13471372746
2016-07-11,67.125219354143
2016-07-12,66.061849542592
2016-07-13,66.470107595241
2016-07-14,65.871962076244
2016-07-15,66.118815782497
2016-07-18,66.413141355337
2016-07-19,66.242242635623
2016-07-20,65.843478956292
2016-07-21,65.919433942831
2016-07-22,66.517579461828
2016-07-25,66.242242635623
2016-07-26,66.213759515671
2016-07-27,65.378254663738
2016-07-28,65.435220903643
2016-07-29,65.796007089704
2016-08-01,65.805501463022
2016-08-02,65.520670263499
2016-08-03,64.988985357724
2016-08-04,65.169378450755
2016-08-05,64.419322958679
2016-08-08,64.286401732235
2016-08-09,64.516166980422
2016-08-10,64.678917364554
2016-08-11,64.832094196678
2016-08-12,64.669343812546
2016-08-15,63.683267955745
2016-08-16,62.879089587092
2016-08-17,63.664120851729
2016-08-18,64.52574053243
2016-08-19,63.539664675628
2016-08-22,63.683267955745
2016-08-23,63.453502707558
2016-08-24,63.510944019605
2016-08-25,63.539664675628
2016-08-26,61.931307938321
2016-08-29,62.400411986703
2016-08-30,61.577086514034
2016-08-31,61.816425314228
2016-09-01,61.663248482104
2016-09-02,62.457853298749
2016-09-06,63.223737459372
2016-09-07,63.233311011379
2016-09-08,63.281178771418
2016-09-09,60.993099841559
2016-09-12,61.950455042337
2016-09-13,61.088835361637
2016-09-14,61.2898799538
2016-09-15,61.557939410018
2016-09-16,62.046190562415
2016-09-19,62.630177234889
2016-09-20,62.23766160257
2016-09-21,63.367340739488
2016-09-22,63.759856371807
2016-09-23,63.817297683854
2016-09-26,63.530091123621
2016-09-27,62.706765650952
2016-09-28,62.572735922843
2016-09-29,61.749410450174
2016-09-30,61.471777441948
2016-10-03,60.801628801404
2016-10-04,59.528346384369
2016-10-05,59.528346384369
2016-10-06,59.595361248423
2016-10-07,59.154977856066
2016-10-10,59.557067040392
2016-10-11,58.724168015716
2016-10-12,59.356022448229
2016-10-13,59.863420704641
2016-10-14,59.643229008462
2016-10-17,60.284656992984
2016-10-18,60.667599073295
2016-10-19,60.495275137155
2016-10-20,60.227215680937
2016-10-21,59.815552944602
2016-10-24,60.34209830503
2016-10-25,60.753761041365
2016-10-26,60.820775905419
2016-10-27,60.495275137155
2016-10-28,60.705893281326
2016-10-31,62.074911218438
2016-11-01,60.677172625302
2016-11-02,59.940009120703
2016-11-03,60.236789232945
2016-11-04,59.73896452854
2016-11-07,60.543142897194
2016-11-08,61.098408913645
2016-11-09,59.185158088894
2016-11-10,57.726062762947
2016-11-11,57.967634836779
2016-11-14,56.740448701711
2016-11-15,57.455502040255
2016-11-16,57.00134654145
2016-11-17,56.875729063058
2016-11-18,56.469887979019
2016-11-21,57.320221678909
2016-11-22,57.175278434609
2016-11-23,56.837077531244
2016-11-25,57.70673699704
2016-11-28,58.846957185528
2016-11-29,59.2044838548
2016-11-30,57.05932383917
2016-12-01,56.199327256327
2016-12-02,56.721122935805
2016-12-05,57.204267083469
2016-12-06,57.465164923208
2016-12-07,58.218869793565
2016-12-08,58.151229612892
2016-12-09,58.933923132108
2016-12-12,59.861559895624
2016-12-13,60.595939000074
2016-12-14,59.619987821792
2016-12-15,60.016166022876
2016-12-16,60.692567829607
2016-12-19,60.818185307999
2016-12-20,61.079083147738
2016-12-21,60.682904946653
2016-12-22,61.108071796598
2016-12-23,61.040431615925
2016-12-27,61.001780084112
2016-12-28,60.286726745568
2016-12-29,61.146723328411
2016-12-30,60.837511073906
2017-01-03,60.64425341484
2017-01-04,60.73121936142
2017-01-05,61.059757381832
2017-01-06,61.011442967065
2017-01-09,60.209423681942
2017-01-10,60.02582890583
2017-01-11,61.050094498878
2017-01-12,61.156386211364
2017-01-13,61.098408913645
2017-01-17,61.658856124935
2017-01-18,61.32065522157
2017-01-19,60.58627611712
2017-01-20,60.789196659139
2017-01-23,60.595939000074
2017-01-24,60.663579180747
2017-01-25,60.422007106915
2017-01-26,60.528298819401
2017-01-27,60.847173956859
2017-01-30,61.079083147738
2017-01-31,61.900428198768
2017-02-01,60.963128552299
2017-02-02,61.629867476076
2017-02-03,61.871439549908
2017-02-06,61.668519007889
2017-02-07,61.774810720375
2017-02-08,62.219303336226
2017-02-09,61.848718143941
2017-02-10,62.36558696476
2017-02-13,62.209551094324
2017-02-14,61.702434515408
2017-02-15,61.721938999212
2017-02-16,62.121780917204
2017-02-17,62.521622835195
2017-02-21,63.15551855884
2017-02-22,63.691891863463
2017-02-23,64.374548796619
2017-02-24,65.486304373473
2017-02-27,65.047453487873
2017-02-28,65.310764019233
2017-03-01,64.481823457544
2017-03-02,64.852408649828
2017-03-03,64.871913133633
2017-03-06,64.706125021295
2017-03-07,64.59885036037
2017-03-08,63.535855993027
2017-03-09,63.233536494058
2017-03-10,63.779662040583
2017-03-13,64.179503958574
2017-03-14,64.15999947477
2017-03-15,65.027949004068
2017-03-16,64.374548796619
2017-03-17,64.823151924122
2017-03-20,64.491575699446
2017-03-21,65.320516261135
2017-03-22,65.769119388638
2017-03-23,65.77887163054
2017-03-24,66.110447855216
2017-03-27,66.012925436194
2017-03-28,66.159209064727
2017-03-29,65.720358179127
2017-03-30,65.496056615375
2017-03-31,65.466799889669
2017-04-03,65.486304373473
2017-04-04,65.622835760104
2017-04-05,66.149456822825
2017-04-06,65.944659742878
2017-04-07,65.652092485811
2017-04-10,65.827632840051
2017-04-11,65.720358179127
2017-04-12,66.110447855216
2017-04-13,65.86664180766
2017-04-17,66.061686645705
2017-04-18,66.295740451358
2017-04-19,66.061686645705
2017-04-20,65.769119388638
2017-04-21,66.178713548532
2017-04-24,66.285988209456
2017-04-25,66.178713548532
2017-04-26,66.012925436194
2017-04-27,66.412767354185
2017-04-28,66.149456822825
2017-05-01,65.798376114345
2017-05-02,66.324997177065
2017-05-03,66.21772251614
2017-05-04,66.334749418967
2017-05-05,66.715086853154
2017-05-08,66.627316676034
2017-05-09,66.214154517405
2017-05-10,66.312526459936
2017-05-11,66.450247179479
2017-05-12,66.951944086385
2017-05-15,67.443803799039
2017-05-16,66.755200201324
2017-05-17,67.040478834663
2017-05-18,67.197873942712
2017-05-19,67.601198907088
2017-05-22,68.289802504803
2017-05-23,68.457034807105
2017-05-24,69.057103656542
2017-05-25,69.647335311726
2017-05-26,69.716195671498
2017-05-30,70.050660276102
2017-05-31,70.611380348527
2017-06-01,71.034379701409
2017-06-02,71.48689063705
2017-06-05,71.221286392217
2017-06-06,70.955682147384
2017-06-07,71.437704665785
2017-06-08,70.778612650829
2017-06-09,70.690077902551
2017-06-12,70.247404161163
2017-06-13,70.483496823237
2017-06-14,70.788449845082
2017-06-15,70.965519341637
2017-06-16,71.240960780723
2017-06-19,70.886821787613
2017-06-20,71.378681500266
2017-06-21,71.221286392217
2017-06-22,70.62121754278
2017-06-23,70.385124880706
2017-06-26,70.699915096805
2017-06-27,69.568637757702
2017-06-28,69.007917685277
2017-06-29,68.466872001358
2017-06-30,68.338988476068
2017-07-03,67.876640346174
2017-07-05,67.699570849619
2017-07-06,67.89631473468
2017-07-07,68.02419825997
2017-07-10,67.76843120939
2017-07-11,67.719245238125
2017-07-12,67.866803151921
2017-07-13,67.168362359953
2017-07-14,67.060153223169
2017-07-17,67.433966604786
2017-07-18,67.247059913977
2017-07-19,67.532338547316
2017-07-20,67.581524518582
2017-07-21,68.840685382975
2017-07-24,68.063547036982
2017-07-25,67.719245238125
2017-07-26,68.319314087562
2017-07-27,69.519451786436
2017-07-28,69.283359124363
2017-07-31,69.391568261146
2017-08-01,69.470265815171
2017-08-02,69.775218837016
2017-08-03,70.040823081849
2017-08-04,69.726032865751
2017-08-07,70.227729772657
2017-08-08,70.768775456576
2017-08-09,70.381952437262
2017-08-10,70.778693995533
2017-08-11,69.985210878991
2017-08-14,70.471219287873
2017-08-15,70.937390618841
2017-08-16,71.43331756668
2017-08-17,71.413480488766
2017-08-18,71.572177112075
2017-08-21,72.07802259887
2017-08-22,72.216882144265
2017-08-23,72.712809092104
2017-08-24,72.792157403758
2017-08-25,72.97069110498
2017-08-28,73.496373669689
2017-08-29,73.33767704638
2017-08-30,73.149224806202
2017-08-31,73.03020233872
2017-09-01,72.940935488109
2017-09-05,73.486455130732
2017-09-06,72.702890553147
2017-09-07,73.228573117856
2017-09-08,73.5856405203
2017-09-11,73.942707922743
2017-09-12,72.514438312968
2017-09-13,71.998674287216
2017-09-14,72.306148994876
2017-09-15,72.435090001314
2017-09-18,71.681281040599
2017-09-19,71.393643410853
2017-09-20,71.09608724215
2017-09-21,70.867960846144
2017-09-22,69.995129417948
2017-09-25,70.461300748916
2017-09-26,70.610078833268
2017-09-27,69.737247405072
2017-09-28,69.92569964525
2017-09-29,69.667817632374
2017-10-02,69.856269872553
2017-10-03,69.717410327158
2017-10-04,70.937390618841
2017-10-05,70.907635001971
2017-10-06,70.947309157798
2017-10-09,71.15559847589
2017-10-10,71.80030350808
2017-10-11,72.167289449481
2017-10-12,72.742564708974
2017-10-13,72.564031007752
2017-10-16,72.524356851925
2017-10-17,72.603705163579
2017-10-18,72.4152529234
2017-10-19,73.228573117856
2017-10-20,73.377351202207
2017-10-23,73.317839968467
2017-10-24,73.367432663251
2017-10-25,73.00044672185
2017-10-26,73.159143345158
2017-10-27,73.417025358034
2017-10-30,73.565803442386
2017-10-31,73.803848377349
2017-11-01,73.407106819078
2017-11-02,73.119469189331
2017-11-03,73.476536591775
2017-11-06,73.129387728288
2017-11-07,74.577494415977
2017-11-09,75.49
2017-11-10,74.78
2017-11-13,76.13
2017-11-14,77.39
2017-11-15,76.59
2017-11-16,76.76
2017-11-17,76.38
2017-11-20,76.44
2017-11-21,76.77
2017-11-22,76.59
2017-11-24,76.47
2017-11-27,76.74
2017-11-28,77.02
2017-11-29,77.14
2017-11-30,77.63
2017-12-01,77.24
2017-12-04,77.39
2017-12-05,76.27
2017-12-06,76.73
2017-12-07,76.61
2017-12-08,76.93
2017-12-11,77.08
2017-12-12,76.02
2017-12-13,76.51
2017-12-14,76.29
2017-12-15,76.54
2017-12-18,75.5
2017-12-19,74.51
2017-12-20,74.5
2017-12-21,73.74
2017-12-22,73.65
2017-12-26,72.99
2017-12-27,73.24
2017-12-28,73.65
2017-12-29,73.57
2018-01-02,72.41
2018-01-03,71.8
2018-01-04,70.95
2018-01-05,70.8
2018-01-08,71.42
2018-01-09,70.58
2018-01-10,69.5
2018-01-11,68.73
2018-01-12,67.46
2018-01-16,67.5
2018-01-17,68.25
2018-01-18,67.8
2018-01-19,67.76
2018-01-22,68.13
2018-01-23,68.77
2018-01-24,68.48
2018-01-25,69.7
2018-01-26,68.75
2018-01-29,67.9
2018-01-30,68.35
2018-01-31,68.78
2018-02-01,67.84
2018-02-02,67.75
2018-02-05,66.48
2018-02-06,64.91
2018-02-07,64.45
2018-02-08,63.38
2018-02-09,64.72
2018-02-12,64.8
2018-02-13,65.58
2018-02-14,65.3
2018-02-15,66.68
2018-02-16,67.26
2018-02-20,66.37
2018-02-21,65.58
2018-02-22,65.68
2018-02-23,67.37
2018-02-26,66.97
2018-02-27,65.95
2018-02-28,65.58
2018-03-01,65.62
2018-03-02,65.18
2018-03-05,66.49
2018-03-06,65.5
2018-03-07,64.92
2018-03-08,65.3
2018-03-09,65.65
2018-03-12,65.87
2018-03-13,66.04
2018-03-14,66.59
2018-03-15,66.99
2018-03-16,67.81
2018-03-19,67.45
2018-03-20,67.45
2018-03-21,66.91
2018-03-22,67.36
2018-03-23,66.39
2018-03-26,67.31
2018-03-27,68.43
