Date,AFL
2010-01-04,39.172575543767
2010-01-05,40.3089672665
2010-01-06,40.663060339526
2010-01-07,41.099500638836
2010-01-08,40.687764507411
2010-01-11,41.758278449116
2010-01-12,41.544175660775
2010-01-13,41.997085405342
2010-01-14,42.548811821452
2010-01-15,42.087667354256
2010-01-19,42.902904894477
2010-01-20,42.12060624477
2010-01-21,41.560645106032
2010-01-22,40.432488105928
2010-01-25,41.321838149806
2010-01-26,40.943040908895
2010-01-27,41.017153412551
2010-01-28,40.506600609584
2010-01-29,39.880761689818
2010-02-01,40.498365886956
2010-02-02,40.926571463638
2010-02-03,41.947677069571
2010-02-04,39.773710295648
2010-02-05,39.238453324795
2010-02-08,37.838550477951
2010-02-09,38.752604689714
2010-02-10,38.793778302857
2010-02-11,39.230218602167
2010-02-12,39.047983633998
2010-02-16,39.967441882486
2010-02-17,40.373328857044
2010-02-18,40.464446341129
2010-02-19,40.621831086365
2010-02-22,40.688098347518
2010-02-23,39.868040990758
2010-02-24,40.646681309298
2010-02-25,40.746082201026
2010-02-26,40.961450799771
2010-03-01,41.433605035481
2010-03-02,41.367337774329
2010-03-03,41.557856150142
2010-03-04,41.889192455903
2010-03-05,42.667832774443
2010-03-08,42.82521751968
2010-03-09,42.452464175698
2010-03-10,43.463039908271
2010-03-11,43.595574430575
2010-03-12,43.64527487644
2010-03-15,43.711542137592
2010-03-16,44.481899048487
2010-03-17,45.260539367027
2010-03-18,45.40964070462
2010-03-19,44.813235354249
2010-03-22,44.614433570792
2010-03-23,44.316230895607
2010-03-24,44.440482010267
2010-03-25,44.07601207393
2010-03-26,44.291380672675
2010-03-29,44.440482010267
2010-03-30,44.556449717284
2010-03-31,44.970620099486
2010-04-01,45.343373443467
2010-04-05,45.989479239702
2010-04-06,46.35394917604
2010-04-07,45.790677456246
2010-04-08,45.890078347974
2010-04-09,46.188281023159
2010-04-12,46.022612870279
2010-04-13,45.948062201482
2010-04-14,46.850953634682
2010-04-15,45.948062201482
2010-04-16,45.078304398858
2010-04-19,45.219122328807
2010-04-20,45.823811086822
2010-04-21,45.351656851111
2010-04-22,45.227405736451
2010-04-23,45.948062201482
2010-04-26,45.335090035823
2010-04-27,43.413339462406
2010-04-28,41.110552137364
2010-04-29,43.347072201254
2010-04-30,42.212245354021
2010-05-03,42.601565513291
2010-05-04,40.439596118197
2010-05-05,39.876324398402
2010-05-06,38.335610576611
2010-05-07,36.670645640159
2010-05-10,41.209953029092
2010-05-11,40.538997009925
2010-05-12,41.450171850769
2010-05-13,40.108259812435
2010-05-14,38.020841086137
2010-05-17,38.310760353679
2010-05-18,37.510709669765
2010-05-19,36.952340963283
2010-05-20,34.685530692193
2010-05-21,36.160624140659
2010-05-24,35.185562369639
2010-05-25,35.41057662449
2010-05-26,35.635590879341
2010-05-27,38.194086295608
2010-05-28,36.91900551812
2010-06-01,35.943943747099
2010-06-02,37.202356802006
2010-06-03,37.052347298772
2010-06-04,34.44384871476
2010-06-07,33.735470505045
2010-06-08,34.802204750264
2010-06-09,34.352176240562
2010-06-10,35.652258601922
2010-06-11,35.660592463213
2010-06-14,35.41057662449
2010-06-15,36.985676408446
2010-06-16,36.685657401978
2010-06-17,36.460643147127
2010-06-18,37.002344131027
2010-06-21,37.044013437481
2010-06-22,36.477310869709
2010-06-23,36.177291863241
2010-06-24,35.577253850305
2010-06-25,36.327301366475
2010-06-28,37.319030860077
2010-06-29,35.30223642771
2010-06-30,35.560586127724
2010-07-01,36.093953250333
2010-07-02,35.935609885809
2010-07-06,36.302299782603
2010-07-07,37.89406728914
2010-07-08,39.327491431153
2010-07-09,40.069205086032
2010-07-12,39.927529444088
2010-07-13,40.735913989293
2010-07-14,40.344222508627
2010-07-15,40.319220924755
2010-07-16,38.552442331111
2010-07-19,38.76078886338
2010-07-20,39.894193998925
2010-07-21,39.069141731139
2010-07-22,41.544298534498
2010-07-23,42.094333379689
2010-07-26,42.5360280281
2010-07-27,42.261010605505
2010-07-28,41.269281111903
2010-07-29,41.502629228044
2010-07-30,40.994263689307
2010-08-02,42.494358721646
2010-08-03,41.510963089335
2010-08-04,42.544361889391
2010-08-05,42.736040699079
2010-08-06,42.294346050668
2010-08-09,42.902717924894
2010-08-10,42.411020108738
2010-08-11,41.210944082867
2010-08-12,40.560902902187
2010-08-13,39.802521524727
2010-08-16,39.869192415053
2010-08-17,40.464380106699
2010-08-18,40.288338676776
2010-08-19,39.030899891608
2010-08-20,39.089580368249
2010-08-23,38.754263358871
2010-08-24,37.890822059722
2010-08-25,38.511158527072
2010-08-26,38.360265872852
2010-08-27,40.087148471149
2010-08-30,38.955453564498
2010-08-31,39.609321732785
2010-09-01,41.554160387178
2010-09-02,41.931392022728
2010-09-03,42.702621144298
2010-09-07,41.847562770384
2010-09-08,41.998455424604
2010-09-09,42.417601686326
2010-09-10,42.560111415312
2010-09-13,43.750486798604
2010-09-14,43.792401424776
2010-09-15,43.498999041571
2010-09-16,43.465467340633
2010-09-17,43.406786863992
2010-09-20,44.940862181896
2010-09-21,44.563630546346
2010-09-22,43.574445368681
2010-09-23,42.300240733044
2010-09-24,43.884613602355
2010-09-27,43.532530742508
2010-09-28,43.985208705169
2010-09-29,43.230745434068
2010-09-30,43.348106387351
2010-10-01,43.641508770556
2010-10-04,43.130150331255
2010-10-05,44.211547686499
2010-10-06,45.049840209944
2010-10-07,44.924096331427
2010-10-08,45.561198649246
2010-10-11,45.56958157448
2010-10-12,45.686942527763
2010-10-13,45.955196135265
2010-10-14,45.963579060499
2010-10-15,45.703708378231
2010-10-18,46.64259600449
2010-10-19,45.854601032452
2010-10-20,46.131237565189
2010-10-21,46.307278995112
2010-10-22,46.49170335027
2010-10-25,46.315661920346
2010-10-26,46.26536436894
2010-10-27,47.271315397074
2010-10-28,47.128805668088
2010-10-29,46.852169135351
2010-11-01,46.877317911055
2010-11-02,47.279698322308
2010-11-03,47.522803154108
2010-11-04,48.495222481304
2010-11-05,48.419776154194
2010-11-08,47.933566490596
2010-11-09,47.355144649419
2010-11-10,47.615015331687
2010-11-11,46.692893555897
2010-11-12,45.812686406279
2010-11-15,45.904898583858
2010-11-16,45.163137460946
2010-11-17,45.179995668285
2010-11-18,46.081909760917
2010-11-19,46.065051553578
2010-11-22,45.820607547164
2010-11-23,44.615245722432
2010-11-24,45.500301607724
2010-11-26,43.452029416047
2010-11-29,43.974633843553
2010-11-30,43.409883897699
2010-12-01,44.674249448118
2010-12-02,45.753174717808
2010-12-03,45.871182169181
2010-12-06,45.71945830313
2010-12-07,45.289574015988
2010-12-08,46.292637352653
2010-12-09,46.882674609515
2010-12-10,47.304129792988
2010-12-13,47.093402201252
2010-12-14,46.680376121448
2010-12-15,46.444361218704
2010-12-16,46.34321197467
2010-12-17,46.832099987499
2010-12-20,47.405279037022
2010-12-21,47.708726769122
2010-12-22,48.239760300298
2010-12-23,48.138611056264
2010-12-27,48.020603604892
2010-12-28,47.953170775536
2010-12-29,47.793017805817
2010-12-30,47.27884248198
2010-12-31,47.565432006741
2011-01-03,48.501062514051
2011-01-04,47.616006628758
2011-01-05,47.523286488394
2011-01-06,47.261984274641
2011-01-07,47.076543993913
2011-01-10,46.469648529712
2011-01-11,46.933249231532
2011-01-12,48.172327470942
2011-01-13,48.113323745256
2011-01-14,48.610640861754
2011-01-18,47.995316293883
2011-01-19,47.885737946181
2011-01-20,48.450487892034
2011-01-21,48.98152142321
2011-01-24,49.428263917691
2011-01-25,49.234394533294
2011-01-26,49.192249014946
2011-01-27,49.29339825898
2011-01-28,48.037461812231
2011-01-31,48.534778928729
2011-02-01,49.335543777327
2011-02-02,48.130181952595
2011-02-03,47.927883464528
2011-02-04,48.442058788365
2011-02-07,49.478838539708
2011-02-08,48.804510246151
2011-02-09,48.062749123239
2011-02-10,47.776159598478
2011-02-11,48.484204306712
2011-02-14,48.323211667455
2011-02-15,48.399471338682
2011-02-16,49.0180220053
2011-02-17,50.229703448128
2011-02-18,50.060237512068
2011-02-22,49.111228270133
2011-02-23,48.780769694817
2011-02-24,48.484204306712
2011-02-25,49.009548708497
2011-02-28,49.873824982402
2011-03-01,48.763823101211
2011-03-02,47.950386608124
2011-03-03,48.984128818088
2011-03-04,48.653670242772
2011-03-07,48.094432653774
2011-03-08,48.458784416303
2011-03-09,48.136799137789
2011-03-10,47.196263192657
2011-03-11,47.069163740612
2011-03-14,45.671069768119
2011-03-15,43.120607430419
2011-03-16,42.934194900753
2011-03-17,42.747782371087
2011-03-18,42.934194900753
2011-03-21,44.510228106109
2011-03-22,44.772900307002
2011-03-23,44.450915028488
2011-03-24,44.967786133471
2011-03-25,44.611907667745
2011-03-28,44.65427415176
2011-03-29,44.188242827596
2011-03-30,44.501754809306
2011-03-31,44.722060526184
2011-04-01,45.332137895999
2011-04-04,46.052368124254
2011-04-05,46.06931471786
2011-04-06,46.391299996373
2011-04-07,45.976108453027
2011-04-08,45.467710644847
2011-04-11,45.611756690498
2011-04-12,45.010152617486
2011-04-13,44.408548544473
2011-04-14,44.061143375551
2011-04-15,44.272975795626
2011-04-18,43.705264909825
2011-04-19,44.078089969157
2011-04-20,45.094885585516
2011-04-21,45.467710644847
2011-04-25,45.094885585516
2011-04-26,45.679543064922
2011-04-27,46.001528343436
2011-04-28,48.297791777046
2011-04-29,47.611454736004
2011-05-02,47.577561548792
2011-05-03,47.484355283959
2011-05-04,47.035270553401
2011-05-05,46.747178462099
2011-05-06,46.679392087675
2011-05-09,46.348933512358
2011-05-10,46.501452854812
2011-05-11,45.849009000982
2011-05-12,46.399773293176
2011-05-13,45.772749329755
2011-05-16,45.611756690498
2011-05-17,45.88442177813
2011-05-18,42.987355222037
2011-05-19,42.91066816614
2011-05-20,42.237526231048
2011-05-23,41.59846743191
2011-05-24,41.947819575438
2011-05-25,42.007465063358
2011-05-26,42.254567799025
2011-05-27,40.899763144852
2011-05-31,40.720826681093
2011-06-01,39.740936522414
2011-06-02,39.732415738426
2011-06-03,39.59608319461
2011-06-06,38.812171067667
2011-06-07,38.752525579747
2011-06-08,38.232757756448
2011-06-09,38.462818924138
2011-06-10,38.224236972459
2011-06-13,38.582109899977
2011-06-14,39.613124762587
2011-06-15,38.292403244367
2011-06-16,38.190153836505
2011-06-17,38.360569516275
2011-06-20,38.633234603908
2011-06-21,39.331938890966
2011-06-22,38.658796955873
2011-06-23,38.386131868241
2011-06-24,37.747073069103
2011-06-27,38.300924028356
2011-06-28,38.513943628069
2011-06-29,39.297855755012
2011-06-30,39.775019658368
2011-07-01,40.414078457507
2011-07-05,39.579041626633
2011-07-06,39.562000058655
2011-07-07,40.388516105541
2011-07-08,39.630166330564
2011-07-11,38.156070700551
2011-07-12,38.39465265223
2011-07-13,38.641755387896
2011-07-14,38.556547548011
2011-07-15,38.641755387896
2011-07-18,37.772635421068
2011-07-19,38.420215004195
2011-07-20,38.641755387896
2011-07-21,39.723894954437
2011-07-22,39.374542810908
2011-07-25,38.957024395471
2011-07-26,38.616193035931
2011-07-27,37.619261309275
2011-07-28,39.178564779172
2011-07-29,39.246731051081
2011-08-01,38.939982827494
2011-08-02,37.977134236792
2011-08-03,38.224236972459
2011-08-04,36.008833135446
2011-08-05,35.548710800067
2011-08-08,32.106314068709
2011-08-09,33.750825378491
2011-08-10,30.308428647133
2011-08-11,32.319333668421
2011-08-12,31.825128197088
2011-08-15,32.677206595939
2011-08-16,32.041697190394
2011-08-17,32.18769259437
2011-08-18,30.367044027133
2011-08-19,29.722946656648
2011-08-22,29.954821710022
2011-08-23,30.521627396049
2011-08-24,31.294544240631
2011-08-25,30.281164377735
2011-08-26,30.521627396049
2011-08-29,32.024521260514
2011-08-30,31.706766557741
2011-08-31,32.393803752925
2011-09-01,31.509243364126
2011-09-02,30.04928932436
2011-09-06,29.121789110862
2011-09-07,30.805030239062
2011-09-08,30.117993043878
2011-09-09,29.053085391343
2011-09-12,29.353664164236
2011-09-13,29.430955848694
2011-09-14,30.006349499661
2011-09-15,31.114196976895
2011-09-16,31.200076626293
2011-09-19,30.435747746651
2011-09-20,30.109405078939
2011-09-21,28.503455635196
2011-09-22,27.498663737239
2011-09-23,27.017737700611
2011-09-26,27.979589773868
2011-09-27,29.60271514749
2011-09-28,29.061673356283
2011-09-29,30.813618204002
2011-09-30,30.014937464601
2011-10-03,28.829798302908
2011-10-04,31.028317327497
2011-10-05,32.136164804731
2011-10-06,32.831789964855
2011-10-07,31.457715574487
2011-10-10,33.106604842929
2011-10-11,33.4672993704
2011-10-12,34.884313585467
2011-10-13,34.592322777514
2011-10-14,35.468295201374
2011-10-17,34.051280986307
2011-10-18,35.974985132822
2011-10-19,35.245008112939
2011-10-20,35.528410955952
2011-10-21,36.687786222825
2011-10-24,37.220240049093
2011-10-25,35.846165658725
2011-10-26,36.954013135959
2011-10-27,39.822393425852
2011-10-28,40.140148128625
2011-10-31,38.723133913558
2011-11-01,36.90248534632
2011-11-02,38.21644398211
2011-11-03,39.238411809946
2011-11-04,38.894893212354
2011-11-07,39.186884020307
2011-11-08,39.873921215491
2011-11-09,37.246003943912
2011-11-10,37.537994751866
2011-11-11,38.534198684882
2011-11-14,38.336675491267
2011-11-15,38.241504326653
2011-11-16,37.462831161631
2011-11-17,36.303473338153
2011-11-18,36.320777186265
2011-11-21,35.533452097186
2011-11-22,35.481540552852
2011-11-23,34.166448096369
2011-11-25,33.785763437914
2011-11-28,35.247938603345
2011-11-29,35.369065540126
2011-11-30,37.583958098412
2011-12-01,37.23788113618
2011-12-02,37.817560047919
2011-12-05,38.440498579937
2011-12-06,38.760619770001
2011-12-07,38.777923618113
2011-12-08,36.926411870171
2011-12-09,37.878123516309
2011-12-12,37.108102275343
2011-12-13,36.545727211716
2011-12-14,36.009307920256
2011-12-15,35.645927109912
2011-12-16,35.395021312294
2011-12-19,34.313530805318
2011-12-20,35.343109767959
2011-12-21,36.095827160814
2011-12-22,36.70146184472
2011-12-23,37.272488832403
2011-12-27,37.462831161631
2011-12-28,36.684157996608
2011-12-29,37.436875389463
2011-12-30,37.428223465408
2012-01-03,38.829835162448
2012-01-04,38.561625516718
2012-01-05,38.812531314336
2012-01-06,38.276112022876
2012-01-09,37.40226769324
2012-01-10,37.955990832812
2012-01-11,38.250156250709
2012-01-12,38.129029313928
2012-01-13,37.359008072961
2012-01-17,37.860819668198
2012-01-18,39.089392884122
2012-01-19,40.776518075004
2012-01-20,41.451368151356
2012-01-23,41.572495088138
2012-01-24,42.45499134183
2012-01-25,42.532858658332
2012-01-26,42.204085544211
2012-01-27,42.429035569662
2012-01-30,41.883964354147
2012-01-31,41.728229721142
2012-02-01,41.754185493309
2012-02-02,41.944527822537
2012-02-03,43.242316430908
2012-02-06,42.913543316787
2012-02-07,42.636681747001
2012-02-08,42.714549063504
2012-02-09,42.420383645606
2012-02-10,41.8147489617
2012-02-13,42.602074050778
2012-02-14,42.29721357403
2012-02-15,41.870408906582
2012-02-16,41.966222199274
2012-02-17,41.818147110568
2012-02-21,41.731044117211
2012-02-22,40.903565680322
2012-02-23,41.147454061721
2012-02-24,40.851303884308
2012-02-27,40.677097897594
2012-02-28,40.842593584972
2012-02-29,41.156164361056
2012-03-01,41.295529150427
2012-03-02,41.00808927235
2012-03-05,40.964537775672
2012-03-06,39.387973595915
2012-03-07,39.4576559906
2012-03-08,38.987299826474
2012-03-09,39.335711799901
2012-03-12,38.961168928467
2012-03-13,40.128349039447
2012-03-14,40.250293230146
2012-03-15,41.373921844448
2012-03-16,40.825172986301
2012-03-19,41.434893939798
2012-03-20,41.426183640462
2012-03-21,40.668387598259
2012-03-22,39.71896497067
2012-03-23,39.823488562698
2012-03-26,40.816462686965
2012-03-27,40.62483610158
2012-03-28,40.511602210217
2012-03-29,39.893170957384
2012-03-30,40.058666644762
2012-04-02,40.42449921686
2012-04-03,39.928012154727
2012-04-04,39.231188207873
2012-04-05,39.022141023816
2012-04-09,37.994325702207
2012-04-10,36.774883795213
2012-04-11,37.489128340738
2012-04-12,38.508233363012
2012-04-13,37.349763551367
2012-04-16,37.280081156682
2012-04-17,38.064008096892
2012-04-18,37.280081156682
2012-04-19,36.835855890562
2012-04-20,36.252265835072
2012-04-23,36.025798052345
2012-04-24,36.583257209828
2012-04-25,39.422814793257
2012-04-26,39.213767609201
2012-04-27,39.344422099236
2012-04-30,39.231188207873
2012-05-01,39.640572276649
2012-05-02,39.205057309866
2012-05-03,38.630177553711
2012-05-04,37.872381511508
2012-05-07,38.098849294235
2012-05-08,37.9681948042
2012-05-09,37.253950258675
2012-05-10,37.532679837416
2012-05-11,37.76785791948
2012-05-14,37.506548939409
2012-05-15,37.366107848131
2012-05-16,36.523461300464
2012-05-17,34.952276591792
2012-05-18,34.293958976427
2012-05-21,34.873278477948
2012-05-22,35.206826069733
2012-05-23,34.969831728202
2012-05-24,34.829390636924
2012-05-25,34.4256224995
2012-05-29,35.329712024602
2012-05-30,34.811835500514
2012-05-31,35.180493365119
2012-06-01,33.925301111822
2012-06-04,33.749749747725
2012-06-05,34.135962748739
2012-06-06,35.575483934338
2012-06-07,35.900253957918
2012-06-08,35.672037184592
2012-06-11,35.11027281948
2012-06-12,35.672037184592
2012-06-13,35.356044729216
2012-06-14,36.541016436874
2012-06-15,36.848231324044
2012-06-18,36.312799663547
2012-06-19,37.067670529166
2012-06-20,37.208111620444
2012-06-21,36.049472617401
2012-06-22,36.08458289022
2012-06-25,34.820613068719
2012-06-26,35.303379319987
2012-06-27,35.75981286664
2012-06-28,35.988029639967
2012-06-29,37.383662984541
2012-07-02,37.594324621458
2012-07-03,38.068313304521
2012-07-05,37.699655439916
2012-07-06,37.418773257361
2012-07-09,37.357330279927
2012-07-10,37.120335938395
2012-07-11,37.708433008121
2012-07-12,37.251999461468
2012-07-13,38.270197373233
2012-07-16,37.919094645038
2012-07-17,38.278974941438
2012-07-18,38.533524419379
2012-07-19,38.656410374247
2012-07-20,37.989315190677
2012-07-23,37.225666756853
2012-07-24,36.883341596864
2012-07-25,36.242579117908
2012-07-26,36.409352913801
2012-07-27,38.173644122979
2012-07-30,38.48085901015
2012-07-31,38.428193600921
2012-08-01,38.44574873733
2012-08-02,37.866429235809
2012-08-03,39.13039905731
2012-08-06,39.446391512686
2012-08-07,39.981823173183
2012-08-08,40.183707241895
2012-08-09,40.113486696256
2012-08-10,40.253927787534
2012-08-13,40.280260492148
2012-08-14,39.988502679102
2012-08-15,40.350989658947
2012-08-16,40.580859451045
2012-08-17,40.775364659743
2012-08-20,40.757682368043
2012-08-21,41.120169347889
2012-08-22,40.748841222193
2012-08-23,40.412877679897
2012-08-24,40.828411534842
2012-08-27,40.801888097292
2012-08-28,40.837252680692
2012-08-29,40.961028722591
2012-08-30,40.686953201244
2012-08-31,40.828411534842
2012-09-04,41.111328202039
2012-09-05,40.563177159345
2012-09-06,41.91587247438
2012-09-07,42.693893309171
2012-09-10,42.437500079524
2012-09-11,42.985651122218
2012-09-12,42.914921955419
2012-09-13,43.622213623411
2012-09-14,43.905130290608
2012-09-17,43.560325602461
2012-09-18,43.047539143167
2012-09-19,42.967968830518
2012-09-20,43.012174559768
2012-09-21,42.596640704822
2012-09-24,42.711575600871
2012-09-25,42.048489662128
2012-09-26,41.243945389787
2012-09-27,42.189947995727
2012-09-28,42.331406329325
2012-10-01,42.083854245528
2012-10-02,42.048489662128
2012-10-03,42.021966224579
2012-10-04,42.81766935107
2012-10-05,42.976809976368
2012-10-08,43.029856851467
2012-10-09,42.490546954623
2012-10-10,42.092695391378
2012-10-11,42.693893309171
2012-10-12,42.561276121423
2012-10-15,43.127109455816
2012-10-16,43.68410164436
2012-10-17,44.453281333301
2012-10-18,44.302981853853
2012-10-19,43.931653728157
2012-10-22,44.373711020652
2012-10-23,43.905130290608
2012-10-24,43.71062508191
2012-10-25,44.232252687054
2012-10-26,43.834401123808
2012-10-31,44.011224040806
2012-11-01,45.036796959395
2012-11-02,44.762721438048
2012-11-05,45.257825605642
2012-11-06,46.141940190632
2012-11-07,44.630104250299
2012-11-08,43.958177165707
2012-11-09,44.179205811955
2012-11-12,44.375082984035
2012-11-13,44.54424963265
2012-11-14,44.197012827598
2012-11-15,44.64218821869
2012-11-16,44.88258292988
2012-11-19,45.799644235529
2012-11-20,45.372275860081
2012-11-21,45.61267057127
2012-11-23,46.200302087511
2012-11-26,46.164688056224
2012-11-27,45.861968790282
2012-11-28,46.28933716573
2012-11-29,46.894775697615
2012-11-30,47.179687947914
2012-12-03,46.966003760189
2012-12-04,46.805740619396
2012-12-05,47.704994909402
2012-12-06,47.900872081482
2012-12-07,47.704994909402
2012-12-10,47.69609140158
2012-12-11,48.159073808316
2012-12-12,48.248108886534
2012-12-13,47.562538784253
2012-12-14,47.393372135638
2012-12-17,48.159073808316
2012-12-18,48.639863230695
2012-12-19,48.417275535149
2012-12-20,48.702187785448
2012-12-21,47.909775589304
2012-12-24,47.883065065839
2012-12-26,47.633766846827
2012-12-27,47.197494963557
2012-12-28,46.520828369098
2012-12-31,47.295433549597
2013-01-02,48.141266792672
2013-01-03,46.92148622108
2013-01-04,46.333854704839
2013-01-07,46.155784548402
2013-01-08,46.689995017713
2013-01-09,46.743416064644
2013-01-10,47.518021245143
2013-01-11,47.126266900983
2013-01-14,47.144073916626
2013-01-15,47.215301979201
2013-01-16,45.9510038685
2013-01-17,45.799644235529
2013-01-18,45.826354758994
2013-01-22,46.868065174149
2013-01-23,47.304337057419
2013-01-24,47.731705432867
2013-01-25,47.615959831184
2013-01-28,47.179687947914
2013-01-29,47.5002142295
2013-01-30,46.707802033356
2013-01-31,47.242012502666
2013-02-01,47.242012502666
2013-02-04,47.055038838408
2013-02-05,47.624863339005
2013-02-06,45.568153032161
2013-02-07,44.677802249977
2013-02-08,44.829161882949
2013-02-11,44.749030312552
2013-02-12,44.072363718092
2013-02-13,43.627188327001
2013-02-14,43.78860444003
2013-02-15,44.245950093612
2013-02-19,44.416333768476
2013-02-20,44.676393061689
2013-02-21,44.46117157765
2013-02-22,44.900582107563
2013-02-25,43.833442249204
2013-02-26,43.77066931636
2013-02-27,44.775036241873
2013-02-28,44.792971365543
2013-03-01,45.008192849582
2013-03-04,45.026127973252
2013-03-05,45.743532920047
2013-03-06,45.824240976562
2013-03-07,46.245716382804
2013-03-08,44.963355040407
2013-03-11,45.779403167387
2013-03-12,45.510376312339
2013-03-13,45.411733132154
2013-03-14,45.429668255824
2013-03-15,45.806305852892
2013-03-18,45.035095535087
2013-03-19,44.667425499854
2013-03-20,45.483473626834
2013-03-21,45.788370729222
2013-03-22,46.496808114183
2013-03-25,46.200878573629
2013-03-26,47.070732071619
2013-03-27,46.550613485192
2013-03-28,46.649256665377
2013-04-01,46.765834969231
2013-04-02,47.438402106852
2013-04-03,47.259050870153
2013-04-04,46.18294344996
2013-04-05,44.380463521136
2013-04-08,44.47910670132
2013-04-09,44.613620128844
2013-04-10,45.026127973252
2013-04-11,44.667425499854
2013-04-12,44.936452354902
2013-04-15,43.914150305719
2013-04-16,45.026127973252
2013-04-17,44.084533980583
2013-04-18,43.851377372874
2013-04-19,44.290787902786
2013-04-22,44.58671744334
2013-04-23,45.438635817659
2013-04-24,46.236748820969
2013-04-25,47.142472566299
2013-04-26,47.7074289619
2013-04-29,48.460704156035
2013-04-30,48.819406629433
2013-05-01,48.765601258423
2013-05-02,49.26778472118
2013-05-03,49.644422318248
2013-05-06,49.868611364121
2013-05-07,49.662357441918
2013-05-08,50.13763821917
2013-05-09,49.187076664666
2013-05-10,48.379996099521
2013-05-13,48.281352919336
2013-05-14,48.927017371452
2013-05-15,49.151206417326
2013-05-16,48.711795887414
2013-05-17,49.536811576228
2013-05-20,50.15557334284
2013-05-21,50.390198191151
2013-05-22,49.929972527156
2013-05-23,49.686323646217
2013-05-24,49.587059287316
2013-05-28,49.731443809354
2013-05-29,50.25483770174
2013-05-30,51.003832409811
2013-05-31,50.25483770174
2013-06-03,50.895544018283
2013-06-04,50.363126093269
2013-06-05,49.803636070373
2013-06-06,51.048952572948
2013-06-07,51.464058073806
2013-06-10,51.256505323377
2013-06-11,50.90456805091
2013-06-12,50.606774974207
2013-06-13,51.852091476782
2013-06-14,51.897211639919
2013-06-17,51.960379868311
2013-06-18,52.13183648823
2013-06-19,51.743803085254
2013-06-20,51.391865812787
2013-06-21,51.130168866594
2013-06-24,50.245813669113
2013-06-25,51.274553388632
2013-06-26,51.671610824235
2013-06-27,52.519869891207
2013-06-28,52.447677630188
2013-07-01,52.041596161957
2013-07-02,51.24748129075
2013-07-03,51.07602467083
2013-07-05,51.581370497962
2013-07-08,52.357437303914
2013-07-09,52.808638935282
2013-07-10,52.790590870027
2013-07-11,53.467393317079
2013-07-12,53.368128958178
2013-07-15,53.151552175121
2013-07-16,53.404225088687
2013-07-17,53.286912664532
2013-07-18,53.539585578098
2013-07-19,53.593729773862
2013-07-22,54.306628351423
2013-07-23,53.891522850565
2013-07-24,54.956358700592
2013-07-25,54.559301264989
2013-07-26,55.127815320512
2013-07-29,55.055623059493
2013-07-30,54.911238537456
2013-07-31,55.660233245526
2013-08-01,57.338703314214
2013-08-02,56.183627137913
2013-08-05,56.030218583248
2013-08-06,55.687305343408
2013-08-07,55.299271940432
2013-08-08,55.867785995955
2013-08-09,55.515848723488
2013-08-12,55.524872756116
2013-08-13,55.903882126465
2013-08-14,55.660233245526
2013-08-15,54.496133036597
2013-08-16,54.631493526008
2013-08-19,53.999811242093
2013-08-20,54.299356337233
2013-08-21,53.800114511999
2013-08-22,54.408281826375
2013-08-23,54.308433461328
2013-08-26,53.890885752951
2013-08-27,52.429468773631
2013-08-28,52.438545897726
2013-08-29,52.574702759153
2013-08-30,52.456700145916
2013-09-03,52.792553737437
2013-09-04,53.509646540954
2013-09-05,53.482415168669
2013-09-06,52.99225046753
2013-09-09,53.600417781906
2013-09-10,54.390127578185
2013-09-11,55.207068746749
2013-09-12,55.252454367225
2013-09-13,55.406765476842
2013-09-16,56.16016677674
2013-09-17,56.477866120071
2013-09-18,57.067879186256
2013-09-19,56.4234033755
2013-09-20,56.568637361022
2013-09-23,56.287246514073
2013-09-24,56.296323638168
2013-09-25,56.468788995976
2013-09-26,56.74110271883
2013-09-27,56.468788995976
2013-09-30,56.269092265882
2013-10-01,57.56712101149
2013-10-02,57.376501405491
2013-10-03,57.104187682637
2013-10-04,57.84851185844
2013-10-07,57.113264806732
2013-10-08,56.414326251405
2013-10-09,56.532328864642
2013-10-10,57.739586369298
2013-10-11,58.529296165577
2013-10-14,58.538373289672
2013-10-15,58.393139304149
2013-10-16,59.582242560615
2013-10-17,60.008867393087
2013-10-18,59.709322297947
2013-10-21,59.455162823283
2013-10-22,59.963481772611
2013-10-23,59.555011188329
2013-10-24,60.036098765373
2013-10-25,60.181332750895
2013-10-28,60.335643860513
2013-10-29,60.816731437556
2013-10-30,59.019460866715
2013-10-31,58.983152370334
2013-11-01,59.092077859476
2013-11-04,59.055769363096
2013-11-05,58.502064793291
2013-11-06,58.837918384812
2013-11-07,58.329599435483
2013-11-08,59.682090925662
2013-11-11,59.618551056995
2013-11-12,59.228234720904
2013-11-13,60.15410137861
2013-11-14,61.243356270029
2013-11-15,61.252433394124
2013-11-18,61.061813788125
2013-11-19,60.49591954973
2013-11-20,60.43202826475
2013-11-21,60.733230036799
2013-11-22,60.760612016076
2013-11-25,60.441155591176
2013-11-26,60.641956772542
2013-11-27,60.641956772542
2013-11-29,60.578065487562
2013-12-02,60.468537570453
2013-12-03,59.820497394226
2013-12-04,59.975661943464
2013-12-05,59.966534617038
2013-12-06,60.824503301057
2013-12-09,60.651084098968
2013-12-10,60.486792223305
2013-12-11,59.984789269889
2013-12-12,59.911770658484
2013-12-13,60.203845104107
2013-12-16,60.568938161136
2013-12-17,60.249481736236
2013-12-18,60.778866668928
2013-12-19,60.24035440981
2013-12-20,59.920897984909
2013-12-23,60.55981083471
2013-12-24,60.678466078245
2013-12-26,61.253487643066
2013-12-27,61.381270213026
2013-12-30,60.870139933185
2013-12-31,60.970540523868
2014-01-02,60.203845104107
2014-01-03,60.377264306196
2014-01-06,59.218093850128
2014-01-07,59.409767705069
2014-01-08,58.989910689485
2014-01-09,58.661326938159
2014-01-10,59.482786316474
2014-01-13,58.506162388921
2014-01-14,59.053801974465
2014-01-15,59.272857808683
2014-01-16,59.172457218
2014-01-17,59.062929300891
2014-01-21,59.172457218
2014-01-22,58.779982181693
2014-01-23,58.013286761932
2014-01-24,56.854116305865
2014-01-27,56.397749984578
2014-01-28,57.000153528676
2014-01-29,56.698951756627
2014-01-30,57.684703010606
2014-01-31,57.301355300725
2014-02-03,55.421126057025
2014-02-04,56.105675538955
2014-02-05,56.370368005301
2014-02-06,56.342986026024
2014-02-07,57.210082036468
2014-02-10,56.981898875825
2014-02-11,56.963644222973
2014-02-12,57.6116843992
2014-02-13,57.648408978897
2014-02-14,57.960567906319
2014-02-18,57.868756457077
2014-02-19,57.327068906551
2014-02-20,57.767763862911
2014-02-21,57.21689516746
2014-02-24,57.198532877612
2014-02-25,57.400518065944
2014-02-26,57.473967225337
2014-02-27,58.190096529423
2014-02-28,58.832776674115
2014-03-03,58.77768980457
2014-03-04,59.796796891154
2014-03-05,59.686623152064
2014-03-06,59.879427195471
2014-03-07,60.237491847514
2014-03-10,60.173223833045
2014-03-11,59.631536282519
2014-03-12,59.576449412974
2014-03-13,58.924588123357
2014-03-14,58.860320108888
2014-03-17,58.594066906087
2014-03-18,59.043943007371
2014-03-19,58.171734239575
2014-03-20,58.034017065712
2014-03-21,57.822850732456
2014-03-24,57.556597529655
2014-03-25,57.786126152759
2014-03-26,57.574959819503
2014-03-27,57.17098944284
2014-03-28,57.529054094882
2014-03-31,57.877937602001
2014-04-01,58.135009659878
2014-04-02,58.263545688816
2014-04-03,58.77768980457
2014-04-04,58.098285080181
2014-04-07,56.66602647201
2014-04-08,57.244438602233
2014-04-09,57.83203187738
2014-04-10,56.702751051707
2014-04-11,55.848904573758
2014-04-14,56.179425791029
2014-04-15,56.583396167692
2014-04-16,57.483148370262
2014-04-17,57.887118746925
2014-04-21,57.556597529655
2014-04-22,57.639227833973
2014-04-23,57.565778674579
2014-04-24,57.069996848674
2014-04-25,56.7762002111
2014-04-28,56.785381356024
2014-04-29,58.171734239575
2014-04-30,57.584140964427
2014-05-01,57.997292486015
2014-05-02,57.978930196167
2014-05-05,57.547416384731
2014-05-06,56.785381356024
2014-05-07,57.464786080413
2014-05-08,57.859575312153
2014-05-09,57.822850732456
2014-05-12,58.153371949726
2014-05-13,58.511436601769
2014-05-14,57.749401573063
2014-05-15,56.822105935721
2014-05-16,56.427316703981
2014-05-19,57.400518065944
2014-05-20,56.88331307613
2014-05-21,57.418989672723
2014-05-22,57.132679767648
2014-05-23,56.624710581223
2014-05-27,56.652417991392
2014-05-28,56.2922216592
2014-05-29,56.744776025287
2014-05-30,56.550824154107
2014-06-02,56.772483435456
2014-06-03,56.717068615119
2014-06-04,57.197330391374
2014-06-05,57.215801998153
2014-06-06,57.751478594746
2014-06-09,58.250211977781
2014-06-10,58.453399652351
2014-06-11,57.631413150682
2014-06-12,57.335867442217
2014-06-13,57.225037801543
2014-06-16,57.391282262554
2014-06-17,58.148618140496
2014-06-18,58.213268764223
2014-06-19,58.019316893043
2014-06-20,58.27791938795
2014-06-23,58.139382337107
2014-06-24,57.696063774409
2014-06-25,57.816129218473
2014-06-26,57.843836628642
2014-06-27,57.926958859147
2014-06-30,57.492876099839
2014-07-01,57.87154403881
2014-07-02,57.751478594746
2014-07-03,58.453399652351
2014-07-07,58.573465096415
2014-07-08,58.019316893043
2014-07-09,58.111674926938
2014-07-10,57.649884757461
2014-07-11,57.87154403881
2014-07-14,58.000845286264
2014-07-15,58.037788499822
2014-07-16,58.287155191339
2014-07-17,58.351805815066
2014-07-18,58.841303394711
2014-07-21,58.730473754037
2014-07-22,58.758181164205
2014-07-23,58.730473754037
2014-07-24,59.044491069281
2014-07-25,58.730473754037
2014-07-28,56.68936120495
2014-07-29,58.314862601508
2014-07-30,56.68936120495
2014-07-31,55.174689449067
2014-08-01,54.51894740841
2014-08-04,54.51894740841
2014-08-05,54.186458486387
2014-08-06,54.50971160502
2014-08-07,54.195694289776
2014-08-08,54.666720262642
2014-08-11,54.675956066032
2014-08-12,54.796021510096
2014-08-13,55.082331415171
2014-08-14,55.516414174479
2014-08-15,55.50717837109
2014-08-18,56.606238974444
2014-08-19,56.559779487433
2014-08-20,56.615530871846
2014-08-21,56.689866051064
2014-08-22,56.262438770561
2014-08-25,56.531903795226
2014-08-26,56.717741743271
2014-08-27,57.042958152349
2014-08-28,56.903579691316
2014-08-29,56.903579691316
2014-09-02,56.92216348612
2014-09-03,56.75490933288
2014-09-04,56.903579691316
2014-09-05,57.108001434165
2014-09-08,56.727033640673
2014-09-09,56.234563078355
2014-09-10,55.602714055002
2014-09-11,55.556254567991
2014-09-12,55.556254567991
2014-09-15,55.602714055002
2014-09-16,54.766443288801
2014-09-17,54.199637547264
2014-09-18,54.534145853745
2014-09-19,54.26468082908
2014-09-22,54.394767392711
2014-09-23,53.762918369359
2014-09-24,54.469102571929
2014-09-25,53.967340112208
2014-09-26,54.357599803102
2014-09-29,54.329724110895
2014-09-30,54.125302368046
2014-10-01,53.484161447292
2014-10-02,53.586372318716
2014-10-03,53.744334574554
2014-10-06,53.707166984945
2014-10-07,53.038150371984
2014-10-08,53.707166984945
2014-10-09,52.898771910951
2014-10-10,52.517804117459
2014-10-13,52.034625452542
2014-10-14,52.81514483433
2014-10-15,51.848787504497
2014-10-16,51.904538888911
2014-10-17,52.973107090168
2014-10-20,53.168236935616
2014-10-21,54.050967188828
2014-10-22,53.595664216119
2014-10-23,53.967340112208
2014-10-24,54.394767392711
2014-10-27,54.589897238158
2014-10-28,55.323957132935
2014-10-29,55.658465439416
2014-10-30,55.788552003047
2014-10-31,55.500503183578
2014-11-03,55.128827287488
2014-11-04,55.268205748522
2014-11-05,55.556254567991
2014-11-06,55.314665235533
2014-11-07,54.71998380179
2014-11-10,54.877946057628
2014-11-11,54.859362262823
2014-11-12,55.017324518661
2014-11-13,54.952281236846
2014-11-14,55.110243492684
2014-11-17,55.305373338131
2014-11-18,55.277313787984
2014-11-19,55.239901054456
2014-11-20,55.183781954164
2014-11-21,55.894623891201
2014-11-24,56.315517143393
2014-11-25,56.11910029237
2014-11-26,55.819798424144
2014-11-28,55.866564341054
2014-12-01,55.436317905479
2014-12-02,55.763679323852
2014-12-03,55.838504790908
2014-12-04,55.585968839592
2014-12-05,55.660794306649
2014-12-08,56.100393925606
2014-12-09,55.922683441347
2014-12-10,55.595322022975
2014-12-11,55.716913406941
2014-12-12,54.510352750655
2014-12-15,53.808863997001
2014-12-16,54.070753131698
2014-12-17,55.249254237838
2014-12-18,56.418402160596
2014-12-19,57.222775931453
2014-12-22,57.671728733792
2014-12-23,57.93361786849
2014-12-24,57.93361786849
2014-12-26,57.93361786849
2014-12-29,57.989736968782
2014-12-30,57.971030602018
2014-12-31,57.138597281015
2015-01-02,57.129244097633
2015-01-05,55.632734756503
2015-01-06,55.137016037254
2015-01-07,55.48308382239
2015-01-08,56.025568458549
2015-01-09,54.837714169028
2015-01-12,54.519705934037
2015-01-13,54.248463615958
2015-01-14,53.827570363765
2015-01-15,53.649859879506
2015-01-16,54.416820916835
2015-01-20,54.25781679934
2015-01-21,54.341995449778
2015-01-22,55.324079704895
2015-01-23,54.931246002848
2015-01-26,55.202488320928
2015-01-27,54.725475968443
2015-01-28,53.649859879506
2015-01-29,53.921102197586
2015-01-30,53.387970744808
2015-02-02,54.407467733453
2015-02-03,55.267960604602
2015-02-04,56.75511676235
2015-02-05,57.035712263812
2015-02-06,57.316307765274
2015-02-09,57.185363197925
2015-02-10,57.475311882769
2015-02-11,57.830732851287
2015-02-12,58.167447453041
2015-02-13,58.478050327791
2015-02-17,58.685118910957
2015-02-18,58.120386411413
2015-02-19,58.14862303639
2015-02-20,58.478050327791
2015-02-23,57.819195744989
2015-02-24,58.412164869511
2015-02-25,58.308630577928
2015-02-26,58.525111369419
2015-02-27,58.5909968277
2015-03-02,58.892187494123
2015-03-03,58.619233452677
2015-03-04,58.685118910957
2015-03-05,59.108668285615
2015-03-06,58.506286952768
2015-03-09,58.638057869328
2015-03-10,57.461531828611
2015-03-11,57.875668994944
2015-03-12,58.967485160729
2015-03-13,58.478050327791
2015-03-16,59.259263618827
2015-03-17,59.183965952221
2015-03-18,59.880469368325
2015-03-19,59.381622327061
2015-03-20,60.13459899312
2015-03-23,60.106362368143
2015-03-24,59.861644951674
2015-03-25,59.62633974353
2015-03-26,59.767522868416
2015-03-27,59.814583910045
2015-03-30,60.426377451218
2015-03-31,60.247545493029
2015-04-01,59.833408326697
2015-04-02,59.842820535022
2015-04-06,60.209896659726
2015-04-07,60.040476909863
2015-04-08,60.464026284521
2015-04-09,60.736980325967
2015-04-10,60.727568117641
2015-04-13,60.586384992755
2015-04-14,60.765216950944
2015-04-15,60.915812284156
2015-04-16,60.689919284338
2015-04-17,60.219308868052
2015-04-20,60.661682659361
2015-04-21,60.106362368143
2015-04-22,60.304018742983
2015-04-23,60.398140826241
2015-04-24,60.416965242892
2015-04-27,60.256957701355
2015-04-28,60.633446034384
2015-04-29,60.106362368143
2015-04-30,59.334561285433
2015-05-01,59.400446743713
2015-05-04,59.786347285068
2015-05-05,59.984003659908
2015-05-06,59.805171701719
2015-05-07,60.00282807656
2015-05-08,60.445201867869
2015-05-11,60.13459899312
2015-05-12,59.645164160182
2015-05-13,59.861644951674
2015-05-14,60.021652493211
2015-05-15,59.927530409954
2015-05-18,60.539323951127
2015-05-19,60.842352007819
2015-05-20,61.277954839315
2015-05-21,59.554482766876
2015-05-22,59.384029484986
2015-05-26,58.465475688136
2015-05-27,59.147288815695
2015-05-28,59.241985083411
2015-05-29,58.920017773175
2015-06-01,58.806382251916
2015-06-02,58.957896280262
2015-06-03,59.194636949553
2015-06-04,58.815851878687
2015-06-05,58.531763075538
2015-06-08,58.351840166877
2015-06-09,58.399188300735
2015-06-10,59.204106576325
2015-06-11,59.649179034592
2015-06-12,59.251454710183
2015-06-15,58.759034118057
2015-06-16,59.137819188923
2015-06-17,59.156758442467
2015-06-18,59.743875302309
2015-06-19,59.241985083411
2015-06-22,59.497665006246
2015-06-23,59.516604259789
2015-06-24,59.166228069238
2015-06-25,59.9806159716
2015-06-26,60.312052908607
2015-06-29,58.181386884987
2015-06-30,58.901078519632
2015-07-01,59.11887993538
2015-07-02,58.673807477113
2015-07-06,58.31396165979
2015-07-07,58.493884568451
2015-07-08,57.253363461366
2015-07-09,57.442755996799
2015-07-10,58.437066807821
2015-07-13,58.162447631444
2015-07-14,58.152978004672
2015-07-15,58.512823821995
2015-07-16,58.920017773175
2015-07-17,58.323431286562
2015-07-20,58.295022406247
2015-07-21,58.522293448766
2015-07-22,58.598050462939
2015-07-23,58.579111209396
2015-07-24,58.635928970026
2015-07-27,58.266613525932
2015-07-28,59.024183667663
2015-07-29,61.116971184197
2015-07-30,60.643489845615
2015-07-31,60.652959472386
2015-08-03,60.634020218843
2015-08-04,60.539323951127
2015-08-05,60.700307606245
2015-08-06,60.302583281836
2015-08-07,60.643489845615
2015-08-10,61.47681700152
2015-08-11,60.832882381048
2015-08-12,60.709777233016
2015-08-13,60.766594993646
2015-08-14,61.325302973173
2015-08-17,61.47681700152
2015-08-18,61.524451293323
2015-08-19,60.066841964138
2015-08-20,58.352007459214
2015-08-21,56.399001495273
2015-08-24,53.626685712313
2015-08-25,52.61683872608
2015-08-26,54.226877789036
2015-08-27,55.855970568714
2015-08-28,55.894078002156
2015-08-31,55.827389993632
2015-09-01,53.969652613297
2015-09-02,54.731801282152
2015-09-03,54.827069865759
2015-09-04,53.72195429592
2015-09-08,54.846123582481
2015-09-09,54.293565797561
2015-09-10,54.96997274117
2015-09-11,55.38915450904
2015-09-14,55.065241324777
2015-09-15,55.79880941855
2015-09-16,56.056034594288
2015-09-17,55.360573933958
2015-09-18,54.445995531332
2015-09-21,54.96997274117
2015-09-22,54.341200089364
2015-09-23,54.70322070707
2015-09-24,54.769908715595
2015-09-25,55.093821899859
2015-09-28,54.312619514282
2015-09-29,54.989026457891
2015-09-30,55.379627650679
2015-10-01,55.217671058548
2015-10-02,55.703540834943
2015-10-05,56.513323795601
2015-10-06,56.618119237569
2015-10-07,57.437429056588
2015-10-08,57.932825691344
2015-10-09,57.88519139954
2015-10-12,57.951879408065
2015-10-13,57.647019940523
2015-10-14,56.91345184675
2015-10-15,58.01856741659
2015-10-16,58.43774918446
2015-10-19,58.142416575279
2015-10-20,58.380588034296
2015-10-21,58.43774918446
2015-10-22,59.276112720201
2015-10-23,60.447916298565
2015-10-26,60.505077448729
2015-10-27,60.162110547745
2015-10-28,60.952839791682
2015-10-29,61.372021559552
2015-10-30,60.733722049386
2015-11-02,61.457763284798
2015-11-03,61.010000941846
2015-11-04,61.133850100535
2015-11-05,61.133850100535
2015-11-06,61.276752975945
2015-11-09,60.552711740533
2015-11-10,61.267226117584
2015-11-11,61.324387267749
2015-11-12,60.324067139876
2015-11-13,60.228798556269
2015-11-16,61.048108375289
2015-11-17,60.885108871224
2015-11-18,62.24663414047
2015-11-19,62.678103415936
2015-11-20,62.956161393458
2015-11-23,62.7068680343
2015-11-24,62.697279828178
2015-11-25,62.419221850656
2015-11-27,62.610985973085
2015-11-30,62.553456736357
2015-12-01,63.272572195466
2015-12-02,62.889043950607
2015-12-03,60.501580626366
2015-12-04,60.904285283467
2015-12-07,60.213934442722
2015-12-08,59.561936426463
2015-12-09,58.737350700019
2015-12-10,58.574351195954
2015-12-11,57.251178751193
2015-12-14,57.088179247129
2015-12-15,58.411351691889
2015-12-16,59.159231769362
2015-12-17,57.893588561331
2015-12-18,55.889653481947
2015-12-21,56.071829398255
2015-12-22,56.838885887971
2015-12-23,57.836059324602
2015-12-24,57.701824438902
2015-12-28,57.903176767452
2015-12-29,58.430528104132
2015-12-30,58.027823447031
2015-12-31,57.433354667501
2016-01-04,56.743003826756
2016-01-05,56.666298177785
2016-01-06,55.803359626854
2016-01-07,54.85412722083
2016-01-08,54.374716914758
2016-01-11,54.729480541251
2016-01-12,55.419831381996
2016-01-13,54.566481037187
2016-01-14,54.959597488166
2016-01-15,54.278834853543
2016-01-19,54.163776380086
2016-01-20,53.262485004669
2016-01-21,53.521366569948
2016-01-22,54.911656457559
2016-01-25,54.221305616814
2016-01-26,55.151361610595
2016-01-27,55.084244167745
2016-01-28,55.90882989419
2016-01-29,55.573242679939
2016-02-01,54.182952792329
2016-02-02,54.92124466368
2016-02-03,54.959597488166
2016-02-04,55.630771916668
2016-02-05,55.812947832975
2016-02-08,55.611595504425
2016-02-09,55.544478061575
2016-02-10,55.122596992231
2016-02-11,53.703542486256
2016-02-12,55.355216185024
2016-02-16,56.147246847591
2016-02-17,57.055184436387
2016-02-18,57.142114631059
2016-02-19,57.296657199365
2016-02-22,57.663695799091
2016-02-23,57.344951751961
2016-02-24,57.596083425458
2016-02-25,58.272207161795
2016-02-26,58.11766459349
2016-02-29,57.489835409747
2016-03-01,58.986966540209
2016-03-02,59.315369497859
2016-03-03,58.900036345537
2016-03-04,58.948330898133
2016-03-07,58.484703193216
2016-03-08,58.011416577779
2016-03-09,58.368796266986
2016-03-10,58.310842803872
2016-03-11,60.146035802503
2016-03-14,59.547183350318
2016-03-15,59.450594245127
2016-03-16,60.329555102366
2016-03-17,61.227833780643
2016-03-18,61.353399617392
2016-03-21,61.121585764933
2016-03-22,61.179539228048
2016-03-23,61.237492691162
2016-03-24,60.561368954825
2016-03-28,61.005678838704
2016-03-29,61.024996659742
2016-03-30,61.556236738293
2016-03-31,60.986361017665
2016-04-01,61.932934248538
2016-04-04,61.421011991025
2016-04-05,61.546577827774
2016-04-06,61.488624364659
2016-04-07,60.851136270398
2016-04-08,61.730097127637
2016-04-11,61.855662964385
2016-04-12,63.294840631733
2016-04-13,64.183460399491
2016-04-14,64.685723746485
2016-04-15,64.598793551813
2016-04-18,64.917537598943
2016-04-19,65.255599467112
2016-04-20,65.728886082549
2016-04-21,65.101056898807
2016-04-22,65.6033202458
2016-04-25,65.555025693205
2016-04-26,65.680591529953
2016-04-27,66.955567718476
2016-04-28,66.656141492383
2016-04-29,66.617505850307
2016-05-02,66.772048418613
2016-05-03,66.617505850307
2016-05-04,66.095924682275
2016-05-05,66.318079624215
2016-05-06,66.501598924078
2016-05-09,66.298761803176
2016-05-10,66.820342971208
2016-05-11,66.414668729406
2016-05-12,66.878296434323
2016-05-13,66.520916745116
2016-05-16,67.061815734186
2016-05-17,66.498271064151
2016-05-18,67.042383159357
2016-05-19,66.653731662781
2016-05-20,66.780043399169
2016-05-23,66.556568788637
2016-05-24,67.576778967149
2016-05-25,67.868267589581
2016-05-26,67.217276332816
2016-05-27,67.586495254564
2016-05-31,67.48933238042
2016-06-01,67.440750943348
2016-06-02,67.605927829392
2016-06-03,67.15897860833
2016-06-06,67.382453218861
2016-06-07,67.343588069204
2016-06-08,67.916849026653
2016-06-09,67.722523278365
2016-06-10,66.993801722285
2016-06-13,66.43025705225
2016-06-14,66.371959327764
2016-06-15,66.226215016548
2016-06-16,66.857773698484
2016-06-17,66.838341123655
2016-06-20,67.80025357768
2016-06-21,68.548407708589
2016-06-22,68.830180043607
2016-06-23,69.733794773146
2016-06-24,67.295006632132
2016-06-27,65.419763161153
2016-06-28,66.896638848141
2016-06-29,68.091742200112
2016-06-30,70.112729982308
2016-07-01,70.443083754397
2016-07-05,69.471455012957
2016-07-06,70.16131141938
2016-07-07,69.393724713642
2016-07-08,70.433367466983
2016-07-11,70.598544353028
2016-07-12,71.123223873405
2016-07-13,71.20095417272
2016-07-14,71.609038244125
2016-07-15,71.278684472036
2016-07-18,71.13294016082
2016-07-19,71.13294016082
2016-07-20,71.366131058765
2016-07-21,71.249535609792
2016-07-22,71.404996208423
2016-07-25,71.171805310477
2016-07-26,71.599321956711
2016-07-27,71.278684472036
2016-07-28,71.239819322378
2016-07-29,70.22932543128
2016-08-01,69.549185312272
2016-08-02,69.58805046193
2016-08-03,69.928120521434
2016-08-04,69.91840423402
2016-08-05,70.996912137018
2016-08-08,71.006628424432
2016-08-09,71.035777286676
2016-08-10,71.094075011162
2016-08-11,70.996912137018
2016-08-12,70.627693215271
2016-08-15,70.617976927856
2016-08-16,70.151595131965
2016-08-17,70.608260640442
2016-08-18,70.209892856452
2016-08-19,70.812302676144
2016-08-22,70.977479562189
2016-08-23,71.11427536531
2016-08-24,71.036106334955
2016-08-25,71.319469069992
2016-08-26,71.084961978927
2016-08-29,72.013219214391
2016-08-30,72.579944684463
2016-08-31,72.48223339652
2016-09-01,72.179328403895
2016-09-02,72.296581949427
2016-09-06,71.974134699213
2016-09-07,71.847110024887
2016-09-08,71.27061342602
2016-09-09,70.742972471125
2016-09-12,71.739627608149
2016-09-13,70.186018129846
2016-09-14,70.156704743463
2016-09-15,70.684345698359
2016-09-16,69.707232818923
2016-09-19,70.371669576939
2016-09-20,70.791828115096
2016-09-21,71.817796638504
2016-09-22,71.837338896092
2016-09-23,71.075190850133
2016-09-26,70.371669576939
2016-09-27,70.762514728713
2016-09-28,70.811370372685
2016-09-29,69.922197652399
2016-09-30,70.225102645024
2016-10-03,69.931968781193
2016-10-04,69.863570879633
2016-10-05,70.254416031407
2016-10-06,70.420525220911
2016-10-07,69.7463173341
2016-10-10,70.039451197931
2016-10-11,69.355472182326
2016-10-12,69.980824425165
2016-10-13,68.993940416935
2016-10-14,69.335929924738
2016-10-17,69.00371154573
2016-10-18,68.69103542431
2016-10-19,68.925542515375
2016-10-20,68.163394469415
2016-10-21,67.79209157523
2016-10-24,68.417443818068
2016-10-25,68.046140923883
2016-10-26,68.202478984593
2016-10-27,68.603095265161
2016-10-28,66.942003370121
2016-10-31,67.293764006718
2016-11-01,66.824749824589
2016-11-02,66.824749824589
2016-11-03,67.264450620335
2016-11-04,66.990859014093
2016-11-07,67.997285279911
2016-11-08,68.485841719629
2016-11-09,69.961282167576
2016-11-10,71.573518418645
2016-11-11,70.948166175806
2016-11-14,71.04587746375
2016-11-15,71.262121141697
2016-11-16,70.603560849767
2016-11-17,71.153999302723
2016-11-18,71.262121141697
2016-11-21,70.426634204174
2016-11-22,69.964659074014
2016-11-23,70.397146429908
2016-11-25,70.505268268882
2016-11-28,69.777903170332
2016-11-29,70.062951654899
2016-11-30,70.161244235784
2016-12-01,69.276611007818
2016-12-02,67.124003486434
2016-12-05,67.517173809975
2016-12-06,67.409051971001
2016-12-07,68.27402668279
2016-12-08,68.431294812206
2016-12-09,67.880856359249
2016-12-12,67.782563778364
2016-12-13,68.785148103392
2016-12-14,68.529587393091
2016-12-15,68.087270779108
2016-12-16,68.224880392347
2016-12-19,68.598392199711
2016-12-20,68.66719700633
2016-12-21,69.099684362225
2016-12-22,69.178318426933
2016-12-23,68.952245490897
2016-12-27,69.19797694311
2016-12-28,68.608221457799
2016-12-29,68.637709232065
2016-12-30,68.411636296029
2017-01-03,68.578733683534
2017-01-04,69.207806201198
2017-01-05,68.755660329127
2017-01-06,68.991562523251
2017-01-09,68.333002231321
2017-01-10,68.244538908524
2017-01-11,68.66719700633
2017-01-12,68.382148521763
2017-01-13,68.450953328383
2017-01-17,68.686855522507
2017-01-18,68.775318845304
2017-01-19,68.27402668279
2017-01-20,68.883440684277
2017-01-23,68.165904843816
2017-01-24,68.627879973976
2017-01-25,69.256952491641
2017-01-26,69.355245072526
2017-01-27,69.070196587959
2017-01-30,69.148830652667
2017-01-31,68.794977361481
2017-02-01,65.993638806256
2017-02-02,66.671857614363
2017-02-03,67.438539745266
2017-02-06,67.753076004099
2017-02-07,67.792393036453
2017-02-08,68.450953328383
2017-02-09,68.706514038684
2017-02-10,68.785148103392
2017-02-13,70.190732010049
2017-02-14,70.250064835079
2017-02-15,70.210509618392
2017-02-16,70.398396897653
2017-02-17,70.309397660109
2017-02-21,70.6258393936
2017-02-22,70.368730485138
2017-02-23,70.922503518748
2017-02-24,70.912614714576
2017-02-27,71.525720573216
2017-02-28,71.545498181559
2017-03-01,72.16849284437
2017-03-02,71.387277314813
2017-03-03,71.466387748186
2017-03-06,71.387277314813
2017-03-07,71.149946014695
2017-03-08,71.090613189665
2017-03-09,71.288389273097
2017-03-10,71.219167643896
2017-03-13,71.248834056411
2017-03-14,71.041169168807
2017-03-15,71.545498181559
2017-03-16,71.594942202417
2017-03-17,71.723496656648
2017-03-20,71.436721335671
2017-03-21,70.615950589428
2017-03-22,70.843393085375
2017-03-23,71.199390035553
2017-03-24,71.189501231381
2017-03-27,71.041169168807
2017-03-28,71.505942964873
2017-03-29,70.784060260346
2017-03-30,71.515831769044
2017-03-31,71.61471981076
2017-04-03,71.852051110879
2017-04-04,71.802607090021
2017-04-05,71.387277314813
2017-04-06,72.138826431855
2017-04-07,72.089382410997
2017-04-10,72.732154682152
2017-04-11,72.929930765584
2017-04-12,72.53437859872
2017-04-13,72.188270452713
2017-04-17,72.712377073808
2017-04-18,73.058485219815
2017-04-19,72.751932290495
2017-04-20,73.345260540791
2017-04-21,73.167262065702
2017-04-24,73.819923141028
2017-04-25,74.185808895378
2017-04-26,73.968255203602
2017-04-27,74.215475307892
2017-04-28,74.047365636975
2017-05-01,73.612258253424
2017-05-02,74.185808895378
2017-05-03,73.928699986916
2017-05-04,73.562814232566
2017-05-05,73.52325901588
2017-05-08,73.503481407537
2017-05-09,73.038707611471
2017-05-10,73.602369449253
2017-05-11,73.137595653187
2017-05-12,72.613489032092
2017-05-15,72.910153157241
2017-05-16,72.920041961412
2017-05-17,72.801376311353
2017-05-18,72.900264353069
2017-05-19,73.048596415643
2017-05-22,73.503481407537
2017-05-23,73.732247317195
2017-05-24,73.43385700025
2017-05-25,74.309135263289
2017-05-26,74.438437733966
2017-05-30,74.736828050911
2017-05-31,74.975540304467
2017-06-01,75.522589218867
2017-06-02,75.522589218867
2017-06-05,75.353501372598
2017-06-06,74.388706014475
2017-06-07,74.527954829049
2017-06-08,74.7965061143
2017-06-09,77.58148240579
2017-06-12,77.203521337659
2017-06-13,77.482018966808
2017-06-14,77.680945844772
2017-06-15,77.382555527826
2017-06-16,77.959443473921
2017-06-19,78.83472173696
2017-06-20,78.287672822561
2017-06-21,77.551643374095
2017-06-22,76.905131020714
2017-06-23,77.183628649863
2017-06-26,77.094111554779
2017-06-27,77.352716496132
2017-06-28,77.889819066633
2017-06-29,77.183628649863
2017-06-30,77.263199401048
2017-07-03,77.999228849513
2017-07-05,77.879872722735
2017-07-06,77.114004242575
2017-07-07,77.561589717994
2017-07-10,77.233360369354
2017-07-11,77.223414025455
2017-07-12,77.233360369354
2017-07-13,77.482018966808
2017-07-14,77.452179935114
2017-07-17,77.332823808335
2017-07-18,77.452179935114
2017-07-19,77.47207262291
2017-07-20,77.263199401048
2017-07-21,77.153789618168
2017-07-24,77.203521337659
2017-07-25,77.641160469179
2017-07-26,76.934970052408
2017-07-27,76.70620414275
2017-07-28,78.954077863738
2017-07-31,79.322092587971
2017-08-01,80.455975792363
2017-08-02,80.724527077614
2017-08-03,80.535546543549
2017-08-04,80.724527077614
2017-08-07,80.664849014225
2017-08-08,80.8040978288
2017-08-09,81.331254055403
2017-08-10,80.386351385076
2017-08-11,80.316726977789
2017-08-14,80.814044172698
2017-08-15,80.823990516596
2017-08-16,80.386351385076
2017-08-17,79.401663339156
2017-08-18,79.411609683055
2017-08-21,79.71
2017-08-22,80.17
2017-08-23,80.06
2017-08-24,80.39
2017-08-25,80.91
2017-08-28,80.8
2017-08-29,81.71
2017-08-30,82.06
2017-08-31,82.55
2017-09-01,82.9
2017-09-05,81.52
2017-09-06,81.68
2017-09-07,80.55
2017-09-08,81.18
2017-09-11,82.47
2017-09-12,82.24
2017-09-13,82.04
2017-09-14,82.11
2017-09-15,82.81
2017-09-18,83.15
2017-09-19,83.64
2017-09-20,83.92
2017-09-21,83.63
2017-09-22,83.94
2017-09-25,84.26
2017-09-26,83.54
2017-09-27,83.78
2017-09-28,82.3
2017-09-29,81.39
2017-10-02,81.97
2017-10-03,82.23
2017-10-04,82.12
2017-10-05,82.49
2017-10-06,82.27
2017-10-09,82.58
2017-10-10,83.62
2017-10-11,83.88
2017-10-12,83.94
2017-10-13,84.01
2017-10-16,84.18
2017-10-17,83.76
2017-10-18,83.76
2017-10-19,84.45
2017-10-20,83.85
2017-10-23,84.32
2017-10-24,84.56
2017-10-25,84.08
2017-10-26,83.63
2017-10-27,83.94
2017-10-30,83.83
2017-10-31,83.89
2017-11-01,84.29
2017-11-02,84.41
2017-11-03,83.98
2017-11-06,84.57
2017-11-07,83.81
2017-11-09,84.08
2017-11-10,83.44
2017-11-13,84.4
2017-11-14,84.27
2017-11-15,84.44
2017-11-16,84.31
2017-11-17,83.85
2017-11-20,84.68
2017-11-21,85.08
2017-11-22,85.05
2017-11-24,85.0
2017-11-27,85.44
2017-11-28,86.27
2017-11-29,87.19
2017-11-30,87.64
2017-12-01,87.6
2017-12-04,88.14
2017-12-05,87.84
2017-12-06,87.61
2017-12-07,87.94
2017-12-08,88.16
2017-12-11,88.48
2017-12-12,88.76
2017-12-13,88.49
2017-12-14,88.42
2017-12-15,89.26
2017-12-18,88.29
2017-12-19,87.98
2017-12-20,87.36
2017-12-21,87.11
2017-12-22,87.21
2017-12-26,87.64
2017-12-27,87.71
2017-12-28,88.23
2017-12-29,87.78
2018-01-02,87.97
2018-01-03,88.23
2018-01-04,89.14
2018-01-05,89.73
2018-01-08,89.96
2018-01-09,90.0
2018-01-10,90.74
2018-01-11,91.69
2018-01-12,84.94
2018-01-16,86.39
2018-01-17,87.82
2018-01-18,86.44
2018-01-19,86.82
2018-01-22,87.69
2018-01-23,88.08
2018-01-24,88.43
2018-01-25,89.42
2018-01-26,90.99
2018-01-29,89.55
2018-01-30,88.57
2018-01-31,88.2
2018-02-01,89.69
2018-02-02,88.95
2018-02-05,86.21
2018-02-06,85.62
2018-02-07,85.6
2018-02-08,83.25
2018-02-09,84.77
2018-02-12,85.13
2018-02-13,86.07
2018-02-14,87.65
2018-02-15,88.42
2018-02-16,89.65
2018-02-20,88.92
2018-02-21,88.88
2018-02-22,88.53
2018-02-23,89.57
2018-02-26,90.76
2018-02-27,89.99
2018-02-28,88.88
2018-03-01,87.66
2018-03-02,87.51
2018-03-05,88.25
2018-03-06,88.78
2018-03-07,88.77
2018-03-08,89.99
2018-03-09,91.68
2018-03-12,90.83
2018-03-13,90.75
2018-03-14,90.21
2018-03-15,90.02
2018-03-16,90.49
2018-03-19,44.7
2018-03-20,45.43
2018-03-21,45.37
2018-03-22,44.37
2018-03-23,43.35
2018-03-26,44.09
2018-03-27,43.48
