Date,AIG
2010-01-04,23.512061454469
2010-01-05,23.071554448296
2010-01-06,22.922096714059
2010-01-07,22.481589707886
2010-01-08,23.079420644835
2010-01-11,23.30754034446
2010-01-12,22.387195349421
2010-01-13,22.859167141749
2010-01-14,22.497322100964
2010-01-15,22.072547487869
2010-01-19,22.222005222106
2010-01-20,21.993885522481
2010-01-21,21.67137146439
2010-01-22,20.845420827816
2010-01-25,20.522906769726
2010-01-26,19.193519554669
2010-01-27,19.594695578147
2010-01-28,19.004730837737
2010-01-29,19.059794213509
2010-02-01,18.847406906962
2010-02-02,18.8552731035
2010-02-03,18.713681565802
2010-02-04,17.769737981146
2010-02-05,17.628146443448
2010-02-08,17.431491529978
2010-02-09,18.20237879078
2010-02-10,21.175801082446
2010-02-11,20.68809689704
2010-02-12,21.097139117058
2010-02-16,21.576977105925
2010-02-17,21.160068689368
2010-02-18,21.010610955131
2010-02-19,20.869019417433
2010-02-22,22.363596759804
2010-02-23,21.049941937825
2010-02-24,22.017484112097
2010-02-25,21.639906678235
2010-02-26,19.484568826604
2010-03-01,20.279054677023
2010-03-02,19.689089936613
2010-03-03,19.571096988531
2010-03-04,21.010610955131
2010-03-05,22.088279880947
2010-03-08,22.890631927904
2010-03-09,25.777526057643
2010-03-10,28.507096256606
2010-03-11,27.618216047722
2010-03-12,26.925990752308
2010-03-15,26.996786521157
2010-03-16,26.438286566902
2010-03-17,27.067582290006
2010-03-18,27.248504810398
2010-03-19,27.374363955019
2010-03-22,26.265230243049
2010-03-23,26.178702081122
2010-03-24,26.092173919195
2010-03-25,27.146244255394
2010-03-26,26.91025835923
2010-03-29,27.099047076161
2010-03-30,26.894525966152
2010-03-31,26.855194983459
2010-04-01,26.831596393842
2010-04-05,27.578885065028
2010-04-06,28.247511770826
2010-04-07,31.220934062492
2010-04-08,29.569032789344
2010-04-09,30.001673598978
2010-04-12,32.424462132928
2010-04-13,31.582779103276
2010-04-14,31.260265045186
2010-04-15,31.449053762117
2010-04-16,30.796159449397
2010-04-19,30.748962270164
2010-04-20,32.746976191019
2010-04-21,32.172743843686
2010-04-22,34.021300030304
2010-04-23,34.910180239188
2010-04-26,35.012440794193
2010-04-27,29.39597646549
2010-04-28,31.079342524793
2010-04-29,31.645708675587
2010-04-30,30.599504535927
2010-05-03,31.10294111441
2010-05-04,30.088201760905
2010-05-05,29.655560951271
2010-05-06,28.908272280085
2010-05-07,30.442180605151
2010-05-10,32.235673415997
2010-05-11,33.738116954907
2010-05-12,32.566053670626
2010-05-13,31.976088930216
2010-05-14,31.244532652108
2010-05-17,30.678166501315
2010-05-18,29.718490523581
2010-05-19,29.364511679335
2010-05-20,27.382230151558
2010-05-21,28.28684275352
2010-05-24,27.161976648472
2010-05-25,27.130511862316
2010-05-26,26.784399214609
2010-05-27,28.68015258046
2010-05-28,27.83060335427
2010-06-01,26.941723145385
2010-06-02,27.578885065028
2010-06-03,27.689011816571
2010-06-04,27.335032972325
2010-06-07,26.807997804226
2010-06-08,26.988920324618
2010-06-09,26.918124555769
2010-06-10,27.767673781959
2010-06-11,27.594617458106
2010-06-14,29.175722962404
2010-06-15,29.797152488969
2010-06-16,29.78928629243
2010-06-17,29.710624327042
2010-06-18,29.820751078586
2010-06-21,30.489377784383
2010-06-22,30.103934153982
2010-06-23,29.742089113198
2010-06-24,28.924004673163
2010-06-25,29.065596210861
2010-06-28,28.617223008149
2010-06-29,27.154110451933
2010-06-30,27.091180879622
2010-07-01,26.65067387345
2010-07-02,26.037110543423
2010-07-06,26.51694853229
2010-07-07,27.799138568114
2010-07-08,27.932863909274
2010-07-09,28.239645574287
2010-07-12,27.980061088507
2010-07-13,29.883680650896
2010-07-14,29.521835610111
2010-07-15,29.403842662029
2010-07-16,28.035124464278
2010-07-19,27.838469550808
2010-07-20,28.562159632378
2010-07-21,27.775539978498
2010-07-22,28.703751170076
2010-07-23,28.924004673163
2010-07-26,30.442180605151
2010-07-27,30.796159449397
2010-07-28,30.701765090931
2010-07-29,30.654567911698
2010-07-30,30.261258084758
2010-08-02,31.49625094135
2010-08-03,31.142272097104
2010-08-04,31.480518548272
2010-08-05,31.386124189807
2010-08-06,32.196342433303
2010-08-09,32.754842387557
2010-08-10,31.614243889432
2010-08-11,29.765687702814
2010-08-12,29.183589158943
2010-08-13,28.845342707775
2010-08-16,28.28684275352
2010-08-17,28.648687794305
2010-08-18,28.971201852395
2010-08-19,27.964328695429
2010-08-20,27.665413226955
2010-08-23,27.56315267195
2010-08-24,26.957455538463
2010-08-25,27.059716093467
2010-08-26,26.737202035377
2010-08-27,27.689011816571
2010-08-30,26.745068231915
2010-08-31,26.690004856144
2010-09-01,28.050856857356
2010-09-02,28.255377967365
2010-09-03,28.868941297391
2010-09-07,27.980061088507
2010-09-08,28.538561042761
2010-09-09,28.5464272393
2010-09-10,28.593624418533
2010-09-13,29.041997621245
2010-09-14,28.420568094679
2010-09-15,28.444166684296
2010-09-16,28.09018784005
2010-09-17,28.035124464278
2010-09-20,28.790279332003
2010-09-21,28.798145528542
2010-09-22,28.058723053895
2010-09-23,27.586751261567
2010-09-24,28.688018776999
2010-09-27,29.207187748559
2010-09-28,29.356645482796
2010-09-29,29.458906037801
2010-09-30,30.756828466703
2010-10-01,30.568039749771
2010-10-04,30.898420004401
2010-10-05,31.417588975962
2010-10-06,32.046884699066
2010-10-07,31.834497392518
2010-10-08,32.180610040225
2010-10-11,32.28287059523
2010-10-12,32.864969139101
2010-10-13,33.596525417209
2010-10-14,32.990828283721
2010-10-15,32.621117046398
2010-10-18,33.242546572963
2010-10-19,32.259272005613
2010-10-20,32.731243797941
2010-10-21,32.471659312161
2010-10-22,32.691912815247
2010-10-25,32.330067774462
2010-10-26,33.061624052571
2010-10-27,32.896433925256
2010-10-28,33.022293069877
2010-10-29,33.045891659493
2010-11-01,32.975095890644
2010-11-02,33.13241982142
2010-11-03,34.273018319546
2010-11-04,35.193363314585
2010-11-05,35.877722413461
2010-11-08,35.106835152658
2010-11-09,33.714518365291
2010-11-10,33.816778920295
2010-11-11,33.439201486433
2010-11-12,32.888567728717
2010-11-15,33.368405717584
2010-11-16,32.809905763329
2010-11-17,32.864969139101
2010-11-18,33.478532469127
2010-11-19,33.612257810287
2010-11-22,33.148152214497
2010-11-23,32.133412860992
2010-11-24,32.849236746023
2010-11-26,32.448060722544
2010-11-29,32.668314225631
2010-11-30,32.4795255087
2010-12-01,33.258278966041
2010-12-02,33.730250758369
2010-12-03,34.422476053783
2010-12-06,34.296616909162
2010-12-07,34.57193378802
2010-12-08,33.211081786808
2010-12-09,37.58468706238
2010-12-10,38.505032057419
2010-12-13,38.166785606251
2010-12-14,40.72329948136
2010-12-15,40.26706008211
2010-12-16,40.982883967141
2010-12-17,41.344729007926
2010-12-20,42.021221910262
2010-12-21,43.405672501091
2010-12-22,43.861911900341
2010-12-23,42.737045795293
2010-12-27,46.709475047386
2010-12-28,46.35549620314
2010-12-29,45.0497075777
2010-12-30,45.254228687708
2010-12-31,45.325024456558
2011-01-03,45.663270907726
2011-01-04,44.664263947299
2011-01-05,47.944467903978
2011-01-06,47.551158077038
2011-01-07,48.12539042437
2011-01-10,45.144101936165
2011-01-11,46.442024365067
2011-01-12,45.938587786584
2011-01-13,44.986778005389
2011-01-14,42.477461309513
2011-01-18,41.824566996792
2011-01-19,40.133334740951
2011-01-20,40.475514290388
2011-01-21,40.306788200248
2011-01-24,39.322552674428
2011-01-25,38.769506045634
2011-01-26,39.003847837496
2011-01-27,39.341300017777
2011-01-28,37.738402161441
2011-01-31,37.822765206512
2011-02-01,38.488295895399
2011-02-02,38.591406283819
2011-02-03,38.038359655025
2011-02-04,37.494686697905
2011-02-07,39.538147122941
2011-02-08,39.716246884756
2011-02-09,38.535164253772
2011-02-10,38.694516672238
2011-02-11,39.022595180845
2011-02-14,38.713264015587
2011-02-15,38.478922223725
2011-02-16,38.694516672238
2011-02-17,39.425663062847
2011-02-18,38.910111120751
2011-02-22,37.560302399626
2011-02-23,37.494686697905
2011-02-24,37.897754579907
2011-02-25,36.126130633431
2011-02-28,34.738827225609
2011-03-01,34.401375045328
2011-03-02,34.963795345796
2011-03-03,35.16064245096
2011-03-04,35.048158390867
2011-03-07,34.776321912307
2011-03-08,34.973169017471
2011-03-09,34.785695583981
2011-03-10,34.195154268489
2011-03-11,35.010663704169
2011-03-14,35.151268779286
2011-03-15,34.476364418724
2011-03-16,33.360897489461
2011-03-17,33.46400787788
2011-03-18,32.760982502294
2011-03-21,34.710706210585
2011-03-22,34.63571683719
2011-03-23,34.260769970211
2011-03-24,34.045175521698
2011-03-25,34.242022626862
2011-03-28,34.082670208396
2011-03-29,33.913944118255
2011-03-30,33.792086386487
2011-03-31,32.939082264109
2011-04-01,32.807850860667
2011-04-04,31.814241663172
2011-04-05,32.789103517318
2011-04-06,32.676619457224
2011-04-07,32.498519695409
2011-04-08,32.329793605268
2011-04-11,32.076704470058
2011-04-12,31.945473066615
2011-04-13,31.739252289776
2011-04-14,31.439294796193
2011-04-15,31.364305422797
2011-04-18,30.567543330467
2011-04-19,30.108233418418
2011-04-20,30.323827866931
2011-04-21,30.145728105116
2011-04-25,29.498944759577
2011-04-26,29.873891626556
2011-04-27,29.71453920809
2011-04-28,29.808275924834
2011-04-29,29.198987265993
2011-05-02,28.917777115759
2011-05-03,29.180239922644
2011-05-04,29.658297178043
2011-05-05,28.861535085712
2011-05-06,28.777172040642
2011-05-09,27.839804873194
2011-05-10,27.764815499799
2011-05-11,28.73030368227
2011-05-12,29.217734609342
2011-05-13,28.514709233757
2011-05-16,29.058382190876
2011-05-17,28.870908757387
2011-05-18,28.89902977241
2011-05-19,28.908403444085
2011-05-20,28.870908757387
2011-05-23,28.10226768008
2011-05-24,27.614836753007
2011-05-25,26.508743495419
2011-05-26,26.949306064119
2011-05-27,27.071163795887
2011-05-31,26.714964272257
2011-06-01,26.293149046906
2011-06-02,26.255654360208
2011-06-03,25.918202179927
2011-06-06,25.524507969599
2011-06-07,25.702607731414
2011-06-08,25.608871014669
2011-06-09,26.340017405278
2011-06-10,27.146153169283
2011-06-13,27.164900512632
2011-06-14,26.724337943932
2011-06-15,26.143170300114
2011-06-16,26.283775375231
2011-06-17,26.227533345184
2011-06-20,26.265028031882
2011-06-21,26.977427079143
2011-06-22,26.996174422492
2011-06-23,26.874316690723
2011-06-24,26.668095913885
2011-06-27,27.005548094166
2011-06-28,26.977427079143
2011-06-29,27.314879259424
2011-06-30,27.483605349564
2011-07-01,28.10226768008
2011-07-05,27.821057529845
2011-07-06,27.539847379611
2011-07-07,28.317862128593
2011-07-08,28.064772993382
2011-07-11,27.11803215426
2011-07-12,26.921185049096
2011-07-13,27.033669109189
2011-07-14,26.714964272257
2011-07-15,26.461875137046
2011-07-18,25.918202179927
2011-07-19,26.124422956765
2011-07-20,26.536864510442
2011-07-21,27.136779497609
2011-07-22,27.268010901051
2011-07-25,27.136779497609
2011-07-26,27.624210424681
2011-07-27,27.277384572726
2011-07-28,27.127405825934
2011-07-29,26.902437705747
2011-08-01,26.799327317328
2011-08-02,26.011938896672
2011-08-03,26.424380450348
2011-08-04,24.746493220617
2011-08-05,23.527915902935
2011-08-08,21.165750640967
2011-08-09,22.478064675394
2011-08-10,20.75330908729
2011-08-11,21.709423598087
2011-08-12,21.681302583063
2011-08-15,22.984242945816
2011-08-16,22.974869274141
2011-08-17,23.293574111073
2011-08-18,21.278234701061
2011-08-19,20.772056430639
2011-08-22,20.425230578684
2011-08-23,21.484455477899
2011-08-24,22.074996793391
2011-08-25,21.559444851295
2011-08-26,21.803160314832
2011-08-29,23.434179186191
2011-08-30,23.340442469446
2011-08-31,23.743510351448
2011-09-01,23.237332081027
2011-09-02,22.178107181811
2011-09-06,21.859402344879
2011-09-07,23.799752381495
2011-09-08,23.049858647537
2011-09-09,21.896897031576
2011-09-12,22.103117808415
2011-09-13,22.646790765535
2011-09-14,22.956121930792
2011-09-15,23.471673872888
2011-09-16,23.846620739868
2011-09-19,23.115474349258
2011-09-20,23.059232319212
2011-09-21,21.512576492923
2011-09-22,20.256504488543
2011-09-23,20.800177445663
2011-09-26,21.990633748321
2011-09-27,21.915644374925
2011-09-28,21.287608372735
2011-09-29,21.456334462876
2011-09-30,20.575209325475
2011-10-03,19.178532245978
2011-10-04,19.262895291049
2011-10-05,20.022162696681
2011-10-06,20.640825027197
2011-10-07,19.656589501377
2011-10-10,20.800177445663
2011-10-11,20.968903535803
2011-10-12,22.271843898556
2011-10-13,21.587565866319
2011-10-14,21.906270703251
2011-10-17,20.847045804035
2011-10-18,21.971886404972
2011-10-19,21.137629625944
2011-10-20,21.475081806225
2011-10-21,22.506185690417
2011-10-24,23.565410589633
2011-10-25,22.665538108883
2011-10-26,23.734136679774
2011-10-27,24.643382832198
2011-10-28,24.69025119057
2011-10-31,23.143595364282
2011-11-01,21.953139061623
2011-11-02,22.674911780558
2011-11-03,23.087353334235
2011-11-04,22.412448973673
2011-11-07,22.234349211858
2011-11-08,22.55305404879
2011-11-09,21.128255954269
2011-11-10,21.700049926412
2011-11-11,22.356206943626
2011-11-14,22.065623121717
2011-11-15,21.671928911389
2011-11-16,21.043892909199
2011-11-17,20.509593623754
2011-11-18,20.509593623754
2011-11-21,19.694084188075
2011-11-22,19.694084188075
2011-11-23,18.841080065697
2011-11-25,18.812959050674
2011-11-28,19.562852784632
2011-11-29,19.806568248168
2011-11-30,21.850028673204
2011-12-01,21.559444851295
2011-12-02,21.728170941436
2011-12-05,22.09374413674
2011-12-06,22.55305404879
2011-12-07,22.928000915769
2011-12-08,21.662555239715
2011-12-09,22.599922407162
2011-12-12,21.831281329855
2011-12-13,21.400092432829
2011-12-14,21.353224074457
2011-12-15,21.765665628134
2011-12-16,21.896897031576
2011-12-19,20.959529864129
2011-12-20,22.262470226881
2011-12-21,22.571801392139
2011-12-22,22.656164437209
2011-12-23,22.684285452232
2011-12-27,22.337459600277
2011-12-28,21.531323836272
2011-12-29,21.784412971483
2011-12-30,21.746918284785
2012-01-03,22.562427720464
2012-01-04,22.421822645347
2012-01-05,22.412448973673
2012-01-06,22.065623121717
2012-01-09,22.496812018743
2012-01-10,23.499794887912
2012-01-11,23.781005038146
2012-01-12,23.837247068193
2012-01-13,23.387310827818
2012-01-17,23.021737632514
2012-01-18,23.649773634704
2012-01-19,23.949731128287
2012-01-20,24.043467845032
2012-01-23,23.846620739868
2012-01-24,23.734136679774
2012-01-25,23.724763008099
2012-01-26,23.565410589633
2012-01-27,23.668520978052
2012-01-30,23.62165261968
2012-01-31,23.53728957461
2012-02-01,24.933966654107
2012-02-02,24.662130175547
2012-02-03,25.468265939552
2012-02-06,25.121440087596
2012-02-07,25.027703370852
2012-02-08,25.346408207784
2012-02-09,25.636992029692
2012-02-10,24.990208684154
2012-02-13,25.140187430945
2012-02-14,24.933966654107
2012-02-15,24.830856265688
2012-02-16,25.571376327971
2012-02-17,25.524507969599
2012-02-21,25.618244686344
2012-02-22,25.936949523276
2012-02-23,26.236907016859
2012-02-24,26.630601227187
2012-02-27,26.864943019049
2012-02-28,27.146153169283
2012-02-29,27.38986863282
2012-03-01,27.605463081332
2012-03-02,27.933541589939
2012-03-05,28.486588218733
2012-03-06,27.230516214353
2012-03-07,27.605463081332
2012-03-08,26.536864510442
2012-03-09,26.480622480395
2012-03-12,26.386885763651
2012-03-13,26.621227555512
2012-03-14,26.480622480395
2012-03-15,26.321270061929
2012-03-16,26.274401703557
2012-03-19,26.058807255044
2012-03-20,26.546238182117
2012-03-21,26.705590600583
2012-03-22,26.227533345184
2012-03-23,26.499369823744
2012-03-26,27.239889886028
2012-03-27,27.811683858171
2012-03-28,27.839804873194
2012-03-29,28.064772993382
2012-03-30,28.89902977241
2012-04-02,29.217734609342
2012-04-03,28.936524459108
2012-04-04,30.483180285397
2012-04-05,30.830006137352
2012-04-09,29.986375686649
2012-04-10,29.283350311064
2012-04-11,29.873891626556
2012-04-12,31.148710974284
2012-04-13,30.445685598699
2012-04-16,30.755016763956
2012-04-17,30.670653718886
2012-04-18,30.548795987118
2012-04-19,30.248838493535
2012-04-20,30.051991388371
2012-04-23,30.080112403394
2012-04-24,30.370696225303
2012-04-25,30.773764107305
2012-04-26,31.598647214659
2012-04-27,32.301672590245
2012-04-30,31.898604708243
2012-05-01,32.189188530151
2012-05-02,32.582882740479
2012-05-03,32.001715096662
2012-05-04,30.773764107305
2012-05-07,29.845770611532
2012-05-08,29.71453920809
2012-05-09,29.836396939858
2012-05-10,30.126980761767
2012-05-11,29.761407566462
2012-05-14,29.339592341111
2012-05-15,29.020887504178
2012-05-16,28.54283024878
2012-05-17,26.686843257234
2012-05-18,26.555611853791
2012-05-21,27.596089409658
2012-05-22,27.492979021239
2012-05-23,27.427363319517
2012-05-24,27.567968394635
2012-05-25,27.174274184307
2012-05-29,27.91479424659
2012-05-30,27.080537467562
2012-05-31,27.352373946122
2012-06-01,25.50576062625
2012-06-04,25.805718119833
2012-06-05,26.855569347374
2012-06-06,28.027278306684
2012-06-07,28.261620098546
2012-06-08,28.570951263804
2012-06-11,27.689826126403
2012-06-12,28.299114785244
2012-06-13,28.402225173663
2012-06-14,29.0865032059
2012-06-15,29.508318431251
2012-06-18,29.536439446275
2012-06-19,29.939507328277
2012-06-20,30.042617716696
2012-06-21,29.095876877574
2012-06-22,29.470823744553
2012-06-25,28.711556338921
2012-06-26,28.870908757387
2012-06-27,28.889656100736
2012-06-28,28.908403444085
2012-06-29,30.080112403394
2012-07-02,29.845770611532
2012-07-03,30.361322553628
2012-07-05,29.9676283433
2012-07-06,29.592681476321
2012-07-09,29.011513832504
2012-07-10,29.030261175853
2012-07-11,28.89902977241
2012-07-12,28.561577592129
2012-07-13,29.470823744553
2012-07-16,29.320844997762
2012-07-17,30.267585836884
2012-07-18,29.845770611532
2012-07-19,29.770781238136
2012-07-20,29.0865032059
2012-07-23,28.758424697293
2012-07-24,28.608445950501
2012-07-25,28.261620098546
2012-07-26,28.767798368968
2012-07-27,29.592681476321
2012-07-30,29.733286551439
2012-07-31,29.311471326087
2012-08-01,28.908403444085
2012-08-02,28.908403444085
2012-08-03,29.377087027808
2012-08-06,30.080112403394
2012-08-07,30.323827866931
2012-08-08,30.351948881954
2012-08-09,30.473806613722
2012-08-10,30.558169658792
2012-08-13,31.036226914191
2012-08-14,31.701757603079
2012-08-15,31.898604708243
2012-08-16,32.442277665362
2012-08-17,32.620377427177
2012-08-20,32.489146023735
2012-08-21,31.992341424987
2012-08-22,31.448668467868
2012-08-23,31.645515573032
2012-08-24,32.31104626192
2012-08-27,32.414156650339
2012-08-28,32.12357282843
2012-08-29,31.814241663172
2012-08-30,31.673636588055
2012-08-31,32.179814858477
2012-09-04,32.39540930699
2012-09-05,32.629751098852
2012-09-06,32.076704470058
2012-09-07,31.861110021545
2012-09-10,31.214326676006
2012-09-11,31.354931751123
2012-09-12,31.68301025973
2012-09-13,32.282925246896
2012-09-14,32.826598204016
2012-09-17,32.573509068805
2012-09-18,32.245430560198
2012-09-19,32.114199156756
2012-09-20,31.701757603079
2012-09-21,31.523657841264
2012-09-24,31.776746976474
2012-09-25,31.008105899167
2012-09-26,30.69877473391
2012-09-27,31.120589959261
2012-09-28,30.736269420608
2012-10-01,31.176831989308
2012-10-02,31.373679094472
2012-10-03,32.067330798383
2012-10-04,32.760982502294
2012-10-05,33.02344530918
2012-10-08,33.65148131137
2012-10-09,33.229666086018
2012-10-10,33.267160772716
2012-10-11,33.445260534531
2012-10-12,33.239039757693
2012-10-15,34.017054506674
2012-10-16,34.073296536721
2012-10-17,34.551353792119
2012-10-18,34.879432300726
2012-10-19,33.46400787788
2012-10-22,33.323402802763
2012-10-23,32.573509068805
2012-10-24,32.742235158945
2012-10-25,32.789103517318
2012-10-26,32.545388053781
2012-10-31,32.742235158945
2012-11-01,32.995324294156
2012-11-02,30.633159032188
2012-11-05,30.745643092282
2012-11-06,31.045600585865
2012-11-07,29.995749358324
2012-11-08,29.44270272953
2012-11-09,30.15510177679
2012-11-12,29.977002014975
2012-11-13,29.386460699483
2012-11-14,28.758424697293
2012-11-15,29.283350311064
2012-11-16,29.808275924834
2012-11-19,30.361322553628
2012-11-20,30.380069896977
2012-11-21,30.623785360514
2012-11-23,30.773764107305
2012-11-26,30.904995510748
2012-11-27,30.455059270373
2012-11-28,30.558169658792
2012-11-29,31.261195034378
2012-11-30,31.05497425754
2012-12-03,31.045600585865
2012-12-04,31.233074019355
2012-12-05,31.664262916381
2012-12-06,31.176831989308
2012-12-07,31.992341424987
2012-12-10,31.270568706053
2012-12-11,33.051566324203
2012-12-12,32.66724578555
2012-12-13,32.095451813407
2012-12-14,31.814241663172
2012-12-17,32.760982502294
2012-12-18,33.276534444391
2012-12-19,32.704740472248
2012-12-20,33.304655459414
2012-12-21,32.56413539713
2012-12-24,32.995324294156
2012-12-26,33.135929369273
2012-12-27,32.779729845643
2012-12-28,32.414156650339
2012-12-31,33.089061010901
2013-01-02,34.195154268489
2013-01-03,33.913944118255
2013-01-04,34.026428178349
2013-01-07,33.679602326393
2013-01-08,33.417139519508
2013-01-09,33.520249907927
2013-01-10,33.557744594625
2013-01-11,33.02344530918
2013-01-14,32.854719219039
2013-01-15,32.657872113875
2013-01-16,33.314029131088
2013-01-17,33.004697965831
2013-01-18,32.892213905737
2013-01-22,33.660854983044
2013-01-23,34.17640692514
2013-01-24,34.307638328583
2013-01-25,34.401375045328
2013-01-28,34.963795345796
2013-01-29,35.451226272869
2013-01-30,35.310621197752
2013-01-31,35.460599944544
2013-02-01,36.426088127015
2013-02-04,35.798052124825
2013-02-05,36.322977738595
2013-02-06,36.322977738595
2013-02-07,36.219867350176
2013-02-08,36.360472425293
2013-02-11,36.979134755809
2013-02-12,36.210493678502
2013-02-13,36.435461798689
2013-02-14,36.754166635621
2013-02-15,35.948030871616
2013-02-19,36.182372663478
2013-02-20,35.216884481007
2013-02-21,34.945048002447
2013-02-22,36.041767588361
2013-02-25,34.738827225609
2013-02-26,35.329368541101
2013-02-27,35.404357914497
2013-02-28,35.629326034684
2013-03-01,35.479347287892
2013-03-04,35.685568064731
2013-03-05,35.854294154872
2013-03-06,36.041767588361
2013-03-07,36.566693202132
2013-03-08,37.100992487577
2013-03-11,36.997882099158
2013-03-12,36.660429918876
2013-03-13,36.454209142038
2013-03-14,36.576066873806
2013-03-15,36.529198515434
2013-03-18,36.182372663478
2013-03-19,35.97615188664
2013-03-20,35.901162513244
2013-03-21,35.43247892952
2013-03-22,35.423105257846
2013-03-25,35.338742212775
2013-03-26,36.032393916687
2013-03-27,35.854294154872
2013-03-28,36.388593440317
2013-04-01,35.835546811523
2013-04-02,36.557319530457
2013-04-03,35.469973616218
2013-04-04,35.329368541101
2013-04-05,36.201120006827
2013-04-08,37.579049742975
2013-04-09,37.147860845949
2013-04-10,37.58842341465
2013-04-11,37.907128251582
2013-04-12,37.616544429673
2013-04-15,36.163625320129
2013-04-16,37.082245144228
2013-04-17,36.14487797678
2013-04-18,35.938657199942
2013-04-19,36.444835470364
2013-04-22,36.191746335153
2013-04-23,38.075854341722
2013-04-24,38.994474165821
2013-04-25,39.631883839685
2013-04-26,38.310196133584
2013-04-29,38.722637687261
2013-04-30,38.825748075681
2013-05-01,38.610153627168
2013-05-02,39.491278764568
2013-05-03,41.731586294768
2013-05-06,42.631458775518
2013-05-07,41.806575668164
2013-05-08,41.572233876302
2013-05-09,41.309771069417
2013-05-10,41.412881457836
2013-05-13,41.844070354862
2013-05-14,43.193879075986
2013-05-15,42.725195492263
2013-05-16,42.097159490073
2013-05-17,42.397116983656
2013-05-20,42.078412146724
2013-05-21,42.144027848445
2013-05-22,41.534739189604
2013-05-23,41.740959966443
2013-05-24,41.890938713234
2013-05-28,42.340874953609
2013-05-29,42.668953462216
2013-05-30,43.315736807755
2013-05-31,41.675344264721
2013-06-03,41.947180743281
2013-06-04,41.33789208444
2013-06-05,41.150418650951
2013-06-06,42.0502911317
2013-06-07,42.443985342028
2013-06-10,43.072021344218
2013-06-11,42.106533161747
2013-06-12,41.862817698211
2013-06-13,43.062647672544
2013-06-14,42.537722058773
2013-06-17,42.32212761026
2013-06-18,42.312753938586
2013-06-19,42.003422773328
2013-06-20,41.497244502906
2013-06-21,40.953571545787
2013-06-24,39.669378526383
2013-06-25,40.634866708854
2013-06-26,40.887955844065
2013-06-27,41.69409160807
2013-06-28,41.900312384909
2013-07-01,42.265885580213
2013-07-02,42.078412146724
2013-07-03,41.450376144534
2013-07-05,42.359622296958
2013-07-08,42.668953462216
2013-07-09,42.912668925752
2013-07-10,42.856426895705
2013-07-11,43.043900329195
2013-07-12,43.812541406502
2013-07-15,43.775046719804
2013-07-16,43.343857822778
2013-07-17,43.896904451572
2013-07-18,44.046883198364
2013-07-19,43.943772809945
2013-07-22,44.47807209539
2013-07-23,43.681310003059
2013-07-24,43.081395015893
2013-07-25,43.587573286314
2013-07-26,43.625067973012
2013-07-29,43.371978837801
2013-07-30,43.015779314171
2013-07-31,42.659579790541
2013-08-01,44.12187257176
2013-08-02,45.302955202744
2013-08-05,45.527923322931
2013-08-06,45.049866067533
2013-08-07,44.965503022462
2013-08-08,45.556044337954
2013-08-09,45.021745052509
2013-08-12,44.759282245624
2013-08-13,45.27483418772
2013-08-14,45.049866067533
2013-08-15,44.093751556736
2013-08-16,44.149993586783
2013-08-19,43.418847196174
2013-08-20,43.981267496642
2013-08-21,43.793794063153
2013-08-22,44.196861945155
2013-08-23,44.421830065343
2013-08-26,44.393709050319
2013-08-27,43.268868449382
2013-08-28,43.503210241244
2013-08-29,43.66256265971
2013-08-30,43.550078599617
2013-09-03,44.684292872228
2013-09-04,45.265460516046
2013-09-05,45.621660039676
2013-09-06,45.162350127626
2013-09-09,46.109090966749
2013-09-10,46.418422132006
2013-09-11,46.728379220302
2013-09-12,46.286925185457
2013-09-13,46.681416025105
2013-09-16,46.672023386066
2013-09-17,47.395256592089
2013-09-18,47.498575621521
2013-09-19,46.831698249734
2013-09-20,46.916232001087
2013-09-23,46.174213516986
2013-09-24,46.2493546293
2013-09-25,46.531133800477
2013-09-26,46.446600049124
2013-09-27,46.164820877946
2013-09-30,45.676403647905
2013-10-01,46.11785768275
2013-10-02,46.230569351221
2013-10-03,45.883041706769
2013-10-04,46.521741161438
2013-10-07,45.770330038298
2013-10-08,44.802888217254
2013-10-09,44.831066134372
2013-10-10,46.568704356634
2013-10-11,46.963195196283
2013-10-14,47.179225894186
2013-10-15,46.981980474362
2013-10-16,48.146667715229
2013-10-17,48.700833418546
2013-10-18,49.123502175312
2013-10-21,48.841723004134
2013-10-22,49.114109536273
2013-10-23,48.710226057585
2013-10-24,48.653870223349
2013-10-25,48.700833418546
2013-10-28,48.306342578897
2013-10-29,49.076538980116
2013-10-30,48.813545087017
2013-10-31,48.51298063776
2013-11-01,45.347661281531
2013-11-04,46.099072404672
2013-11-05,45.35705392057
2013-11-06,44.699569187822
2013-11-07,44.427182655684
2013-11-08,45.591869896552
2013-11-11,45.873649067729
2013-11-12,45.263127530178
2013-11-13,45.629440452709
2013-11-14,46.315103102574
2013-11-15,46.305710463535
2013-11-18,45.9863607362
2013-11-19,45.817293233494
2013-11-20,45.328876003452
2013-11-21,45.948790180043
2013-11-22,46.578096995674
2013-11-25,46.775342415498
2013-11-26,46.390244214888
2013-11-27,46.634452829909
2013-11-29,46.728379220302
2013-12-02,46.690808664145
2013-12-03,45.789115316376
2013-12-04,46.062061738611
2013-12-05,45.356165819037
2013-12-06,46.636190419865
2013-12-09,46.645602365459
2013-12-10,46.400891780007
2013-12-11,45.836175044348
2013-12-12,46.513835127139
2013-12-13,46.805605440563
2013-12-16,47.323262448251
2013-12-17,46.457363453573
2013-12-18,47.295026611468
2013-12-19,47.398558013005
2013-12-20,48.029158367825
2013-12-23,48.226809225305
2013-12-24,48.264457007683
2013-12-26,48.000922531042
2013-12-27,48.170337551739
2013-12-30,48.104453932579
2013-12-31,48.047982259013
2014-01-02,47.727976108806
2014-01-03,47.925626966287
2014-01-06,47.549149142514
2014-01-07,48.198573388522
2014-01-08,48.763290124182
2014-01-09,49.045648492011
2014-01-10,49.149179893549
2014-01-13,48.433872028381
2014-01-14,48.71623039621
2014-01-15,49.045648492011
2014-01-16,48.471519810758
2014-01-17,47.897391129504
2014-01-21,47.60562081608
2014-01-22,47.332674393845
2014-01-23,46.316184269658
2014-01-24,45.045571614425
2014-01-27,44.509090715548
2014-01-28,45.610288350084
2014-01-29,45.130279124774
2014-01-30,46.005590065045
2014-01-31,45.139691070368
2014-02-03,44.123200946181
2014-02-04,44.819684920161
2014-02-05,44.83850881135
2014-02-06,44.913804376104
2014-02-07,46.127945357772
2014-02-10,46.005590065045
2014-02-11,46.118533412177
2014-02-12,46.156181194555
2014-02-13,46.673838202242
2014-02-14,46.099709520989
2014-02-18,47.219731046713
2014-02-19,46.353832052035
2014-02-20,46.325596215252
2014-02-21,46.099709520989
2014-02-24,46.542070963922
2014-02-25,46.127945357772
2014-02-26,45.854998935536
2014-02-27,46.410303725601
2014-02-28,46.84325322294
2014-03-03,46.542070963922
2014-03-04,47.295026611468
2014-03-05,47.897391129504
2014-03-06,48.245633116494
2014-03-07,48.353870490829
2014-03-10,48.136867754967
2014-03-11,47.674557578567
2014-03-12,47.108463485016
2014-03-13,45.985710199473
2014-03-14,45.844186676085
2014-03-17,46.155538427538
2014-03-18,46.94807015851
2014-03-19,46.919765453832
2014-03-20,47.53303405518
2014-03-21,47.193377599049
2014-03-24,46.900895650714
2014-03-25,47.372640728673
2014-03-26,46.891460749155
2014-03-27,46.617848603939
2014-03-28,47.06128897722
2014-03-31,47.18394269749
2014-04-01,47.146203091253
2014-04-02,47.702862283245
2014-04-03,47.957604625343
2014-04-04,47.693427381686
2014-04-07,46.825416438241
2014-04-08,47.212247402167
2014-04-09,48.212346967441
2014-04-10,47.231117205286
2014-04-11,46.608413702379
2014-04-14,46.768807028886
2014-04-15,47.023549370984
2014-04-16,47.542468956739
2014-04-17,47.948169723784
2014-04-21,47.938734822225
2014-04-22,48.117997951849
2014-04-23,48.721831651637
2014-04-24,49.523798284168
2014-04-25,48.693526946959
2014-04-28,49.165272024919
2014-04-29,49.825715134062
2014-04-30,50.127631983956
2014-05-01,49.948368854331
2014-05-02,49.391709662339
2014-05-05,49.740801020029
2014-05-06,47.683992480127
2014-05-07,48.740701454755
2014-05-08,49.410579465458
2014-05-09,49.325665351425
2014-05-12,50.363504522935
2014-05-13,50.910728813368
2014-05-14,50.372939424495
2014-05-15,49.872889641858
2014-05-16,49.533233185727
2014-05-19,49.73136611847
2014-05-20,49.523798284168
2014-05-21,50.486158243205
2014-05-22,50.514462947882
2014-05-23,50.571072357238
2014-05-27,50.712595880625
2014-05-28,50.457853538527
2014-05-29,51.11829664767
2014-05-30,51.014512730519
2014-06-02,51.193775860144
2014-06-03,51.505127611597
2014-06-04,51.769304855254
2014-06-05,51.844784067728
2014-06-06,52.28350699023
2014-06-09,52.075469885186
2014-06-10,52.018732492902
2014-06-11,51.801239155811
2014-06-12,51.460814802104
2014-06-13,51.725589299432
2014-06-16,51.99036379676
2014-06-17,52.217313365898
2014-06-18,52.567193951653
2014-06-19,52.671212504174
2014-06-20,52.557737719605
2014-06-23,52.690124968269
2014-06-24,52.255138294088
2014-06-25,51.905257708333
2014-06-26,51.905257708333
2014-06-27,51.640483211005
2014-06-30,51.612114514862
2014-07-01,52.368613078657
2014-07-02,52.24568206204
2014-07-03,52.61447511189
2014-07-07,52.302419454325
2014-07-08,51.943082636522
2014-07-09,52.075469885186
2014-07-10,51.517552194388
2014-07-11,51.555377122578
2014-07-14,52.103838581329
2014-07-15,52.056557421092
2014-07-16,52.047101189044
2014-07-17,51.725589299432
2014-07-18,52.198400901803
2014-07-21,52.113294813376
2014-07-22,51.725589299432
2014-07-23,52.028188724949
2014-07-24,52.170032205661
2014-07-25,51.21495276887
2014-07-28,51.016371895874
2014-07-29,50.448997973029
2014-07-30,50.165311011606
2014-07-31,49.153494182531
2014-08-01,49.219687806863
2014-08-04,49.796517961756
2014-08-05,49.361531287575
2014-08-06,49.645218248997
2014-08-07,49.229144038911
2014-08-08,49.59793708876
2014-08-11,50.023467530894
2014-08-12,50.448997973029
2014-08-13,50.619210149882
2014-08-14,51.120390448396
2014-08-15,51.054196824064
2014-08-18,51.517552194388
2014-08-19,51.649939443052
2014-08-20,51.886345244238
2014-08-21,52.557737719605
2014-08-22,52.321331918419
2014-08-25,52.850880913075
2014-08-26,53.030549321977
2014-08-27,53.106199178356
2014-08-28,52.699581200317
2014-08-29,53.011636857882
2014-09-02,52.765774824649
2014-09-03,52.557737719605
2014-09-04,52.226769597945
2014-09-05,52.047101189044
2014-09-08,52.311875686372
2014-09-09,52.203129017827
2014-09-10,52.459026709091
2014-09-11,52.534848247243
2014-09-12,52.307383632786
2014-09-15,52.506415170436
2014-09-16,52.714924400354
2014-09-17,52.932911322542
2014-09-18,53.387840551456
2014-09-19,52.354772094131
2014-09-22,52.060963633791
2014-09-23,51.662900558492
2014-09-24,52.117829787405
2014-09-25,51.331181329076
2014-09-26,51.672378250761
2014-09-29,51.340659021345
2014-09-30,51.198493637309
2014-10-01,50.193858256792
2014-10-02,49.862139027376
2014-10-03,50.563488255284
2014-10-06,50.01378210368
2014-10-07,48.345708264331
2014-10-08,49.293477491234
2014-10-09,47.786524420458
2014-10-10,47.350550576082
2014-10-13,47.208385192047
2014-10-14,47.454805191042
2014-10-15,47.094652884819
2014-10-16,46.819799809017
2014-10-17,48.108765957605
2014-10-20,48.345708264331
2014-10-21,49.426165183
2014-10-22,48.971235954087
2014-10-23,48.923847492742
2014-10-24,49.435642875269
2014-10-27,49.03757979997
2014-10-28,50.080125949564
2014-10-29,49.62519672065
2014-10-30,50.165425179985
2014-10-31,50.771997485203
2014-11-03,50.989984407391
2014-11-04,50.610876716629
2014-11-05,50.971029022853
2014-11-06,51.09423902235
2014-11-07,51.207971329578
2014-11-10,51.520735174456
2014-11-11,51.520735174456
2014-11-12,51.511257482187
2014-11-13,51.653422866223
2014-11-14,51.084761330081
2014-11-17,51.198493637309
2014-11-18,51.075283637812
2014-11-19,51.198493637309
2014-11-20,51.606034404878
2014-11-21,51.738722096644
2014-11-24,52.222084402365
2014-11-25,51.824021327065
2014-11-26,51.757677481182
2014-11-28,51.937753634294
2014-12-01,51.58707902034
2014-12-02,52.226823248499
2014-12-03,52.150829325984
2014-12-04,52.407308814473
2014-12-05,52.559296659503
2014-12-08,52.901269310821
2014-12-09,52.806276907677
2014-12-10,52.093833884098
2014-12-11,52.416808054787
2014-12-12,51.343393899261
2014-12-15,50.801937201341
2014-12-16,50.231982782478
2014-12-17,51.314896178318
2014-12-18,52.255320969442
2014-12-19,52.98676247365
2014-12-22,53.319235884654
2014-12-23,53.6137123344
2014-12-24,53.46172448937
2014-12-26,53.594713853771
2014-12-29,53.661208535972
2014-12-30,53.6802070166
2014-12-31,53.205245000881
2015-01-02,53.300237404025
2015-01-05,52.245821729128
2015-01-06,51.504880984606
2015-01-07,51.75186123278
2015-01-08,51.523879465235
2015-01-09,50.649949356311
2015-01-12,49.73802228613
2015-01-13,49.272559510725
2015-01-14,48.80709673532
2015-01-15,47.87617118451
2015-01-16,48.550617246831
2015-01-20,48.11365219237
2015-01-21,48.284638518029
2015-01-22,49.662028363615
2015-01-23,48.930586859407
2015-01-26,48.645609649975
2015-01-27,47.942665866711
2015-01-28,46.745761587098
2015-01-29,46.79325778867
2015-01-30,46.422787416409
2015-02-02,47.933166626396
2015-02-03,48.759600533748
2015-02-04,48.930586859407
2015-02-05,49.035078502865
2015-02-06,49.491042037956
2015-02-09,49.529038999213
2015-02-10,49.785518487702
2015-02-11,49.633530642672
2015-02-12,49.823515448959
2015-02-13,51.257900736432
2015-02-17,52.236322488814
2015-02-18,51.970343760011
2015-02-19,52.226823248499
2015-02-20,52.454805016045
2015-02-23,51.837354395609
2015-02-24,52.283818690386
2015-02-25,52.05583692284
2015-02-26,52.179327046927
2015-02-27,52.559296659503
2015-03-02,52.863272349563
2015-03-03,52.796777667362
2015-03-04,52.606792861075
2015-03-05,52.825275388306
2015-03-06,53.195745760567
2015-03-09,53.300237404025
2015-03-10,51.813606294823
2015-03-11,52.099238082557
2015-03-12,52.937091326574
2015-03-13,52.651459538841
2015-03-16,53.251286293081
2015-03-17,53.127512518397
2015-03-18,53.717818213046
2015-03-19,52.98469662453
2015-03-20,53.260807352672
2015-03-23,53.15607569717
2015-03-24,52.718106955979
2015-03-25,51.908816890735
2015-03-26,51.575579805046
2015-03-27,51.44228497077
2015-03-30,52.061153844192
2015-03-31,52.165885499694
2015-04-01,52.184927618877
2015-04-02,52.499122585383
2015-04-06,52.765712253934
2015-04-07,52.346785631926
2015-04-08,52.794275432708
2015-04-09,53.594044438361
2015-04-10,53.879676226094
2015-04-13,54.708008410521
2015-04-14,54.746092648885
2015-04-15,55.479214237401
2015-04-16,55.374482581899
2015-04-17,54.679445231748
2015-04-20,54.755613708477
2015-04-21,53.92728152405
2015-04-22,53.870155166503
2015-04-23,54.032013179552
2015-04-24,54.260518609739
2015-04-27,54.27003966933
2015-04-28,54.079618477508
2015-04-29,53.936802583641
2015-04-30,53.594044438361
2015-05-01,54.974598079072
2015-05-04,55.412566820263
2015-05-05,55.222145628441
2015-05-06,55.364961522308
2015-05-07,56.145688408779
2015-05-08,56.812162580156
2015-05-11,56.364672779374
2015-05-12,55.945746157365
2015-05-13,55.926704038183
2015-05-14,56.145688408779
2015-05-15,55.564903773721
2015-05-18,56.06951993205
2015-05-19,56.564615030788
2015-05-20,57.088273308299
2015-05-21,57.335820857667
2015-05-22,57.01210483157
2015-05-26,56.393235958148
2015-05-27,56.545572911605
2015-05-28,56.602699269152
2015-05-29,55.802930263499
2015-06-01,55.869577680636
2015-06-02,56.821683639748
2015-06-03,58.183195161276
2015-06-04,57.707142181721
2015-06-05,57.602410526219
2015-06-08,56.802641520565
2015-06-09,57.235849731961
2015-06-10,58.84826156805
2015-06-11,59.144029419641
2015-06-12,59.048620435257
2015-06-15,59.697401529068
2015-06-16,59.134488521202
2015-06-17,59.019997739942
2015-06-18,59.430256372793
2015-06-19,58.991375044626
2015-06-22,59.706942427506
2015-06-23,60.412968911948
2015-06-24,60.031332974412
2015-06-25,59.56382895093
2015-06-26,59.850055904082
2015-06-29,58.762393482105
2015-06-30,58.981834146188
2015-07-01,59.487501763423
2015-07-02,59.229897505586
2015-07-06,59.010456841503
2015-07-07,59.353929185286
2015-07-08,58.352134849254
2015-07-09,58.924588755558
2015-07-10,59.74510602126
2015-07-13,60.470214302578
2015-07-14,60.651491372908
2015-07-15,61.090372701074
2015-07-16,61.214404380774
2015-07-17,61.109454497951
2015-07-20,61.099913599513
2015-07-21,61.061750005759
2015-07-22,61.576958521433
2015-07-23,61.195322583897
2015-07-24,60.718277661977
2015-07-27,60.336641724441
2015-07-28,60.737359458854
2015-07-29,61.576958521433
2015-07-30,61.567417622994
2015-07-31,61.17624078702
2015-08-03,61.204863482335
2015-08-04,59.477960864985
2015-08-05,60.069496568166
2015-08-06,60.126741958796
2015-08-07,60.479755201017
2015-08-10,61.052209107321
2015-08-11,60.40342801351
2015-08-12,60.355723521318
2015-08-13,60.336641724441
2015-08-14,61.300272466719
2015-08-17,61.347976958911
2015-08-18,60.785063951046
2015-08-19,60.031332974412
2015-08-20,58.876884263366
2015-08-21,56.987786372562
2015-08-24,54.325875708249
2015-08-25,54.039648755097
2015-08-26,56.443955161574
2015-08-27,58.304430357062
2015-08-28,58.199480474239
2015-08-31,57.569781177305
2015-09-01,56.033696528722
2015-09-02,56.386709770943
2015-09-03,56.720641216287
2015-09-04,55.413538130226
2015-09-08,56.520282349081
2015-09-09,55.842878559954
2015-09-10,55.814255864639
2015-09-11,55.919710487537
2015-09-14,55.603346618844
2015-09-15,56.226487572331
2015-09-16,56.466157169826
2015-09-17,56.015578326535
2015-09-18,55.392437373048
2015-09-21,55.632106970543
2015-09-22,54.913098178058
2015-09-23,54.740536067862
2015-09-24,54.548800389866
2015-09-25,55.162354559453
2015-09-28,53.36003918629
2015-09-29,53.417559889689
2015-09-30,54.472106118667
2015-10-01,54.567973957665
2015-10-02,54.82681712296
2015-10-05,55.871776568038
2015-10-06,55.29656953405
2015-10-07,55.430784508647
2015-10-08,55.833429432439
2015-10-09,55.78549551294
2015-10-12,56.25524792403
2015-10-13,56.26483470793
2015-10-14,55.632106970543
2015-10-15,56.74417390292
2015-10-16,57.520703398804
2015-10-19,57.520703398804
2015-10-20,57.779546564098
2015-10-21,57.741199428499
2015-10-22,58.239712191289
2015-10-23,58.747811737978
2015-10-26,58.632770331181
2015-10-27,58.402687517585
2015-10-28,61.249962335826
2015-10-29,60.866490979834
2015-10-30,60.454259272143
2015-11-02,61.106160577329
2015-11-03,58.441034653185
2015-11-04,58.287646110788
2015-11-05,59.438060178764
2015-11-06,59.370952691465
2015-11-09,58.68070425068
2015-11-10,58.814919225277
2015-11-11,58.16301792009
2015-11-12,56.926322797016
2015-11-13,56.859215309718
2015-11-16,58.153431136191
2015-11-17,58.479381788784
2015-11-18,59.399713043165
2015-11-19,59.418886610964
2015-11-20,59.63938264066
2015-11-23,60.166655755149
2015-11-24,60.511779975542
2015-11-25,60.540540327241
2015-11-27,61.04863987393
2015-11-30,60.952772034932
2015-12-01,61.470458365522
2015-12-02,60.876077763734
2015-12-03,60.051614348351
2015-12-04,61.621276493762
2015-12-07,60.475326829321
2015-12-08,60.427177683756
2015-12-09,59.878277424318
2015-12-10,58.722697930764
2015-12-11,57.258963905596
2015-12-14,56.257461677849
2015-12-15,57.721195703017
2015-12-16,58.674548785199
2015-12-17,57.904162456163
2015-12-18,57.393781513177
2015-12-21,57.750085190356
2015-12-22,58.48195220294
2015-12-23,59.136780582621
2015-12-24,59.416045626896
2015-12-28,59.319747335767
2015-12-29,60.224951272384
2015-12-30,60.196061785045
2015-12-31,59.676051012946
2016-01-04,58.193057329552
2016-01-05,58.395283740924
2016-01-06,57.538228949871
2016-01-07,56.16116338672
2016-01-08,55.323368253893
2016-01-11,55.554484152604
2016-01-12,55.814489538653
2016-01-13,54.572241583083
2016-01-14,55.178920817199
2016-01-15,54.013711494532
2016-01-19,54.081120298323
2016-01-20,53.012209266785
2016-01-21,53.262584823722
2016-01-22,54.264087051469
2016-01-25,53.310733969287
2016-01-26,53.840374570499
2016-01-27,52.521087982025
2016-01-28,52.684795076945
2016-01-29,54.389274829937
2016-02-01,54.206308076791
2016-02-02,53.281844481948
2016-02-03,52.299601912427
2016-02-04,52.020336868152
2016-02-05,51.39439797581
2016-02-08,50.364006260724
2016-02-09,50.31585711516
2016-02-10,50.508453697418
2016-02-11,48.649896678619
2016-02-12,51.038094298631
2016-02-16,50.132890362013
2016-02-17,50.720309937903
2016-02-18,49.998072754432
2016-02-19,49.622509419027
2016-02-22,50.171409678465
2016-02-23,49.169907450719
2016-02-24,49.035089843137
2016-02-25,49.46843215322
2016-02-26,49.198796938057
2016-02-29,48.341742147005
2016-03-01,49.95955343798
2016-03-02,49.911404292416
2016-03-03,50.335116773385
2016-03-04,50.364006260724
2016-03-07,50.71068010879
2016-03-08,50.007702583545
2016-03-09,49.680288393705
2016-03-10,49.940293779754
2016-03-11,51.24839227806
2016-03-14,51.229013041048
2016-03-15,51.374357318638
2016-03-16,51.267771515072
2016-03-17,51.529391214733
2016-03-18,52.042940995549
2016-03-21,51.907286336466
2016-03-22,52.052630614055
2016-03-23,51.781321295888
2016-03-24,51.335598844614
2016-03-28,51.75225244037
2016-03-29,51.732873203358
2016-03-30,52.827800094533
2016-03-31,52.372388024752
2016-04-01,53.186315979253
2016-04-04,52.711524672461
2016-04-05,52.013872140031
2016-04-06,52.430525735788
2016-04-07,51.461563885191
2016-04-08,51.510011977721
2016-04-11,51.75225244037
2016-04-12,52.120457943597
2016-04-13,53.428556441903
2016-04-14,53.544831863974
2016-04-15,53.244453690289
2016-04-18,53.564211100986
2016-04-19,53.990554315249
2016-04-20,54.378139055487
2016-04-21,53.796761945129
2016-04-22,54.445966385029
2016-04-25,54.213415540886
2016-04-26,54.794792651244
2016-04-27,54.872309599292
2016-04-28,54.097140118814
2016-04-29,54.087450500308
2016-05-02,54.833551125268
2016-05-03,54.20372592238
2016-05-04,53.14755750523
2016-05-05,53.108799031206
2016-05-06,53.331660256843
2016-05-09,53.535142245468
2016-05-10,54.601000281125
2016-05-11,54.223105159392
2016-05-12,54.542862570089
2016-05-13,53.932416604213
2016-05-16,53.564211100986
2016-05-17,53.680486523058
2016-05-18,54.949826547339
2016-05-19,54.610689899631
2016-05-20,55.201756628495
2016-05-23,55.133929298953
2016-05-24,55.90909877943
2016-05-25,56.248235427139
2016-05-26,55.95754687196
2016-05-27,56.5098551268
2016-05-31,56.083511912538
2016-06-01,55.947857253454
2016-06-02,56.044753438514
2016-06-03,55.482755565168
2016-06-06,55.511824420686
2016-06-07,55.288963195048
2016-06-08,55.153308535965
2016-06-09,54.668827610666
2016-06-10,53.587144925322
2016-06-13,53.012196470949
2016-06-14,52.612656019606
2016-06-15,52.203370679205
2016-06-16,52.261840013548
2016-06-17,52.057197343348
2016-06-20,52.35928890412
2016-06-21,52.417758238463
2016-06-22,52.310564458834
2016-06-23,53.314288031721
2016-06-24,49.426077297914
2016-06-27,47.545313709883
2016-06-28,48.54903728277
2016-06-29,50.147199088144
2016-06-30,51.540718223318
2016-07-01,51.521228445204
2016-07-05,49.903576861715
2016-07-06,49.952301307001
2016-07-07,50.498015094202
2016-07-08,51.657656892004
2016-07-11,51.930513785605
2016-07-12,52.485972461863
2016-07-13,52.437248016577
2016-07-14,53.012196470949
2016-07-15,53.051176027178
2016-07-18,53.168114695864
2016-07-19,53.070665805292
2016-07-20,53.177859584921
2016-07-21,52.905002691321
2016-07-22,53.226584030207
2016-07-25,53.265563586435
2016-07-26,53.294798253607
2016-07-27,53.226584030207
2016-07-28,53.392247144179
2016-07-29,53.051176027178
2016-08-01,52.827043578863
2016-08-02,52.758829355463
2016-08-03,56.617805422098
2016-08-04,56.140305858298
2016-08-05,57.592294327814
2016-08-08,57.874896110472
2016-08-09,57.757957441786
2016-08-10,57.494845437243
2016-08-11,57.670253440272
2016-08-12,57.348672101385
2016-08-15,57.7092329965
2016-08-16,57.796936998015
2016-08-17,57.524080104414
2016-08-18,57.475355659128
2016-08-19,57.358416990443
2016-08-22,57.485100548186
2016-08-23,57.514335215357
2016-08-24,57.407141435728
2016-08-25,57.4363761029
2016-08-26,57.514335215357
2016-08-29,57.913875666701
2016-08-30,58.118518336901
2016-08-31,58.303671228987
2016-09-01,57.894385888586
2016-09-02,58.332905896159
2016-09-06,57.933365444815
2016-09-07,57.855406332358
2016-09-08,57.533824993471
2016-09-09,57.173264098357
2016-09-12,57.485100548186
2016-09-13,57.056325429671
2016-09-14,56.909348805689
2016-09-15,57.409069327227
2016-09-16,56.732976856911
2016-09-19,56.674186207318
2016-09-20,56.674186207318
2016-09-21,56.919147247288
2016-09-22,57.801006991178
2016-09-23,57.546247509609
2016-09-26,57.075922312868
2016-09-27,57.330681794436
2016-09-28,58.300727512715
2016-09-29,57.22289893685
2016-09-30,58.143952447135
2016-10-03,57.732417899986
2016-10-04,57.889192965567
2016-10-05,58.692665176666
2016-10-06,58.74165738466
2016-10-07,58.849440242247
2016-10-10,59.221781023
2016-10-11,58.653471410271
2016-10-12,59.221781023
2016-10-13,58.388913487104
2016-10-14,58.653471410271
2016-10-17,59.074804399018
2016-10-18,59.270773230994
2016-10-19,59.486338946167
2016-10-20,58.859238683845
2016-10-21,58.790649592654
2016-10-24,59.104199723815
2016-10-25,59.329563880587
2016-10-26,59.878276610118
2016-10-27,60.18202829968
2016-10-28,60.044850117297
2016-10-31,60.456384664446
2016-11-01,59.456943621371
2016-11-02,59.329563880587
2016-11-03,56.97793789688
2016-11-04,56.223457893775
2016-11-07,58.085161797542
2016-11-08,58.300727512715
2016-11-09,59.70190466134
2016-11-10,61.935949345861
2016-11-11,62.043732203447
2016-11-14,63.150956104109
2016-11-15,63.297932728091
2016-11-16,62.808010648152
2016-11-17,62.935390388936
2016-11-18,62.621840257775
2016-11-21,62.631638699374
2016-11-22,62.710026232164
2016-11-23,63.033374804924
2016-11-25,63.14115766251
2016-11-28,62.033933761849
2016-11-29,62.004538437052
2016-11-30,62.053530645046
2016-12-01,62.817809089751
2016-12-02,62.465065192195
2016-12-05,62.925591947337
2016-12-06,63.2195451953
2016-12-07,63.928549440481
2016-12-08,64.814804746958
2016-12-09,64.824652028141
2016-12-12,64.617859123296
2016-12-13,65.297321524928
2016-12-14,65.001903089436
2016-12-15,65.179154150731
2016-12-16,65.287474243745
2016-12-19,65.523808992139
2016-12-20,65.582892679237
2016-12-21,65.641976366335
2016-12-22,65.218543275463
2016-12-23,65.395794336759
2016-12-27,65.681365491068
2016-12-28,64.873888434056
2016-12-29,64.499691749099
2016-12-30,64.312593406621
2017-01-03,64.125495064143
2017-01-04,64.962513964704
2017-01-05,64.59816456093
2017-01-06,65.789685584081
2017-01-09,65.366252493209
2017-01-10,66.173729550221
2017-01-11,65.927547520644
2017-01-12,65.23823783783
2017-01-13,65.33671064966
2017-01-17,65.051139495351
2017-01-18,65.228390556646
2017-01-19,65.277626962562
2017-01-20,65.523808992139
2017-01-23,64.489844467916
2017-01-24,64.499691749099
2017-01-25,64.716331935127
2017-01-26,65.011750370619
2017-01-27,64.21412059479
2017-01-30,63.899007596932
2017-01-31,63.278628882399
2017-02-01,63.288476163582
2017-02-02,63.140766945836
2017-02-03,63.948244002848
2017-02-06,63.908854878115
2017-02-07,63.889160315749
2017-02-08,63.918702159298
2017-02-09,64.322440687804
2017-02-10,64.608011842113
2017-02-13,65.129917744816
2017-02-14,65.868463833546
2017-02-15,59.920705998972
2017-02-16,61.319019926968
2017-02-17,61.545507394179
2017-02-21,62.441609981838
2017-02-22,62.855195791527
2017-02-23,63.042294134005
2017-02-24,62.658250167866
2017-02-27,63.022599571639
2017-02-28,62.943821322175
2017-03-01,63.642978286172
2017-03-02,62.924126759808
2017-03-03,63.239239757667
2017-03-06,62.805959385612
2017-03-07,62.48099910657
2017-03-08,62.471151825387
2017-03-09,62.244664358177
2017-03-10,62.116649702797
2017-03-13,62.530235512486
2017-03-14,62.233320813946
2017-03-15,62.579721295576
2017-03-16,62.2630122838
2017-03-17,61.778051609518
2017-03-20,61.728565826428
2017-03-21,61.124839272731
2017-03-22,60.610187128595
2017-03-23,60.709158694775
2017-03-24,60.253889490347
2017-03-27,60.303375273437
2017-03-28,61.22381083891
2017-03-29,61.134736429349
2017-03-30,61.926508958788
2017-03-31,61.787948766136
2017-04-03,61.154530742584
2017-04-04,61.540519850686
2017-04-05,60.986279080079
2017-04-06,61.204016525674
2017-04-07,60.709158694775
2017-04-10,60.847718887427
2017-04-11,60.164815080785
2017-04-12,59.551191370469
2017-04-13,58.937567660154
2017-04-17,59.313659611638
2017-04-18,58.888081877064
2017-04-19,58.373429732928
2017-04-20,59.05633353957
2017-04-21,58.521887082198
2017-04-24,59.076127852806
2017-04-25,59.45221980429
2017-04-26,59.541294213851
2017-04-27,60.521112719033
2017-04-28,60.283580960201
2017-05-01,60.976381923461
2017-05-02,60.897204670517
2017-05-03,60.907101827135
2017-05-04,62.025480524968
2017-05-05,62.06506915144
2017-05-08,61.283193778618
2017-05-09,61.184222212438
2017-05-10,60.738850164629
2017-05-11,61.154530742584
2017-05-12,60.362758213145
2017-05-15,61.184222212438
2017-05-16,61.441548284506
2017-05-17,60.926896140371
2017-05-18,60.758644477865
2017-05-19,60.570598502123
2017-05-22,60.748747321247
2017-05-23,61.530622694068
2017-05-24,61.956200428642
2017-05-25,62.470852572778
2017-05-26,62.896430307351
2017-05-30,63.440773921341
2017-05-31,62.975607560295
2017-06-01,63.242830788981
2017-06-02,63.579334113993
2017-06-05,63.173550692655
2017-06-06,62.65889854852
2017-06-07,62.51044119925
2017-06-08,63.005299030149
2017-06-09,63.519951174285
2017-06-12,63.480362547813
2017-06-13,63.888180608681
2017-06-14,63.908074172626
2017-06-15,63.470415765841
2017-06-16,63.450522201896
2017-06-19,63.609670713454
2017-06-20,63.052650923
2017-06-21,62.883555629469
2017-06-22,62.714460335939
2017-06-23,62.684619990022
2017-06-26,62.84376850158
2017-06-27,63.072544486945
2017-06-28,63.500256111758
2017-06-29,63.162065524696
2017-06-30,62.187280891402
2017-07-03,62.953183103276
2017-07-05,62.445897222684
2017-07-06,62.744300681856
2017-07-07,63.012863795111
2017-07-10,62.734353899884
2017-07-11,62.575205388325
2017-07-12,62.853715283552
2017-07-13,63.788712788957
2017-07-14,63.768819225012
2017-07-17,63.709138533178
2017-07-18,63.530096457675
2017-07-19,63.848393480792
2017-07-20,63.888180608681
2017-07-21,63.858340262764
2017-07-24,64.186584067853
2017-07-25,64.942539497755
2017-07-26,64.843071678031
2017-07-27,64.823178114086
2017-07-28,64.92264593381
2017-07-31,65.101688009313
2017-08-01,65.13152835523
2017-08-02,65.549293198071
2017-08-03,65.708441709629
2017-08-04,64.733657076335
2017-08-07,64.634189256611
2017-08-08,64.226371195743
2017-08-09,63.669351405289
2017-08-10,62.664726426077
2017-08-11,62.316589057043
2017-08-14,62.545365042408
2017-08-15,62.694566771994
2017-08-16,62.63488608016
2017-08-17,61.341804423749
2017-08-18,61.01356061866
2017-08-21,60.963826708798
2017-08-22,60.894199234991
2017-08-23,60.446594046233
2017-08-24,59.909467819724
2017-08-25,60.456540828206
2017-08-28,60.337179444537
2017-08-29,59.889574255779
2017-08-30,59.879627473807
2017-08-31,60.158137369034
2017-09-01,60.376966572426
2017-09-05,59.332554465325
2017-09-06,59.153512389822
2017-09-07,57.959898553135
2017-09-08,59.461862630966
2017-09-11,60.446594046233
2017-09-12,60.874305671046
2017-09-13,60.416753700316
2017-09-14,59.81
2017-09-15,59.62
2017-09-18,59.39
2017-09-19,59.49
2017-09-20,60.12
2017-09-21,60.5
2017-09-22,60.71
2017-09-25,61.01
2017-09-26,60.47
2017-09-27,61.25
2017-09-28,60.97
2017-09-29,61.39
2017-10-02,61.86
2017-10-03,61.63
2017-10-04,61.58
2017-10-05,61.98
2017-10-06,62.26
2017-10-09,61.78
2017-10-10,61.78
2017-10-11,61.84
2017-10-12,62.55
2017-10-13,63.16
2017-10-16,63.98
2017-10-17,63.63
2017-10-18,63.44
2017-10-19,65.07
2017-10-20,64.87
2017-10-23,64.96
2017-10-24,65.13
2017-10-25,65.12
2017-10-26,64.85
2017-10-27,64.55
2017-10-30,64.78
2017-10-31,64.61
2017-11-01,64.66
2017-11-02,64.98
2017-11-03,62.0
2017-11-06,62.49
2017-11-07,62.13
2017-11-09,62.24
2017-11-10,62.06
2017-11-13,62.0
2017-11-14,61.46
2017-11-15,61.14
2017-11-16,60.06
2017-11-17,60.06
2017-11-20,59.69
2017-11-21,59.63
2017-11-22,59.23
2017-11-24,59.03
2017-11-27,58.76
2017-11-28,59.82
2017-11-29,60.3
2017-11-30,59.96
2017-12-01,59.88
2017-12-04,59.26
2017-12-05,59.53
2017-12-06,60.03
2017-12-07,59.55
2017-12-08,59.51
2017-12-11,59.79
2017-12-12,59.93
2017-12-13,58.97
2017-12-14,58.11
2017-12-15,59.39
2017-12-18,59.58
2017-12-19,59.78
2017-12-20,60.0
2017-12-21,60.08
2017-12-22,59.31
2017-12-26,59.43
2017-12-27,59.54
2017-12-28,60.0
2017-12-29,59.58
2018-01-02,59.5
2018-01-03,60.16
2018-01-04,60.4
2018-01-05,60.65
2018-01-08,60.25
2018-01-09,60.63
2018-01-10,61.0
2018-01-11,61.15
2018-01-12,60.97
2018-01-16,61.06
2018-01-17,61.42
2018-01-18,61.53
2018-01-19,61.55
2018-01-22,61.0
2018-01-23,62.34
2018-01-24,64.32
2018-01-25,64.8
2018-01-26,64.68
2018-01-29,64.26
2018-01-30,63.35
2018-01-31,63.92
2018-02-01,64.17
2018-02-02,63.04
2018-02-05,60.63
2018-02-06,60.26
2018-02-07,60.47
2018-02-08,58.28
2018-02-09,60.22
2018-02-12,59.61
2018-02-13,59.43
2018-02-14,59.41
2018-02-15,59.23
2018-02-16,59.47
2018-02-20,60.04
2018-02-21,60.18
2018-02-22,59.96
2018-02-23,60.07
2018-02-26,59.01
2018-02-27,58.23
2018-02-28,57.34
2018-03-01,56.47
2018-03-02,56.51
2018-03-05,57.62
2018-03-06,58.03
2018-03-07,57.31
2018-03-08,56.27
2018-03-09,56.57
2018-03-12,56.61
2018-03-13,55.94
2018-03-14,54.93
2018-03-15,54.66
2018-03-16,54.3
2018-03-19,54.45
2018-03-20,55.63
2018-03-21,55.84
2018-03-22,54.81
2018-03-23,53.41
2018-03-26,54.21
2018-03-27,53.78
