Date,ALB
2010-01-04,33.831447100339
2010-01-05,33.76927326739
2010-01-06,33.831447100339
2010-01-07,33.591633744679
2010-01-08,34.097906384406
2010-01-11,33.946912790101
2010-01-12,33.476168054917
2010-01-13,33.813683148068
2010-01-14,33.680453506035
2010-01-15,33.653807577628
2010-01-19,34.080142432135
2010-01-20,33.715981410577
2010-01-21,32.96989541519
2010-01-22,32.055051873228
2010-01-25,32.419212894785
2010-01-26,33.191944818579
2010-01-27,32.738964035666
2010-01-28,32.365921037972
2010-01-29,31.726418756212
2010-02-01,32.197163491397
2010-02-02,32.774491940208
2010-02-03,32.534678584548
2010-02-04,31.433313543739
2010-02-05,31.229028092621
2010-02-08,30.962568808554
2010-02-09,31.37113971079
2010-02-10,31.424431567603
2010-02-11,31.859648398245
2010-02-12,32.508032656141
2010-02-16,33.493932007188
2010-02-17,33.547223864001
2010-02-18,33.636043625357
2010-02-19,33.866975004881
2010-02-22,33.875856981017
2010-02-23,32.836665773157
2010-02-24,32.756727987937
2010-02-25,32.783373916343
2010-02-26,33.298528532206
2010-03-01,35.030513878639
2010-03-02,35.821009754704
2010-03-03,35.838773706975
2010-03-04,35.785481850162
2010-03-05,36.567095750091
2010-03-08,36.638151559175
2010-03-09,36.416102155786
2010-03-10,36.70920736826
2010-03-11,36.895728867107
2010-03-12,37.376977504504
2010-03-15,37.608689811398
2010-03-16,37.965170283544
2010-03-17,38.170146555028
2010-03-18,38.187970578636
2010-03-19,37.644337858613
2010-03-22,38.366210814709
2010-03-23,38.499890991763
2010-03-24,37.884962177312
2010-03-25,37.278945374663
2010-03-26,36.958112949732
2010-03-29,37.56412975238
2010-03-30,37.902786200919
2010-03-31,37.991906318955
2010-04-01,38.205794602243
2010-04-05,38.464242944549
2010-04-06,38.874195487517
2010-04-07,38.865283475713
2010-04-08,38.927667558339
2010-04-09,39.489124301968
2010-04-12,38.776163357676
2010-04-13,38.446418920941
2010-04-14,39.676276549845
2010-04-15,39.667364538041
2010-04-16,39.123731818019
2010-04-19,38.972227617357
2010-04-20,39.391092172128
2010-04-21,39.05243572359
2010-04-22,39.141555841626
2010-04-23,39.801044715096
2010-04-26,39.916900868544
2010-04-27,39.435652231146
2010-04-28,40.317941399708
2010-04-29,41.431942875164
2010-04-30,40.692245895461
2010-05-03,40.995254296785
2010-05-04,39.596068443612
2010-05-05,38.437506909138
2010-05-06,36.352096147084
2010-05-07,34.961822305715
2010-05-10,38.009730342563
2010-05-11,37.66216188222
2010-05-12,38.740515310462
2010-05-13,38.428594897334
2010-05-14,37.421537563522
2010-05-17,37.17200123302
2010-05-18,37.403713539915
2010-05-19,37.047233067769
2010-05-20,35.576751120167
2010-05-21,36.378832182495
2010-05-24,36.120383840189
2010-05-25,36.031263722153
2010-05-26,36.940288926125
2010-05-27,38.562275074389
2010-05-28,38.375122826512
2010-06-01,37.020497032358
2010-06-02,38.187970578636
2010-06-03,38.32165075569
2010-06-04,36.583808453979
2010-06-07,35.532191061148
2010-06-08,35.050942423751
2010-06-09,35.541103072952
2010-06-10,37.278945374663
2010-06-11,37.706721941239
2010-06-14,37.59048115745
2010-06-15,38.6455898103
2010-06-16,38.323692255193
2010-06-17,38.037561095098
2010-06-18,38.207451471404
2010-06-21,38.422049841476
2010-06-22,37.250700404838
2010-06-23,37.027160436014
2010-06-24,36.231358147
2010-06-25,36.276066140765
2010-06-28,36.803620467189
2010-06-29,35.766395011846
2010-06-30,35.50708864801
2010-07-01,35.390847864222
2010-07-02,35.051067111609
2010-07-06,34.961651124079
2010-07-07,36.544314103354
2010-07-08,37.071868429778
2010-07-09,37.134459621049
2010-07-12,36.428073319565
2010-07-13,37.778254731262
2010-07-14,37.366941188626
2010-07-15,37.50106516992
2010-07-16,36.043584573188
2010-07-19,36.454898115824
2010-07-20,37.241758806085
2010-07-21,36.928802849731
2010-07-22,38.681356205311
2010-07-23,39.539749685596
2010-07-26,40.460734357151
2010-07-27,39.790114450679
2010-07-28,38.717122600323
2010-07-29,38.806538587853
2010-07-30,39.003253760418
2010-08-02,39.924238431973
2010-08-03,39.602340876866
2010-08-04,40.585916739692
2010-08-05,40.478617554657
2010-08-06,40.603799937198
2010-08-09,41.015113479834
2010-08-10,40.228252789574
2010-08-11,38.699239402817
2010-08-12,37.697780342486
2010-08-13,37.313291596108
2010-08-16,37.384824386132
2010-08-17,38.323692255193
2010-08-18,38.386283446464
2010-08-19,37.43847397865
2010-08-20,36.86621165846
2010-08-23,36.490664510836
2010-08-24,35.793219808105
2010-08-25,35.694862221822
2010-08-26,35.489205450504
2010-08-27,36.338657332035
2010-08-30,35.668037425563
2010-08-31,35.846869400623
2010-09-01,37.50106516992
2010-09-02,37.903437113804
2010-09-03,38.735005797829
2010-09-07,37.867670718792
2010-09-08,37.966028305074
2010-09-09,37.250700404838
2010-09-10,36.696321282154
2010-09-13,37.796137928768
2010-09-14,37.9665928589
2010-09-15,38.800924885336
2010-09-16,38.711211764214
2010-09-17,38.917551942795
2010-09-20,39.635256911773
2010-09-21,39.437888045304
2010-09-22,39.141834745601
2010-09-23,38.836810133785
2010-09-24,39.967195459925
2010-09-27,40.227363511179
2010-09-28,40.666957804678
2010-09-29,41.384662773655
2010-09-30,41.994711997286
2010-10-01,42.398421042335
2010-10-04,41.896027564051
2010-10-05,43.18789650821
2010-10-06,42.990527641742
2010-10-07,42.838015335834
2010-10-08,42.891843208507
2010-10-11,43.098183387088
2010-10-12,43.080240762864
2010-10-13,43.797945731841
2010-10-14,43.528806368475
2010-10-15,43.501892432138
2010-10-18,43.403207998904
2010-10-19,42.479162851345
2010-10-20,43.385265374679
2010-10-21,43.67234736227
2010-10-22,43.977371974085
2010-10-25,44.919359745868
2010-10-26,45.00907286699
2010-10-27,44.713019567287
2010-10-28,44.381081019135
2010-10-29,44.973187618541
2010-11-01,45.027015491215
2010-11-02,45.529408969499
2010-11-03,45.744720460192
2010-11-04,47.350585328279
2010-11-05,47.63766731587
2010-11-08,47.440298449401
2010-11-09,47.099388589137
2010-11-10,47.547954194748
2010-11-11,47.512068946299
2010-11-12,46.614937735077
2010-11-15,46.776421353097
2010-11-16,45.915175390324
2010-11-17,45.969003262997
2010-11-18,47.368527952503
2010-11-19,47.978577176134
2010-11-22,48.382286221184
2010-11-23,47.458241073625
2010-11-24,48.938507572141
2010-11-26,48.543769839204
2010-11-29,48.714224769336
2010-11-30,48.525827214979
2010-12-01,49.674155165343
2010-12-02,49.342216617191
2010-12-03,49.548556795772
2010-12-06,49.665183853231
2010-12-07,49.853581407587
2010-12-08,48.821880514682
2010-12-09,49.405015801976
2010-12-10,49.692097789567
2010-12-13,49.512671547323
2010-12-14,50.043325066177
2010-12-15,49.296812488806
2010-12-16,49.881430772289
2010-12-17,50.636937477099
2010-12-20,50.169242850312
2010-12-21,51.023684956942
2010-12-22,50.511019692964
2010-12-23,50.502025565526
2010-12-27,50.412084291144
2010-12-28,50.304154761885
2010-12-29,50.690902241728
2010-12-30,50.484037310649
2010-12-31,50.169242850312
2011-01-03,50.241195869818
2011-01-04,49.773501243031
2011-01-05,49.611606949143
2011-01-06,49.296812488806
2011-01-07,49.179888832109
2011-01-10,49.512671547323
2011-01-11,50.187231105188
2011-01-12,52.894463464088
2011-01-13,52.561680748875
2011-01-14,53.8388468451
2011-01-18,54.558377040156
2011-01-19,51.491379583728
2011-01-20,51.149602741076
2011-01-21,51.887121191009
2011-01-24,51.896115318448
2011-01-25,51.266526397773
2011-01-26,51.365461799593
2011-01-27,51.158596868515
2011-01-28,49.989360301548
2011-01-31,50.511019692964
2011-02-01,51.9320918282
2011-02-02,51.842150553818
2011-02-03,51.725226897122
2011-02-04,52.022033102582
2011-02-07,51.653273877616
2011-02-08,51.779191661751
2011-02-09,51.464397201414
2011-02-10,51.428420691661
2011-02-11,51.590314985549
2011-02-14,51.824162298942
2011-02-15,51.959074210515
2011-02-16,52.669610278133
2011-02-17,53.110322522605
2011-02-18,53.380146345751
2011-02-22,51.38345005447
2011-02-23,51.023684956942
2011-02-24,50.385101908829
2011-02-25,51.48238545629
2011-02-28,51.770197534313
2011-03-01,50.672913986852
2011-03-02,50.385101908829
2011-03-03,52.444757092178
2011-03-04,52.417774709863
2011-03-07,51.03267908438
2011-03-08,51.068655594133
2011-03-09,50.744867006357
2011-03-10,49.359771380873
2011-03-11,49.52616273848
2011-03-14,50.626744132669
2011-03-15,49.291612605293
2011-03-16,47.893332965135
2011-03-17,48.569919887792
2011-03-18,48.777406544073
2011-03-21,50.085474594543
2011-03-22,49.859945620324
2011-03-23,50.247855455981
2011-03-24,51.032696286263
2011-03-25,51.628092778201
2011-03-28,52.097193044576
2011-03-29,52.728674172389
2011-03-30,53.558620797515
2011-03-31,53.919467156265
2011-04-01,54.217165402234
2011-04-04,53.95555179214
2011-04-05,54.000657586984
2011-04-06,54.415630899547
2011-04-07,54.289334673984
2011-04-08,54.172059607391
2011-04-11,53.342112982265
2011-04-12,52.21446811117
2011-04-13,52.169362316326
2011-04-14,52.169362316326
2011-04-15,52.458039403327
2011-04-18,51.339415691201
2011-04-19,52.160341157358
2011-04-20,58.520258230332
2011-04-21,58.628512137957
2011-04-25,62.751181786679
2011-04-26,61.80396009496
2011-04-27,61.434092577241
2011-04-28,62.002425592272
2011-04-29,63.644276524586
2011-05-02,63.11202814543
2011-05-03,61.596473438678
2011-05-04,59.629860783489
2011-05-05,61.298775192709
2011-05-06,62.245996884429
2011-05-09,62.498589335554
2011-05-10,64.149461426837
2011-05-11,63.039858873679
2011-05-12,62.209912248554
2011-05-13,61.578431120741
2011-05-16,61.127373172303
2011-05-17,60.694357541802
2011-05-18,62.588800925242
2011-05-19,62.300123838241
2011-05-20,61.840044730835
2011-05-23,60.631209429021
2011-05-24,61.262690556834
2011-05-25,62.16480645371
2011-05-26,62.45348354071
2011-05-27,63.644276524586
2011-05-31,63.90589013468
2011-06-01,61.767875459085
2011-06-02,61.118352013334
2011-06-03,60.613167111084
2011-06-06,59.413352968239
2011-06-07,59.575733829676
2011-06-08,59.04348545052
2011-06-09,60.089939890896
2011-06-10,59.106633563301
2011-06-13,58.822467055785
2011-06-14,59.844444112566
2011-06-15,59.292757382799
2011-06-16,58.65063020553
2011-06-17,58.514969534276
2011-06-20,59.401285919803
2011-06-21,61.210094869858
2011-06-22,60.848333079847
2011-06-23,60.577011737338
2011-06-24,59.817311978315
2011-06-27,59.826356023066
2011-06-28,60.884509258848
2011-06-29,61.969794628881
2011-06-30,62.584789671899
2011-07-01,63.742427399935
2011-07-05,63.362577520423
2011-07-06,63.489194146927
2011-07-07,63.805735713186
2011-07-08,63.814779757937
2011-07-11,62.494349224397
2011-07-12,62.096411255385
2011-07-13,61.897442270879
2011-07-14,61.427151943864
2011-07-15,61.635164973121
2011-07-18,60.9478175721
2011-07-19,62.295380239891
2011-07-20,61.598988794119
2011-07-21,63.226916849169
2011-07-22,60.495615334586
2011-07-25,62.132587434386
2011-07-26,61.807001823376
2011-07-27,61.463328122865
2011-07-28,60.974949706351
2011-07-29,60.215249947327
2011-08-01,60.170029723576
2011-08-02,57.140274732234
2011-08-03,57.275935403488
2011-08-04,51.921860911326
2011-08-05,50.899883854545
2011-08-08,46.540654284912
2011-08-09,50.673782735788
2011-08-10,47.716380102448
2011-08-11,51.551055076565
2011-08-12,52.563988088595
2011-08-15,53.766846040382
2011-08-16,49.977391290017
2011-08-17,48.828797606732
2011-08-18,43.755088501828
2011-08-19,41.882971238521
2011-08-22,41.249888106002
2011-08-23,42.588406729043
2011-08-24,43.845528949331
2011-08-25,43.058697056057
2011-08-26,44.731845334858
2011-08-29,46.929548209174
2011-08-30,45.979923510395
2011-08-31,45.862350928642
2011-09-01,45.165959482871
2011-09-02,43.085829190308
2011-09-06,42.434657968288
2011-09-07,44.171114560341
2011-09-08,43.16722559306
2011-09-09,41.466945180008
2011-09-12,40.417835988977
2011-09-13,41.399114844381
2011-09-14,41.898336794928
2011-09-15,42.50647989832
2011-09-16,42.025411473248
2011-09-19,41.626033912811
2011-09-20,40.836355554675
2011-09-21,39.420380567671
2011-09-22,36.506739729029
2011-09-23,37.142113120633
2011-09-26,38.521781056688
2011-09-27,39.946832806429
2011-09-28,37.223803985268
2011-09-29,38.431013429316
2011-09-30,36.670121458299
2011-10-03,35.39937467509
2011-10-04,36.552123542715
2011-10-05,38.567164870374
2011-10-06,39.030079769972
2011-10-07,39.39315027946
2011-10-10,41.716801540184
2011-10-11,41.880183269453
2011-10-12,43.06016242529
2011-10-13,43.114623001713
2011-10-14,44.140297191017
2011-10-17,43.051085662552
2011-10-18,44.439830361344
2011-10-19,40.69112735088
2011-10-20,41.244809877849
2011-10-21,42.234177016204
2011-10-24,44.122143665542
2011-10-25,46.255182908785
2011-10-26,47.852693150533
2011-10-27,49.740659799871
2011-10-28,50.040192970198
2011-10-31,48.370068626553
2011-11-01,46.264259671522
2011-11-02,48.034228405277
2011-11-03,49.377589290383
2011-11-04,49.350359002171
2011-11-07,49.559124545127
2011-11-08,49.495587205966
2011-11-09,47.090245080608
2011-11-10,47.653004370314
2011-11-11,48.869290577099
2011-11-14,48.370068626553
2011-11-15,47.480545878307
2011-11-16,47.344394437249
2011-11-17,45.701500381815
2011-11-18,45.656116568129
2011-11-21,45.156894617583
2011-11-22,44.521521225979
2011-11-23,42.660784864853
2011-11-25,42.869550407808
2011-11-28,45.047973464737
2011-11-29,45.401967211488
2011-11-30,49.495587205966
2011-12-01,48.560680644034
2011-12-02,48.370068626553
2011-12-05,48.787599712464
2011-12-06,48.778522949727
2011-12-07,49.540971019652
2011-12-08,48.179456609072
2011-12-09,48.188533371809
2011-12-12,46.209799095099
2011-12-13,45.987418408037
2011-12-14,43.783228418981
2011-12-15,44.466345151127
2011-12-16,45.686847045893
2011-12-19,43.728579080409
2011-12-20,45.586656591845
2011-12-21,45.377167460654
2011-12-22,46.23334043161
2011-12-23,46.57945290923
2011-12-27,46.898240717565
2011-12-28,45.695955268989
2011-12-29,46.898240717565
2011-12-30,46.916457163755
2012-01-03,48.027660381379
2012-01-04,48.728993559715
2012-01-05,48.801859344477
2012-01-06,48.701668890429
2012-01-09,48.665235998048
2012-01-10,50.177201031863
2012-01-11,50.432231278531
2012-01-12,52.363174574729
2012-01-13,51.734707181155
2012-01-17,52.2265512283
2012-01-18,53.292213330447
2012-01-19,54.7313125795
2012-01-20,54.321442540213
2012-01-23,54.7313125795
2012-01-24,57.072125914986
2012-01-25,56.552957198555
2012-01-26,57.400021946415
2012-01-27,57.609511077607
2012-01-30,57.764350870226
2012-01-31,58.574982725706
2012-02-01,60.478601352618
2012-02-02,59.813701066663
2012-02-03,61.015986515239
2012-02-06,61.480505893098
2012-02-07,60.934012507382
2012-02-08,60.779172714762
2012-02-09,60.578791806666
2012-02-10,59.412939250471
2012-02-13,60.241787552141
2012-02-14,59.431155696661
2012-02-15,58.939311649517
2012-02-16,60.460384906427
2012-02-17,60.369302675475
2012-02-21,59.904783297616
2012-02-22,60.287328667617
2012-02-23,60.642549368333
2012-02-24,60.241787552141
2012-02-27,60.924904284286
2012-02-28,60.779172714762
2012-02-29,60.587900029761
2012-03-01,61.662670355004
2012-03-02,60.041406644045
2012-03-05,56.835312114508
2012-03-06,54.694879687119
2012-03-07,56.015572035934
2012-03-08,57.318047938558
2012-03-09,57.427346615701
2012-03-12,57.154099922843
2012-03-13,58.165112686418
2012-03-14,58.393533644188
2012-03-15,59.023975487632
2012-03-16,58.813828206484
2012-03-19,58.822965044795
2012-03-20,58.494038865606
2012-03-21,58.731596661687
2012-03-22,57.954965405271
2012-03-23,57.260565693651
2012-03-26,58.832101883105
2012-03-27,59.051386002564
2012-03-28,57.708270770879
2012-03-29,58.192523201351
2012-03-30,58.402670482499
2012-04-02,59.553912109657
2012-04-03,58.859512398038
2012-04-04,58.146839009797
2012-04-05,57.580355034529
2012-04-09,57.589491872839
2012-04-10,56.017955683385
2012-04-11,56.630123850208
2012-04-12,58.219933716283
2012-04-13,57.425028783245
2012-04-16,57.900144375406
2012-04-17,58.585407248714
2012-04-18,59.617869977832
2012-04-19,58.229070554594
2012-04-20,59.791469905737
2012-04-23,58.850375559727
2012-04-24,57.772228639055
2012-04-25,58.987428134389
2012-04-26,59.508227918103
2012-04-27,60.513280132289
2012-04-30,59.663554169386
2012-05-01,60.367090719316
2012-05-02,60.357953881005
2012-05-03,59.846290935602
2012-05-04,58.165112686418
2012-05-07,58.704186146754
2012-05-08,57.790502315677
2012-05-09,57.205744663787
2012-05-10,57.470712974799
2012-05-11,57.817912830609
2012-05-14,55.707303180819
2012-05-15,56.511344952167
2012-05-16,57.388481430002
2012-05-17,54.802756188052
2012-05-18,54.181451182919
2012-05-21,56.365155539195
2012-05-22,54.42814581731
2012-05-23,54.912398247781
2012-05-24,55.268734941902
2012-05-25,56.127597743115
2012-05-29,58.18338636304
2012-05-30,55.533703252914
2012-05-31,55.460608546428
2012-06-01,51.988609988332
2012-06-04,52.31753616752
2012-06-05,54.254545889405
2012-06-06,55.287008618523
2012-06-07,55.13168236724
2012-06-08,55.579387444468
2012-06-11,53.60583036934
2012-06-12,54.54692471535
2012-06-13,52.938841172653
2012-06-14,53.113042416553
2012-06-15,54.350788096898
2012-06-18,55.304310695089
2012-06-19,56.615404267602
2012-06-20,56.679583673249
2012-06-21,54.139912906913
2012-06-22,53.85568982476
2012-06-25,52.902167226569
2012-06-26,53.608140688691
2012-06-27,52.948009659174
2012-06-28,53.076368470469
2012-06-29,54.680853611656
2012-07-02,55.185120370315
2012-07-03,56.752931565418
2012-07-05,56.450371510222
2012-07-06,55.001750639893
2012-07-09,54.506652367756
2012-07-10,53.984048636055
2012-07-11,52.535427765726
2012-07-12,51.829454303604
2012-07-13,53.122210903074
2012-07-16,52.553764738768
2012-07-17,52.471248360078
2012-07-18,50.985953543665
2012-07-19,52.74630295571
2012-07-20,52.324552575741
2012-07-23,51.985318574462
2012-07-24,50.279980081543
2012-07-25,50.555034677175
2012-07-26,51.682758519266
2012-07-27,53.287243660454
2012-07-30,53.378928525664
2012-07-31,53.378928525664
2012-08-01,52.948009659174
2012-08-02,51.829454303604
2012-08-03,53.663151607817
2012-08-06,54.194923826039
2012-08-07,55.221794316399
2012-08-08,55.175951883794
2012-08-09,55.808577453748
2012-08-10,55.918599292
2012-08-13,55.991947184169
2012-08-14,55.414332533342
2012-08-15,55.808577453748
2012-08-16,56.111137508943
2012-08-17,56.211990860675
2012-08-20,56.074463562859
2012-08-21,53.965711663013
2012-08-22,53.131379389595
2012-08-23,51.985318574462
2012-08-24,51.71026397883
2012-08-27,50.710898948033
2012-08-28,49.986588512869
2012-08-29,50.179126729811
2012-08-30,49.876566674616
2012-08-31,50.179126729811
2012-09-04,49.583175105942
2012-09-05,49.564838132899
2012-09-06,51.11431235496
2012-09-07,52.187025277925
2012-09-10,52.031161007067
2012-09-11,52.05866646663
2012-09-12,50.316654027627
2012-09-13,49.212411437409
2012-09-14,49.5896943224
2012-09-17,49.194007394238
2012-09-18,48.476249710596
2012-09-19,49.939371142636
2012-09-20,49.30443165326
2012-09-21,48.963956854609
2012-09-24,48.651088120714
2012-09-25,47.528441487325
2012-09-26,47.445623293059
2012-09-27,48.227795127797
2012-09-28,48.476249710596
2012-10-01,48.494653753766
2012-10-02,48.770714401321
2012-10-03,48.779916422906
2012-10-04,49.460866020208
2012-10-05,50.012987315317
2012-10-08,49.313633674845
2012-10-09,48.476249710596
2012-10-10,47.703279897443
2012-10-11,48.154178955116
2012-10-12,47.859714264391
2012-10-15,48.172582998286
2012-10-16,49.506876128134
2012-10-17,49.948573164221
2012-10-18,51.273664272483
2012-10-19,50.914785430662
2012-10-22,51.6969572654
2012-10-23,51.006805646514
2012-10-24,50.620320739937
2012-10-25,50.693936912619
2012-10-26,50.877977344322
2012-10-31,50.712340955789
2012-11-01,52.258280582095
2012-11-02,51.742967373326
2012-11-05,52.276684625265
2012-11-06,52.469927078553
2012-11-07,51.080421819195
2012-11-08,50.141815617509
2012-11-09,49.884159013125
2012-11-12,50.712340955789
2012-11-13,51.209250121387
2012-11-14,50.003785293732
2012-11-15,49.764532732518
2012-11-16,49.976179228976
2012-11-19,51.880997697103
2012-11-20,51.908603761859
2012-11-21,51.908603761859
2012-11-23,52.948432200981
2012-11-26,52.902422093056
2012-11-27,53.288906999632
2012-11-28,54.466765762532
2012-11-29,55.368563877877
2012-11-30,55.018887057641
2012-12-03,54.135492985466
2012-12-04,54.255119266073
2012-12-05,54.420755654606
2012-12-06,54.457563740947
2012-12-07,54.475967784117
2012-12-10,54.991280992886
2012-12-11,55.120109295078
2012-12-12,54.834846625938
2012-12-13,54.724050505462
2012-12-14,54.816380605859
2012-12-17,55.573487429116
2012-12-18,57.050769035473
2012-12-19,57.263128266386
2012-12-20,57.290827296506
2012-12-21,56.930739904956
2012-12-24,57.180031176029
2012-12-26,56.939972914996
2012-12-27,56.967671945115
2012-12-28,56.219798131897
2012-12-31,57.355458366784
2013-01-02,59.368254555444
2013-01-03,58.980468133776
2013-01-04,59.672943886755
2013-01-07,59.968400208026
2013-01-08,58.878905023339
2013-01-09,59.202060374729
2013-01-10,59.248225424928
2013-01-11,59.063565224133
2013-01-14,59.672943886755
2013-01-15,60.106895358622
2013-01-16,59.654477866676
2013-01-17,60.254623519258
2013-01-18,59.497516696
2013-01-22,59.395953585563
2013-01-23,59.709875926914
2013-01-24,57.346225356744
2013-01-25,57.641681678015
2013-01-28,58.315691410915
2013-01-29,58.343390441034
2013-01-30,57.697079738254
2013-01-31,56.607584553566
2013-02-01,57.013836995314
2013-02-04,56.875341844718
2013-02-05,57.49395351738
2013-02-06,57.272361276426
2013-02-07,56.856875824638
2013-02-08,57.854040908929
2013-02-11,57.946371009326
2013-02-12,57.890972949088
2013-02-13,61.076361412794
2013-02-14,60.393118669854
2013-02-15,60.402351679894
2013-02-19,60.790138101562
2013-02-20,59.146662314491
2013-02-21,59.211293384769
2013-02-22,60.014565258225
2013-02-25,58.537283651869
2013-02-26,58.962002113696
2013-02-27,60.217691479099
2013-02-28,60.088429338543
2013-03-01,59.359021545404
2013-03-04,58.712710842624
2013-03-05,58.685011812504
2013-03-06,59.672943886755
2013-03-07,59.285157465087
2013-03-08,60.577778870648
2013-03-11,60.402351679894
2013-03-12,59.922235157828
2013-03-13,60.217691479099
2013-03-14,60.755183954597
2013-03-15,58.577412717665
2013-03-18,57.863845120882
2013-03-19,58.021386018873
2013-03-20,57.641434441366
2013-03-21,57.632167329719
2013-03-22,56.686921941774
2013-03-25,57.289284198798
2013-03-26,57.465359320082
2013-03-27,57.224414417272
2013-03-28,57.937982014055
2013-04-01,56.807394393179
2013-04-02,56.677654830128
2013-04-03,55.843614781941
2013-04-04,56.575716602016
2013-04-05,57.242948640566
2013-04-08,57.632167329719
2013-04-09,57.381955315263
2013-04-10,57.678502887952
2013-04-11,57.39122242691
2013-04-12,56.408908592379
2013-04-15,54.898369393995
2013-04-16,57.094674854221
2013-04-17,55.825080558648
2013-04-18,53.517569758664
2013-04-19,54.509150704842
2013-04-22,54.666691602832
2013-04-23,54.787164054237
2013-04-24,54.675958714479
2013-04-25,54.935437840582
2013-04-26,54.546219151428
2013-04-29,55.111512961865
2013-04-30,56.761058834946
2013-05-01,54.796431165884
2013-05-02,55.491464539373
2013-05-03,56.779593058239
2013-05-06,57.039072184342
2013-05-07,57.622900218073
2013-05-08,58.873960290353
2013-05-09,58.725686504009
2013-05-10,59.448521212438
2013-05-13,59.2817132028
2013-05-14,60.106486139341
2013-05-15,61.005395969053
2013-05-16,61.4131488815
2013-05-17,62.404729827678
2013-05-20,61.459484439733
2013-05-21,62.034045361817
2013-05-22,61.561422667845
2013-05-23,61.728230677482
2013-05-24,61.570689779491
2013-05-28,62.784681405186
2013-05-29,62.543736502376
2013-05-30,63.943070361001
2013-05-31,62.015511138524
2013-06-03,60.921991964235
2013-06-04,61.023930192346
2013-06-05,60.041616357815
2013-06-06,59.652397668661
2013-06-07,59.439254100791
2013-06-10,58.846158955414
2013-06-11,58.234529586743
2013-06-12,57.567297548194
2013-06-13,58.944149525752
2013-06-14,58.59063347746
2013-06-17,58.888331202338
2013-06-18,59.530241921605
2013-06-19,58.981361741362
2013-06-20,57.911510542583
2013-06-21,57.651025033316
2013-06-24,56.962599044536
2013-06-25,57.874298326974
2013-06-26,58.292935752583
2013-06-27,58.376663237705
2013-06-28,57.948722758193
2013-07-01,58.637148746972
2013-07-02,58.646451800875
2013-07-03,58.469693776729
2013-07-05,59.232544196727
2013-07-08,58.953452579655
2013-07-09,60.181455694775
2013-07-10,60.665214497701
2013-07-11,60.525668689164
2013-07-12,60.283789287701
2013-07-15,60.134940425263
2013-07-16,60.190758748677
2013-07-17,60.274486233799
2013-07-18,58.395269345509
2013-07-19,58.441784615022
2013-07-22,58.199905213559
2013-07-23,58.432481561119
2013-07-24,58.274329644778
2013-07-25,58.125480782339
2013-07-26,57.43705479356
2013-07-29,57.446357847462
2013-07-30,57.567297548194
2013-07-31,57.688237248925
2013-08-01,58.032450243315
2013-08-02,57.9766319199
2013-08-05,58.851118986728
2013-08-06,58.739482339899
2013-08-07,58.720876232094
2013-08-08,58.767391501606
2013-08-09,58.525512100143
2013-08-12,58.981361741362
2013-08-13,58.860422040631
2013-08-14,58.534815154046
2013-08-15,58.106874674534
2013-08-16,57.958025812096
2013-08-19,58.05105635112
2013-08-20,58.069662458925
2013-08-21,57.70684335673
2013-08-22,58.274329644778
2013-08-23,58.460390722826
2013-08-26,58.534815154046
2013-08-27,58.227814375266
2013-08-28,58.190602159656
2013-08-29,58.385966291607
2013-08-30,58.023147189412
2013-09-03,57.799873895754
2013-09-04,57.920813596486
2013-09-05,57.995238027705
2013-09-06,57.641721979413
2013-09-09,57.864995273071
2013-09-10,59.623272460629
2013-09-11,59.325574735752
2013-09-12,58.998737790096
2013-09-13,58.924032202517
2013-09-16,59.316236537304
2013-09-17,59.1574871637
2013-09-18,59.064105179227
2013-09-19,59.372265727988
2013-09-20,58.989399591649
2013-09-23,58.849326614939
2013-09-24,58.335725700337
2013-09-25,58.148961731391
2013-09-26,58.783959225808
2013-09-27,58.615871653756
2013-09-30,58.774621027361
2013-10-01,59.474985910909
2013-10-02,59.549691498487
2013-10-03,59.717779070539
2013-10-04,60.37145296185
2013-10-07,59.895204841038
2013-10-08,59.138810766806
2013-10-09,58.868003011834
2013-10-10,59.54035330004
2013-10-11,59.325574735752
2013-10-14,59.755131864328
2013-10-15,59.988586825511
2013-10-16,60.156674397562
2013-10-17,62.986148527097
2013-10-18,62.846075550387
2013-10-21,62.369827429574
2013-10-22,62.743355367467
2013-10-23,62.930119336413
2013-10-24,63.126221503806
2013-10-25,63.126221503806
2013-10-28,62.677987978336
2013-10-29,62.416518421811
2013-10-30,61.874902911867
2013-10-31,61.809535522736
2013-11-01,62.35115103268
2013-11-04,62.715340772125
2013-11-05,62.276445445101
2013-11-06,62.640635184546
2013-11-07,62.173725262181
2013-11-08,62.883428344176
2013-11-11,62.892766542624
2013-11-12,62.790046359703
2013-11-13,62.948795733307
2013-11-14,63.07953051157
2013-11-15,63.107545106912
2013-11-18,63.060854114675
2013-11-19,62.790046359703
2013-11-20,62.827399153492
2013-11-21,63.621146021514
2013-11-22,63.770557196671
2013-11-25,63.966659364064
2013-11-26,63.490411243251
2013-11-27,64.43356928643
2013-11-29,64.162761531458
2013-12-02,64.330849103509
2013-12-03,63.742542601329
2013-12-04,63.42504385412
2013-12-05,63.779895395118
2013-12-06,64.91915560569
2013-12-09,64.947170201032
2013-12-10,64.891141010348
2013-12-11,63.873277379591
2013-12-12,63.29227045507
2013-12-13,63.657742552753
2013-12-16,63.779566585313
2013-12-17,64.444913224684
2013-12-18,59.796857828517
2013-12-19,59.159624427429
2013-12-20,59.590694081106
2013-12-23,58.53176210577
2013-12-24,58.719183694325
2013-12-26,59.384530333695
2013-12-27,59.562580842823
2013-12-30,59.28144845999
2013-12-31,59.403272492551
2014-01-02,59.168995506857
2014-01-03,59.272077380562
2014-01-06,59.140882268574
2014-01-07,59.543838683967
2014-01-08,60.790192247859
2014-01-09,61.689815872924
2014-01-10,62.308307115156
2014-01-13,61.614847237502
2014-01-14,62.420760068289
2014-01-15,62.54258410085
2014-01-16,62.195854162023
2014-01-17,61.849124223196
2014-01-21,61.989690414612
2014-01-22,62.130256606028
2014-01-23,61.399312410663
2014-01-24,59.328303857129
2014-01-27,59.590694081106
2014-01-28,59.225221983424
2014-01-29,61.146293266114
2014-01-30,60.555915262165
2014-01-31,60.143587767344
2014-02-03,58.316227278931
2014-02-04,58.297485120076
2014-02-05,58.559875344053
2014-02-06,58.925347441735
2014-02-07,59.487612207401
2014-02-10,59.703147034239
2014-02-11,60.068619131922
2014-02-12,60.415349070749
2014-02-13,60.733965771292
2014-02-14,61.155664345542
2014-02-18,60.424720150176
2014-02-19,60.359122594182
2014-02-20,60.387235832465
2014-02-21,59.890568622794
2014-02-24,59.8249710668
2014-02-25,60.237298561621
2014-02-26,61.436796728374
2014-02-27,61.45553888723
2014-02-28,61.839753143768
2014-03-03,61.605476158074
2014-03-04,61.886608540907
2014-03-05,61.886608540907
2014-03-06,62.392646830005
2014-03-07,62.364533591722
2014-03-10,61.821010984912
2014-03-11,61.418054569519
2014-03-12,61.179092044111
2014-03-13,60.416823707613
2014-03-14,59.786305453967
2014-03-17,60.557984510668
2014-03-18,60.943824039019
2014-03-19,60.51093090965
2014-03-20,60.303895065169
2014-03-21,60.849716836982
2014-03-24,60.623859552094
2014-03-25,61.028520520852
2014-03-26,60.567395230872
2014-03-27,61.066163401667
2014-03-28,61.263788525944
2014-03-31,62.50600359283
2014-04-01,62.534235753441
2014-04-02,62.976539603013
2014-04-03,62.863610960569
2014-04-04,62.214271266516
2014-04-07,61.197913484518
2014-04-08,61.517877971443
2014-04-09,62.176628385701
2014-04-10,61.292020686555
2014-04-11,61.037931241056
2014-04-14,61.724913815924
2014-04-15,61.753145976535
2014-04-16,62.374253509978
2014-04-17,62.750682318125
2014-04-21,63.240039768716
2014-04-22,63.748218659715
2014-04-23,63.117700406069
2014-04-24,62.901253841384
2014-04-25,61.96959254122
2014-04-28,62.129574784682
2014-04-29,62.665985836292
2014-04-30,63.089468245458
2014-05-01,63.748218659715
2014-05-02,64.087004587047
2014-05-05,64.52930843662
2014-05-06,64.218754669899
2014-05-07,64.463433395195
2014-05-08,64.124647467862
2014-05-09,64.24698683051
2014-05-12,65.272755332711
2014-05-13,64.999844446804
2014-05-14,64.915147964971
2014-05-15,63.682343618289
2014-05-16,63.729397219308
2014-05-19,63.88937946277
2014-05-20,63.494129214216
2014-05-21,64.058772426436
2014-05-22,64.058772426436
2014-05-23,64.614004918453
2014-05-27,64.538719156824
2014-05-28,64.406969073972
2014-05-29,65.2445231721
2014-05-30,65.112773089248
2014-06-02,65.555076938821
2014-06-03,65.893862866154
2014-06-04,66.674952643059
2014-06-05,67.258417295687
2014-06-06,67.926578430148
2014-06-09,67.973632031166
2014-06-10,67.964221310963
2014-06-11,67.639551463936
2014-06-12,66.912142879757
2014-06-13,67.07273958016
2014-06-16,66.543715155302
2014-06-17,67.393932980966
2014-06-18,67.148314497997
2014-06-19,67.375039251507
2014-06-20,67.563976546099
2014-06-23,67.252230010022
2014-06-24,66.647630667328
2014-06-25,67.280570604211
2014-06-26,67.138867633267
2014-06-27,67.875723082176
2014-06-30,67.54508281664
2014-07-01,68.130788429875
2014-07-02,67.951298000013
2014-07-03,68.451981830681
2014-07-07,68.225257077171
2014-07-08,68.26304453609
2014-07-09,68.093000970957
2014-07-10,67.639551463936
2014-07-11,68.01742605312
2014-07-14,68.603131666355
2014-07-15,66.156393701389
2014-07-16,65.249494687347
2014-07-17,65.589581817613
2014-07-18,66.316990401792
2014-07-21,65.306175875725
2014-07-22,64.70157653303
2014-07-23,64.607107885734
2014-07-24,63.804124383718
2014-07-25,65.249494687347
2014-07-28,65.070004257485
2014-07-29,63.53016530656
2014-07-30,63.020034611162
2014-07-31,57.947068251366
2014-08-01,58.33438970528
2014-08-04,58.542220729331
2014-08-05,58.060430628122
2014-08-06,57.890387062989
2014-08-07,57.248000261376
2014-08-08,57.550299932723
2014-08-11,57.521959338534
2014-08-12,57.172425343539
2014-08-13,57.994302575014
2014-08-14,57.314128314483
2014-08-15,57.777024686234
2014-08-18,58.249367922714
2014-08-19,58.542220729331
2014-08-20,58.504433270413
2014-08-21,58.494986405683
2014-08-22,58.391070893658
2014-08-25,58.853967265408
2014-08-26,58.891754724326
2014-08-27,58.948435912704
2014-08-28,59.713631955802
2014-08-29,60.063165950797
2014-09-02,60.384359351603
2014-09-03,60.044272221338
2014-09-04,60.025378491878
2014-09-05,60.195422057011
2014-09-08,60.318231298496
2014-09-09,59.912016115123
2014-09-10,61.121214800512
2014-09-11,61.05036331504
2014-09-12,60.519078102042
2014-09-15,60.993439899362
2014-09-16,61.648059179663
2014-09-17,61.610110235877
2014-09-18,61.704982595341
2014-09-19,60.765746236648
2014-09-22,60.016254596883
2014-09-23,59.826509877955
2014-09-24,59.930869473366
2014-09-25,57.521111542982
2014-09-26,57.758292441642
2014-09-29,56.951877386198
2014-09-30,55.879819724256
2014-10-01,54.826736534206
2014-10-02,55.860845252363
2014-10-03,55.955717611827
2014-10-06,56.458541116986
2014-10-07,55.462381342614
2014-10-08,55.680587769381
2014-10-09,53.413138378193
2014-10-10,52.208259413002
2014-10-13,50.434146291026
2014-10-14,50.76619954915
2014-10-15,50.965431504024
2014-10-16,51.126714515113
2014-10-17,51.79082103136
2014-10-20,52.521338199232
2014-10-21,53.63134480496
2014-10-22,52.407491367876
2014-10-23,53.887500175513
2014-10-24,54.266989613369
2014-10-27,53.63134480496
2014-10-28,55.016481253134
2014-10-29,54.257502377422
2014-10-30,54.409298152565
2014-10-31,55.386483455043
2014-11-03,55.718536713167
2014-11-04,55.784947364792
2014-11-05,57.634958374338
2014-11-06,57.739317969749
2014-11-07,58.042909520033
2014-11-10,58.299064890586
2014-11-11,58.858811811423
2014-11-12,58.403424485996
2014-11-13,58.707016036281
2014-11-14,58.574194733031
2014-11-17,58.441373429782
2014-11-18,58.526758553299
2014-11-19,58.39393725005
2014-11-20,58.39393725005
2014-11-21,58.612143676817
2014-11-24,58.678554328442
2014-11-25,58.175730823283
2014-11-26,58.507784081407
2014-11-28,56.012641027505
2014-12-01,55.348534511258
2014-12-02,55.860845252363
2014-12-03,58.251628710854
2014-12-04,58.63111814871
2014-12-05,59.1813778336
2014-12-08,58.659579856549
2014-12-09,59.143428889815
2014-12-10,55.97469208372
2014-12-11,55.163533410303
2014-12-12,52.99969686561
2014-12-15,52.198982020878
2014-12-16,52.399160732061
2014-12-17,54.524867998433
2014-12-18,56.088168409577
2014-12-19,55.945183615875
2014-12-22,57.193917480874
2014-12-23,57.975567686446
2014-12-24,57.651468820721
2014-12-26,58.042293923507
2014-12-29,58.089955521408
2014-12-30,57.956503047286
2014-12-31,57.317837635416
2015-01-02,57.489419387859
2015-01-05,55.582955471829
2015-01-06,54.496271039693
2015-01-07,54.277027689349
2015-01-08,55.983312894195
2015-01-09,56.25975016202
2015-01-12,56.90794789347
2015-01-13,58.137617119308
2015-01-14,56.736366141027
2015-01-15,55.363712121486
2015-01-16,55.783134183012
2015-01-20,55.096807173242
2015-01-21,55.868925059234
2015-01-22,56.764963099767
2015-01-23,54.181704493548
2015-01-26,54.467674080952
2015-01-27,53.733685473281
2015-01-28,52.780453515267
2015-01-29,45.535890634356
2015-01-30,46.002974293783
2015-02-02,45.678875428058
2015-02-03,47.070594086759
2015-02-04,46.565381149012
2015-02-05,47.423289911225
2015-02-06,48.691088415384
2015-02-09,49.70151429088
2015-02-10,49.73011124962
2015-02-11,50.692875527215
2015-02-12,51.436396454466
2015-02-13,52.036932588015
2015-02-17,52.227578979618
2015-02-18,52.294305216679
2015-02-19,51.884415474733
2015-02-20,52.875776711068
2015-02-23,52.961567587289
2015-02-24,53.457248205457
2015-02-25,53.695556194961
2015-02-26,53.66695923622
2015-02-27,53.924331864884
2015-03-02,54.029187380266
2015-03-03,54.086381297747
2015-03-04,52.809050474007
2015-03-05,52.694662639045
2015-03-06,52.265708257939
2015-03-09,52.332434495
2015-03-10,51.798624598512
2015-03-11,51.0360390321
2015-03-12,51.417331815306
2015-03-13,50.736878775439
2015-03-16,50.59312109096
2015-03-17,50.305605722002
2015-03-18,50.554785708432
2015-03-19,49.519730380184
2015-03-20,50.075593426835
2015-03-23,49.74974267535
2015-03-24,49.835997286037
2015-03-25,49.050121944219
2015-03-26,48.877612722844
2015-03-27,49.4047242326
2015-03-30,50.24810264821
2015-03-31,50.641040319119
2015-04-01,50.382276487057
2015-04-02,50.688959547279
2015-04-06,52.711150975616
2015-04-07,52.950747116415
2015-04-08,53.554529391226
2015-04-09,56.55427307402
2015-04-10,56.30509308759
2015-04-13,55.950490799209
2015-04-14,56.515937691493
2015-04-15,56.841788442978
2015-04-16,56.295509241958
2015-04-17,56.592608456548
2015-04-20,56.726782295395
2015-04-21,56.30509308759
2015-04-22,56.487186154597
2015-04-23,56.496770000229
2015-04-24,56.544689228388
2015-04-27,56.084664638056
2015-04-28,56.975962281825
2015-04-29,57.74266993238
2015-04-30,57.215558422624
2015-05-01,57.924762999386
2015-05-04,57.618079939165
2015-05-05,57.503073791581
2015-05-06,57.503073791581
2015-05-07,60.215302105418
2015-05-08,60.531569011271
2015-05-11,60.617823621959
2015-05-12,60.071544420939
2015-05-13,59.937370582092
2015-05-14,60.982009755972
2015-05-15,61.700798178367
2015-05-18,60.627407467591
2015-05-19,60.090712112203
2015-05-20,59.937370582092
2015-05-21,60.100295957835
2015-05-22,59.295252924752
2015-05-26,58.614799884885
2015-05-27,58.768141414996
2015-05-28,58.068520683865
2015-05-29,57.64683147606
2015-06-01,57.359316107102
2015-06-02,58.135607603289
2015-06-03,58.892731408211
2015-06-04,58.720222186837
2015-06-05,58.58604834799
2015-06-08,58.164359140185
2015-06-09,58.078104529497
2015-06-10,58.624383730517
2015-06-11,58.902315253843
2015-06-12,57.570160711005
2015-06-15,55.778917838431
2015-06-16,55.836699866579
2015-06-17,56.289325753734
2015-06-18,57.435335978661
2015-06-19,56.433780824103
2015-06-22,56.828624683111
2015-06-23,56.780472992988
2015-06-24,55.509268373742
2015-06-25,56.115979669292
2015-06-26,56.915297725333
2015-06-29,54.1610210503
2015-06-30,53.226878261914
2015-07-01,52.446820881923
2015-07-02,52.995750149324
2015-07-06,52.244583783406
2015-07-07,52.244583783406
2015-07-08,51.108203896504
2015-07-09,51.464526403414
2015-07-10,52.003825332791
2015-07-13,53.332811980185
2015-07-14,53.284660290062
2015-07-15,52.263844459455
2015-07-16,52.408299529824
2015-07-17,51.050421868357
2015-07-20,50.800033079717
2015-07-21,50.164430770094
2015-07-22,49.79847792516
2015-07-23,49.422894742201
2015-07-24,47.968713700488
2015-07-27,47.968713700488
2015-07-28,48.902856488873
2015-07-29,49.991084685652
2015-07-30,51.426005051316
2015-07-31,52.196432093283
2015-08-03,51.320071333045
2015-08-04,51.647502825881
2015-08-05,51.291180318972
2015-08-06,49.856259953308
2015-08-07,49.345852038004
2015-08-10,50.74225105157
2015-08-11,50.077757727873
2015-08-12,49.230287981709
2015-08-13,48.556164319988
2015-08-14,49.220657643685
2015-08-17,49.856259953308
2015-08-18,49.220657643685
2015-08-19,48.03612606666
2015-08-20,47.496827137283
2015-08-21,45.07961229311
2015-08-24,42.700918801036
2015-08-25,41.217846745249
2015-08-26,41.477865871913
2015-08-27,43.461715504979
2015-08-28,43.625431251397
2015-08-31,43.538758209176
2015-09-01,41.265998435372
2015-09-02,41.150434379077
2015-09-03,41.285259111422
2015-09-04,40.86152423834
2015-09-08,41.42971418179
2015-09-09,41.439344519815
2015-09-10,41.217846745249
2015-09-11,40.447419703282
2015-09-14,40.6111354497
2015-09-15,42.928724125077
2015-09-16,43.384484241155
2015-09-17,43.685091977292
2015-09-18,44.325095544551
2015-09-21,44.994190183049
2015-09-22,44.325095544551
2015-09-23,43.937214594697
2015-09-24,43.84994138098
2015-09-25,43.762668167263
2015-09-28,40.514165212237
2015-09-29,41.241441993213
2015-09-30,42.763874721389
2015-10-01,43.801456262248
2015-10-02,44.75176458939
2015-10-05,45.992983628923
2015-10-06,46.167530056357
2015-10-07,47.428143143382
2015-10-08,49.037849085276
2015-10-09,49.183304441471
2015-10-12,48.979666942797
2015-10-13,48.737241349139
2015-10-14,49.881490151208
2015-10-15,49.910581222447
2015-10-16,50.860889549589
2015-10-19,50.676646098408
2015-10-20,50.521493718467
2015-10-21,49.629367533803
2015-10-22,50.802707407111
2015-10-23,50.986950858291
2015-10-26,51.083921095755
2015-10-27,50.356644314779
2015-10-28,51.956653232926
2015-10-29,52.645141918917
2015-10-30,51.898471090448
2015-11-02,52.596656800185
2015-11-03,53.013628821278
2015-11-04,52.577262752692
2015-11-05,47.932388378192
2015-11-06,49.144516346485
2015-11-09,48.407542541763
2015-11-10,48.077843734387
2015-11-11,47.418446119636
2015-11-12,45.498435417859
2015-11-13,46.177227080103
2015-11-16,46.526319934972
2015-11-17,47.049959217274
2015-11-18,49.270577655188
2015-11-19,49.154213370232
2015-11-20,50.104521697374
2015-11-23,50.531190742213
2015-11-24,51.403922879384
2015-11-25,51.297255618174
2015-11-27,51.500893116848
2015-11-30,51.937259185433
2015-12-01,51.345740736906
2015-12-02,50.696040145901
2015-12-03,51.22937645195
2015-12-04,51.384528831891
2015-12-07,49.551791343832
2015-12-08,48.271784209314
2015-12-09,48.504512779226
2015-12-10,47.719053855772
2015-12-11,46.778442552377
2015-12-14,46.593084802951
2015-12-15,47.490606537011
2015-12-16,50.563642909065
2015-12-17,51.139227499387
2015-12-18,49.92952429261
2015-12-21,50.202683081237
2015-12-22,52.983049322619
2015-12-23,54.914672185053
2015-12-24,54.582979370292
2015-12-28,55.363433052083
2015-12-29,55.343921710038
2015-12-30,54.963450540165
2015-12-31,54.641513396426
2016-01-04,54.192752529396
2016-01-05,53.363520492492
2016-01-06,51.03191511814
2016-01-07,48.729576756855
2016-01-08,47.81254368075
2016-01-11,46.866243591578
2016-01-12,47.754009654616
2016-01-13,46.544306447839
2016-01-14,47.705231299504
2016-01-15,46.739419868287
2016-01-19,47.236959090429
2016-01-20,46.836976578511
2016-01-21,48.222281863691
2016-01-22,50.036836673856
2016-01-25,48.758843769923
2016-01-26,50.612421264177
2016-01-27,49.68563251705
2016-01-28,50.495353211909
2016-01-29,51.353852261879
2016-02-01,51.529454340282
2016-02-02,50.592909922133
2016-02-03,52.21235131185
2016-02-04,50.680710961334
2016-02-05,50.280728449416
2016-02-08,47.597918918258
2016-02-09,48.671042730721
2016-02-10,48.866156151169
2016-02-11,48.866156151169
2016-02-12,50.124637713058
2016-02-16,51.041670789163
2016-02-17,51.48067598517
2016-02-18,53.197674085112
2016-02-19,53.14889573
2016-02-22,53.490344215783
2016-02-23,51.373363603924
2016-02-24,52.00748222038
2016-02-25,54.085440148149
2016-02-26,55.178075302658
2016-02-29,54.846382487896
2016-03-01,57.22676621736
2016-03-02,56.299977470233
2016-03-03,55.821949590135
2016-03-04,57.724305439502
2016-03-07,57.363345611674
2016-03-08,57.051164138957
2016-03-09,58.768162238898
2016-03-10,57.929174530972
2016-03-11,59.743729341138
2016-03-14,58.851085442589
2016-03-15,58.037250039101
2016-03-16,60.419924774614
2016-03-17,61.214149686451
2016-03-18,60.18459887481
2016-03-21,60.439535266264
2016-03-22,60.949408049172
2016-03-23,60.194404120635
2016-03-24,60.714082149368
2016-03-28,60.910187065871
2016-03-29,61.733827715185
2016-03-30,62.743768035176
2016-03-31,62.684936560225
2016-04-01,63.93020278002
2016-04-04,64.057670975747
2016-04-05,63.243835572259
2016-04-06,64.744038183508
2016-04-07,63.430135242937
2016-04-08,63.587019176139
2016-04-11,63.979229009145
2016-04-12,64.028255238271
2016-04-13,63.734097863517
2016-04-14,64.175333925649
2016-04-15,64.096891959047
2016-04-18,64.214554908949
2016-04-19,64.067476221572
2016-04-20,64.371438842152
2016-04-21,64.361633596327
2016-04-22,64.949948345836
2016-04-25,65.293131949716
2016-04-26,66.44034571126
2016-04-27,66.538398169511
2016-04-28,65.126442770689
2016-04-29,64.871506379235
2016-05-02,66.577619152812
2016-05-03,66.018720140778
2016-05-04,65.293131949716
2016-05-05,65.793199486799
2016-05-06,67.293402098048
2016-05-09,65.969693911652
2016-05-10,66.538398169511
2016-05-11,73.196160084792
2016-05-12,74.392400075462
2016-05-13,74.676752204391
2016-05-16,76.294617765542
2016-05-17,74.686557450216
2016-05-18,74.686557450216
2016-05-19,74.29434761721
2016-05-20,74.872857120894
2016-05-23,74.882662366719
2016-05-24,74.853246629244
2016-05-25,77.333973823008
2016-05-26,77.500663002036
2016-05-27,78.530213813678
2016-05-31,76.971179727478
2016-06-01,78.128198734846
2016-06-02,78.285082668049
2016-06-03,78.441966601251
2016-06-06,79.383270200466
2016-06-07,79.706843312696
2016-06-08,79.628401346095
2016-06-09,78.696902992705
2016-06-10,78.275277422223
2016-06-13,76.927056121264
2016-06-14,77.173143952746
2016-06-15,78.462644189712
2016-06-16,78.738262560972
2016-06-17,81.504289786829
2016-06-20,81.711003565274
2016-06-21,82.31145787409
2016-06-22,82.016152476312
2016-06-23,83.079251908314
2016-06-24,77.744067721785
2016-06-27,74.161028895407
2016-06-28,77.064865306894
2016-06-29,77.881876907415
2016-06-30,78.068903659341
2016-07-01,80.047449824456
2016-07-05,78.649670941638
2016-07-06,79.594648214529
2016-07-07,80.047449824456
2016-07-08,82.272083821053
2016-07-11,82.321301387349
2016-07-12,83.886419995575
2016-07-13,84.211255933131
2016-07-14,84.693588082836
2016-07-15,84.998736993873
2016-07-18,84.860927808243
2016-07-19,84.575465923724
2016-07-20,85.264511851874
2016-07-21,82.951286235943
2016-07-22,83.67970621713
2016-07-25,84.851084294984
2016-07-26,84.181725393353
2016-07-27,83.492679465203
2016-07-28,83.778141349723
2016-07-29,82.85285110335
2016-08-01,82.596919758609
2016-08-02,83.049721368536
2016-08-03,82.675667864683
2016-08-04,80.834930885198
2016-08-05,81.041644663643
2016-08-08,80.884148451495
2016-08-09,80.726652239346
2016-08-10,80.80540034542
2016-08-11,81.287732495125
2016-08-12,81.711003565274
2016-08-15,82.764259484017
2016-08-16,80.451033868086
2016-08-17,79.289499303491
2016-08-18,80.008075771419
2016-08-19,81.445228707273
2016-08-22,82.537858679053
2016-08-23,82.85285110335
2016-08-24,80.903835478013
2016-08-25,81.277888981866
2016-08-26,80.510094947642
2016-08-29,81.455072220533
2016-08-30,80.451033868086
2016-08-31,78.718575534453
2016-09-01,80.027762797937
2016-09-02,80.67743467305
2016-09-06,81.740534105052
2016-09-07,81.651942485718
2016-09-08,79.653709294085
2016-09-09,75.61786885778
2016-09-12,76.228166679856
2016-09-13,75.199519544261
2016-09-14,74.833849650302
2016-09-15,76.345944076675
2016-09-16,75.83202963111
2016-09-19,76.731379910848
2016-09-20,75.891327451752
2016-09-21,79.251537288136
2016-09-22,80.249717268945
2016-09-23,79.804983614129
2016-09-26,80.743865774295
2016-09-27,81.781577635532
2016-09-28,83.876767298218
2016-09-29,82.176896439812
2016-09-30,84.489511444853
2016-10-03,83.83723541779
2016-10-04,81.65309902414
2016-10-05,82.463502572915
2016-10-06,82.661161975056
2016-10-07,81.406024771465
2016-10-10,82.503034453344
2016-10-11,80.763631714509
2016-10-12,80.20030241841
2016-10-13,79.498611540812
2016-10-14,79.913696285306
2016-10-17,80.309015089587
2016-10-18,80.704333893867
2016-10-19,81.623450113819
2016-10-20,82.048417828421
2016-10-21,81.238014279646
2016-10-24,82.384438812059
2016-10-25,81.139184578576
2016-10-26,80.141004597767
2016-10-27,81.089769728041
2016-10-28,81.939705157244
2016-10-31,82.572215244093
2016-11-01,81.929822187137
2016-11-02,81.287429130181
2016-11-03,82.819289496768
2016-11-04,82.503034453344
2016-11-07,85.270266083307
2016-11-08,81.781577635532
2016-11-09,79.478845600598
2016-11-10,80.565972312369
2016-11-11,79.488728570705
2016-11-14,76.177933584855
2016-11-15,79.182356497387
2016-11-16,80.59562122269
2016-11-17,81.999002977886
2016-11-18,81.494971502428
2016-11-21,82.868704347303
2016-11-22,83.313438002119
2016-11-23,82.898353257624
2016-11-25,83.016948898908
2016-11-28,82.97741701848
2016-11-29,84.944128069776
2016-11-30,86.752711599359
2016-12-01,84.647638966565
2016-12-02,83.866884328111
2016-12-05,85.270266083307
2016-12-06,85.309797963735
2016-12-07,87.760774550274
2016-12-08,90.725665582378
2016-12-09,89.6286559005
2016-12-12,90.251283017242
2016-12-13,90.355054203365
2016-12-14,89.184960217852
2016-12-15,89.065967609156
2016-12-16,88.480920616399
2016-12-19,88.252851449731
2016-12-20,88.589997174371
2016-12-21,88.530500870023
2016-12-22,87.677720507699
2016-12-23,88.074362536687
2016-12-27,88.262767500456
2016-12-28,85.853167174357
2016-12-29,86.339053659866
2016-12-30,85.357364638122
2017-01-03,87.310826630886
2017-01-04,89.938580072928
2017-01-05,89.631182500463
2017-01-06,90.0476566309
2017-01-09,89.720426956985
2017-01-10,89.125463913504
2017-01-11,92.516753261347
2017-01-12,92.962975543958
2017-01-13,93.210876812076
2017-01-17,93.55793858744
2017-01-18,91.822629710619
2017-01-19,92.26885199323
2017-01-20,92.576249565696
2017-01-23,92.913395290335
2017-01-24,94.747864674402
2017-01-25,93.210876812076
2017-01-26,94.67845231933
2017-01-27,94.618956014982
2017-01-30,93.776091703383
2017-01-31,91.862293913518
2017-02-01,92.625829819319
2017-02-02,92.130027283085
2017-02-03,93.478610181642
2017-02-06,93.498442283092
2017-02-07,92.020950725113
2017-02-08,93.55793858744
2017-02-09,93.121632355553
2017-02-10,92.913395290335
2017-02-13,93.954580616427
2017-02-14,90.424466558438
2017-02-15,91.981286522214
2017-02-16,91.63422474685
2017-02-17,91.14833826134
2017-02-21,92.992723696133
2017-02-22,91.663972899024
2017-02-23,91.63422474685
2017-02-24,92.149859384534
2017-02-27,91.683805000474
2017-02-28,100.65783090632
2017-03-01,101.79817673966
2017-03-02,102.19481876864
2017-03-03,103.89046344257
2017-03-06,101.2527939498
2017-03-07,102.91869047155
2017-03-08,101.87750514545
2017-03-09,101.63951992806
2017-03-10,102.18490271792
2017-03-13,103.94004369619
2017-03-14,103.39299083463
2017-03-15,104.65618562405
2017-03-16,103.45266932862
2017-03-17,105.64088077485
2017-03-20,105.50163095555
2017-03-21,103.69138330457
2017-03-22,104.65618562405
2017-03-23,104.5865607144
2017-03-24,103.89031161787
2017-03-27,104.03950785284
2017-03-28,104.31800749145
2017-03-29,104.47715014208
2017-03-30,104.57661429873
2017-03-31,105.07393508197
2017-04-03,104.46720372642
2017-04-04,104.93468526266
2017-04-05,104.64623920838
2017-04-06,105.46184529289
2017-04-07,105.37232755191
2017-04-10,104.29811466012
2017-04-11,105.04409583497
2017-04-12,103.56207990093
2017-04-13,103.06475911769
2017-04-17,104.06934709983
2017-04-18,105.20323848561
2017-04-19,105.27286339526
2017-04-20,104.95457809399
2017-04-21,104.53682863607
2017-04-24,106.25755854607
2017-04-25,107.50086050415
2017-04-26,107.71968164878
2017-04-27,107.6003246608
2017-04-28,108.32641300432
2017-05-01,108.80384095623
2017-05-02,107.7992529741
2017-05-03,107.07316463057
2017-05-04,108.12748469103
2017-05-05,109.42051872744
2017-05-08,108.97293002253
2017-05-09,108.74416246224
2017-05-10,109.97751800467
2017-05-11,110.14660707097
2017-05-12,109.78853610704
2017-05-15,111.44958752304
2017-05-16,111.76787282431
2017-05-17,109.94767875767
2017-05-18,109.41057231178
2017-05-19,109.72885761305
2017-05-22,109.98746442033
2017-05-23,111.11140939044
2017-05-24,111.44958752304
2017-05-25,111.98669396894
2017-05-26,112.25524719188
2017-05-30,111.8573905653
2017-05-31,112.99128195107
2017-06-01,112.75256797512
2017-06-02,113.47865631864
2017-06-05,113.00122836674
2017-06-06,112.07621170992
2017-06-07,112.1955686979
2017-06-08,113.65769180061
2017-06-09,114.78163677072
2017-06-12,110.59419577588
2017-06-13,112.37460417986
2017-06-14,108.9931918936
2017-06-15,105.78134895503
2017-06-16,107.8161811273
2017-06-19,108.05557314756
2017-06-20,107.46706776441
2017-06-21,105.92099430019
2017-06-22,104.93350221659
2017-06-23,104.5843888537
2017-06-26,104.75395820139
2017-06-27,104.20535148828
2017-06-28,106.6491450285
2017-06-29,104.40484483851
2017-06-30,105.27264091197
2017-07-03,105.76139962001
2017-07-05,107.74635845472
2017-07-06,107.77628245725
2017-07-07,109.7113679544
2017-07-10,111.0579480684
2017-07-11,112.66386953768
2017-07-12,116.24477517416
2017-07-13,117.38188727042
2017-07-14,117.2721659278
2017-07-17,116.56396453452
2017-07-18,117.43176060798
2017-07-19,118.85813806206
2017-07-20,117.61130462318
2017-07-21,118.04021532616
2017-07-24,118.29955668144
2017-07-25,118.49905003167
2017-07-26,116.90310322989
2017-07-27,116.07520582647
2017-07-28,116.20487650412
2017-07-31,115.50664977834
2017-08-01,117.13252058265
2017-08-02,119.14740341989
2017-08-03,118.49905003167
2017-08-04,119.29702343255
2017-08-07,122.76820772641
2017-08-08,115.11763774541
2017-08-09,112.87333755541
2017-08-10,110.66893603547
2017-08-11,109.0829639012
2017-08-14,110.54924002533
2017-08-15,111.596580114
2017-08-16,113.1326789107
2017-08-17,111.82599746675
2017-08-18,112.30478150728
2017-08-21,113.19252691577
2017-08-22,115.52659911336
2017-08-23,115.09768841039
2017-08-24,114.5690310323
2017-08-25,114.6588030399
2017-08-28,115.13758708043
2017-08-29,114.17004433186
2017-08-30,114.87824572514
2017-08-31,115.96548448385
2017-09-01,118.32948068398
2017-09-05,116.3744458518
2017-09-06,118.35940468651
2017-09-07,117.79084863838
2017-09-08,117.98036732109
2017-09-11,123.53625712476
2017-09-12,124.32425585814
2017-09-13,125.2818239392
2017-09-14,126.0
2017-09-15,127.29
2017-09-18,131.02
2017-09-19,134.65
2017-09-20,136.08
2017-09-21,134.89
2017-09-22,134.29
2017-09-25,128.89
2017-09-26,128.42
2017-09-27,130.02
2017-09-28,132.32
2017-09-29,136.31
2017-10-02,136.62
2017-10-03,137.42
2017-10-04,138.22
2017-10-05,139.66
2017-10-06,137.19
2017-10-09,136.55
2017-10-10,137.77
2017-10-11,137.42
2017-10-12,137.3
2017-10-13,138.94
2017-10-16,140.16
2017-10-17,139.41
2017-10-18,139.66
2017-10-19,139.49
2017-10-20,140.78
2017-10-23,138.53
2017-10-24,138.72
2017-10-25,138.5
2017-10-26,139.04
2017-10-27,139.08
2017-10-30,139.51
2017-10-31,140.89
2017-11-01,142.33
2017-11-02,136.91
2017-11-03,140.04
2017-11-06,141.97
2017-11-07,143.13
2017-11-09,140.84
2017-11-10,140.62
2017-11-13,143.37
2017-11-14,137.65
2017-11-15,134.54
2017-11-16,135.33
2017-11-17,136.21
2017-11-20,135.4
2017-11-21,136.7
2017-11-22,135.25
2017-11-24,137.06
2017-11-27,136.23
2017-11-28,136.89
2017-11-29,131.95
2017-11-30,134.32
2017-12-01,132.15
2017-12-04,129.35
2017-12-05,127.99
2017-12-06,127.48
2017-12-07,129.08
2017-12-08,130.6
2017-12-11,131.14
2017-12-12,130.36
2017-12-13,130.1
2017-12-14,127.58
2017-12-15,129.57
2017-12-18,132.08
2017-12-19,132.02
2017-12-20,131.33
2017-12-21,128.65
2017-12-22,129.29
2017-12-26,129.04
2017-12-27,128.43
2017-12-28,128.45
2017-12-29,127.89
2018-01-02,131.53
2018-01-03,131.79
2018-01-04,130.22
2018-01-05,131.72
2018-01-08,137.45
2018-01-09,135.44
2018-01-10,132.96
2018-01-11,134.69
2018-01-12,133.52
2018-01-16,128.0
2018-01-17,126.95
2018-01-18,117.91
2018-01-19,116.01
2018-01-22,113.53
2018-01-23,113.0
2018-01-24,112.4
2018-01-25,116.9
2018-01-26,114.41
2018-01-29,111.68
2018-01-30,111.37
2018-01-31,111.59
2018-02-01,109.2
2018-02-02,105.51
2018-02-05,105.15
2018-02-06,107.54
2018-02-07,106.63
2018-02-08,105.18
2018-02-09,107.72
2018-02-12,111.59
2018-02-13,108.45
2018-02-14,111.72
2018-02-15,114.61
2018-02-16,112.24
2018-02-20,114.58
2018-02-21,113.01
2018-02-22,113.68
2018-02-23,118.75
2018-02-26,110.1
2018-02-27,111.57
2018-02-28,100.43
2018-03-01,96.01
2018-03-02,95.02
2018-03-05,96.44
2018-03-06,100.14
2018-03-07,100.05
2018-03-08,99.28
2018-03-09,101.76
2018-03-12,102.99
2018-03-13,103.13
2018-03-14,100.33
2018-03-15,98.07
2018-03-16,98.37
2018-03-19,96.91
2018-03-20,95.32
2018-03-21,97.47
2018-03-22,94.11
2018-03-23,93.24
2018-03-26,94.36
2018-03-27,93.43
