Date,ALK
2010-01-04,8.2006086283991
2010-01-05,8.649795966519
2010-01-06,8.5721876829695
2010-01-07,8.5275041257743
2010-01-08,8.3581769616663
2010-01-11,8.3064381059666
2010-01-12,8.4922276332518
2010-01-13,8.7814948719364
2010-01-14,8.7956054689454
2010-01-15,8.480468802411
2010-01-19,8.7415148470775
2010-01-20,8.7015348222187
2010-01-21,8.7556254440865
2010-01-22,8.4781170362428
2010-01-25,8.5862982799785
2010-01-26,8.3440663646573
2010-01-27,8.5839465138103
2010-01-28,7.664405942057
2010-01-29,7.3704351710361
2010-02-01,7.5185964396306
2010-02-02,7.819622509156
2010-02-03,7.8219742753242
2010-02-04,7.5256517381351
2010-02-05,7.5632799968258
2010-02-08,7.6173706186936
2010-02-09,7.847843703174
2010-02-10,7.4692093500991
2010-02-11,7.6032600216846
2010-02-12,7.7020342007476
2010-02-16,7.9983567379367
2010-02-17,8.0547991259727
2010-02-18,8.3628804940026
2010-02-19,8.5815947476422
2010-02-22,8.3558251954981
2010-02-23,8.2123674592399
2010-02-24,8.2194227577444
2010-02-25,8.1418144741949
2010-02-26,8.2311815885853
2010-03-01,8.7415148470775
2010-03-02,8.5275041257743
2010-03-03,8.6121677078283
2010-03-04,8.5204488272698
2010-03-05,8.7368113147412
2010-03-08,8.4898758670836
2010-03-09,8.9273043743628
2010-03-10,9.4305823343505
2010-03-11,9.4964317870592
2010-03-12,9.5387635780862
2010-03-15,9.5928541999541
2010-03-16,9.4823211900502
2010-03-17,9.6469448218219
2010-03-18,9.5034870855637
2010-03-19,9.4470446975277
2010-03-22,9.7104425083624
2010-03-23,9.8468449461161
2010-03-24,9.6587036526628
2010-03-25,9.6704624835036
2010-03-26,9.7198495730351
2010-03-29,9.6751660158399
2010-03-30,9.6704624835036
2010-03-31,9.6963319113534
2010-04-01,9.6163718616357
2010-04-05,9.6657589511673
2010-04-06,9.6375377571492
2010-04-07,9.4164717373415
2010-04-08,9.8256790506026
2010-04-09,9.915046164993
2010-04-12,10.211368702182
2010-04-13,10.251348727041
2010-04-14,10.387751164795
2010-04-15,10.597058353761
2010-04-16,10.133760418633
2010-04-19,9.8491967122843
2010-04-20,9.886824970975
2010-04-21,9.6681107173354
2010-04-22,9.8797696724705
2010-04-23,10.298384050404
2010-04-26,10.554726562734
2010-04-27,9.8985838018158
2010-04-28,9.9338602943383
2010-04-29,9.8821214386386
2010-04-30,9.7386637023804
2010-05-03,10.629983080116
2010-05-04,9.999709747047
2010-05-05,9.9644332545245
2010-05-06,9.3200493244467
2010-05-07,9.6492965879901
2010-05-10,10.218424000687
2010-05-11,10.420675891149
2010-05-12,10.82988320441
2010-05-13,10.728757259179
2010-05-14,10.540615965725
2010-05-17,10.68877723432
2010-05-18,10.702887831329
2010-05-19,10.681721935815
2010-05-20,9.95737795602
2010-05-21,10.430082955822
2010-05-24,10.43243472199
2010-05-25,10.806365542728
2010-05-26,10.987451537677
2010-05-27,11.453101238974
2010-05-28,10.982748005341
2010-06-01,10.860456164596
2010-06-02,11.742368477659
2010-06-03,11.827032059713
2010-06-04,11.347271761407
2010-06-07,11.097984547581
2010-06-08,11.182648129635
2010-06-09,11.25320111468
2010-06-10,11.526005990188
2010-06-11,11.961082731298
2010-06-14,12.057505144193
2010-06-15,12.172741686434
2010-06-16,12.417325367923
2010-06-17,12.534913676331
2010-06-18,12.367938278391
2010-06-21,12.163334621761
2010-06-22,11.671815492614
2010-06-23,11.723554348314
2010-06-24,11.399010617106
2010-06-25,11.170889298794
2010-06-28,11.366085890752
2010-06-29,10.63703837862
2010-06-30,10.571188925912
2010-07-01,10.408917060308
2010-07-02,10.169036911155
2010-07-06,10.505339473203
2010-07-07,11.062708055059
2010-07-08,11.126205741599
2010-07-09,11.203814025149
2010-07-12,11.029783328704
2010-07-13,11.236738751503
2010-07-14,11.483674199161
2010-07-15,11.406065915611
2010-07-16,11.255552880848
2010-07-19,11.217924622158
2010-07-20,11.507191860842
2010-07-21,11.272015244025
2010-07-22,11.584800144392
2010-07-23,11.758830840836
2010-07-26,12.200962880452
2010-07-27,11.98460039298
2010-07-28,12.102188701388
2010-07-29,12.170389920265
2010-07-30,12.132761661575
2010-08-02,12.452601860445
2010-08-03,12.07396750737
2010-08-04,12.064560442698
2010-08-05,12.332661785869
2010-08-06,12.393807706241
2010-08-09,12.720703203616
2010-08-10,12.466712457454
2010-08-11,11.7023884528
2010-08-12,11.787052034854
2010-08-13,12.019876885503
2010-08-16,12.245646437647
2010-08-17,12.513747780818
2010-08-18,12.701889074271
2010-08-19,12.097485169052
2010-08-20,11.768237905509
2010-08-23,11.356678826079
2010-08-24,11.081522184404
2010-08-25,10.71464666217
2010-08-26,10.47006298068
2010-08-27,10.535912433389
2010-08-30,10.434786488158
2010-08-31,10.401861761804
2010-09-01,10.632334846284
2010-09-02,10.926305617305
2010-09-03,11.128557507767
2010-09-07,10.813420841233
2010-09-08,10.658204274134
2010-09-09,10.895732657119
2010-09-10,10.879270293942
2010-09-13,11.107391612254
2010-09-14,11.156778701785
2010-09-15,11.387251786266
2010-09-16,11.274367010194
2010-09-17,11.043893925713
2010-09-20,11.156778701785
2010-09-21,11.594207209064
2010-09-22,11.36843765692
2010-09-23,11.076818652068
2010-09-24,11.255552880848
2010-09-27,11.751775542332
2010-09-28,11.674167258782
2010-09-29,11.975193328307
2010-09-30,12.001062756157
2010-10-01,11.709443751305
2010-10-04,11.422528278788
2010-10-05,11.490729497665
2010-10-06,11.464860069815
2010-10-07,10.935712681978
2010-10-08,11.333161164398
2010-10-11,11.058004522722
2010-10-12,11.128557507767
2010-10-13,11.180296363467
2010-10-14,11.142668104776
2010-10-15,11.088577482908
2010-10-18,11.192055194308
2010-10-19,10.931009149641
2010-10-20,11.620076636914
2010-10-21,11.58715191056
2010-10-22,11.838790890554
2010-10-25,11.954027432794
2010-10-26,12.069263975034
2010-10-27,12.29268176101
2010-10-28,12.419677134091
2010-10-29,12.417325367923
2010-11-01,12.332661785869
2010-11-02,12.52315484549
2010-11-03,12.708944372776
2010-11-04,12.993508079124
2010-11-05,13.141669347718
2010-11-08,12.958231586601
2010-11-09,12.591356064367
2010-11-10,12.718351437448
2010-11-11,12.628984323058
2010-11-12,12.671316114085
2010-11-15,12.711296138944
2010-11-16,12.739517332962
2010-11-17,12.440843029605
2010-11-18,12.732462034457
2010-11-19,12.941769223424
2010-11-22,13.040543402487
2010-11-23,12.847698576697
2010-11-24,13.169890541736
2010-11-26,13.151076412391
2010-11-29,13.052302233328
2010-11-30,12.93471392492
2010-12-01,13.042895168655
2010-12-02,13.009970442301
2010-12-03,13.144021113887
2010-12-06,13.179297606409
2010-12-07,13.2169258651
2010-12-08,13.176945840241
2010-12-09,13.256905889959
2010-12-10,13.393308327712
2010-12-13,13.285127083977
2010-12-14,13.249850591454
2010-12-15,13.308644745658
2010-12-16,13.292182382481
2010-12-17,13.520303700793
2010-12-20,13.56263549182
2010-12-21,13.889530989196
2010-12-22,13.710796760415
2010-12-23,13.49913780528
2010-12-27,13.299237680986
2010-12-28,13.414474223226
2010-12-29,13.506193103784
2010-12-30,13.520303700793
2010-12-31,13.33216240734
2011-01-03,13.612022581352
2011-01-04,13.501489571448
2011-01-05,13.901289820036
2011-01-06,14.040044023958
2011-01-07,14.750277406745
2011-01-10,14.804368028613
2011-01-11,14.630337332168
2011-01-12,14.841996287303
2011-01-13,14.976046958889
2011-01-14,15.074821137952
2011-01-18,14.809071560949
2011-01-19,14.740870342072
2011-01-20,14.404567780024
2011-01-21,14.08943111349
2011-01-24,14.289331237784
2011-01-25,14.376346586006
2011-01-26,14.359884222829
2011-01-27,14.778498600763
2011-01-28,14.044747556295
2011-01-31,13.931862780223
2011-02-01,14.639744396841
2011-02-02,14.110597009003
2011-02-03,14.028285193117
2011-02-04,14.442196038715
2011-02-07,14.416326610865
2011-02-08,14.566839645628
2011-02-09,14.667965590859
2011-02-10,14.693835018709
2011-02-11,15.027785814589
2011-02-14,15.171243550847
2011-02-15,15.164188252342
2011-02-16,15.131263525988
2011-02-17,15.222982406546
2011-02-18,15.058358774775
2011-02-22,14.110597009003
2011-02-23,13.482675442103
2011-02-24,13.677872034061
2011-02-25,13.927159247886
2011-02-28,13.981249869754
2011-03-01,13.388604795376
2011-03-02,13.294534148649
2011-03-03,13.828385068823
2011-03-04,13.767239148451
2011-03-07,13.574394322661
2011-03-08,14.279924173111
2011-03-09,14.143521735358
2011-03-10,14.192908824889
2011-03-11,14.275220640775
2011-03-14,14.054154620967
2011-03-15,13.898938053868
2011-03-16,13.673168501724
2011-03-17,13.496786039112
2011-03-18,14.117652307508
2011-03-21,14.39751248152
2011-03-22,14.129411138349
2011-03-23,14.275220640775
2011-03-24,14.312848899466
2011-03-25,14.498638426751
2011-03-28,14.505693725255
2011-03-29,14.759684471417
2011-03-30,14.968991660384
2011-03-31,14.914901038516
2011-04-01,14.747925640577
2011-04-04,14.707945615718
2011-04-05,14.724407978895
2011-04-06,14.879624545994
2011-04-07,14.799664496276
2011-04-08,14.138818203021
2011-04-11,14.112948775171
2011-04-12,14.684427954036
2011-04-13,14.303441834793
2011-04-14,14.174094695544
2011-04-15,14.207019421898
2011-04-18,14.192908824889
2011-04-19,14.148225267694
2011-04-20,14.308145367129
2011-04-21,14.246999446757
2011-04-25,14.334014794979
2011-04-26,14.658558526186
2011-04-27,15.157132953838
2011-04-28,15.157132953838
2011-04-29,15.491083749717
2011-05-02,15.382902505982
2011-05-03,15.608672058126
2011-05-04,15.57809909794
2011-05-05,16.015527605219
2011-05-06,16.11665355045
2011-05-09,16.062562928582
2011-05-10,16.201317132504
2011-05-11,16.300091311567
2011-05-12,16.408272555303
2011-05-13,16.246000689699
2011-05-16,16.060211162414
2011-05-17,16.095487654936
2011-05-18,16.128412381291
2011-05-19,16.405920789134
2011-05-20,16.365940764276
2011-05-23,16.015527605219
2011-05-24,16.008472306714
2011-05-25,15.874421635129
2011-05-26,15.829738077934
2011-05-27,15.857959271952
2011-05-31,15.883828699801
2011-06-01,15.408771933832
2011-06-02,15.446400192522
2011-06-03,15.039544645429
2011-06-06,14.853755118144
2011-06-07,14.983102257393
2011-06-08,14.651503227682
2011-06-09,14.496286660583
2011-06-10,14.475120765069
2011-06-13,14.722056212727
2011-06-14,15.232389471219
2011-06-15,15.058358774775
2011-06-16,15.114801162811
2011-06-17,15.373495441309
2011-06-20,15.738019197375
2011-06-21,15.963788749519
2011-06-22,15.723908600366
2011-06-23,16.128412381291
2011-06-24,15.754481560552
2011-06-27,15.966140515687
2011-06-28,16.144874744468
2011-06-29,16.062562928582
2011-06-30,16.100191187273
2011-07-01,16.250704222035
2011-07-05,16.161337107645
2011-07-06,16.382403127453
2011-07-07,16.250704222035
2011-07-08,16.363588998107
2011-07-11,15.942622854006
2011-07-12,15.770943923729
2011-07-13,15.890883998306
2011-07-14,15.806220416252
2011-07-15,15.78270275457
2011-07-18,15.340570714955
2011-07-19,15.714501535693
2011-07-20,15.451103724859
2011-07-21,15.509897879063
2011-07-22,15.131263525988
2011-07-25,14.797312730108
2011-07-26,14.733815043568
2011-07-27,14.569191411796
2011-07-28,14.275220640775
2011-07-29,14.373994819838
2011-08-01,14.12705937218
2011-08-02,13.42152952173
2011-08-03,13.774294446955
2011-08-04,13.040543402487
2011-08-05,12.951176288097
2011-08-08,12.278571164001
2011-08-09,13.209870566595
2011-08-10,12.311495890355
2011-08-11,12.887678601556
2011-08-12,13.1651870094
2011-08-15,13.513248402289
2011-08-16,13.53676606397
2011-08-17,13.475620143598
2011-08-18,12.668964347917
2011-08-19,12.541968974836
2011-08-22,12.410270069418
2011-08-23,12.854753875202
2011-08-24,12.941769223424
2011-08-25,12.598411362872
2011-08-26,13.167538775568
2011-08-29,13.790756810133
2011-08-30,13.708444994247
2011-08-31,13.576746088829
2011-09-01,13.120503452205
2011-09-02,12.788904422493
2011-09-06,12.692482009598
2011-09-07,13.24279529295
2011-09-08,12.866512706043
2011-09-09,12.69013024343
2011-09-12,12.765386760812
2011-09-13,13.271016486968
2011-09-14,14.002415765268
2011-09-15,14.042395790126
2011-09-16,14.082375814985
2011-09-19,13.910696884709
2011-09-20,13.623781412193
2011-09-21,13.026432805478
2011-09-22,13.040543402487
2011-09-23,13.734314422097
2011-09-26,13.795460342469
2011-09-27,13.800163874805
2011-09-28,13.49913780528
2011-09-29,13.635540243034
2011-09-30,13.238091760613
2011-10-03,12.069263975034
2011-10-04,12.833587979688
2011-10-05,13.1134481537
2011-10-06,13.652002606211
2011-10-07,13.529710765466
2011-10-10,14.120004073676
2011-10-11,14.526859620769
2011-10-12,14.60211613815
2011-10-13,15.110097630474
2011-10-14,14.978398725057
2011-10-17,14.872569247489
2011-10-18,15.185354147856
2011-10-19,14.872569247489
2011-10-20,15.50049081439
2011-10-21,15.514601411399
2011-10-24,16.135467679795
2011-10-25,15.502842580558
2011-10-26,15.413475466168
2011-10-27,15.937919321669
2011-10-28,15.815627480925
2011-10-31,15.646300316816
2011-11-01,15.429937829345
2011-11-02,15.380550739814
2011-11-03,16.184854769327
2011-11-04,16.18015123699
2011-11-07,16.144874744468
2011-11-08,16.264814819044
2011-11-09,15.726260366534
2011-11-10,15.413475466168
2011-11-11,15.992009943537
2011-11-14,15.759185092889
2011-11-15,15.881476933633
2011-11-16,15.549877903922
2011-11-17,15.246500068228
2011-11-18,15.293535391591
2011-11-21,14.999564620571
2011-11-22,14.736166809736
2011-11-23,14.34577362582
2011-11-25,14.411623078529
2011-11-28,14.990157555898
2011-11-29,15.357033078132
2011-11-30,16.325960739417
2011-12-01,16.504694968198
2011-12-02,16.382403127453
2011-12-05,16.716353923333
2011-12-06,16.666966833801
2011-12-07,16.47647377418
2011-12-08,15.970844048024
2011-12-09,16.408272555303
2011-12-12,16.511750266702
2011-12-13,16.542323226888
2011-12-14,16.935068176972
2011-12-15,17.290184868365
2011-12-16,17.911051136762
2011-12-19,17.473622629482
2011-12-20,17.920458201434
2011-12-21,17.993362952647
2011-12-22,17.955734693957
2011-12-23,17.878126410407
2011-12-27,17.779352231344
2011-12-28,17.602969768732
2011-12-29,17.859312281062
2011-12-30,17.659412156768
2012-01-03,17.391310813597
2012-01-04,17.504195589669
2012-01-05,17.69468864929
2012-01-06,17.370144918083
2012-01-09,17.581803873218
2012-01-10,17.379551982756
2012-01-11,17.132616535098
2012-01-12,16.970344669495
2012-01-13,17.05265648538
2012-01-17,17.017379992858
2012-01-18,17.264315440516
2012-01-19,17.407773176774
2012-01-20,17.290184868365
2012-01-23,17.337220191729
2012-01-24,17.46421556481
2012-01-25,17.741723972653
2012-01-26,17.099691808744
2012-01-27,17.534768549855
2012-01-30,17.532416783687
2012-01-31,17.903995838257
2012-02-01,18.268519594323
2012-02-02,18.209725440119
2012-02-03,18.430791459926
2012-02-06,18.209725440119
2012-02-07,18.068619470029
2012-02-08,17.807573425362
2012-02-09,17.880478176575
2012-02-10,17.520657952846
2012-02-13,17.814628723867
2012-02-14,17.873422878071
2012-02-15,17.57945210705
2012-02-16,18.125061858065
2012-02-17,17.962789992461
2012-02-21,17.043249420708
2012-02-22,16.481177306516
2012-02-23,16.278925416053
2012-02-24,15.959085217183
2012-02-27,16.274221883717
2012-02-28,16.34712663493
2012-02-29,16.126060615123
2012-03-01,16.349478401098
2012-03-02,16.253055988204
2012-03-05,16.111950018114
2012-03-06,16.076673525591
2012-03-07,16.081377057927
2012-03-08,16.149578276804
2012-03-09,16.340071336426
2012-03-12,16.173095938486
2012-03-13,16.467066709507
2012-03-14,16.28362894839
2012-03-15,16.923309346131
2012-03-16,16.412976087639
2012-03-19,16.537619694552
2012-03-20,16.603469147261
2012-03-21,16.532916162216
2012-03-22,16.274221883717
2012-03-23,16.316553674744
2012-03-26,16.928012878468
2012-03-27,16.697539793987
2012-03-28,16.965641137158
2012-03-29,17.045601186876
2012-03-30,16.84805282875
2012-04-02,16.763389246696
2012-04-03,16.979751734167
2012-04-04,17.087932977903
2012-04-05,16.970344669495
2012-04-09,16.584655017915
2012-04-10,16.109598251945
2012-04-11,16.208372431008
2012-04-12,16.589358550252
2012-04-13,16.349478401098
2012-04-16,16.415327853807
2012-04-17,16.570544420906
2012-04-18,16.448252580162
2012-04-19,16.316553674744
2012-04-20,16.23189009269
2012-04-23,15.907346361483
2012-04-24,15.968492281855
2012-04-25,16.133115913627
2012-04-26,15.987306411201
2012-04-27,15.992009943537
2012-04-30,15.89793929681
2012-05-01,15.80857218242
2012-05-02,15.531063774576
2012-05-03,15.629837953639
2012-05-04,15.582802630276
2012-05-07,15.770943923729
2012-05-08,16.0390452669
2012-05-09,15.954381684846
2012-05-10,15.992009943537
2012-05-11,16.067266460918
2012-05-14,15.959085217183
2012-05-15,15.813275714756
2012-05-16,15.855607505783
2012-05-17,15.145374122997
2012-05-18,15.211223575706
2012-05-21,15.408771933832
2012-05-22,15.262962431405
2012-05-23,15.159484720006
2012-05-24,15.916753426156
2012-05-25,15.973195814192
2012-05-29,16.053155863909
2012-05-30,15.813275714756
2012-05-31,16.133115913627
2012-06-01,15.902642829147
2012-06-04,15.220630640378
2012-06-05,15.347626013459
2012-06-06,15.742722729711
2012-06-07,15.89793929681
2012-06-08,16.335367804089
2012-06-11,16.260111286708
2012-06-12,16.330664271753
2012-06-13,16.462363177171
2012-06-14,16.561137356234
2012-06-15,16.264814819044
2012-06-18,16.579951485579
2012-06-19,16.819831634732
2012-06-20,16.979751734167
2012-06-21,16.923309346131
2012-06-22,16.993862331176
2012-06-25,16.594062082588
2012-06-26,16.79631397305
2012-06-27,17.045601186876
2012-06-28,16.932716410804
2012-06-29,16.885681087441
2012-07-02,17.134968301266
2012-07-03,17.285481336029
2012-07-05,17.69468864929
2012-07-06,17.854608748726
2012-07-09,16.998565863513
2012-07-10,16.791610440714
2012-07-11,17.214928350984
2012-07-12,17.149078898275
2012-07-13,17.384255515092
2012-07-16,17.525361485182
2012-07-17,17.511250888173
2012-07-18,17.567693276209
2012-07-19,17.163189495284
2012-07-20,16.84805282875
2012-07-23,16.725760988005
2012-07-24,16.316553674744
2012-07-25,16.203668898672
2012-07-26,16.28362894839
2012-07-27,16.499991435861
2012-07-30,16.434141983153
2012-07-31,16.391810192125
2012-08-01,15.977899346528
2012-08-02,15.888532232138
2012-08-03,16.194261833999
2012-08-06,16.391810192125
2012-08-07,16.382403127453
2012-08-08,16.264814819044
2012-08-09,16.137819445963
2012-08-10,16.076673525591
2012-08-13,16.0390452669
2012-08-14,15.977899346528
2012-08-15,16.043748799237
2012-08-16,16.081377057927
2012-08-17,16.076673525591
2012-08-20,16.354181933435
2012-08-21,16.377699595116
2012-08-22,16.213075963345
2012-08-23,16.010824072882
2012-08-24,16.024934669891
2012-08-27,15.94967815251
2012-08-28,15.794461585411
2012-08-29,15.75683332672
2012-08-30,15.780350988402
2012-08-31,15.780350988402
2012-09-04,15.752129794384
2012-09-05,15.912049893819
2012-09-06,16.161337107645
2012-09-07,16.363588998107
2012-09-10,16.377699595116
2012-09-11,16.208372431008
2012-09-12,16.330664271753
2012-09-13,16.401217256798
2012-09-14,16.264814819044
2012-09-17,16.189558301663
2012-09-18,16.029638202228
2012-09-19,16.23189009269
2012-09-20,16.048452331573
2012-09-21,15.86031103812
2012-09-24,15.817979247093
2012-09-25,15.836793376438
2012-09-26,16.810424570059
2012-09-27,16.711650390996
2012-09-28,16.490584371189
2012-10-01,16.542323226888
2012-10-02,16.782203376041
2012-10-03,17.125561236594
2012-10-04,17.069118848558
2012-10-05,17.177300092293
2012-10-08,17.379551982756
2012-10-09,17.134968301266
2012-10-10,17.200817753975
2012-10-11,17.196114221639
2012-10-12,17.318406062383
2012-10-15,17.450104967801
2012-10-16,17.619432131909
2012-10-17,17.765241634335
2012-10-18,17.953382927789
2012-10-19,17.765241634335
2012-10-22,17.911051136762
2012-10-23,17.97690058947
2012-10-24,18.038046509843
2012-10-25,17.953382927789
2012-10-26,18.009825315825
2012-10-31,17.986307654143
2012-11-01,18.343776111704
2012-11-02,18.36259024105
2012-11-05,18.87527526571
2012-11-06,19.500845066443
2012-11-07,19.025788300473
2012-11-08,19.359739096353
2012-11-09,19.138673076545
2012-11-12,19.444402678407
2012-11-13,19.434995613734
2012-11-14,19.058713026827
2012-11-15,19.228040190935
2012-11-16,19.152783673554
2012-11-19,19.533769792797
2012-11-20,19.670172230551
2012-11-21,19.665468698214
2012-11-23,19.985308897085
2012-11-26,19.980605364749
2012-11-27,19.881831185686
2012-11-28,20.018233623439
2012-11-29,20.041751285121
2012-11-30,20.10760073783
2012-12-03,19.990012429421
2012-12-04,20.032344220448
2012-12-05,19.975901832412
2012-12-06,19.999419494094
2012-12-07,19.990012429421
2012-12-10,20.013530091103
2012-12-11,20.4274409367
2012-12-12,20.281631434274
2012-12-13,20.385109145673
2012-12-14,20.300445563619
2012-12-17,20.686135215199
2012-12-18,20.869572976316
2012-12-19,21.071824866778
2012-12-20,21.128267254814
2012-12-21,20.893090637998
2012-12-24,20.766095264917
2012-12-26,20.450958598382
2012-12-27,20.347480886983
2012-12-28,20.098193673157
2012-12-31,20.267520837265
2013-01-02,20.667321085853
2013-01-03,21.053010737433
2013-01-04,21.344629742286
2013-01-07,21.80087237891
2013-01-08,21.636248747138
2013-01-09,21.782058249565
2013-01-10,21.622138150129
2013-01-11,22.03134546339
2013-01-14,21.838500637601
2013-01-15,21.965496010682
2013-01-16,22.097194916099
2013-01-17,22.125416110117
2013-01-18,21.937274816664
2013-01-22,22.191265562826
2013-01-23,21.941978349
2013-01-24,21.819686508255
2013-01-25,21.923164219655
2013-01-28,22.139526707126
2013-01-29,21.805575911246
2013-01-30,21.664469941156
2013-01-31,21.697394667511
2013-02-01,21.904350090309
2013-02-04,21.876128896291
2013-02-05,22.040752528063
2013-02-06,22.304150338898
2013-02-07,22.482884567679
2013-02-08,22.89209188094
2013-02-11,22.953237801312
2013-02-12,22.98145899533
2013-02-13,23.291892129528
2013-02-14,22.910906010285
2013-02-15,23.037901383366
2013-02-19,23.658767651762
2013-02-20,23.164896756447
2013-02-21,23.348334517564
2013-02-22,23.893944268579
2013-02-25,23.306002726537
2013-02-26,23.512958149336
2013-02-27,24.194970338104
2013-02-28,24.246709193804
2013-03-01,24.646509442392
2013-03-04,25.648361830032
2013-03-05,26.269228098428
2013-03-06,26.18926804871
2013-03-07,26.353891680482
2013-03-08,27.045310933923
2013-03-11,26.861873172806
2013-03-12,26.824244914115
2013-03-13,27.967203271845
2013-03-14,28.009535062872
2013-03-15,27.863725560445
2013-03-18,28.493998893514
2013-03-19,28.653918992949
2013-03-20,29.632253718907
2013-03-21,29.091347500228
2013-03-22,29.561700733862
2013-03-25,29.312413520036
2013-03-26,29.533479539844
2013-03-27,29.768656156661
2013-03-28,30.083792823195
2013-04-01,29.914465659087
2013-04-02,27.873132625118
2013-04-03,27.195823968686
2013-04-04,28.160048097634
2013-04-05,27.924871480818
2013-04-08,28.31996819707
2013-04-09,27.774358446055
2013-04-10,28.080088047917
2013-04-11,27.929575013154
2013-04-12,27.816690237082
2013-04-15,26.636103620662
2013-04-16,28.747989639676
2013-04-17,28.145937500625
2013-04-18,27.614438346619
2013-04-19,28.385817649778
2013-04-22,28.023645659881
2013-04-23,28.757396704349
2013-04-24,28.635104863604
2013-04-25,28.334078794079
2013-04-26,28.531627152205
2013-04-29,28.766803769021
2013-04-30,28.992573321165
2013-05-01,28.094198644926
2013-05-02,28.55044128155
2013-05-03,29.505258345826
2013-05-06,31.113866404852
2013-05-07,31.734732673248
2013-05-08,31.66888322054
2013-05-09,30.96335337009
2013-05-10,31.113866404852
2013-05-13,31.005685161117
2013-05-14,30.794026205982
2013-05-15,31.00098162878
2013-05-16,30.079089290859
2013-05-17,30.671734365237
2013-05-20,28.094198644926
2013-05-21,27.534478296902
2013-05-22,27.073532127941
2013-05-23,27.826097301754
2013-05-24,27.576810087929
2013-05-28,26.429148197863
2013-05-29,26.316263421791
2013-05-30,26.452665859545
2013-05-31,26.725470735052
2013-06-03,26.537329441599
2013-06-04,26.579661232626
2013-06-05,25.845910188158
2013-06-06,25.770653670776
2013-06-07,27.002979142896
2013-06-10,26.457369391881
2013-06-11,26.466776456554
2013-06-12,26.527922376926
2013-06-13,26.777209590752
2013-06-14,26.349188148145
2013-06-17,26.024644416938
2013-06-18,26.47147998889
2013-06-19,25.789467800122
2013-06-20,25.192119193407
2013-06-21,24.528921133984
2013-06-24,23.96920078596
2013-06-25,24.077382029696
2013-06-26,23.715210039798
2013-06-27,24.500699939966
2013-06-28,24.458368148939
2013-07-01,24.858168397527
2013-07-02,24.434850487257
2013-07-03,24.373704566885
2013-07-05,24.590067054356
2013-07-08,24.434850487257
2013-07-09,26.306856357118
2013-07-10,27.064125063268
2013-07-11,28.014238595208
2013-07-12,28.724471977994
2013-07-15,28.724471977994
2013-07-16,28.296450535388
2013-07-17,29.02549804752
2013-07-18,29.100754564901
2013-07-19,28.809135560048
2013-07-22,29.237157002655
2013-07-23,29.161900485273
2013-07-24,28.766803769021
2013-07-25,28.395224714451
2013-07-26,29.434705360781
2013-07-29,28.009535062872
2013-07-30,28.352892923424
2013-07-31,28.771507301358
2013-08-01,29.3594488434
2013-08-02,29.78276675367
2013-08-05,29.273175687542
2013-08-06,28.673934341263
2013-08-07,28.815487415187
2013-08-08,29.216554457972
2013-08-09,28.400265065009
2013-08-12,28.598439368503
2013-08-13,27.68778125959
2013-08-14,27.63116003002
2013-08-15,27.324461703185
2013-08-16,27.598130979438
2013-08-19,27.079103041716
2013-08-20,27.574538800451
2013-08-21,27.673625952198
2013-08-22,28.428575679794
2013-08-23,28.782458364605
2013-08-26,28.461604730376
2013-08-27,26.880928738222
2013-08-28,26.814870637057
2013-08-29,27.23952985883
2013-08-30,26.71578348531
2013-09-03,26.654443819943
2013-09-04,27.352772317969
2013-09-05,27.348053882172
2013-09-06,27.074384605918
2013-09-09,27.617004722628
2013-09-10,28.980632668099
2013-09-11,28.673934341263
2013-09-12,27.980324279034
2013-09-13,28.471041601971
2013-09-16,29.070282948251
2013-09-17,29.433602504656
2013-09-18,29.542126527998
2013-09-19,29.527971220606
2013-09-20,29.310923173922
2013-09-23,29.63177680815
2013-09-24,30.075309773113
2013-09-25,29.929038263391
2013-09-26,30.297076255595
2013-09-27,30.004533236151
2013-09-30,29.546844963796
2013-10-01,30.787793578532
2013-10-02,30.62264832562
2013-10-03,30.575463967646
2013-10-04,30.566027096051
2013-10-07,30.490532123291
2013-10-08,28.938166745921
2013-10-09,28.990069539694
2013-10-10,29.438320940454
2013-10-11,29.490223734226
2013-10-14,29.976222621366
2013-10-15,29.584592450176
2013-10-16,30.348979049367
2013-10-17,30.886880730279
2013-10-18,30.919909780861
2013-10-21,31.070899726381
2013-10-22,31.401190232204
2013-10-23,31.627675150483
2013-10-24,32.878060636814
2013-10-25,33.099827119295
2013-10-28,33.080953376105
2013-10-29,33.288564551194
2013-10-30,32.906371251599
2013-10-31,33.340467344967
2013-11-01,34.067106457778
2013-11-04,34.340775734032
2013-11-05,34.170912045322
2013-11-06,33.986893049221
2013-11-07,33.316875165979
2013-11-08,34.321901990842
2013-11-11,34.614445010285
2013-11-12,35.298618200919
2013-11-13,35.260870714539
2013-11-14,35.893141111401
2013-11-15,35.761024909072
2013-11-18,35.869836070986
2013-11-19,35.808334109904
2013-11-20,35.756293988989
2013-11-21,35.950261712401
2013-11-22,36.499048442055
2013-11-25,36.896445729045
2013-11-26,36.41862280064
2013-11-27,36.99106413071
2013-11-29,36.778172726965
2013-12-02,36.399699120307
2013-12-03,35.884028831236
2013-12-04,35.283201980667
2013-12-05,35.207507259335
2013-12-06,34.776993531762
2013-12-09,35.339973021665
2013-12-10,35.023001376089
2013-12-11,34.758069851429
2013-12-12,34.209283121775
2013-12-13,34.171435761109
2013-12-16,34.180897601276
2013-12-17,33.43814314821
2013-12-18,33.45233590846
2013-12-19,33.386103027295
2013-12-20,34.772262611679
2013-12-23,34.218744961942
2013-12-24,34.601949488683
2013-12-26,34.45056004602
2013-12-27,34.067355519279
2013-12-30,34.081548279528
2013-12-31,34.710760650597
2014-01-02,34.620873169016
2014-01-03,35.254816460167
2014-01-06,35.023001376089
2014-01-07,35.004077695756
2014-01-08,35.86037423082
2014-01-09,36.612590524052
2014-01-10,37.412116018116
2014-01-13,36.640976044551
2014-01-14,37.554043620613
2014-01-15,37.246533815204
2014-01-16,37.454694298865
2014-01-17,37.142453573373
2014-01-21,37.875746186272
2014-01-22,38.732042721335
2014-01-23,38.486034877008
2014-01-24,37.68177846286
2014-01-27,37.279650255786
2014-01-28,37.625007421861
2014-01-29,36.305080718642
2014-01-30,36.84440560813
2014-01-31,37.407385098033
2014-02-03,35.335242101582
2014-02-04,35.775217669322
2014-02-05,35.529209824994
2014-02-06,36.115843915314
2014-02-07,36.81602008763
2014-02-10,36.290887958393
2014-02-11,36.66936156505
2014-02-12,37.014718731126
2014-02-13,37.591890981279
2014-02-14,38.552267758173
2014-02-18,37.364806817284
2014-02-19,37.062027931958
2014-02-20,37.927786307187
2014-02-21,38.694195360669
2014-02-24,39.624298658522
2014-02-25,40.37882123178
2014-02-26,40.753709805915
2014-02-27,40.953017655455
2014-02-28,41.114362105082
2014-03-03,40.862854580663
2014-03-04,42.286482077376
2014-03-05,42.457317376982
2014-03-06,43.154894850371
2014-03-07,42.424099402058
2014-03-10,42.196319002584
2014-03-11,42.144119327705
2014-03-12,42.153610177683
2014-03-13,41.479759829238
2014-03-14,43.415893224769
2014-03-17,43.610455649319
2014-03-18,43.923653698596
2014-03-19,43.838236048794
2014-03-20,43.85721774875
2014-03-21,43.069477200568
2014-03-24,43.335220999955
2014-03-25,44.051780173301
2014-03-26,43.667400749188
2014-03-27,43.45860204967
2014-03-28,43.055240925601
2014-03-31,44.279560572775
2014-04-01,44.654449146909
2014-04-02,45.024592296055
2014-04-03,44.991374321131
2014-04-04,43.814508923848
2014-04-07,42.623407251598
2014-04-08,43.093204325514
2014-04-09,45.100519095879
2014-04-10,43.501310874571
2014-04-11,42.955587000831
2014-04-14,42.400372277113
2014-04-15,42.637643526565
2014-04-16,43.809763498859
2014-04-17,44.10397984818
2014-04-21,43.952126248531
2014-04-22,44.507340972249
2014-04-23,45.537098194872
2014-04-24,44.962901771197
2014-04-25,44.336505672643
2014-04-28,44.308033122709
2014-04-29,44.578522347085
2014-04-30,44.644958296931
2014-05-01,45.54658904485
2014-05-02,45.366262895266
2014-05-05,45.162209620737
2014-05-06,44.934429221263
2014-05-07,44.640212871942
2014-05-08,44.939174646252
2014-05-09,44.920192946296
2014-05-12,46.452965217757
2014-05-13,46.419747242834
2014-05-14,46.04011324371
2014-05-15,45.389990020211
2014-05-16,45.489643944981
2014-05-19,46.155740603521
2014-05-20,45.584800610487
2014-05-21,45.737051275296
2014-05-22,46.199764455699
2014-05-23,46.772193132486
2014-05-27,46.853287195031
2014-05-28,47.420945632845
2014-05-29,47.420945632845
2014-05-30,46.967772930388
2014-06-02,47.735781405078
2014-06-03,47.64991710356
2014-06-04,47.335081331327
2014-06-05,47.17766344521
2014-06-06,47.659457581506
2014-06-09,47.230136073916
2014-06-10,47.101339621639
2014-06-11,46.194994216726
2014-06-12,44.348911734087
2014-06-13,45.384053591277
2014-06-16,44.558802248909
2014-06-17,45.288648811813
2014-06-18,45.393594069224
2014-06-19,45.260027377973
2014-06-20,45.326810723598
2014-06-23,44.754382046811
2014-06-24,44.644666550427
2014-06-25,45.460377414849
2014-06-26,45.097839252883
2014-06-27,45.498539326635
2014-06-30,45.341121440518
2014-07-01,46.547991900744
2014-07-02,45.703659602483
2014-07-03,46.175913260833
2014-07-07,45.150311881589
2014-07-08,46.171143021859
2014-07-09,46.204534694672
2014-07-10,46.757882415566
2014-07-11,47.072718187799
2014-07-14,47.463877783604
2014-07-15,47.492499217443
2014-07-16,47.168122967264
2014-07-17,46.490749033066
2014-07-18,46.490749033066
2014-07-21,46.1282108711
2014-07-22,46.624315724316
2014-07-23,47.406634915925
2014-07-24,42.960772192878
2014-07-25,43.666767560916
2014-07-28,43.580903259397
2014-07-29,44.05792715672
2014-07-30,42.836745979574
2014-07-31,41.949481530554
2014-08-01,42.407424471984
2014-08-04,41.501079067071
2014-08-05,40.756921787247
2014-08-06,40.966812302069
2014-08-07,40.795083699033
2014-08-08,41.224405206624
2014-08-11,41.863617229036
2014-08-12,41.66326719216
2014-08-13,42.617314986806
2014-08-14,43.122960317968
2014-08-15,43.490268718906
2014-08-18,44.973108941394
2014-08-19,44.772208008025
2014-08-20,45.097476185861
2014-08-21,44.035571252337
2014-08-22,44.475639963527
2014-08-25,44.85830840804
2014-08-26,44.274739030158
2014-08-27,44.48520667464
2014-08-28,44.513906807979
2014-08-29,44.332139296835
2014-09-02,46.149814408272
2014-09-03,45.480144630374
2014-09-04,45.566245030389
2014-09-05,45.097476185861
2014-09-08,45.279243697005
2014-09-09,44.580873785768
2014-09-10,45.43231107481
2014-09-11,45.307943830343
2014-09-12,45.221843430328
2014-09-15,44.255605607932
2014-09-16,44.724374452461
2014-09-17,44.159938496804
2014-09-18,44.810474852476
2014-09-19,44.217338763481
2014-09-22,43.251100941086
2014-09-23,42.189196007562
2014-09-24,42.897132629911
2014-09-25,41.825660985274
2014-09-26,42.495330763172
2014-09-29,41.950028229741
2014-09-30,41.653460185244
2014-10-01,40.888123296218
2014-10-02,41.060324096248
2014-10-03,42.237029563126
2014-10-06,41.605626629679
2014-10-07,40.945523562894
2014-10-08,41.002923829571
2014-10-09,40.830723029541
2014-10-10,40.620255385058
2014-10-13,39.77838480713
2014-10-14,40.840289740653
2014-10-15,40.170619962756
2014-10-16,41.902194674177
2014-10-17,42.763198674331
2014-10-20,44.217338763481
2014-10-21,45.327077252569
2014-10-22,44.743507874686
2014-10-23,47.785722008565
2014-10-24,48.024889786386
2014-10-27,49.574696986663
2014-10-28,50.502667964607
2014-10-29,50.617468497961
2014-10-30,49.880831742274
2014-10-31,50.923603253572
2014-11-03,52.071608587111
2014-11-04,52.990012853942
2014-11-05,51.631539875921
2014-11-06,52.999579565055
2014-11-07,52.750845076122
2014-11-10,53.879716987435
2014-11-11,53.707516187404
2014-11-12,53.736216320743
2014-11-13,53.803183298532
2014-11-14,53.061763187288
2014-11-17,52.601523824623
2014-11-18,53.560355830176
2014-11-19,52.54399390429
2014-11-20,52.00704798118
2014-11-21,52.256344302624
2014-11-24,53.052174867233
2014-11-25,53.608297430453
2014-11-26,53.886358712064
2014-11-28,56.599853287778
2014-12-01,53.128881427677
2014-12-02,52.975468306789
2014-12-03,54.423304635173
2014-12-04,54.404127995062
2014-12-05,54.90272063795
2014-12-08,55.075310398949
2014-12-09,54.078125113174
2014-12-10,52.917938386455
2014-12-11,53.665827350787
2014-12-12,53.512414229898
2014-12-15,55.276665120115
2014-12-16,53.387766069176
2014-12-17,53.72335727112
2014-12-18,54.020595192841
2014-12-19,53.848005431842
2014-12-22,54.394539675007
2014-12-23,54.413716315118
2014-12-24,56.302615366057
2014-12-26,56.590264967722
2014-12-29,57.271035691665
2014-12-30,57.309388971887
2014-12-31,57.299800651831
2015-01-02,57.846334894997
2015-01-05,57.021739370221
2015-01-06,56.350556966334
2015-01-07,57.213505771332
2015-01-08,58.201102737051
2015-01-09,57.271035691665
2015-01-12,58.114807856551
2015-01-13,58.881873460993
2015-01-14,59.006521621715
2015-01-15,58.939403381327
2015-01-16,59.783175546213
2015-01-20,61.940547558707
2015-01-21,62.304903720817
2015-01-22,65.143046457253
2015-01-23,65.823817181195
2015-01-26,67.540126471135
2015-01-27,66.830590787026
2015-01-28,65.871758781473
2015-01-29,68.144190634633
2015-01-30,65.075928216864
2015-02-02,64.54857061381
2015-02-03,62.496670121927
2015-02-04,63.954094770367
2015-02-05,64.069154611034
2015-02-06,63.206205806036
2015-02-09,60.895420672654
2015-02-10,62.678848202982
2015-02-11,61.854252678207
2015-02-12,60.166708348434
2015-02-13,59.984530267379
2015-02-17,59.668115705547
2015-02-18,61.202246914431
2015-02-19,60.348886429489
2015-02-20,61.691251237263
2015-02-23,61.691251237263
2015-02-24,61.970179563718
2015-02-25,61.01797596651
2015-02-26,61.537359746805
2015-02-27,61.219958547736
2015-03-02,62.941619597232
2015-03-03,63.634131304292
2015-03-04,63.259020796302
2015-03-05,62.172162144944
2015-03-06,61.296904292965
2015-03-09,61.537359746805
2015-03-10,61.720105891724
2015-03-11,62.595363743702
2015-03-12,64.547862028886
2015-03-13,64.115042211973
2015-03-16,64.990300063952
2015-03-17,66.173340896846
2015-03-18,65.375028790096
2015-03-19,65.740521079933
2015-03-20,66.057922279003
2015-03-23,64.913354318723
2015-03-24,64.422825192889
2015-03-25,62.133689272329
2015-03-26,62.143307490483
2015-03-27,63.085892869537
2015-03-30,63.672604176907
2015-03-31,63.6533677406
2015-04-01,61.556596183112
2015-04-02,60.662101894827
2015-04-06,60.017681278535
2015-04-07,60.363937132065
2015-04-08,62.335671853555
2015-04-09,61.700869455417
2015-04-10,61.498886874191
2015-04-13,60.91217556682
2015-04-14,60.142718114532
2015-04-15,59.652188988697
2015-04-16,61.075685275432
2015-04-17,60.56591971329
2015-04-20,60.979503093896
2015-04-21,62.451090471398
2015-04-22,61.854760945874
2015-04-23,63.807259231058
2015-04-24,65.692429989165
2015-04-27,64.82679035534
2015-04-28,63.932296067054
2015-04-29,62.845437415696
2015-04-30,61.614305492034
2015-05-01,62.806964543082
2015-05-04,62.066361745254
2015-05-05,60.56591971329
2015-05-06,60.825611603438
2015-05-07,62.479945125859
2015-05-08,63.739931703982
2015-05-11,63.797641012904
2015-05-12,62.691545925239
2015-05-13,62.239489672019
2015-05-14,63.605276649832
2015-05-15,63.961150721515
2015-05-18,64.999918282105
2015-05-19,64.624807774114
2015-05-20,61.701786911962
2015-05-21,62.40601306027
2015-05-22,62.126251987654
2015-05-26,60.167924479348
2015-05-27,61.161558633809
2015-05-28,61.489554374116
2015-05-29,62.357778392577
2015-06-01,63.756583755653
2015-06-02,63.399647214731
2015-06-03,63.534704284269
2015-06-04,63.197061610423
2015-06-05,63.3417656135
2015-06-08,60.322275415963
2015-06-09,58.508651910734
2015-06-10,58.614768179657
2015-06-11,59.637343134733
2015-06-12,61.258027969193
2015-06-15,60.447685551963
2015-06-16,60.081102077502
2015-06-17,59.83992873904
2015-06-18,61.730727712578
2015-06-19,62.367425326116
2015-06-22,63.881993891653
2015-06-23,64.171401897807
2015-06-24,63.862700024576
2015-06-25,63.119886142115
2015-06-26,62.4638946615
2015-06-29,61.605317576578
2015-06-30,62.15519278827
2015-07-01,62.02978265227
2015-07-02,62.7147149335
2015-07-06,63.824112290423
2015-07-07,65.058919783345
2015-07-08,63.785524556269
2015-07-09,64.190695764884
2015-07-10,68.059116113805
2015-07-13,69.699094815342
2015-07-14,71.020724710111
2015-07-15,71.117194045495
2015-07-16,72.052946598725
2015-07-17,72.130122067033
2015-07-20,71.52236525411
2015-07-21,72.303766870725
2015-07-22,73.152697022109
2015-07-23,71.184722580264
2015-07-24,71.483777519956
2015-07-27,70.441908697803
2015-07-28,71.696010057802
2015-07-29,72.139769000571
2015-07-30,72.506352475033
2015-07-31,73.075521553802
2015-08-03,75.265375467031
2015-08-04,75.02420212857
2015-08-05,76.239715754415
2015-08-06,75.004908261493
2015-08-07,75.236434666416
2015-08-10,75.853838412877
2015-08-11,77.136880573491
2015-08-12,75.767016011031
2015-08-13,76.490536026415
2015-08-14,76.982529636876
2015-08-17,78.829723501279
2015-08-18,78.829723501279
2015-08-19,78.326822553902
2015-08-20,76.411930485045
2015-08-21,73.636304102409
2015-08-24,70.696267794669
2015-08-25,72.098587744084
2015-08-26,73.810385199578
2015-08-27,73.733015823058
2015-08-28,73.317155424266
2015-08-31,72.398394078097
2015-09-01,72.340367045708
2015-09-02,76.237849387876
2015-09-03,75.502840310941
2015-09-04,75.996070086253
2015-09-08,78.568601855525
2015-09-09,79.081173974967
2015-09-10,78.61695771585
2015-09-11,79.177885695616
2015-09-14,78.085043252279
2015-09-15,77.117926045785
2015-09-16,76.527984549824
2015-09-17,77.069570185461
2015-09-18,76.150808839292
2015-09-21,79.390651481045
2015-09-22,76.063768290707
2015-09-23,77.437074723928
2015-09-24,76.38291696885
2015-09-25,78.046358564019
2015-09-28,75.541524999201
2015-09-29,75.802646644954
2015-09-30,76.837462055902
2015-10-01,77.591813476967
2015-10-02,76.653709786668
2015-10-05,78.249453177383
2015-10-06,72.079245399955
2015-10-07,73.471894177305
2015-10-08,73.268799563941
2015-10-09,73.42353831698
2015-10-12,75.425470934422
2015-10-13,71.489303903994
2015-10-14,71.034758816942
2015-10-15,73.48156534937
2015-10-16,73.336497768396
2015-10-19,74.342299663149
2015-10-20,73.974795124682
2015-10-21,72.272668841253
2015-10-22,73.471894177305
2015-10-23,76.489299861565
2015-10-26,76.556998066019
2015-10-27,75.386786246162
2015-10-28,72.71754275624
2015-10-29,73.278470736006
2015-10-30,73.742686995123
2015-11-02,74.593750136837
2015-11-03,75.125664600409
2015-11-04,74.864542954656
2015-11-05,75.493169138876
2015-11-06,75.512511483006
2015-11-09,74.767831234006
2015-11-10,75.986398914188
2015-11-11,75.019281707695
2015-11-12,74.158547393915
2015-11-13,73.655646446539
2015-11-16,74.518647043398
2015-11-17,75.187714921862
2015-11-18,75.721029897449
2015-11-19,76.826446392302
2015-11-20,79.3766616392
2015-11-23,77.970649430834
2015-11-24,77.185221921333
2015-11-25,77.194918557253
2015-11-27,77.34036809605
2015-11-30,77.31127818829
2015-12-01,78.707593760737
2015-12-02,79.221515464484
2015-12-03,78.106402333711
2015-12-04,82.334135594729
2015-12-07,83.711057895336
2015-12-08,83.022596745032
2015-12-09,80.976606565962
2015-12-10,81.800820619142
2015-12-11,80.259055507899
2015-12-14,79.657864080874
2015-12-15,79.638470809034
2015-12-16,80.23966223606
2015-12-17,78.668807217058
2015-12-18,77.524604178525
2015-12-21,79.997246338065
2015-12-22,79.240908736324
2015-12-23,79.667560716793
2015-12-24,79.628774173114
2015-12-28,79.919673250707
2015-12-29,80.259055507899
2015-12-30,78.96940293057
2015-12-31,78.067615790032
2016-01-04,76.021625610962
2016-01-05,74.751366305472
2016-01-06,75.827692892566
2016-01-07,71.745409170345
2016-01-08,68.24492360331
2016-01-11,68.526126044983
2016-01-12,68.884901574014
2016-01-13,65.607438633133
2016-01-14,66.664371948388
2016-01-15,66.644978676548
2016-01-19,65.015943842028
2016-01-20,65.122606837145
2016-01-21,70.407273413417
2016-01-22,70.649689311412
2016-01-25,67.672822084044
2016-01-26,69.166104015687
2016-01-27,67.895844710198
2016-01-28,66.489832501832
2016-01-29,68.264316875149
2016-02-01,68.157653880032
2016-02-02,65.898337710726
2016-02-03,65.229269832263
2016-02-04,66.819518123104
2016-02-05,62.601481498006
2016-02-08,61.146986110041
2016-02-09,63.639021541421
2016-02-10,64.812314487713
2016-02-11,64.90928084691
2016-02-12,66.363776234875
2016-02-16,67.488586001568
2016-02-17,69.592755996157
2016-02-18,70.126070971744
2016-02-19,70.412121731377
2016-02-22,70.460789219442
2016-02-23,70.801461635891
2016-02-24,71.638542430597
2016-02-25,72.91363061788
2016-02-26,72.582691699043
2016-02-29,71.930547358982
2016-03-01,75.016066102257
2016-03-02,75.201002556901
2016-03-03,76.164618820573
2016-03-04,75.600075959028
2016-03-07,75.142601571224
2016-03-08,74.363921762195
2016-03-09,75.259403542578
2016-03-10,74.354188264583
2016-03-11,78.617460219012
2016-03-14,77.663577452953
2016-03-15,77.85824740521
2016-03-16,78.383856276304
2016-03-17,78.821863668882
2016-03-18,79.843880918232
2016-03-21,80.067751363327
2016-03-22,79.843880918232
2016-03-23,78.958132635462
2016-03-24,78.442257261981
2016-03-28,79.318272047138
2016-03-29,80.155352841843
2016-03-30,80.135885846617
2016-03-31,79.834147420619
2016-04-01,79.824413923006
2016-04-04,76.816763160634
2016-04-05,77.556508979211
2016-04-06,77.51757498876
2016-04-07,76.193819313412
2016-04-08,76.97249912244
2016-04-11,76.388489265669
2016-04-12,77.137968581859
2016-04-13,79.688144956426
2016-04-14,79.678411458813
2016-04-15,80.184553334681
2016-04-18,80.048284368102
2016-04-19,79.931482396747
2016-04-20,79.425340520879
2016-04-21,77.264504050826
2016-04-22,74.762995164322
2016-04-25,72.465889727689
2016-04-26,72.368554751561
2016-04-27,71.619075435371
2016-04-28,70.090916310153
2016-04-29,68.553023687322
2016-05-02,68.650358663451
2016-05-03,68.533556692097
2016-05-04,67.258468504813
2016-05-05,67.297402495264
2016-05-06,66.684192145655
2016-05-09,66.966463576427
2016-05-10,67.482338949909
2016-05-11,65.798443862885
2016-05-12,63.822543847476
2016-05-13,64.494155182763
2016-05-16,64.542822670827
2016-05-17,63.696008378509
2016-05-18,64.649891144568
2016-05-19,63.647340890445
2016-05-20,63.739809117767
2016-05-23,63.866878205105
2016-05-24,65.362383617621
2016-05-25,65.40148179834
2016-05-26,64.648841819492
2016-05-27,65.313510891722
2016-05-31,64.902979994168
2016-06-01,64.472900006255
2016-06-02,64.453350915895
2016-06-03,63.612740030429
2016-06-06,63.739809117767
2016-06-07,64.834558177909
2016-06-08,64.893205448988
2016-06-09,65.978179963951
2016-06-10,65.41125634352
2016-06-13,62.840550961221
2016-06-14,60.133001946404
2016-06-15,59.78111831993
2016-06-16,59.008929250722
2016-06-17,58.529976536909
2016-06-20,58.138994729716
2016-06-21,59.09690015734
2016-06-22,58.334485633313
2016-06-23,57.806660193601
2016-06-24,55.216405720942
2016-06-27,54.405118471015
2016-06-28,55.431445714899
2016-06-29,56.389351142524
2016-06-30,56.975823853314
2016-07-01,57.415678386407
2016-07-05,57.308158389429
2016-07-06,57.22018748281
2016-07-07,58.129220184536
2016-07-08,58.51042744655
2016-07-11,58.803663801945
2016-07-12,61.823998262517
2016-07-13,61.745801901078
2016-07-14,63.397700036472
2016-07-15,63.573641849709
2016-07-18,62.791678235322
2016-07-19,62.430020063667
2016-07-20,62.058587346833
2016-07-21,63.251081858774
2016-07-22,63.143561861796
2016-07-25,63.925525476184
2016-07-26,65.030049081506
2016-07-27,66.339838135605
2016-07-28,66.916536301216
2016-07-29,65.704492698915
2016-08-01,66.124798141649
2016-08-02,63.427023672012
2016-08-03,63.632289120788
2016-08-04,63.632289120788
2016-08-05,64.736812726111
2016-08-08,64.375154554457
2016-08-09,63.52476912381
2016-08-10,63.378150946112
2016-08-11,64.619518183953
2016-08-12,63.905976385824
2016-08-15,64.629292729133
2016-08-16,64.78079817942
2016-08-17,66.105859960363
2016-08-18,66.449394496163
2016-08-19,65.831032331723
2016-08-22,65.624911610243
2016-08-23,66.105859960363
2016-08-24,66.665330490094
2016-08-25,67.077571933054
2016-08-26,66.027337780751
2016-08-29,65.801586514369
2016-08-30,66.302165409391
2016-08-31,66.282534864488
2016-09-01,66.0175225083
2016-09-02,66.949973391186
2016-09-06,67.725379914848
2016-09-07,69.717880222488
2016-09-08,70.002523123579
2016-09-09,67.587966100528
2016-09-12,68.500786438511
2016-09-13,67.057941388151
2016-09-14,65.418790888763
2016-09-15,65.575835247986
2016-09-16,64.486340005877
2016-09-19,64.476524733426
2016-09-20,64.290034556849
2016-09-21,65.46786725102
2016-09-22,64.820059269226
2016-09-23,64.555046913037
2016-09-26,63.40666003622
2016-09-27,64.770982906969
2016-09-28,64.977103628449
2016-09-29,64.103544380272
2016-09-30,64.6433843651
2016-10-03,65.850662876626
2016-10-04,67.440737013757
2016-10-05,67.0481261157
2016-10-06,67.813717366911
2016-10-07,66.851820666671
2016-10-10,68.618569707928
2016-10-11,68.049283905745
2016-10-12,69.128963875402
2016-10-13,71.612227805614
2016-10-14,70.974235096271
2016-10-17,70.611070015568
2016-10-18,70.777929647242
2016-10-19,72.102991428185
2016-10-20,73.899186286796
2016-10-21,73.182671397842
2016-10-24,72.250220514956
2016-10-25,71.062572548334
2016-10-26,69.816032947002
2016-10-27,69.806217674551
2016-10-28,70.454025656345
2016-10-31,70.885897644208
2016-11-01,70.110491120545
2016-11-02,69.649173315328
2016-11-03,68.373187896642
2016-11-04,68.962104243728
2016-11-07,71.229432180008
2016-11-08,71.366845994328
2016-11-09,71.828163799545
2016-11-10,73.855017560765
2016-11-11,74.111150741581
2016-11-14,76.672482549744
2016-11-15,77.076384873339
2016-11-16,76.613374892633
2016-11-17,77.677312720639
2016-11-18,78.288091844124
2016-11-21,77.608353787342
2016-11-22,80.317454738284
2016-11-23,81.726187232774
2016-11-25,81.519310432883
2016-11-28,81.204069594956
2016-11-29,81.548864261439
2016-11-30,81.046449175992
2016-12-01,81.627674470921
2016-12-02,83.568375879414
2016-12-05,81.883807651737
2016-12-06,83.538822050858
2016-12-07,86.366138316023
2016-12-08,87.233050620324
2016-12-09,88.434906314924
2016-12-12,85.44011835461
2016-12-13,85.578036221203
2016-12-14,85.095323688127
2016-12-15,88.779700981407
2016-12-16,87.410373591659
2016-12-19,88.986577781297
2016-12-20,90.198284752082
2016-12-21,89.764828599932
2016-12-22,87.774870810513
2016-12-23,89.08509054315
2016-12-27,89.193454581188
2016-12-28,87.370968486918
2016-12-29,87.213348067954
2016-12-30,87.410373591659
2017-01-03,86.691230430136
2017-01-04,87.853681019995
2017-01-05,86.45479980169
2017-01-06,85.686400259241
2017-01-09,86.169112792318
2017-01-10,90.631740904233
2017-01-11,92.404970617577
2017-01-12,91.873001703574
2017-01-13,92.917236979209
2017-01-17,92.020770846352
2017-01-18,91.547909589461
2017-01-19,92.818724217357
2017-01-20,93.301436750434
2017-01-23,91.685827456054
2017-01-24,91.478950656164
2017-01-25,91.991217017796
2017-01-26,94.473738616478
2017-01-27,93.715190350214
2017-01-30,92.759616560245
2017-01-31,92.424673169947
2017-02-01,92.237498922428
2017-02-02,93.124113779099
2017-02-03,92.690657626949
2017-02-06,93.705339074029
2017-02-07,92.700508903134
2017-02-08,95.754404520559
2017-02-09,96.946408938974
2017-02-10,95.902173663338
2017-02-13,96.562209167749
2017-02-14,94.867789663887
2017-02-15,95.517973892113
2017-02-16,95.547527720669
2017-02-17,95.458591145068
2017-02-21,95.468472986802
2017-02-22,96.100910857742
2017-02-23,94.756980381994
2017-02-24,95.863746656139
2017-02-27,96.683939520015
2017-02-28,96.664175836548
2017-03-01,99.055581536042
2017-03-02,95.221426943465
2017-03-03,97.770942110694
2017-03-06,95.488236670268
2017-03-07,93.996078568518
2017-03-08,94.075133302386
2017-03-09,93.660095949581
2017-03-10,95.468472986802
2017-03-13,95.438827461601
2017-03-14,93.383404381045
2017-03-15,94.233242770121
2017-03-16,93.027658078641
2017-03-17,92.256874423432
2017-03-20,93.699623316515
2017-03-21,91.021644206752
2017-03-22,91.822073387161
2017-03-23,92.93872150304
2017-03-24,93.581041215714
2017-03-27,93.877496467717
2017-03-28,95.191781418265
2017-03-29,93.185767546376
2017-03-30,92.553329675436
2017-03-31,91.13034446582
2017-04-03,91.278572091821
2017-04-04,89.153976119131
2017-04-05,88.985984809662
2017-04-06,88.373310622189
2017-04-07,88.116382737119
2017-04-10,87.987918794585
2017-04-11,87.790281959916
2017-04-12,87.612408808714
2017-04-13,85.309939684821
2017-04-17,85.883086505361
2017-04-18,85.50757651949
2017-04-19,86.159778073897
2017-04-20,87.325835398444
2017-04-21,88.057091686719
2017-04-24,89.608540838869
2017-04-25,90.359560810611
2017-04-26,87.207253297642
2017-04-27,83.926481842139
2017-04-28,84.084591309874
2017-05-01,83.422507913733
2017-05-02,85.468049152556
2017-05-03,85.576749411624
2017-05-04,84.420573928811
2017-05-05,84.232818935876
2017-05-08,82.543023999457
2017-05-09,83.214989237331
2017-05-10,82.20704138052
2017-05-11,82.661606100258
2017-05-12,82.602315049858
2017-05-15,83.867190791738
2017-05-16,83.72884500747
2017-05-17,81.218857207175
2017-05-18,82.058813754518
2017-05-19,83.867190791738
2017-05-22,84.571290418818
2017-05-23,85.067135226621
2017-05-24,83.83744010327
2017-05-25,85.860486919105
2017-05-26,85.900154503729
2017-05-30,85.096885915089
2017-05-31,86.326581038439
2017-06-01,87.496774784854
2017-06-02,88.567799569707
2017-06-05,88.557882673551
2017-06-06,88.458713711991
2017-06-07,90.928020854848
2017-06-08,89.787577796902
2017-06-09,89.182647131383
2017-06-12,88.300043373494
2017-06-13,88.171123723465
2017-06-14,88.428963023523
2017-06-15,87.675278915663
2017-06-16,88.002536488812
2017-06-19,90.015666408491
2017-06-20,88.647134738956
2017-06-21,90.075167785427
2017-06-22,90.263588812392
2017-06-23,90.868519477912
2017-06-26,90.114835370052
2017-06-27,88.181040619621
2017-06-28,87.675278915663
2017-06-29,88.35954475043
2017-06-30,89.01405989673
2017-07-03,89.470237119908
2017-07-05,90.52142811245
2017-07-06,90.640430866322
2017-07-07,93.10973800918
2017-07-10,92.167632874355
2017-07-11,90.809018100975
2017-07-12,93.843588324727
2017-07-13,92.960984566839
2017-07-14,91.860209093517
2017-07-17,91.314779804934
2017-07-18,89.995832616179
2017-07-19,89.519821600688
2017-07-20,88.35954475043
2017-07-21,87.516608577166
2017-07-24,86.286913453815
2017-07-25,86.405916207688
2017-07-26,86.991013080895
2017-07-27,87.248852380952
2017-07-28,85.602647619048
2017-07-31,84.521705938038
2017-08-01,84.799379030407
2017-08-02,84.928298680436
2017-08-03,84.283700430293
2017-08-04,85.156387292025
2017-08-07,85.285306942054
2017-08-08,84.442370768789
2017-08-09,83.639102180149
2017-08-10,83.093672891566
2017-08-11,83.768021830178
2017-08-14,84.382869391853
2017-08-15,83.212675645439
2017-08-16,83.113506683878
2017-08-17,79.355003040734
2017-08-18,78.095557228916
2017-08-21,77.627680722892
2017-08-22,76.761611445783
2017-08-23,74.571551204819
2017-08-24,73.187831325301
2017-08-25,75.18875
2017-08-28,73.974262048193
2017-08-29,74.043945783133
2017-08-30,73.795075301205
2017-08-31,74.322680722892
2017-09-01,74.81046686747
2017-09-05,72.719954819277
2017-09-06,73.347108433735
2017-09-07,72.829457831325
2017-09-08,73.964307228916
2017-09-11,75.248478915663
2017-09-12,75.975180722892
2017-09-13,75.865677710843
2017-09-14,77.139894578313
2017-09-15,74.939879518072
2017-09-18,72.739864457831
2017-09-19,71.913614457831
2017-09-20,72.670180722892
2017-09-21,72.580587349398
2017-09-22,74.412274096386
2017-09-25,74.452093373494
2017-09-26,74.621325301205
2017-09-27,74.760692771084
2017-09-28,75.527213855422
2017-09-29,75.925406626506
2017-10-02,76.681972891566
2017-10-03,79.787876506024
2017-10-04,80.474759036145
2017-10-05,79.38968373494
2017-10-06,80.196024096386
2017-10-09,80.046701807229
2017-10-10,80.315481927711
2017-10-11,81.151686746988
2017-10-12,80.036746987952
2017-10-13,80.59421686747
2017-10-16,80.106430722892
2017-10-17,80.156204819277
2017-10-18,80.066611445783
2017-10-19,78.473840361446
2017-10-20,79.329954819277
2017-10-23,78.384246987952
2017-10-24,79.031310240964
2017-10-25,68.678298192771
2017-10-26,65.084608433735
2017-10-27,66.279186746988
2017-10-30,66.159728915663
2017-10-31,65.731671686747
2017-11-01,65.482801204819
2017-11-02,63.362424698795
2017-11-03,63.362424698795
2017-11-06,63.651114457831
2017-11-07,61.918975903614
2017-11-09,62.098162650602
2017-11-10,62.137981927711
2017-11-13,61.441144578313
2017-11-14,61.401325301205
2017-11-15,64.148855421687
2017-11-16,65.572394578313
2017-11-17,66.1
2017-11-20,66.1
2017-11-21,66.19
2017-11-22,65.58
2017-11-24,65.4
2017-11-27,65.36
2017-11-28,67.29
2017-11-29,69.11
2017-11-30,69.17
2017-12-01,66.91
2017-12-04,68.28
2017-12-05,68.1
2017-12-06,67.83
2017-12-07,69.37
2017-12-08,69.74
2017-12-11,69.72
2017-12-12,69.8
2017-12-13,69.02
2017-12-14,69.39
2017-12-15,70.83
2017-12-18,73.56
2017-12-19,73.19
2017-12-20,73.77
2017-12-21,74.69
2017-12-22,74.28
2017-12-26,74.84
2017-12-27,74.37
2017-12-28,74.57
2017-12-29,73.51
2018-01-02,75.01
2018-01-03,74.66
2018-01-04,73.85
2018-01-05,73.74
2018-01-08,72.75
2018-01-09,71.29
2018-01-10,72.05
2018-01-11,74.81
2018-01-12,73.52
2018-01-16,71.28
2018-01-17,70.82
2018-01-18,69.79
2018-01-19,68.88
2018-01-22,68.55
2018-01-23,69.47
2018-01-24,64.69
2018-01-25,62.07
2018-01-26,64.54
2018-01-29,65.48
2018-01-30,64.2
2018-01-31,65.73
2018-02-01,64.08
2018-02-02,64.56
2018-02-05,62.74
2018-02-06,63.19
2018-02-07,64.23
2018-02-08,64.04
2018-02-09,64.72
2018-02-12,66.01
2018-02-13,66.89
2018-02-14,66.76
2018-02-15,66.17
2018-02-16,64.97
2018-02-20,64.39
2018-02-21,64.69
2018-02-22,64.17
2018-02-23,64.98
2018-02-26,66.15
2018-02-27,64.89
2018-02-28,64.5
2018-03-01,64.65
2018-03-02,63.38
2018-03-05,63.62
2018-03-06,64.3
2018-03-07,64.0
2018-03-08,64.8
2018-03-09,64.8
2018-03-12,65.78
2018-03-13,68.79
2018-03-14,65.67
2018-03-15,65.92
2018-03-16,66.51
2018-03-19,65.1
2018-03-20,65.19
2018-03-21,64.21
2018-03-22,62.82
2018-03-23,61.88
2018-03-26,62.16
2018-03-27,61.49
