Date,ALL
2010-01-04,25.629964688112
2010-01-05,26.051371539282
2010-01-06,26.059799676305
2010-01-07,26.194649868679
2010-01-08,26.304215649983
2010-01-11,26.304215649983
2010-01-12,26.278931238913
2010-01-13,26.514919075568
2010-01-14,26.666625541989
2010-01-15,26.051371539282
2010-01-19,26.455922116404
2010-01-20,26.312643787007
2010-01-21,25.983946443095
2010-01-22,25.267554796107
2010-01-25,25.579395865972
2010-01-26,25.520398906808
2010-01-27,25.520398906808
2010-01-28,25.242270385037
2010-01-29,25.22541411099
2010-02-01,25.242270385037
2010-02-02,25.72267419537
2010-02-03,25.141132740756
2010-02-04,24.18032512009
2010-02-05,24.365744134605
2010-02-08,23.902196598319
2010-02-09,24.214037668184
2010-02-10,24.10447188688
2010-02-11,24.787150985774
2010-02-12,24.888288630055
2010-02-16,25.72267419537
2010-02-17,25.865952524767
2010-02-18,26.337928198077
2010-02-19,26.312643787007
2010-02-22,26.472778390451
2010-02-23,26.278931238913
2010-02-24,26.363212609147
2010-02-25,26.380068883194
2010-02-26,26.337928198077
2010-03-01,26.607628582825
2010-03-02,26.986894748877
2010-03-03,26.961610337807
2010-03-04,26.91946965269
2010-03-05,27.088032393158
2010-03-08,26.961610337807
2010-03-09,26.860472693526
2010-03-10,26.801475734363
2010-03-11,26.954142368293
2010-03-12,26.691216498747
2010-03-15,26.233216596957
2010-03-16,26.309549913922
2010-03-17,26.521586905491
2010-03-18,26.614883181782
2010-03-19,26.513105425829
2010-03-22,26.360438791899
2010-03-23,26.665772059758
2010-03-24,26.572475783468
2010-03-25,26.767549815712
2010-03-26,27.310364514129
2010-03-29,27.361253392106
2010-03-30,27.19162379885
2010-03-31,27.40366079042
2010-04-01,27.55632742435
2010-04-05,27.675068139628
2010-04-06,27.666586659966
2010-04-07,27.793808854907
2010-04-08,28.073697683779
2010-04-09,27.963438448163
2010-04-12,28.022808805802
2010-04-13,28.039771765128
2010-04-14,29.1169196823
2010-04-15,29.091475243312
2010-04-16,28.709808658487
2010-04-19,28.998178967021
2010-04-20,30.049882445205
2010-04-21,29.591882543415
2010-04-22,29.829363973973
2010-04-23,29.846326933298
2010-04-26,29.51554922645
2010-04-27,28.217882838046
2010-04-28,28.641956821185
2010-04-29,28.217882838046
2010-04-30,27.70899405828
2010-05-03,28.022808805802
2010-05-04,27.208586758176
2010-05-05,27.725957017605
2010-05-06,27.19162379885
2010-05-07,26.971105327618
2010-05-10,28.26029023636
2010-05-11,27.776845895582
2010-05-12,28.082179163442
2010-05-13,27.615697781989
2010-05-14,27.030475685258
2010-05-17,27.132253441211
2010-05-18,26.614883181782
2010-05-19,26.614883181782
2010-05-20,25.503809345959
2010-05-21,25.902438890109
2010-05-24,25.308735313715
2010-05-25,25.47836490697
2010-05-26,25.215439037424
2010-05-27,26.274265465003
2010-05-28,26.15472054576
2010-06-01,25.326445033864
2010-06-02,25.804624710835
2010-06-03,25.76193009682
2010-06-04,24.711642592044
2010-06-07,24.481091676361
2010-06-08,24.976349198939
2010-06-09,24.634792286816
2010-06-10,25.445989953107
2010-06-11,25.599690563562
2010-06-14,25.574073795153
2010-06-15,26.188876236973
2010-06-16,25.804624710835
2010-06-17,25.668001945986
2010-06-18,26.077870240533
2010-06-21,25.84731932485
2010-06-22,26.086409163336
2010-06-23,26.001019935305
2010-06-24,25.249594728636
2010-06-25,26.325499001822
2010-06-28,25.616768409168
2010-06-29,24.771415051665
2010-06-30,24.53232521318
2010-07-01,24.242001837876
2010-07-02,24.148073687042
2010-07-06,23.849211388935
2010-07-07,24.600636595604
2010-07-08,24.942193507726
2010-07-09,25.138588732197
2010-07-12,24.856804279696
2010-07-13,25.03612165856
2010-07-14,24.762876128862
2010-07-15,24.660409055226
2010-07-16,23.763822160905
2010-07-19,23.823594620526
2010-07-20,24.139534764239
2010-07-21,23.422265248782
2010-07-22,23.960217385375
2010-07-23,24.148073687042
2010-07-26,24.190768301058
2010-07-27,24.429858139543
2010-07-28,24.122456918633
2010-07-29,24.122456918633
2010-07-30,24.11391799583
2010-08-02,24.61771444121
2010-08-03,24.378624602725
2010-08-04,24.429858139543
2010-08-05,25.112971963788
2010-08-06,24.745798283256
2010-08-09,25.300828265455
2010-08-10,25.121510886591
2010-08-11,24.096840150224
2010-08-12,24.096840150224
2010-08-13,23.994373076587
2010-08-16,23.857750311738
2010-08-17,24.11391799583
2010-08-18,24.216385069467
2010-08-19,23.943139539769
2010-08-20,23.69551077848
2010-08-23,23.832133543329
2010-08-24,23.49911555401
2010-08-25,23.755283238102
2010-08-26,23.405187403176
2010-08-27,24.071223381815
2010-08-30,23.443427988148
2010-08-31,23.735825842733
2010-09-01,24.656019090984
2010-09-02,24.613019406486
2010-09-03,25.301014358449
2010-09-07,24.681818901682
2010-09-08,25.025816377664
2010-09-09,25.326814169148
2010-09-10,25.688011518928
2010-09-13,26.049208868709
2010-09-14,26.03200899491
2010-09-15,26.2212076067
2010-09-16,26.530805335083
2010-09-17,26.651204451677
2010-09-20,27.098401170453
2010-09-21,26.943602306261
2010-09-22,26.625404640978
2010-09-23,26.186807859102
2010-09-24,27.175800602549
2010-09-27,27.003801864558
2010-09-28,27.657397068923
2010-09-29,27.132800918051
2010-09-30,27.132800918051
2010-10-01,27.15000079185
2010-10-04,27.261799971544
2010-10-05,27.846595680713
2010-10-06,27.622997321325
2010-10-07,27.691796816521
2010-10-08,27.880995428311
2010-10-11,27.889595365211
2010-10-12,27.966994797307
2010-10-13,28.328192147087
2010-10-14,28.0959938508
2010-10-15,27.889595365211
2010-10-18,28.001394544905
2010-10-19,27.691796816521
2010-10-20,28.035794292503
2010-10-21,28.001394544905
2010-10-22,28.199193093594
2010-10-25,28.47439107438
2010-10-26,28.0959938508
2010-10-27,27.932595049709
2010-10-28,26.169607985303
2010-10-29,26.2212076067
2010-11-01,25.954609562814
2010-11-02,26.066408742508
2010-11-03,25.774010887924
2010-11-04,26.814603252768
2010-11-05,26.892002684864
2010-11-08,26.685604199275
2010-11-09,26.04060893181
2010-11-10,26.711404009974
2010-11-11,26.341606723294
2010-11-12,25.954609562814
2010-11-15,26.204007732901
2010-11-16,25.66221170823
2010-11-17,25.670811645129
2010-11-18,25.989009310412
2010-11-19,26.083608616307
2010-11-22,25.799810698622
2010-11-23,25.404213601244
2010-11-24,25.627811960632
2010-11-26,25.395613664344
2010-11-29,25.421589402835
2010-11-30,25.205124915413
2010-12-01,25.93244559315
2010-12-02,26.244154455038
2010-12-03,26.244154455038
2010-12-06,26.122934342082
2010-12-07,26.365374567994
2010-12-08,26.391350306485
2010-12-09,26.425984624473
2010-12-10,26.789644963341
2010-12-13,26.87623075831
2010-12-14,26.798303542838
2010-12-15,26.633790532398
2010-12-16,27.040743768751
2010-12-17,27.110012404726
2010-12-20,27.135988143217
2010-12-21,27.594892856551
2010-12-22,27.68147865152
2010-12-23,27.655502913029
2010-12-27,27.785381605482
2010-12-28,27.707454390011
2010-12-29,27.629527174539
2010-12-30,27.534282800073
2010-12-31,27.603551436048
2011-01-03,27.906601718439
2011-01-04,27.629527174539
2011-01-05,27.586234277054
2011-01-06,27.274525415167
2011-01-07,27.092695245732
2011-01-10,26.832937860826
2011-01-11,26.954157973782
2011-01-12,26.677083429882
2011-01-13,26.564521896423
2011-01-14,26.590497634913
2011-01-18,26.780986383845
2011-01-19,26.477936101454
2011-01-20,27.101353825229
2011-01-21,27.144646722713
2011-01-24,27.084036666235
2011-01-25,27.525624220576
2011-01-26,27.43037984611
2011-01-27,27.612210015545
2011-01-28,26.971475132776
2011-01-31,26.962816553279
2011-02-01,27.361111210135
2011-02-02,26.954157973782
2011-02-03,27.032085189254
2011-02-04,27.144646722713
2011-02-07,27.603551436048
2011-02-08,28.192334841836
2011-02-09,28.019163251898
2011-02-10,27.01476803026
2011-02-11,27.179281040701
2011-02-14,26.806962122335
2011-02-15,26.443301783466
2011-02-16,26.755010645354
2011-02-17,27.369769789632
2011-02-18,27.802698764476
2011-02-22,27.482331323092
2011-02-23,27.274525415167
2011-02-24,26.910865076298
2011-02-25,27.257208256173
2011-02-28,27.516965641079
2011-03-01,27.222573938185
2011-03-02,27.101353825229
2011-03-03,27.603551436048
2011-03-04,27.456355584601
2011-03-07,27.213915358688
2011-03-08,27.707454390011
2011-03-09,27.949894615923
2011-03-10,27.653575184385
2011-03-11,27.880172396738
2011-03-14,27.653575184385
2011-03-15,27.296248811061
2011-03-16,26.782047444569
2011-03-17,27.095797430903
2011-03-18,27.148089095292
2011-03-21,27.270102978866
2011-03-22,27.435693249431
2011-03-23,27.331109920653
2011-03-24,27.496700191218
2011-03-25,27.418262694635
2011-03-28,27.5838529652
2011-03-29,27.566422410404
2011-03-30,27.758158513163
2011-03-31,27.697151571376
2011-04-01,27.409547417237
2011-04-04,27.766873790562
2011-04-05,27.548991855607
2011-04-06,27.5838529652
2011-04-07,27.714582126173
2011-04-08,27.365971030246
2011-04-11,27.671005739182
2011-04-12,27.548991855607
2011-04-13,27.749443235765
2011-04-14,27.365971030246
2011-04-15,27.374686307644
2011-04-18,27.25267242407
2011-04-19,27.06093632131
2011-04-20,27.174234927486
2011-04-21,27.5838529652
2011-04-25,27.819165454951
2011-04-26,27.662290461784
2011-04-27,27.836596009747
2011-04-28,29.422776496213
2011-04-29,29.492498715399
2011-05-02,29.527359824991
2011-05-03,29.902116753113
2011-05-04,29.614512598973
2011-05-05,29.126457064676
2011-05-06,29.135172342074
2011-05-09,28.873714020129
2011-05-10,29.196179283861
2011-05-11,28.803991800944
2011-05-12,28.760415413953
2011-05-13,28.220068215266
2011-05-16,28.342082098841
2011-05-17,28.254929324859
2011-05-18,28.281075157053
2011-05-19,28.281075157053
2011-05-20,27.897602951534
2011-05-23,27.383401585042
2011-05-24,27.200380759681
2011-05-25,27.235241869273
2011-05-26,27.331109920653
2011-05-27,27.410076209349
2011-05-31,27.53291265843
2011-06-01,26.708153643168
2011-06-02,27.120533150799
2011-06-03,26.909956380945
2011-06-06,26.462480745005
2011-06-07,26.471254777082
2011-06-08,26.172937686455
2011-06-09,26.497576873314
2011-06-10,26.015005109065
2011-06-13,26.225581878919
2011-06-14,26.515124937468
2011-06-15,25.865846563751
2011-06-16,25.927264788292
2011-06-17,26.015005109065
2011-06-20,26.216807846842
2011-06-21,26.427384616696
2011-06-22,26.28700010346
2011-06-23,26.023779141142
2011-06-24,25.821976403365
2011-06-27,25.988683012833
2011-06-28,26.050101237374
2011-06-29,26.716927675245
2011-06-30,26.787119931863
2011-07-01,27.111759118722
2011-07-05,27.006470733795
2011-07-06,26.866086220559
2011-07-07,27.129307182876
2011-07-08,26.795893963941
2011-07-11,26.339644295923
2011-07-12,26.304548167614
2011-07-13,26.208033814764
2011-07-14,26.058875269451
2011-07-15,25.857072531674
2011-07-18,24.576063848395
2011-07-19,24.830510778635
2011-07-20,24.918251099408
2011-07-21,25.19902012588
2011-07-22,25.172698029648
2011-07-25,24.900703035253
2011-07-26,24.769092554094
2011-07-27,24.242650629459
2011-07-28,24.295294821923
2011-07-29,24.321616918154
2011-08-01,24.865606906944
2011-08-02,24.251424661536
2011-08-03,24.190006436995
2011-08-04,23.084478395261
2011-08-05,23.066930331107
2011-08-08,21.557796813819
2011-08-09,22.593132598935
2011-08-10,21.338446011887
2011-08-11,22.522940342317
2011-08-12,22.040368578068
2011-08-15,22.838805497098
2011-08-16,22.522940342317
2011-08-17,22.356233732849
2011-08-18,21.347220043964
2011-08-19,21.373542140196
2011-08-22,21.461282460969
2011-08-23,21.891210032754
2011-08-24,22.101786802609
2011-08-25,21.434960364737
2011-08-26,21.452508428892
2011-08-29,23.259959036806
2011-08-30,23.030012673705
2011-08-31,23.198050400587
2011-09-01,22.915039492154
2011-09-02,22.074850857745
2011-09-06,21.721087222204
2011-09-07,22.861974946823
2011-09-08,22.384394038843
2011-09-09,21.942189494417
2011-09-12,22.349017675289
2011-09-13,22.180979948407
2011-09-14,22.021786312414
2011-09-15,22.207512221073
2011-09-16,22.057162675968
2011-09-19,21.632646313319
2011-09-20,21.508829040879
2011-09-21,20.421005861592
2011-09-22,20.058398135162
2011-09-23,20.137994953159
2011-09-26,20.810145860686
2011-09-27,21.048936314676
2011-09-28,20.801301769798
2011-09-29,21.721087222204
2011-09-30,20.951651314903
2011-10-03,20.084930407828
2011-10-04,20.898586769572
2011-10-05,21.349635404886
2011-10-06,21.712243131315
2011-10-07,20.978183587568
2011-10-10,21.897969039974
2011-10-11,21.659178585984
2011-10-12,22.234044493738
2011-10-13,21.791839949312
2011-10-14,22.074850857745
2011-10-17,21.358479495775
2011-10-18,22.499367220394
2011-10-19,22.534743583948
2011-10-20,23.383776309246
2011-10-21,23.790604490118
2011-10-24,23.940954035222
2011-10-25,23.436840854577
2011-10-26,23.746384035675
2011-10-27,24.506975852088
2011-10-28,24.020550853219
2011-10-31,23.29533540036
2011-11-01,23.074233128147
2011-11-02,22.994636310151
2011-11-03,22.976948128374
2011-11-04,22.906195401266
2011-11-07,23.339555854803
2011-11-08,23.427996763688
2011-11-09,22.861974946823
2011-11-10,23.171518127921
2011-11-11,23.560658127016
2011-11-14,23.427996763688
2011-11-15,23.551814036127
2011-11-16,23.021168582816
2011-11-17,22.649716765498
2011-11-18,22.976948128374
2011-11-21,22.455146765951
2011-11-22,22.304797220846
2011-11-23,21.668022676873
2011-11-25,21.844904494643
2011-11-28,22.561275856613
2011-11-29,22.766378364401
2011-11-30,23.889983407062
2011-12-01,23.684880899275
2011-12-02,23.791890903338
2011-12-05,24.086168414511
2011-12-06,24.184260918235
2011-12-07,24.318023423314
2011-12-08,23.702715899952
2011-12-09,24.014828411802
2011-12-12,23.479778391487
2011-12-13,23.185500880314
2011-12-14,23.408438388779
2011-12-15,23.488695891826
2011-12-16,23.577870895212
2011-12-19,23.2746758837
2011-12-20,24.050498413157
2011-12-21,24.211013419251
2011-12-22,24.442868428054
2011-12-23,24.630135935164
2011-12-27,24.523125931101
2011-12-28,24.237765920267
2011-12-29,24.585548433471
2011-12-30,24.442868428054
2012-01-03,24.746063439566
2012-01-04,24.576630933133
2012-01-05,24.737145939227
2012-01-06,24.986835948708
2012-01-09,25.093845952771
2012-01-10,25.584308471393
2012-01-11,25.896420983243
2012-01-12,25.923173484259
2012-01-13,25.842915981212
2012-01-17,25.905338483582
2012-01-18,26.279873497802
2012-01-19,26.297708498479
2012-01-20,26.600903509991
2012-01-23,26.574151008975
2012-01-24,26.181780994078
2012-01-25,26.021265987983
2012-01-26,25.994513486967
2012-01-27,25.941008484936
2012-01-30,25.896420983243
2012-01-31,25.72698847681
2012-02-01,26.137193492385
2012-02-02,27.011108525566
2012-02-03,27.367808539109
2012-02-06,27.314303537078
2012-02-07,27.501571044188
2012-02-08,27.644251049605
2012-02-09,27.563993546558
2012-02-10,27.617498548589
2012-02-13,27.786931055023
2012-02-14,27.778013554684
2012-02-15,27.563993546558
2012-02-16,27.760178554007
2012-02-17,27.99203356281
2012-02-21,28.143631068566
2012-02-22,28.063373565519
2012-02-23,28.170383569582
2012-02-24,27.965281061794
2012-02-27,27.974198562133
2012-02-28,28.099043566873
2012-02-29,28.027703564164
2012-03-01,28.090126066534
2012-03-02,28.054205189211
2012-03-05,28.332591988464
2012-03-06,27.838679925274
2012-03-07,27.811739267282
2012-03-08,28.054205189211
2012-03-09,28.431374401102
2012-03-12,28.584038129725
2012-03-13,29.239594140868
2012-03-14,29.185712824884
2012-03-15,29.26653479886
2012-03-16,29.347356772837
2012-03-19,29.428178746814
2012-03-20,29.446139185475
2012-03-21,29.248574360199
2012-03-22,29.042029315592
2012-03-23,29.194693044215
2012-03-26,29.706565546066
2012-03-27,29.652684230082
2012-03-28,29.86820949402
2012-03-29,29.544921598113
2012-03-30,29.562882036775
2012-04-02,29.958011687327
2012-04-03,29.544921598113
2012-04-04,29.293475456853
2012-04-05,29.410218308152
2012-04-09,29.086930412246
2012-04-10,28.709761200355
2012-04-11,28.952227122285
2012-04-12,29.517980940121
2012-04-13,29.006108438269
2012-04-16,29.158772166892
2012-04-17,29.526961159452
2012-04-18,29.616763352759
2012-04-19,29.464099624137
2012-04-20,29.320416114845
2012-04-23,29.149791947561
2012-04-24,29.464099624137
2012-04-25,29.895150152012
2012-04-26,30.460903969848
2012-04-27,30.128635854611
2012-04-30,29.931071029335
2012-05-01,29.984952345319
2012-05-02,29.553901817444
2012-05-03,30.739290769101
2012-05-04,30.712350111109
2012-05-07,30.766231427093
2012-05-08,31.152380858314
2012-05-09,30.811132523747
2012-05-10,31.071558884338
2012-05-11,31.278103928945
2012-05-14,30.891954497723
2012-05-15,30.514785285832
2012-05-16,30.020873222642
2012-05-17,29.598802914098
2012-05-18,29.410218308152
2012-05-21,29.814328178035
2012-05-22,29.491040282129
2012-05-23,29.715545765397
2012-05-24,30.020873222642
2012-05-25,30.146596293272
2012-05-29,30.757251207762
2012-05-30,30.442943531187
2012-05-31,30.677954377924
2012-06-01,29.891571929226
2012-06-04,29.837338656902
2012-06-05,29.954844080271
2012-06-06,30.813537558734
2012-06-07,30.795459801292
2012-06-08,31.012392890588
2012-06-11,30.641798863041
2012-06-12,31.093742799074
2012-06-13,30.786420922572
2012-06-14,31.129898313957
2012-06-15,30.867770831058
2012-06-18,30.714109892806
2012-06-19,31.138937192677
2012-06-20,31.346831403253
2012-06-21,30.732187650248
2012-06-22,30.804498680013
2012-06-25,30.226010441891
2012-06-26,30.424865773745
2012-06-27,30.922004103382
2012-06-28,30.858731952337
2012-06-29,31.7174254308
2012-07-02,31.834930854168
2012-07-03,31.925319641375
2012-07-05,31.545686735107
2012-07-06,31.44625906918
2012-07-09,31.120859435236
2012-07-10,30.949120739544
2012-07-11,30.813537558734
2012-07-12,30.415826895025
2012-07-13,30.614682226879
2012-07-16,30.397749137583
2012-07-17,30.741226528968
2012-07-18,30.940081860823
2012-07-19,31.373948039415
2012-07-20,31.102781677795
2012-07-23,30.867770831058
2012-07-24,30.479099046069
2012-07-25,30.424865773745
2012-07-26,30.867770831058
2012-07-27,31.392025796856
2012-07-30,31.419142433018
2012-07-31,31.003354011867
2012-08-01,32.901518543206
2012-08-02,33.019023966575
2012-08-03,33.480006781329
2012-08-06,33.480006781329
2012-08-07,34.447166804439
2012-08-08,34.564672227808
2012-08-09,34.392933532115
2012-08-10,34.329661381071
2012-08-13,34.293505866188
2012-08-14,33.9048340812
2012-08-15,34.248311472585
2012-08-16,34.112728291775
2012-08-17,34.221194836423
2012-08-20,34.45620568316
2012-08-21,34.573711106529
2012-08-22,34.655061015015
2012-08-23,34.085611655613
2012-08-24,34.130806049216
2012-08-27,34.022339504568
2012-08-28,33.895795202479
2012-08-29,33.940989596082
2012-08-30,33.804607371614
2012-08-31,33.895528854593
2012-09-04,34.004634634168
2012-09-05,34.359228417786
2012-09-06,34.968402353746
2012-09-07,34.986586650342
2012-09-10,34.77746723949
2012-09-11,35.004770946937
2012-09-12,35.29571969247
2012-09-13,35.850340738643
2012-09-14,36.241303115453
2012-09-17,36.177658077367
2012-09-18,36.241303115453
2012-09-19,35.923077925026
2012-09-20,36.25039526375
2012-09-21,36.759555568433
2012-09-24,36.586804750773
2012-09-25,36.314040301836
2012-09-26,35.877617183536
2012-09-27,36.159473780771
2012-09-28,36.013999408005
2012-10-01,36.323132450134
2012-10-02,36.441330378006
2012-10-03,36.714094826944
2012-10-04,37.114149352051
2012-10-05,37.259623724818
2012-10-08,37.46874313567
2012-10-09,37.168702241839
2012-10-10,36.886845644604
2012-10-11,37.114149352051
2012-10-12,36.923214237795
2012-10-15,37.386913800989
2012-10-16,37.659678249926
2012-10-17,38.068824923332
2012-10-18,38.750736045675
2012-10-19,38.196114999502
2012-10-22,38.42341870695
2012-10-23,37.541480322053
2012-10-24,37.432374542478
2012-10-25,36.832292754816
2012-10-26,36.504975416092
2012-10-31,36.350408895027
2012-11-01,35.504839103322
2012-11-02,35.059323836725
2012-11-05,35.1684296163
2012-11-06,35.68668206928
2012-11-07,35.159337468002
2012-11-08,35.1684296163
2012-11-09,35.213890357789
2012-11-12,35.050231688427
2012-11-13,34.631992866723
2012-11-14,34.859296574171
2012-11-15,34.804743684383
2012-11-16,35.386641175449
2012-11-19,36.07764444609
2012-11-20,36.441330378006
2012-11-21,36.332224598432
2012-11-23,37.041412165668
2012-11-26,36.777739865029
2012-11-27,36.750463420135
2012-11-28,37.141425796945
2012-11-29,37.150567176664
2012-11-30,37.004305101165
2012-12-03,37.013446480884
2012-12-04,37.095718898352
2012-12-05,37.753898238096
2012-12-06,37.653343061191
2012-12-07,37.918443073032
2012-12-10,37.845312035283
2012-12-11,37.561929264004
2012-12-12,37.625918922035
2012-12-13,37.342536150756
2012-12-14,36.730063709605
2012-12-17,37.287687872444
2012-12-18,37.799605136689
2012-12-19,37.305970631881
2012-12-20,37.58935340316
2012-12-21,36.848901645948
2012-12-24,36.867184405385
2012-12-26,36.812336127073
2012-12-27,36.684356811012
2012-12-28,36.437539558608
2012-12-31,36.720922329886
2013-01-02,37.625918922035
2013-01-03,38.009856870219
2013-01-04,38.576622412776
2013-01-07,38.156118945717
2013-01-08,38.238391363185
2013-01-09,38.604046551932
2013-01-10,38.923994842085
2013-01-11,39.271367271395
2013-01-14,39.243943132239
2013-01-15,39.225660372801
2013-01-16,39.106822436459
2013-01-17,39.390205207737
2013-01-18,39.499901764361
2013-01-22,40.404898356509
2013-01-23,40.066667306919
2013-01-24,39.828991434233
2013-01-25,40.139798344668
2013-01-28,39.792425915359
2013-01-29,40.0575259272
2013-01-30,40.414039736228
2013-01-31,40.130656964949
2013-02-01,40.989946658504
2013-02-04,40.158081104105
2013-02-05,40.505453533415
2013-02-06,40.505453533415
2013-02-07,41.191057012315
2013-02-08,41.264188050064
2013-02-11,41.364743226969
2013-02-12,41.693832896841
2013-02-13,41.940650149246
2013-02-14,41.940650149246
2013-02-15,41.91322601009
2013-02-19,42.726808805051
2013-02-20,42.425143274335
2013-02-21,42.479991552647
2013-02-22,42.726808805051
2013-02-25,41.465298403875
2013-02-26,41.876660491215
2013-02-27,42.327045996937
2013-02-28,42.299471374138
2013-03-01,42.60279222493
2013-03-04,42.777431502659
2013-03-05,43.393264745177
2013-03-06,43.503563236374
2013-03-07,43.466797072642
2013-03-08,43.586287104772
2013-03-11,43.889607955564
2013-03-12,43.852841791832
2013-03-13,44.05505569236
2013-03-14,44.303227297554
2013-03-15,44.101013397026
2013-03-18,43.990714905828
2013-03-19,43.7885010053
2013-03-20,44.05505569236
2013-03-21,43.93556566023
2013-03-22,44.32161037942
2013-03-25,44.560590443681
2013-03-26,44.716846639543
2013-03-27,44.73522972141
2013-03-28,45.102891358734
2013-04-01,45.295913718329
2013-04-02,45.783065387783
2013-04-03,45.38782912766
2013-04-04,45.50731915979
2013-04-05,45.332679882061
2013-04-08,46.058811615776
2013-04-09,45.709533060319
2013-04-10,45.709533060319
2013-04-11,46.215067811639
2013-04-12,46.279408598171
2013-04-15,45.1212744406
2013-04-16,45.498127618857
2013-04-17,45.102891358734
2013-04-18,44.523824279948
2013-04-19,45.010975949403
2013-04-22,45.047742113135
2013-04-23,45.77387384685
2013-04-24,45.681958437519
2013-04-25,45.525702241657
2013-04-26,45.1212744406
2013-04-29,45.26833909553
2013-04-30,45.277530636463
2013-05-01,44.487058116216
2013-05-02,44.349185002219
2013-05-03,44.753612803276
2013-05-06,45.130465981533
2013-05-07,45.323488341128
2013-05-08,45.672766896586
2013-05-09,45.433786832325
2013-05-10,45.397020668593
2013-05-13,45.406212209526
2013-05-14,46.288600139104
2013-05-15,46.564346367097
2013-05-16,46.104769320442
2013-05-17,45.957704665512
2013-05-20,45.77387384685
2013-05-21,45.112082899667
2013-05-22,44.845528212607
2013-05-23,44.817953589808
2013-05-24,44.790378967008
2013-05-28,44.873102835406
2013-05-29,44.85471975354
2013-05-30,45.113408147587
2013-05-31,44.568314745845
2013-06-03,43.856921662215
2013-06-04,43.127050836153
2013-06-05,42.369463396444
2013-06-06,42.95151228305
2013-06-07,43.847682790999
2013-06-10,43.699860851544
2013-06-11,43.653666495464
2013-06-12,43.441172457496
2013-06-13,43.801488434919
2013-06-14,43.302589389257
2013-06-17,43.810727306135
2013-06-18,44.041699086535
2013-06-19,43.468889071144
2013-06-20,43.025423252778
2013-06-21,43.635188753032
2013-06-24,43.053139866426
2013-06-25,43.311828260473
2013-06-26,44.124848927478
2013-06-27,44.623747973141
2013-06-28,44.457448291253
2013-07-01,44.984063950564
2013-07-02,44.827003139892
2013-07-03,44.780808783812
2013-07-05,45.390574284066
2013-07-08,46.259028178368
2013-07-09,46.702493996734
2013-07-10,46.471522216335
2013-07-11,46.545433186063
2013-07-12,47.219870784829
2013-07-15,47.303020625772
2013-07-16,47.118243201453
2013-07-17,47.145959815101
2013-07-18,48.116041292778
2013-07-19,48.13451903521
2013-07-22,48.420924042905
2013-07-23,48.116041292778
2013-07-24,47.109004330237
2013-07-25,47.321498368204
2013-07-26,47.598664504683
2013-07-29,47.441603694012
2013-07-30,47.035093360509
2013-07-31,47.099765459021
2013-08-01,48.245385489801
2013-08-02,48.18071339129
2013-08-05,47.386170466716
2013-08-06,46.841077064974
2013-08-07,46.351416890527
2013-08-08,46.554672057279
2013-08-09,46.80412158011
2013-08-12,46.434566731471
2013-08-13,46.637821898222
2013-08-14,46.397611246607
2013-08-15,45.603068322034
2013-08-16,45.630784935682
2013-08-19,45.215035730963
2013-08-20,45.307424443123
2013-08-21,45.104169276371
2013-08-22,45.640023806898
2013-08-23,45.51991848109
2013-08-26,45.039497177859
2013-08-27,44.180282154774
2013-08-28,44.346581836662
2013-08-29,44.643773589284
2013-08-30,44.504464955242
2013-09-03,45.005976037793
2013-09-04,44.801656707865
2013-09-05,45.024550522332
2013-09-06,44.950252584176
2013-09-09,45.674657481194
2013-09-10,45.9161257802
2013-09-11,46.538371012254
2013-09-12,46.547658254523
2013-09-13,46.491934800906
2013-09-16,46.909860703032
2013-09-17,47.541393177355
2013-09-18,48.126489440331
2013-09-19,48.869468821888
2013-09-20,48.293659801181
2013-09-23,48.442255677493
2013-09-24,48.061478744445
2013-09-25,47.931457352672
2013-09-26,47.689989053666
2013-09-27,47.429946270122
2013-09-30,46.94700967211
2013-10-01,47.11418003296
2013-10-02,47.541393177355
2013-10-03,47.262775909271
2013-10-04,48.618713280612
2013-10-07,47.829297687708
2013-10-08,46.891286218493
2013-10-09,47.309212120619
2013-10-10,48.275085316642
2013-10-11,48.776596399193
2013-10-14,49.055213667277
2013-10-15,48.674436734229
2013-10-16,49.816767533372
2013-10-17,50.104672043726
2013-10-18,50.03037410557
2013-10-21,49.983937894223
2013-10-22,49.937501682875
2013-10-23,49.296681966283
2013-10-24,49.733182352947
2013-10-25,49.547437507558
2013-10-28,49.370979904438
2013-10-29,49.556724749828
2013-10-30,49.185235059049
2013-10-31,49.278107481744
2013-11-01,49.482426811672
2013-11-04,49.389554388977
2013-11-05,49.213096785858
2013-11-06,49.798193048833
2013-11-07,49.16666057451
2013-11-08,50.262555162306
2013-11-11,50.299704131384
2013-11-12,49.575299234366
2013-11-13,50.104672043726
2013-11-14,50.587608641737
2013-11-15,50.801215213935
2013-11-18,50.37400206954
2013-11-19,50.178969981881
2013-11-20,49.844629260181
2013-11-21,50.448300007695
2013-11-22,50.810502456204
2013-11-25,50.661906579893
2013-11-26,50.838364183013
2013-11-27,50.735735809731
2013-11-29,50.633107436449
2013-12-02,50.297232760254
2013-12-03,49.924038675592
2013-12-04,49.980017788291
2013-12-05,49.82141030231
2013-12-06,50.679756697032
2013-12-09,50.483829802584
2013-12-10,50.175944682739
2013-12-11,49.513525182464
2013-12-12,49.252289323201
2013-12-13,49.270949027434
2013-12-16,49.289608731667
2013-12-17,48.683168344093
2013-12-18,49.205640062619
2013-12-19,49.681462520562
2013-12-20,50.166614830622
2013-12-23,50.101305865806
2013-12-24,50.353211872953
2013-12-26,50.166614830622
2013-12-27,50.054656605224
2013-12-30,50.595788027983
2013-12-31,50.885013443595
2014-01-02,49.961358084058
2014-01-03,49.756101337494
2014-01-06,49.560174443047
2014-01-07,49.774761041727
2014-01-08,49.933368527709
2014-01-09,50.222593943321
2014-01-10,50.465170098351
2014-01-13,49.877389415009
2014-01-14,50.371871577186
2014-01-15,50.27857305602
2014-01-16,49.616153555746
2014-01-17,49.354917696483
2014-01-21,49.149660949919
2014-01-22,48.897754942773
2014-01-23,48.1793563298
2014-01-24,47.227711413913
2014-01-27,47.302350230845
2014-01-28,48.300644407315
2014-01-29,48.272654850965
2014-01-30,48.795126569491
2014-01-31,47.768842836672
2014-02-03,46.611941174221
2014-02-04,46.555962061522
2014-02-05,46.229417237443
2014-02-06,48.85110568219
2014-02-07,49.224299766852
2014-02-10,48.599199675044
2014-02-11,49.270949027434
2014-02-12,49.009713168171
2014-02-13,49.168320654153
2014-02-14,49.410896809182
2014-02-18,48.683168344093
2014-02-19,48.319304111548
2014-02-20,49.886719267126
2014-02-21,50.250583499671
2014-02-24,50.250583499671
2014-02-25,50.054656605224
2014-02-26,50.241253647554
2014-02-27,50.857023887246
2014-02-28,50.885157959099
2014-03-03,50.688219456125
2014-03-04,51.438461372219
2014-03-05,51.644777899145
2014-03-06,51.738558138657
2014-03-07,52.24497143202
2014-03-10,52.329373647581
2014-03-11,52.151191192509
2014-03-12,52.038654905094
2014-03-13,51.68228999495
2014-03-14,51.701046042852
2014-03-17,52.066788976948
2014-03-18,52.019898857192
2014-03-19,51.869850473973
2014-03-20,52.104301072753
2014-03-21,52.573202270312
2014-03-24,52.685738557726
2014-03-25,52.516934126605
2014-03-26,52.235593408069
2014-03-27,52.179325264362
2014-03-28,52.329373647581
2014-03-31,53.060859515773
2014-04-01,52.976457300212
2014-04-02,52.657604485872
2014-04-03,53.070237539724
2014-04-04,52.901433108603
2014-04-07,52.282483527825
2014-04-08,52.413775863142
2014-04-09,52.63884843797
2014-04-10,52.057410952997
2014-04-11,51.851094426071
2014-04-14,51.76669221051
2014-04-15,52.104301072753
2014-04-16,52.507556102653
2014-04-17,52.301239575727
2014-04-21,52.301239575727
2014-04-22,52.535690174507
2014-04-23,52.695116581677
2014-04-24,52.892055084652
2014-04-25,52.620092390068
2014-04-28,53.304688138504
2014-04-29,53.35157825826
2014-04-30,53.407846401967
2014-05-01,53.726699216307
2014-05-02,53.623540952844
2014-05-05,53.567272809137
2014-05-06,53.051481491822
2014-05-07,54.223734485719
2014-05-08,54.373782868938
2014-05-09,54.514453228206
2014-05-12,54.720769755132
2014-05-13,54.767659874888
2014-05-14,54.476941132401
2014-05-15,53.979905862989
2014-05-16,54.14871029411
2014-05-19,54.580099395864
2014-05-20,54.46756310845
2014-05-21,54.78641592279
2014-05-22,54.720769755132
2014-05-23,54.748903826985
2014-05-27,54.823928018595
2014-05-28,54.823928018595
2014-05-29,54.937005903817
2014-05-30,54.89931327541
2014-06-02,55.285662716586
2014-06-03,55.200854302669
2014-06-04,55.238546931076
2014-06-05,55.700281629067
2014-06-06,55.898167928206
2014-06-09,55.747397414576
2014-06-10,55.76624372878
2014-06-11,55.672012157762
2014-06-12,55.323355344993
2014-06-13,55.606050058049
2014-06-16,55.417586916012
2014-06-17,55.794513200086
2014-06-18,55.747397414576
2014-06-19,55.427010073113
2014-06-20,55.427010073113
2014-06-23,55.785090042984
2014-06-24,55.521241644132
2014-06-25,55.323355344993
2014-06-26,55.172584831363
2014-06-27,55.304509030789
2014-06-30,55.332778502095
2014-07-01,55.709704786169
2014-07-02,55.596626900947
2014-07-03,55.568357429641
2014-07-07,55.15373851716
2014-07-08,55.10662273165
2014-07-09,55.10662273165
2014-07-10,54.720273290474
2014-07-11,54.842774332798
2014-07-14,54.918159589613
2014-07-15,55.087776417447
2014-07-16,54.805081704391
2014-07-17,54.484694362928
2014-07-18,54.710850133372
2014-07-21,54.663734347863
2014-07-22,54.739119604678
2014-07-23,54.965275375122
2014-07-24,55.116045888752
2014-07-25,54.59777224815
2014-07-28,54.59777224815
2014-07-29,53.759111266085
2014-07-30,53.608340752455
2014-07-31,55.078353260345
2014-08-01,54.786235390187
2014-08-04,55.558934272539
2014-08-05,55.455279544419
2014-08-06,56.143170012854
2014-08-07,55.888744771104
2014-08-08,56.227978426771
2014-08-11,56.124323698651
2014-08-12,56.68028996766
2014-08-13,56.642597339253
2014-08-14,57.273948865077
2014-08-15,57.18914045116
2014-08-18,57.74510672017
2014-08-19,57.566066735235
2014-08-20,57.858184605392
2014-08-21,57.961839333513
2014-08-22,57.688567777559
2014-08-25,58.338765617587
2014-08-26,58.291649832077
2014-08-27,58.244534046568
2014-08-28,57.88482458878
2014-08-29,58.206669893117
2014-09-02,58.528515197453
2014-09-03,58.348660468559
2014-09-04,58.093077432763
2014-09-05,58.074145356037
2014-09-08,58.112009509488
2014-09-09,57.591377399532
2014-09-10,57.638707591346
2014-09-11,57.941620818957
2014-09-12,57.742834013338
2014-09-15,58.329728391834
2014-09-16,58.414922737099
2014-09-17,58.452786890551
2014-09-18,58.992351077233
2014-09-19,58.878758616879
2014-09-22,58.537981235816
2014-09-23,58.036281202586
2014-09-24,58.386524622011
2014-09-25,57.828028358603
2014-09-26,58.130941586214
2014-09-29,58.01734912586
2014-09-30,58.093077432763
2014-10-01,57.562979284444
2014-10-02,57.875358550417
2014-10-03,58.433854813825
2014-10-06,58.329728391834
2014-10-07,57.648173629709
2014-10-08,58.348660468559
2014-10-09,57.7523000517
2014-10-10,57.894290627143
2014-10-13,57.799630243515
2014-10-14,58.329728391834
2014-10-15,57.335794363735
2014-10-16,56.663705639974
2014-10-17,57.402056632275
2014-10-20,57.600843437895
2014-10-21,58.71783596471
2014-10-22,58.509583120728
2014-10-23,58.689437849622
2014-10-24,59.229002036304
2014-10-27,59.759100184623
2014-10-28,59.853760568251
2014-10-29,59.61710960918
2014-10-30,60.497451176925
2014-10-31,61.387258783032
2014-11-03,61.264200284315
2014-11-04,61.425122936483
2014-11-05,62.229736197325
2014-11-06,62.598911693476
2014-11-07,62.71250415383
2014-11-10,63.195272110335
2014-11-11,63.072213611618
2014-11-12,63.583379683211
2014-11-13,63.34672872414
2014-11-14,63.024883419803
2014-11-17,63.100611726706
2014-11-18,63.223670225423
2014-11-19,63.772700450468
2014-11-20,63.696972143565
2014-11-21,63.801098565557
2014-11-24,64.293332560424
2014-11-25,64.236536330247
2014-11-26,64.179504779791
2014-11-28,64.778336059579
2014-12-01,64.265052105475
2014-12-02,64.740315025942
2014-12-03,64.702293992304
2014-12-04,65.006462261403
2014-12-05,65.282114755274
2014-12-08,65.719356642103
2014-12-09,65.424693631413
2014-12-10,65.158546395952
2014-12-11,65.643314574828
2014-12-12,64.084452195698
2014-12-15,64.036925903651
2014-12-16,63.884841769102
2014-12-17,64.844872868444
2014-12-18,66.337198438709
2014-12-19,66.432251022802
2014-12-22,66.955040235315
2014-12-23,67.249703246005
2014-12-24,67.192671695549
2014-12-26,67.420797897373
2014-12-29,67.487334706238
2014-12-30,67.430303155782
2014-12-31,66.774440325538
2015-01-02,66.650871966217
2015-01-05,65.32964104732
2015-01-06,65.282114755274
2015-01-07,66.356208955528
2015-01-08,67.629913582378
2015-01-09,66.936029718497
2015-01-12,66.251651113025
2015-01-13,66.650871966217
2015-01-14,65.995009135973
2015-01-15,65.804903967787
2015-01-16,67.335250571689
2015-01-20,66.878998168041
2015-01-21,66.821966617585
2015-01-22,68.390334255124
2015-01-23,67.896060817839
2015-01-26,68.181218570119
2015-01-27,67.905566076248
2015-01-28,66.840977134404
2015-01-29,67.534860998285
2015-01-30,66.337198438709
2015-02-02,67.401787380554
2015-02-03,68.466376322399
2015-02-04,68.989165534912
2015-02-05,68.723018299451
2015-02-06,67.420797897373
2015-02-09,66.565324640533
2015-02-10,66.584335157352
2015-02-11,67.658429357606
2015-02-12,68.02913443557
2015-02-13,67.924576593067
2015-02-17,67.74397668329
2015-02-18,67.211682212367
2015-02-19,67.648924099197
2015-02-20,68.057650210798
2015-02-23,67.73447142488
2015-02-24,68.124187019663
2015-02-25,67.60139780715
2015-02-26,68.067155469207
2015-02-27,67.389442941046
2015-03-02,67.752162322315
2015-03-03,67.284445225416
2015-03-04,66.339465784741
2015-03-05,66.396737265994
2015-03-06,65.995836897223
2015-03-09,66.425373006621
2015-03-10,65.27994338156
2015-03-11,65.948110662845
2015-03-12,67.198538003536
2015-03-13,66.396737265994
2015-03-16,67.284445225416
2015-03-17,66.797637634765
2015-03-18,67.408533434797
2015-03-19,67.389442941046
2015-03-20,68.21033417234
2015-03-23,68.620779787986
2015-03-24,68.095791209834
2015-03-25,67.341716706669
2015-03-26,67.007633066026
2015-03-27,66.864454362894
2015-03-30,67.723526581689
2015-03-31,67.93352201295
2015-04-01,68.048064975456
2015-04-02,68.200788925464
2015-04-06,68.840320466123
2015-04-07,68.219879419215
2015-04-08,68.324877134846
2015-04-09,68.630325034862
2015-04-10,68.754413244243
2015-04-13,68.706687009866
2015-04-14,68.248515159842
2015-04-15,68.668506022364
2015-04-16,68.763958491119
2015-04-17,67.647164606685
2015-04-20,68.105336456709
2015-04-21,67.599438372307
2015-04-22,67.65670985356
2015-04-23,67.589893125432
2015-04-24,67.723526581689
2015-04-27,67.112630781657
2015-04-28,67.475350162926
2015-04-29,67.055359300404
2015-04-30,66.492189734749
2015-05-01,66.769001894139
2015-05-04,66.644913684757
2015-05-05,66.816728128516
2015-05-06,64.249056719006
2015-05-07,64.640411840902
2015-05-08,64.210875731504
2015-05-11,63.829065856484
2015-05-12,63.867246843986
2015-05-13,63.94360881899
2015-05-14,64.564049865898
2015-05-15,64.525868878396
2015-05-18,64.993585975295
2015-05-19,65.623572269078
2015-05-20,65.604481775327
2015-05-21,65.003131222171
2015-05-22,64.525868878396
2015-05-26,64.315873447135
2015-05-27,64.821771531536
2015-05-28,65.003935953826
2015-05-29,64.543731097515
2015-06-01,64.16022705059
2015-06-02,64.361566675226
2015-06-03,64.927235144441
2015-06-04,64.284865865841
2015-06-05,63.738372598972
2015-06-08,63.105590921546
2015-06-09,63.000127308641
2015-06-10,64.150639449417
2015-06-11,64.706720317459
2015-06-12,64.591669103381
2015-06-15,63.920537021262
2015-06-16,64.553318698689
2015-06-17,64.409504681092
2015-06-18,65.531254018348
2015-06-19,63.709609795453
2015-06-22,63.54662057551
2015-06-23,63.623321384895
2015-06-24,63.230229736797
2015-06-25,62.348170428868
2015-06-26,63.115178522719
2015-06-29,62.012604387809
2015-06-30,62.194768810098
2015-07-01,62.789200082833
2015-07-02,62.309820024176
2015-07-06,62.13724320306
2015-07-07,63.028890112161
2015-07-08,62.242706815964
2015-07-09,62.712499273447
2015-07-10,63.460332164952
2015-07-13,64.476617889303
2015-07-14,64.80259632919
2015-07-15,65.253213584327
2015-07-16,65.176512774942
2015-07-17,64.80259632919
2015-07-20,64.917647543268
2015-07-21,64.908059942094
2015-07-22,65.550429220694
2015-07-23,65.540841619521
2015-07-24,65.502491214828
2015-07-27,65.579192024214
2015-07-28,65.75176884533
2015-07-29,66.192798499294
2015-07-30,66.307849713371
2015-07-31,66.106510088736
2015-08-03,66.51877693918
2015-08-04,59.769105713296
2015-08-05,59.922507332066
2015-08-06,59.414364469891
2015-08-07,59.960857736759
2015-08-10,60.497763402454
2015-08-11,60.85250464586
2015-08-12,60.986731062284
2015-08-13,60.871679848206
2015-08-14,61.226421091612
2015-08-17,61.216833490439
2015-08-18,60.948380657591
2015-08-19,61.03466906815
2015-08-20,60.114259355529
2015-08-21,58.724057185425
2015-08-24,55.98200324991
2015-08-25,54.639739085671
2015-08-26,55.03283073377
2015-08-27,56.605197326163
2015-08-28,56.499195083979
2015-08-31,56.161915222485
2015-09-01,55.063346530762
2015-09-02,55.824635360991
2015-09-03,55.872818198348
2015-09-04,54.96698085605
2015-09-08,56.084822682715
2015-09-09,55.265714447659
2015-09-10,55.574084606739
2015-09-11,56.027003277888
2015-09-14,56.1233689526
2015-09-15,56.836474945473
2015-09-16,57.048479429841
2015-09-17,56.846111512945
2015-09-18,55.477718932026
2015-09-21,56.431739111681
2015-09-22,55.988457008003
2015-09-23,56.383556274324
2015-09-24,56.460648814094
2015-09-25,56.846111512945
2015-09-28,55.641540579038
2015-09-29,56.239007762255
2015-09-30,56.1233689526
2015-10-01,55.863181630876
2015-10-02,57.000296592485
2015-10-05,57.723039152829
2015-10-06,57.703766017887
2015-10-07,57.857951097427
2015-10-08,58.898700384322
2015-10-09,58.243413796277
2015-10-12,58.696332467426
2015-10-13,58.436145145702
2015-10-14,57.684492882944
2015-10-15,59.351619055471
2015-10-16,58.975792924092
2015-10-19,59.351619055471
2015-10-20,59.207070543403
2015-10-21,58.445781713173
2015-10-22,59.313072785586
2015-10-23,59.438348162713
2015-10-26,59.57326010731
2015-10-27,58.098865284208
2015-10-28,60.045451913402
2015-10-29,60.508007152022
2015-10-30,59.631079512138
2015-11-02,59.553986972368
2015-11-03,60.864560148459
2015-11-04,60.604372826735
2015-11-05,61.240386279838
2015-11-06,61.741487788343
2015-11-09,61.211476577424
2015-11-10,61.018745227999
2015-11-11,60.826013878574
2015-11-12,60.276729532712
2015-11-13,60.141817588115
2015-11-16,60.826013878574
2015-11-17,60.430914612252
2015-11-18,61.192203442482
2015-11-19,61.066928065355
2015-11-20,61.038018362941
2015-11-23,60.816377311103
2015-11-24,60.652555664091
2015-11-25,60.450187747195
2015-11-27,60.84718561643
2015-11-30,60.769722617555
2015-12-01,61.48625535715
2015-12-02,60.895599990727
2015-12-03,60.779405492414
2015-12-04,62.44485996823
2015-12-07,62.348031219636
2015-12-08,61.834838852088
2015-12-09,60.905282865586
2015-12-10,60.498602121492
2015-12-11,59.520631760693
2015-12-14,59.443168761818
2015-12-15,60.711625368398
2015-12-16,61.370060858837
2015-12-17,60.392090498038
2015-12-18,59.385071512661
2015-12-21,59.356022888083
2015-12-22,60.517967871211
2015-12-23,60.895599990727
2015-12-24,61.137671862212
2015-12-28,60.653528119242
2015-12-29,61.186086236509
2015-12-30,60.818136991852
2015-12-31,60.120970001975
2016-01-04,58.746001771941
2016-01-05,58.61044152391
2016-01-06,57.952006033471
2016-01-07,56.586720678297
2016-01-08,56.383380306249
2016-01-11,56.180039934202
2016-01-12,56.790061050344
2016-01-13,56.073528310749
2016-01-14,56.567354928578
2016-01-15,56.286551557655
2016-01-19,56.586720678297
2016-01-20,56.150991309624
2016-01-21,56.305917307374
2016-01-22,56.673866552031
2016-01-25,55.870187938702
2016-01-26,56.334965931952
2016-01-27,56.557672053718
2016-01-28,57.341984917329
2016-01-29,58.678221647926
2016-02-01,58.61044152391
2016-02-02,58.068200531784
2016-02-03,57.748665661424
2016-02-04,60.082238502538
2016-02-05,61.360377983978
2016-02-08,61.32164648454
2016-02-09,61.01179448904
2016-02-10,60.982745864461
2016-02-11,60.343676123741
2016-02-12,61.883253226385
2016-02-16,62.522322967105
2016-02-17,62.958052335778
2016-02-18,62.260885345901
2016-02-19,61.97039910012
2016-02-22,62.396445593933
2016-02-23,61.708961478916
2016-02-24,61.921984725823
2016-02-25,62.686931839715
2016-02-26,62.599339480367
2016-02-29,61.76234582438
2016-03-01,63.076231214593
2016-03-02,63.660180276909
2016-03-03,63.56285543319
2016-03-04,63.630982823794
2016-03-07,63.290345870775
2016-03-08,62.852384074038
2016-03-09,62.803721652178
2016-03-10,62.540944574135
2016-03-11,63.767237605001
2016-03-14,63.2124859958
2016-03-15,64.156536979879
2016-03-16,64.506906417269
2016-03-17,65.402294979488
2016-03-18,65.431492432604
2016-03-21,65.051925542098
2016-03-22,65.129785417074
2016-03-23,64.876740823403
2016-03-24,64.419314057921
2016-03-28,65.032460573354
2016-03-29,65.363365042
2016-03-30,65.908384166829
2016-03-31,65.567747213811
2016-04-01,66.404740869799
2016-04-04,65.830524291854
2016-04-05,64.915670760891
2016-04-06,65.236842745165
2016-04-07,64.506906417269
2016-04-08,65.051925542098
2016-04-11,65.003263120238
2016-04-12,65.41202746386
2016-04-13,65.723466963762
2016-04-14,64.886473307775
2016-04-15,64.818345917171
2016-04-18,65.499619823208
2016-04-19,65.723466963762
2016-04-20,65.129785417074
2016-04-21,63.699110214397
2016-04-22,63.981352261184
2016-04-25,63.854829964348
2016-04-26,64.107874558019
2016-04-27,63.757505120629
2016-04-28,63.2124859958
2016-04-29,63.309810839519
2016-05-02,63.61151785505
2016-05-03,63.660180276909
2016-05-04,63.533657980074
2016-05-05,66.054371432409
2016-05-06,65.304970135769
2016-05-09,65.41202746386
2016-05-10,66.1614287605
2016-05-11,65.548282245067
2016-05-12,65.733199448134
2016-05-13,65.577479698183
2016-05-16,65.742931932506
2016-05-17,65.304970135769
2016-05-18,65.558014729439
2016-05-19,65.051925542098
2016-05-20,65.353632557628
2016-05-23,65.090855479586
2016-05-24,65.635874604415
2016-05-25,65.480154854464
2016-05-26,65.704001995018
2016-05-27,65.869454229342
2016-05-31,65.704001995018
2016-06-01,65.957046588689
2016-06-02,65.957046588689
2016-06-03,65.947266480951
2016-06-06,66.133088527983
2016-06-07,65.947266480951
2016-06-08,66.191769174414
2016-06-09,66.299350359538
2016-06-10,65.976606804166
2016-06-13,65.409360555331
2016-06-14,65.223538508299
2016-06-15,64.421569673739
2016-06-16,65.008376138051
2016-06-17,64.959475599358
2016-06-20,65.106177215436
2016-06-21,65.331119693423
2016-06-22,65.546282063671
2016-06-23,66.367811113708
2016-06-24,64.802993875542
2016-06-27,64.607391720771
2016-06-28,66.240669713107
2016-06-29,66.964397685758
2016-06-30,68.411853631062
2016-07-01,68.030429429259
2016-07-05,67.785926735795
2016-07-06,67.932628351873
2016-07-07,67.42406274947
2016-07-08,68.128230506644
2016-07-11,68.402073523323
2016-07-12,68.069549860213
2016-07-13,67.75658641258
2016-07-14,67.785926735795
2016-07-15,67.961968675089
2016-07-18,67.82504716675
2016-07-19,67.600104688763
2016-07-20,67.580544473286
2016-07-21,67.375162210777
2016-07-22,67.678345550671
2016-07-25,67.697905766149
2016-07-26,67.521863826855
2016-07-27,67.345821887561
2016-07-28,67.649005227456
2016-07-29,66.827476177419
2016-08-01,66.88615682385
2016-08-02,66.612313807171
2016-08-03,67.120879409575
2016-08-04,67.111099301836
2016-08-05,67.326261672084
2016-08-08,67.649005227456
2016-08-09,67.844607382227
2016-08-10,67.893507920919
2016-08-11,67.590324581025
2016-08-12,67.609884796502
2016-08-15,67.864167597704
2016-08-16,67.433842857208
2016-08-17,67.600104688763
2016-08-18,67.913068136396
2016-08-19,67.649005227456
2016-08-22,67.3556019953
2016-08-23,66.856816500634
2016-08-24,66.759015423249
2016-08-25,67.032858439928
2016-08-26,66.81769606968
2016-08-29,67.551204150071
2016-08-30,67.973767690724
2016-08-31,67.76739944994
2016-09-01,67.472587677391
2016-09-02,67.757572390855
2016-09-06,68.111346517914
2016-09-07,68.239098286018
2016-09-08,68.022902986149
2016-09-09,66.784693541443
2016-09-12,67.295700613861
2016-09-13,66.745385305103
2016-09-14,66.2245511736
2016-09-15,66.647114714253
2016-09-16,66.24420529177
2016-09-19,66.293340587195
2016-09-20,66.696250009678
2016-09-21,67.472587677391
2016-09-22,67.74774533177
2016-09-23,67.305527672946
2016-09-26,67.207257082097
2016-09-27,67.78705356811
2016-09-28,67.904978277129
2016-09-29,67.452933559221
2016-09-30,67.983594749809
2016-10-03,67.217084141182
2016-10-04,66.666768832423
2016-10-05,66.637287655168
2016-10-06,66.597979418829
2016-10-07,67.246565318437
2016-10-10,67.305527672946
2016-10-11,67.020542959482
2016-10-12,67.84601592262
2016-10-13,67.895151218044
2016-10-14,68.131000636084
2016-10-17,68.140827695169
2016-10-18,68.091692399744
2016-10-19,68.229271226933
2016-10-20,67.050024136737
2016-10-21,66.381784118959
2016-10-24,66.548844123404
2016-10-25,66.440746473469
2016-10-26,66.765039423273
2016-10-27,66.421092355299
2016-10-28,66.362130000789
2016-10-31,66.725731186933
2016-11-01,66.04766411007
2016-11-02,66.175415878175
2016-11-03,66.912445309548
2016-11-04,65.566138214907
2016-11-07,65.703717042097
2016-11-08,66.411265296214
2016-11-09,66.991061782227
2016-11-10,68.248925345103
2016-11-11,68.435639467718
2016-11-14,69.467480671639
2016-11-15,70.066931275822
2016-11-16,69.496961848894
2016-11-17,70.538630111901
2016-11-18,70.77447952994
2016-11-21,70.9317124753
2016-11-22,71.118426597914
2016-11-23,71.147907775169
2016-11-25,71.128253656999
2016-11-28,71.118426597914
2016-11-29,68.739256579855
2016-11-30,69.025546748003
2016-12-01,69.450045962843
2016-12-02,69.7067199067
2016-12-05,69.459918037607
2016-12-06,70.042370448667
2016-12-07,70.733415682128
2016-12-08,70.753159831656
2016-12-09,71.542925812754
2016-12-12,71.888448429485
2016-12-13,71.997041251886
2016-12-14,71.681134859447
2016-12-15,72.599237812474
2016-12-16,73.161946074006
2016-12-19,73.418620017863
2016-12-20,73.527212840264
2016-12-21,73.487724541209
2016-12-22,73.527212840264
2016-12-23,73.625933587901
2016-12-27,73.556829064555
2016-12-28,73.398875868336
2016-12-29,73.32977134499
2016-12-30,73.17181814877
2017-01-03,73.221178522589
2017-01-04,73.418620017863
2017-01-05,73.082969475896
2017-01-06,73.201434373061
2017-01-09,72.154994448106
2017-01-10,72.806551382512
2017-01-11,72.994120803023
2017-01-12,72.737446859166
2017-01-13,72.944760429204
2017-01-17,72.905272130149
2017-01-18,73.566701139319
2017-01-19,73.270538896407
2017-01-20,73.586445288847
2017-01-23,73.201434373061
2017-01-24,73.5173407655
2017-01-25,74.425571643764
2017-01-26,74.84019878384
2017-01-27,74.623013139038
2017-01-30,74.642757288566
2017-01-31,74.247874298016
2017-02-01,74.277490522308
2017-02-02,76.409858671273
2017-02-03,76.488835269383
2017-02-06,77.081159755207
2017-02-07,77.120648054262
2017-02-08,76.992311082334
2017-02-09,77.347705773828
2017-02-10,77.870925736306
2017-02-13,78.591587194058
2017-02-14,78.779156614569
2017-02-15,79.677515418068
2017-02-16,79.766364090942
2017-02-17,79.410969399447
2017-02-21,79.588666745195
2017-02-22,79.54917844614
2017-02-23,79.519562221849
2017-02-24,80.240223679601
2017-02-27,80.666664121848
2017-02-28,81.479876127994
2017-03-01,82.005488766113
2017-03-02,81.073270124921
2017-03-03,81.18235954038
2017-03-06,80.666664121848
2017-03-07,80.785670756894
2017-03-08,80.458402510518
2017-03-09,80.894760172352
2017-03-10,81.370786712536
2017-03-13,81.420372810471
2017-03-14,81.499710567168
2017-03-15,81.936068229003
2017-03-16,82.203833157856
2017-03-17,82.164164279507
2017-03-20,81.688137739324
2017-03-21,81.013766807398
2017-03-22,80.706333000197
2017-03-23,80.587326365151
2017-03-24,80.319561436298
2017-03-27,80.418733632169
2017-03-28,81.212111199141
2017-03-29,80.716250219784
2017-03-30,80.964180709463
2017-03-31,80.815422415655
2017-04-03,80.646829682674
2017-04-04,80.954263489875
2017-04-05,80.746001878545
2017-04-06,80.76583631772
2017-04-07,80.438568071344
2017-04-10,80.686498561022
2017-04-11,80.498071388867
2017-04-12,80.299726997124
2017-04-13,79.912955433225
2017-04-17,80.825339635242
2017-04-18,79.645190504372
2017-04-19,79.089826207492
2017-04-20,79.486514990978
2017-04-21,79.069991768318
2017-04-24,80.230306460014
2017-04-25,80.55757470639
2017-04-26,81.122856222857
2017-04-27,81.301366175425
2017-04-28,80.617078023912
2017-05-01,80.825339635242
2017-05-02,81.152607881618
2017-05-03,84.226945953634
2017-05-04,84.861648007211
2017-05-05,84.742641372165
2017-05-08,84.068270440239
2017-05-09,83.473237265011
2017-05-10,83.592243900056
2017-05-11,83.215389555745
2017-05-12,83.433568386662
2017-05-15,83.830257170148
2017-05-16,83.631912778405
2017-05-17,83.661664437166
2017-05-18,84.018684342304
2017-05-19,83.433568386662
2017-05-22,84.088104879414
2017-05-23,84.69305527423
2017-05-24,85.099661277303
2017-05-25,85.565770597898
2017-05-26,85.783949428816
2017-05-30,85.288088449458
2017-05-31,85.625273915421
2017-06-01,86.587244215374
2017-06-02,86.318339730234
2017-06-05,86.25858317798
2017-06-06,85.471788573308
2017-06-07,85.521585700186
2017-06-08,86.208786051102
2017-06-09,87.015499506525
2017-06-12,87.563267902182
2017-06-13,87.61306502906
2017-06-14,88.459616185985
2017-06-15,89.425680447417
2017-06-16,89.455558723544
2017-06-19,89.047222283145
2017-06-20,88.897830902511
2017-06-21,88.87791205176
2017-06-22,87.95168549183
2017-06-23,87.722618708192
2017-06-26,88.061239170962
2017-06-27,87.812253536572
2017-06-28,88.220589976971
2017-06-29,87.77241583507
2017-06-30,88.081158021713
2017-07-03,88.270387103849
2017-07-05,88.44965676061
2017-07-06,88.360021932229
2017-07-07,88.828114924882
2017-07-10,88.489494462112
2017-07-11,87.583186752933
2017-07-12,87.842131812699
2017-07-13,88.240508827722
2017-07-14,88.688682969624
2017-07-17,88.130955148591
2017-07-18,88.519372738239
2017-07-19,88.887871477136
2017-07-20,88.857993201009
2017-07-21,88.798236648755
2017-07-24,89.405761596666
2017-07-25,89.843976313192
2017-07-26,89.037262857769
2017-07-27,89.316126768286
2017-07-28,90.132799649084
2017-07-31,90.630770917864
2017-08-01,90.630770917864
2017-08-02,93.77794933655
2017-08-03,93.548882552912
2017-08-04,93.837705888804
2017-08-07,93.857624739555
2017-08-08,93.827746463428
2017-08-09,94.315758306832
2017-08-10,93.77794933655
2017-08-11,93.568801403663
2017-08-14,94.036894396315
2017-08-15,93.997056694813
2017-08-16,93.997056694813
2017-08-17,92.951317030376
2017-08-18,92.542980589977
2017-08-21,92.343792082465
2017-08-22,93.389531746902
2017-08-23,92.801925649742
2017-08-24,91.168579888146
2017-08-25,91.646632306174
2017-08-28,90.282191029718
2017-08-29,90.82
2017-08-30,90.07
2017-08-31,90.5
2017-09-01,89.78
2017-09-05,86.49
2017-09-06,87.5
2017-09-07,86.45
2017-09-08,89.61
2017-09-11,91.23
2017-09-12,91.87
2017-09-13,90.94
2017-09-14,90.5
2017-09-15,90.88
2017-09-18,90.48
2017-09-19,91.14
2017-09-20,91.38
2017-09-21,90.67
2017-09-22,90.53
2017-09-25,91.04
2017-09-26,90.73
2017-09-27,90.89
2017-09-28,91.29
2017-09-29,91.91
2017-10-02,92.38
2017-10-03,92.1
2017-10-04,92.86
2017-10-05,93.19
2017-10-06,93.29
2017-10-09,93.2
2017-10-10,93.33
2017-10-11,93.09
2017-10-12,92.54
2017-10-13,92.34
2017-10-16,92.46
2017-10-17,91.41
2017-10-18,91.25
2017-10-19,92.73
2017-10-20,92.97
2017-10-23,92.97
2017-10-24,93.64
2017-10-25,93.305
2017-10-26,93.96
2017-10-27,93.73
2017-10-30,94.07
2017-10-31,93.86
2017-11-01,94.25
2017-11-02,97.85
2017-11-03,97.84
2017-11-06,99.09
2017-11-07,99.18
2017-11-09,98.95
2017-11-10,99.12
2017-11-13,99.44
2017-11-14,99.94
2017-11-15,100.38
2017-11-16,99.57
2017-11-17,100.17
2017-11-20,100.32
2017-11-21,99.7
2017-11-22,99.3
2017-11-24,99.08
2017-11-27,99.41
2017-11-28,100.89
2017-11-29,101.96
2017-11-30,102.66
2017-12-01,103.1
2017-12-04,103.62
2017-12-05,102.84
2017-12-06,102.65
2017-12-07,102.11
2017-12-08,102.5
2017-12-11,102.37
2017-12-12,103.54
2017-12-13,103.32
2017-12-14,102.65
2017-12-15,103.97
2017-12-18,104.16
2017-12-19,104.38
2017-12-20,104.42
2017-12-21,104.21
2017-12-22,104.11
2017-12-26,104.34
2017-12-27,104.6
2017-12-28,104.91
2017-12-29,104.71
2018-01-02,101.92
2018-01-03,101.98
2018-01-04,100.8
2018-01-05,101.87
2018-01-08,101.39
2018-01-09,100.94
2018-01-10,100.43
2018-01-11,100.78
2018-01-12,102.11
2018-01-16,102.13
2018-01-17,103.94
2018-01-18,104.0
2018-01-19,103.7
2018-01-22,104.43
2018-01-23,101.25
2018-01-24,99.87
2018-01-25,100.73
2018-01-26,100.53
2018-01-29,98.04
2018-01-30,98.45
2018-01-31,98.77
2018-02-01,98.72
2018-02-02,97.94
2018-02-05,95.02
2018-02-06,96.6
2018-02-07,96.87
2018-02-08,90.06
2018-02-09,90.89
2018-02-12,90.73
2018-02-13,92.13
2018-02-14,95.03
2018-02-15,94.52
2018-02-16,95.04
2018-02-20,93.65
2018-02-21,93.41
2018-02-22,92.8
2018-02-23,94.37
2018-02-26,95.75
2018-02-27,94.01
2018-02-28,92.26
2018-03-01,91.600049962
2018-03-02,91.61
2018-03-05,92.89
2018-03-06,93.43
2018-03-07,93.39
2018-03-08,94.33
2018-03-09,96.03
2018-03-12,94.85
2018-03-13,96.41
2018-03-14,96.41
2018-03-15,96.81
2018-03-16,97.53
2018-03-19,96.78
2018-03-20,97.39
2018-03-21,96.84
2018-03-22,94.65
2018-03-23,92.25
2018-03-26,94.52
2018-03-27,93.39
