Date,ALLE
2013-11-18,47.237126569964
2013-11-19,44.630436243514
2013-11-20,43.509803019059
2013-11-21,42.671764259902
2013-11-22,42.866656994589
2013-11-25,43.051805092543
2013-11-26,42.096830692572
2013-11-27,42.13580923951
2013-11-29,42.13580923951
2013-12-02,42.038362872166
2013-12-03,41.804491590541
2013-12-04,40.761815459961
2013-12-05,40.001733794678
2013-12-06,39.660671508975
2013-12-09,40.128414072225
2013-12-10,41.473173941571
2013-12-11,41.375727574227
2013-12-12,41.872704047681
2013-12-13,42.145553876244
2013-12-16,42.574317892558
2013-12-17,42.632785712964
2013-12-18,43.139506823152
2013-12-19,43.314910284371
2013-12-20,43.129762186418
2013-12-23,43.509803019059
2013-12-24,43.441590561919
2013-12-26,43.558526202731
2013-12-27,43.500058382325
2013-12-30,42.993337272137
2013-12-31,43.061549729277
2014-01-02,42.53533934562
2014-01-03,42.837423084386
2014-01-06,42.564573255823
2014-01-07,42.749721353777
2014-01-08,42.759465990511
2014-01-09,43.003081908871
2014-01-10,44.562223786374
2014-01-13,45.838771198579
2014-01-14,46.579363590393
2014-01-15,46.287024488361
2014-01-16,46.189578121017
2014-01-17,46.774256325081
2014-01-21,46.939915149565
2014-01-22,47.271232798534
2014-01-23,46.501406496518
2014-01-24,45.643878463891
2014-01-27,45.410007182266
2014-01-28,46.511151133252
2014-01-29,46.559874316924
2014-01-30,48.157994741364
2014-01-31,48.089782284223
2014-02-03,46.228556667955
2014-02-04,46.822979508752
2014-02-05,46.384470855705
2014-02-06,47.982591280145
2014-02-07,48.664715851553
2014-02-10,48.567269484209
2014-02-11,48.615992667881
2014-02-12,48.723183671959
2014-02-13,48.840119312772
2014-02-14,48.362632112786
2014-02-18,48.830374676037
2014-02-19,47.90463418627
2014-02-20,50.204368455586
2014-02-21,51.03266257801
2014-02-24,51.510149777995
2014-02-25,53.166738022842
2014-02-26,53.264184390185
2014-02-27,53.936564324858
2014-02-28,52.962100651419
2014-03-03,52.124061892262
2014-03-04,52.621038365716
2014-03-05,52.572315182044
2014-03-06,51.83172279023
2014-03-07,52.026615524918
2014-03-10,51.929169157574
2014-03-11,53.108270202435
2014-03-12,52.893888194279
2014-03-13,52.309209990215
2014-03-14,52.016434561165
2014-03-17,51.684622408242
2014-03-18,51.996916199229
2014-03-19,51.996916199229
2014-03-20,52.865483305409
2014-03-21,52.51415279055
2014-03-24,52.182340637627
2014-03-25,51.92860193245
2014-03-26,50.786777759157
2014-03-27,50.210986082025
2014-03-28,50.903887930776
2014-03-31,50.913647111745
2014-04-01,52.621503781201
2014-04-02,53.353442353826
2014-04-03,53.626699420939
2014-04-04,52.436079342803
2014-04-07,50.376892158487
2014-04-08,50.171949358152
2014-04-09,50.259781986867
2014-04-10,49.459529147465
2014-04-11,48.805664022587
2014-04-14,48.571443679347
2014-04-15,48.756868117745
2014-04-16,49.02036600389
2014-04-17,48.942292556143
2014-04-21,49.410733242623
2014-04-22,49.771822938451
2014-04-23,49.186272080351
2014-04-24,49.030125184858
2014-04-25,48.346982517076
2014-04-28,47.644321487356
2014-04-29,47.722394935103
2014-04-30,48.161558078677
2014-05-01,50.015802462659
2014-05-02,49.479047509401
2014-05-05,48.854459927428
2014-05-06,48.688553850967
2014-05-07,48.72759057484
2014-05-08,48.171317259646
2014-05-09,48.795904841619
2014-05-12,49.264345528098
2014-05-13,49.264345528098
2014-05-14,48.590962041284
2014-05-15,47.127084896035
2014-05-16,48.093243811899
2014-05-19,49.000847641953
2014-05-20,49.283863890035
2014-05-21,49.488806690369
2014-05-22,50.250022805899
2014-05-23,51.196663359826
2014-05-27,51.206422540794
2014-05-28,51.665104046306
2014-05-29,52.231136542468
2014-05-30,51.128349093048
2014-06-02,50.816055302062
2014-06-03,51.147867454985
2014-06-04,51.87004684664
2014-06-05,53.002111838966
2014-06-06,54.485507346151
2014-06-09,54.992984756504
2014-06-10,55.3638336333
2014-06-11,54.983225575536
2014-06-12,54.846597041979
2014-06-13,54.817277763446
2014-06-16,55.833679419249
2014-06-17,55.95095653338
2014-06-18,56.038914368979
2014-06-19,55.970502719069
2014-06-20,56.312560968618
2014-06-23,56.253922411552
2014-06-24,55.393890241258
2014-06-25,55.403663334102
2014-06-26,55.042058898864
2014-06-27,54.318850028389
2014-06-30,55.393890241258
2014-07-01,55.76526776934
2014-07-02,56.068233647512
2014-07-03,55.862998697782
2014-07-07,54.768412299225
2014-07-08,54.250438378479
2014-07-09,54.348169306922
2014-07-10,54.338396214078
2014-07-11,54.758639206381
2014-07-14,54.70977374216
2014-07-15,54.348169306922
2014-07-16,54.172253635725
2014-07-17,53.038574865791
2014-07-18,53.644506622135
2014-07-21,53.51745641516
2014-07-22,53.65427971498
2014-07-23,53.214490536988
2014-07-24,53.722691364889
2014-07-25,53.849741571865
2014-07-28,52.354458366693
2014-07-29,51.259871968136
2014-07-30,52.442416202292
2014-07-31,50.263016498022
2014-08-01,49.217295563686
2014-08-04,48.982741335424
2014-08-05,49.256387935063
2014-08-06,48.982741335424
2014-08-07,48.738414014318
2014-08-08,49.461622884793
2014-08-11,49.217295563686
2014-08-12,49.803681134342
2014-08-13,51.054637018407
2014-08-14,50.839628975833
2014-08-15,51.074183204095
2014-08-18,51.445560732177
2014-08-19,51.416241453644
2014-08-20,51.328283618046
2014-08-21,50.956906089964
2014-08-22,50.790763511612
2014-08-25,51.279418153825
2014-08-26,51.191460318226
2014-08-27,50.829855882989
2014-08-28,50.380293612153
2014-08-29,50.263016498022
2014-09-02,51.08395629694
2014-09-03,51.005771554186
2014-09-04,51.142594854005
2014-09-05,51.289191246669
2014-09-08,51.035090832718
2014-09-09,50.565982376194
2014-09-10,50.771217325923
2014-09-11,50.87872134721
2014-09-12,49.793908041498
2014-09-15,49.725388804955
2014-09-16,50.019042675851
2014-09-17,49.979888826398
2014-09-18,49.549196482418
2014-09-19,48.805273342816
2014-09-22,48.159234826846
2014-09-23,47.885157880677
2014-09-24,47.963465579583
2014-09-25,47.190177052892
2014-09-26,47.376157837792
2014-09-29,46.984619343265
2014-09-30,46.63223469819
2014-10-01,46.759484708912
2014-10-02,46.857369332543
2014-10-03,48.100504052667
2014-10-06,47.562138622692
2014-10-07,45.604446150056
2014-10-08,46.240696203663
2014-10-09,45.712119236051
2014-10-10,45.271638429708
2014-10-13,44.361311429933
2014-10-14,44.10681140849
2014-10-15,44.75284992446
2014-10-16,45.349946128614
2014-10-17,45.761061547867
2014-10-20,45.907888483315
2014-10-21,47.209753977618
2014-10-22,46.103657730579
2014-10-23,47.425100149608
2014-10-24,48.080927127941
2014-10-27,48.110292515031
2014-10-28,49.138081063164
2014-10-29,49.226177224433
2014-10-30,51.52646587978
2014-10-31,51.966946686124
2014-11-03,52.299754406472
2014-11-04,51.996312073213
2014-11-05,51.927792836671
2014-11-06,52.289965944108
2014-11-07,51.839696675402
2014-11-10,51.565619729233
2014-11-11,51.409004331422
2014-11-12,51.389427406696
2014-11-13,51.017465836895
2014-11-14,51.164292772343
2014-11-17,51.722235127044
2014-11-18,52.730446750452
2014-11-19,52.857696761173
2014-11-20,52.945792922442
2014-11-21,53.053466008437
2014-11-24,52.808754449357
2014-11-25,52.436792879556
2014-11-26,51.937581299034
2014-11-28,52.710869825725
2014-12-01,52.564042890277
2014-12-02,53.210081406247
2014-12-03,53.533100664232
2014-12-04,53.435216040601
2014-12-05,54.374908427466
2014-12-08,53.748446836222
2014-12-09,53.836542997491
2014-12-10,53.004523696621
2014-12-11,53.043677546073
2014-12-12,52.750023675178
2014-12-15,52.642190510259
2014-12-16,52.377509105459
2014-12-17,53.044114124956
2014-12-18,53.867567384334
2014-12-19,53.906779444305
2014-12-22,54.514566373846
2014-12-23,54.583187478794
2014-12-24,54.632202553757
2014-12-26,54.553778433816
2014-12-29,54.808656823624
2014-12-30,54.563581448809
2014-12-31,54.367521148957
2015-01-02,53.96559753426
2015-01-05,53.857764369342
2015-01-06,53.769537234408
2015-01-07,54.504763358853
2015-01-08,55.239989483298
2015-01-09,54.779247778646
2015-01-12,53.906779444305
2015-01-13,54.014612609223
2015-01-14,54.240081954053
2015-01-15,52.740220660185
2015-01-16,52.318691015504
2015-01-20,51.750116145933
2015-01-21,51.877555340837
2015-01-22,53.289189499771
2015-01-23,53.406825679682
2015-01-26,52.848053825104
2015-01-27,52.740220660185
2015-01-28,53.279386484778
2015-01-29,53.710719144453
2015-01-30,52.94608397503
2015-02-02,53.416628694675
2015-02-03,53.96559753426
2015-02-04,54.534172403831
2015-02-05,55.877185457817
2015-02-06,56.41635128241
2015-02-09,55.788958322884
2015-02-10,55.759549277906
2015-02-11,55.602701038024
2015-02-12,56.622214597255
2015-02-13,57.504485946589
2015-02-17,57.406455796663
2015-02-18,54.896883958557
2015-02-19,56.484972387358
2015-02-20,57.445667856633
2015-02-23,57.190789466825
2015-02-24,57.249607556781
2015-02-25,57.39665278167
2015-02-26,57.141774391862
2015-02-27,56.592805552277
2015-03-02,57.66133418647
2015-03-03,57.347637706707
2015-03-04,57.298622631744
2015-03-05,56.965320121996
2015-03-06,56.318321132484
2015-03-09,56.847683942085
2015-03-10,56.475169372366
2015-03-11,56.769259822144
2015-03-12,57.249607556781
2015-03-13,57.112365346885
2015-03-16,57.681917821114
2015-03-17,57.289123011301
2015-03-18,58.762103548101
2015-03-19,58.929041342272
2015-03-20,60.038686679995
2015-03-23,59.803009794107
2015-03-24,59.803009794107
2015-03-25,59.223637449632
2015-03-26,59.420034854539
2015-03-27,60.127065512203
2015-03-30,60.794816688886
2015-03-31,60.068146290731
2015-04-01,59.979767458523
2015-04-02,60.343102657601
2015-04-06,60.539500062508
2015-04-07,60.460941100545
2015-04-08,60.578779543489
2015-04-09,60.333282787356
2015-04-10,60.136885382449
2015-04-13,59.194177838896
2015-04-14,58.889761861291
2015-04-15,59.400395114048
2015-04-16,59.076339395952
2015-04-17,58.035433149946
2015-04-20,58.241650425099
2015-04-21,58.732643937365
2015-04-22,59.272736800859
2015-04-23,58.663904845648
2015-04-24,59.861929015579
2015-04-27,59.498593816502
2015-04-28,59.714630961899
2015-04-29,59.45931433552
2015-04-30,60.048506550241
2015-05-01,60.343102657601
2015-05-04,61.128692277228
2015-05-05,60.392202008828
2015-05-06,60.17616486343
2015-05-07,60.382382138582
2015-05-08,61.256350590417
2015-05-11,62.041940210044
2015-05-12,60.667158375697
2015-05-13,60.627878894716
2015-05-14,60.755537207905
2015-05-15,60.676978245942
2015-05-18,60.775176948396
2015-05-19,60.716257726924
2015-05-20,60.431481489809
2015-05-21,60.294003306374
2015-05-22,60.156525122939
2015-05-26,59.793189923862
2015-05-27,60.706437856678
2015-05-28,60.824276299622
2015-05-29,61.315269811889
2015-06-01,60.922475002076
2015-06-02,61.266170460663
2015-06-03,61.678605010967
2015-06-04,60.716257726924
2015-06-05,60.784996818641
2015-06-08,60.294003306374
2015-06-09,59.852109145334
2015-06-10,60.510040451772
2015-06-11,60.539500062508
2015-06-12,60.097605901467
2015-06-15,59.861543292362
2015-06-16,59.61564474121
2015-06-17,60.16645749579
2015-06-18,60.402520104895
2015-06-19,60.658254598093
2015-06-22,61.061528221982
2015-06-23,61.061528221982
2015-06-24,61.032020395844
2015-06-25,60.71727025037
2015-06-26,60.618910829909
2015-06-29,58.917292855939
2015-06-30,59.153355465045
2015-07-01,59.222207059367
2015-07-02,58.789425609341
2015-07-06,58.582870826373
2015-07-07,58.671394304788
2015-07-08,57.520589085398
2015-07-09,58.218940970669
2015-07-10,59.281222711644
2015-07-13,59.989410538961
2015-07-14,60.510715467402
2015-07-15,59.8910511185
2015-07-16,60.264816916251
2015-07-17,60.382848220803
2015-07-20,60.658254598093
2015-07-21,59.822199524178
2015-07-22,60.068098075329
2015-07-23,60.077934017375
2015-07-24,60.422191988988
2015-07-27,60.195965321928
2015-07-28,61.36644242541
2015-07-29,62.704130543675
2015-07-30,62.163153731141
2015-07-31,62.182825615234
2015-08-03,61.661520686792
2015-08-04,61.602505034516
2015-08-05,61.848403585667
2015-08-06,61.268083004949
2015-08-07,61.6418488027
2015-08-10,62.340200687971
2015-08-11,62.123809962957
2015-08-12,62.035286484543
2015-08-13,62.251677209556
2015-08-14,62.556591412984
2015-08-17,63.618873153959
2015-08-18,63.510677791453
2015-08-19,63.176255761886
2015-08-20,61.572997208377
2015-08-21,59.389418074151
2015-08-24,57.599276621766
2015-08-25,56.01568995235
2015-08-26,58.051729955886
2015-08-27,59.517285320749
2015-08-28,59.281222711644
2015-08-31,58.632050536603
2015-09-01,57.599276621766
2015-09-02,58.346808217268
2015-09-03,58.809097493433
2015-09-04,57.756651694504
2015-09-08,59.369746190058
2015-09-09,59.212371117321
2015-09-10,59.310730537782
2015-09-11,59.635316625302
2015-09-14,59.822199524178
2015-09-15,60.728596486665
2015-09-16,60.896082881907
2015-09-17,61.122682122529
2015-09-18,60.216285160042
2015-09-21,60.807413613838
2015-09-22,59.477374592796
2015-09-23,59.694121692522
2015-09-24,59.290183915761
2015-09-25,58.758168307344
2015-09-28,56.413358773953
2015-09-29,55.240954007257
2015-09-30,56.807444409817
2015-10-01,57.694137090511
2015-10-02,57.221234327474
2015-10-05,58.137483430858
2015-10-06,57.782806358581
2015-10-07,58.758168307344
2015-10-08,58.85668971631
2015-10-09,58.787724730034
2015-10-12,58.265561262514
2015-10-13,57.989701317409
2015-10-14,57.960144894719
2015-10-15,59.447818170107
2015-10-16,59.428113888313
2015-10-19,59.093141097829
2015-10-20,61.073421418046
2015-10-21,60.364067273491
2015-10-22,63.053701738264
2015-10-23,62.787693934055
2015-10-26,63.12266672454
2015-10-27,63.546308783094
2015-10-28,64.235958645856
2015-10-29,63.55616092399
2015-10-30,64.206402223166
2015-11-02,65.76304048483
2015-11-03,64.364036477512
2015-11-04,63.743351601026
2015-11-05,63.211335992609
2015-11-06,63.319709542472
2015-11-09,62.738433229572
2015-11-10,62.393608298191
2015-11-11,64.048767968821
2015-11-12,63.723647319233
2015-11-13,62.748285370469
2015-11-16,63.763055882819
2015-11-17,63.634978051163
2015-11-18,64.876347804135
2015-11-19,65.694075498553
2015-11-20,65.526589103311
2015-11-23,64.71871354979
2015-11-24,64.216254364063
2015-11-25,65.418215553448
2015-11-27,66.1374218389
2015-11-30,66.216238966073
2015-12-01,67.024114519595
2015-12-02,66.314760375039
2015-12-03,65.12265132655
2015-12-04,66.127569698004
2015-12-07,65.408363412552
2015-12-08,64.876347804135
2015-12-09,64.216254364063
2015-12-10,64.423149322891
2015-12-11,63.634978051163
2015-12-14,64.04876796882
2015-12-15,64.561868559543
2015-12-16,65.578202421935
2015-12-17,64.749347621538
2015-12-18,63.792217673459
2015-12-21,63.900758183035
2015-12-22,64.305318264182
2015-12-23,64.946694002585
2015-12-24,64.739480302485
2015-12-28,65.43019263615
2015-12-29,66.071568374553
2015-12-30,65.72621220772
2015-12-31,65.045367193108
2016-01-04,63.673809844831
2016-01-05,63.604738611465
2016-01-06,61.937161691617
2016-01-07,60.151176943141
2016-01-08,58.976965975911
2016-01-11,58.700681042445
2016-01-12,59.312454823691
2016-01-13,58.029703346885
2016-01-14,59.430862652319
2016-01-15,57.901428199205
2016-01-19,57.240317822697
2016-01-20,56.648278679556
2016-01-21,56.450932298509
2016-01-22,59.164445037906
2016-01-25,58.404661470875
2016-01-26,59.144710399801
2016-01-27,58.937496699702
2016-01-28,58.434263428032
2016-01-29,59.756484181047
2016-02-01,59.647943671471
2016-02-02,57.950764794467
2016-02-03,58.59214053287
2016-02-04,59.006567933068
2016-02-05,55.523404307588
2016-02-08,53.0565745445
2016-02-09,53.55980781617
2016-02-10,54.122245002154
2016-02-11,55.987168303048
2016-02-12,56.737084551027
2016-02-16,57.723816456263
2016-02-17,58.029703346885
2016-02-18,57.812622327734
2016-02-19,57.980366751624
2016-02-22,60.259717452717
2016-02-23,60.299186728927
2016-02-24,61.799019224884
2016-02-25,62.953495554009
2016-02-26,63.032434106428
2016-02-29,62.164110029821
2016-03-01,63.969829416402
2016-03-02,63.782350354407
2016-03-03,63.979696735454
2016-03-04,63.091638020742
2016-03-07,62.647608663386
2016-03-08,62.114773434559
2016-03-09,62.479864239496
2016-03-10,62.262783220345
2016-03-11,62.904158958748
2016-03-14,63.436994187575
2016-03-15,62.913048310694
2016-03-16,63.031677565837
2016-03-17,63.634709612813
2016-03-18,63.822539266789
2016-03-21,63.753338867955
2016-03-22,63.486423043884
2016-03-23,62.636246715361
2016-03-24,62.4187597476
2016-03-28,62.646132486623
2016-03-29,62.913048310694
2016-03-30,63.110763735932
2016-03-31,62.982248709528
2016-04-01,64.633172510264
2016-04-04,64.119112404645
2016-04-05,63.960940064455
2016-04-06,65.453691525001
2016-04-07,63.239278762337
2016-04-08,63.328250703694
2016-04-11,62.685675571671
2016-04-12,62.685675571671
2016-04-13,63.545737671455
2016-04-14,62.972362938266
2016-04-15,63.041563337099
2016-04-18,63.51608035767
2016-04-19,63.15030682098
2016-04-20,63.179964134765
2016-04-21,62.517617460218
2016-04-22,63.506194586408
2016-04-25,63.960940064455
2016-04-26,64.919859876859
2016-04-27,66.066609343238
2016-04-28,64.494771712597
2016-04-29,64.702372909097
2016-05-02,65.740378891596
2016-05-03,64.939631419383
2016-05-04,64.712258680359
2016-05-05,64.623286739002
2016-05-06,65.255976099763
2016-05-09,65.414148439953
2016-05-10,66.175352827119
2016-05-11,65.18677570093
2016-05-12,65.374605354906
2016-05-13,65.255976099763
2016-05-16,65.582206551406
2016-05-17,66.066609343238
2016-05-18,66.412611337405
2016-05-19,66.44226865119
2016-05-20,66.590555220119
2016-05-23,66.452154422452
2016-05-24,67.341873836023
2016-05-25,67.173815724571
2016-05-26,66.956328756809
2016-05-27,67.213358809618
2016-05-31,66.867356815452
2016-06-01,67.411074234856
2016-06-02,67.351759607285
2016-06-03,67.114501096999
2016-06-06,67.124386868261
2016-06-07,66.976100299333
2016-06-08,68.221707478331
2016-06-09,68.192050164546
2016-06-10,67.134272639523
2016-06-13,66.837699501666
2016-06-14,66.976346381652
2016-06-15,67.501223855883
2016-06-16,67.540837250165
2016-06-17,67.035766473074
2016-06-20,68.283588392945
2016-06-21,68.352911832938
2016-06-22,68.174651558671
2016-06-23,68.580688850058
2016-06-24,65.084806804704
2016-06-27,63.401237547736
2016-06-28,65.768137856062
2016-06-29,67.352673627327
2016-06-30,68.758949124325
2016-07-01,68.135038164389
2016-07-05,67.352673627327
2016-07-06,67.600257341587
2016-07-07,67.976584587263
2016-07-08,69.065952930007
2016-07-11,69.254116552845
2016-07-12,69.848317467069
2016-07-13,69.759187329936
2016-07-14,70.323678198449
2016-07-15,70.660392049843
2016-07-18,70.254354758456
2016-07-19,71.145656129793
2016-07-20,71.234786266926
2016-07-21,70.868362369821
2016-07-22,71.640823558313
2016-07-25,71.175366175504
2016-07-26,71.759663741158
2016-07-27,71.185269524074
2016-07-28,72.076570895411
2016-07-29,71.690340301165
2016-08-01,71.700243649735
2016-08-02,70.997105901237
2016-08-03,70.363291592731
2016-08-04,70.313774849879
2016-08-05,70.719812141265
2016-08-08,70.293968152738
2016-08-09,70.620778655561
2016-08-10,70.660392049843
2016-08-11,71.115946084081
2016-08-12,71.650726906883
2016-08-15,72.116184289692
2016-08-16,71.531886724038
2016-08-17,70.967395855525
2016-08-18,71.195172872645
2016-08-19,70.59106860985
2016-08-22,71.214979569785
2016-08-23,71.482369981186
2016-08-24,71.106042735511
2016-08-25,71.393239844053
2016-08-26,70.888169066962
2016-08-29,71.403143192623
2016-08-30,70.571261912709
2016-08-31,70.531648518427
2016-09-01,71.145656129793
2016-09-02,71.690340301165
2016-09-06,71.373433146912
2016-09-07,70.204838015604
2016-09-08,69.204599809993
2016-09-09,66.184078496019
2016-09-12,66.728762667392
2016-09-13,66.055334964604
2016-09-14,65.569196272314
2016-09-15,66.323207305254
2016-09-16,65.727935437144
2016-09-19,66.839109590949
2016-09-20,66.829188393147
2016-09-21,67.345090678842
2016-09-22,68.505870821657
2016-09-23,68.128865305187
2016-09-26,67.71217499751
2016-09-27,68.396737645837
2016-09-28,68.863033942523
2016-09-29,67.722096195312
2016-09-30,68.366974052431
2016-10-03,67.632805415096
2016-10-04,66.849030788751
2016-10-05,67.017691151382
2016-10-06,67.414539063455
2016-10-07,66.352970898659
2016-10-10,66.749818810733
2016-10-11,65.70809304154
2016-10-12,66.501788865687
2016-10-13,66.015650173397
2016-10-14,67.156587920608
2016-10-17,67.801465777727
2016-10-18,67.364933074446
2016-10-19,66.670449228318
2016-10-20,66.749818810733
2016-10-21,66.650606832714
2016-10-24,67.226036305221
2016-10-25,65.00368799761
2016-10-26,65.073136382223
2016-10-27,62.344806986719
2016-10-28,63.088896821856
2016-10-31,63.336926766902
2016-11-01,62.959921250432
2016-11-02,62.850788074612
2016-11-03,62.791260887801
2016-11-04,63.138502810865
2016-11-07,64.904476019592
2016-11-08,65.192190755845
2016-11-09,66.223995327235
2016-11-10,68.565398008468
2016-11-11,68.763821964505
2016-11-14,68.049495722773
2016-11-15,68.228077283206
2016-11-16,67.037533546986
2016-11-17,67.741938590916
2016-11-18,66.78950360194
2016-11-21,67.394696667852
2016-11-22,67.464145052464
2016-11-23,67.16650911841
2016-11-25,67.374854272248
2016-11-28,66.868873184355
2016-11-29,66.948242766769
2016-11-30,66.382734492065
2016-12-01,64.944160810799
2016-12-02,64.358810140491
2016-12-05,64.100858997643
2016-12-06,64.487785711915
2016-12-07,65.261639140458
2016-12-08,64.864791228384
2016-12-09,65.162427162439
2016-12-12,64.606840085537
2016-12-13,65.251717942656
2016-12-14,65.042991959899
2016-12-15,64.50626800424
2016-12-16,63.83039339341
2016-12-19,64.516207336752
2016-12-20,64.933659302265
2016-12-21,65.152324617534
2016-12-22,64.854144642167
2016-12-23,64.993295297338
2016-12-27,65.142385285021
2016-12-28,64.406874679118
2016-12-29,64.377056681581
2016-12-30,63.611728078141
2017-01-03,64.307481353996
2017-01-04,65.530019252998
2017-01-05,65.887835223437
2017-01-06,65.490261922949
2017-01-09,65.023113294875
2017-01-10,64.108694703752
2017-01-11,65.301414605217
2017-01-12,65.71886657073
2017-01-13,65.102627954973
2017-01-17,65.470383257924
2017-01-18,66.076682541169
2017-01-19,66.176075866291
2017-01-20,64.764690649557
2017-01-23,64.675236656948
2017-01-24,66.017046546096
2017-01-25,66.195954531316
2017-01-26,65.549897918022
2017-01-27,66.116439871218
2017-01-30,65.440565260388
2017-01-31,65.27159660768
2017-02-01,65.53995858551
2017-02-02,65.221899945119
2017-02-03,66.921525804707
2017-02-06,66.931465137219
2017-02-07,66.613406496828
2017-02-08,67.189887782537
2017-02-09,71.294832110079
2017-02-10,71.483679427811
2017-02-13,71.016530799737
2017-02-14,70.648775496786
2017-02-15,71.394225435201
2017-02-16,72.487552011544
2017-02-17,72.825489316959
2017-02-21,74.057966548473
2017-02-22,73.610696585424
2017-02-23,73.50136392779
2017-02-24,73.50136392779
2017-02-27,73.153487289862
2017-02-28,72.149614706129
2017-03-01,73.242941282472
2017-03-02,73.511303260302
2017-03-03,73.372152605131
2017-03-06,72.765853321886
2017-03-07,72.417976683959
2017-03-08,72.666459996764
2017-03-09,73.014336634691
2017-03-10,74.018209218425
2017-03-13,74.465479181474
2017-03-14,74.07701560629
2017-03-15,74.624848853344
2017-03-16,74.853942756658
2017-03-17,75.182642704891
2017-03-20,74.933627592593
2017-03-21,73.977409561371
2017-03-22,74.475439785966
2017-03-23,74.565085226393
2017-03-24,74.754336711739
2017-03-27,74.594967039869
2017-03-28,74.824060943183
2017-03-29,75.112918473448
2017-03-30,75.561145675583
2017-03-31,75.401776003713
2017-04-03,75.421697212697
2017-04-04,74.604927644361
2017-04-05,73.837961098484
2017-04-06,74.405715554523
2017-04-07,74.395754950031
2017-04-10,74.326030718587
2017-04-11,74.993391219545
2017-04-12,74.943588197085
2017-04-13,74.814100338691
2017-04-17,75.929688041784
2017-04-18,75.640830511519
2017-04-19,76.527324311298
2017-04-20,77.413818111078
2017-04-21,77.603069596424
2017-04-24,77.931769544657
2017-04-25,78.429799769252
2017-04-26,79.405939009458
2017-04-27,80.30239341373
2017-04-28,78.330193724333
2017-05-01,77.393896902094
2017-05-02,77.314212066159
2017-05-03,76.975551513434
2017-05-04,77.045275744877
2017-05-05,77.194684812256
2017-05-08,76.497442497822
2017-05-09,76.676733378677
2017-05-10,76.527324311298
2017-05-11,76.985512117926
2017-05-12,76.427718266379
2017-05-15,76.935709095466
2017-05-16,78.170824052462
2017-05-17,76.706615192152
2017-05-18,77.015393931401
2017-05-19,78.748539112993
2017-05-22,79.146963292669
2017-05-23,78.589169441122
2017-05-24,78.738578508501
2017-05-25,79.146963292669
2017-05-26,79.067278456734
2017-05-30,78.150902843478
2017-05-31,78.320233119841
2017-06-01,78.828223948928
2017-06-02,79.744599562183
2017-06-05,79.684835935232
2017-06-06,78.230587679414
2017-06-07,78.021414985084
2017-06-08,77.344093879634
2017-06-09,76.925748490974
2017-06-12,78.140942238987
2017-06-13,79.127042083685
2017-06-14,79.596135294827
2017-06-15,80.594205956831
2017-06-16,81.422604606294
2017-06-19,82.011466296877
2017-06-20,81.751967924756
2017-06-21,81.352739659954
2017-06-22,81.033357048113
2017-06-23,81.292855420234
2017-06-26,81.252932593754
2017-06-27,80.43451465091
2017-06-28,81.083260581213
2017-06-29,79.666000241167
2017-06-30,80.963492101773
2017-07-03,81.213009767274
2017-07-05,81.981524177017
2017-07-06,80.504379597251
2017-07-07,81.063299167973
2017-07-10,81.372701073194
2017-07-11,81.312816833474
2017-07-12,81.831813577716
2017-07-13,80.634128783311
2017-07-14,80.614167370071
2017-07-17,80.674051609791
2017-07-18,80.44449535753
2017-07-19,80.544302423731
2017-07-20,80.933549981912
2017-07-21,80.25486193175
2017-07-24,80.155054865549
2017-07-25,78.947389364524
2017-07-26,78.338566260702
2017-07-27,81.043337754733
2017-07-28,81.242951887134
2017-07-31,81.083260581213
2017-08-01,81.312816833474
2017-08-02,80.694013023031
2017-08-03,80.604186663451
2017-08-04,81.163106234173
2017-08-07,81.831813577716
2017-08-08,81.213009767274
2017-08-09,80.43451465091
2017-08-10,78.767736645364
2017-08-11,79.127042083685
2017-08-14,79.316675509466
2017-08-15,78.797678765224
2017-08-16,79.137022790305
2017-08-17,78.677910285783
2017-08-18,78.01918364886
2017-08-21,77.330514892078
2017-08-22,77.92935728928
2017-08-23,76.941267333896
2017-08-24,77.001151573616
2017-08-25,77.470244784758
2017-08-28,77.89941516942
2017-08-29,77.619955384059
2017-08-30,78.148932834921
2017-08-31,78.558141806343
2017-09-01,78.997292897625
2017-09-05,79.246810563126
2017-09-06,80.105151332449
2017-09-07,80.065228505969
2017-09-08,80.654090196551
2017-09-11,80.913588568672
2017-09-12,80.843723622332
2017-09-13,81.652160858555
2017-09-14,82.460598094779
2017-09-15,82.77
2017-09-18,82.65
2017-09-19,82.85
2017-09-20,83.57
2017-09-21,83.47
2017-09-22,84.55
2017-09-25,84.5
2017-09-26,85.35
2017-09-27,85.33
2017-09-28,85.76
2017-09-29,86.47
2017-10-02,86.53
2017-10-03,87.47
2017-10-04,86.73
2017-10-05,87.07
2017-10-06,87.19
2017-10-09,87.62
2017-10-10,87.81
2017-10-11,88.15
2017-10-12,89.56
2017-10-13,88.3
2017-10-16,88.14
2017-10-17,87.0
2017-10-18,87.6
2017-10-19,87.74
2017-10-20,88.02
2017-10-23,87.31
2017-10-24,88.48
2017-10-25,86.5
2017-10-26,80.7
2017-10-27,80.29
2017-10-30,81.97
2017-10-31,83.39
2017-11-01,82.73
2017-11-02,82.23
2017-11-03,82.02
2017-11-06,83.09
2017-11-07,83.53
2017-11-09,82.08
2017-11-10,83.13
2017-11-13,83.94
2017-11-14,82.9
2017-11-15,82.03
2017-11-16,82.41
2017-11-17,82.65
2017-11-20,83.24
2017-11-21,83.4
2017-11-22,83.16
2017-11-24,82.92
2017-11-27,83.1
2017-11-28,83.33
2017-11-29,82.94
2017-11-30,84.14
2017-12-01,84.58
2017-12-04,83.43
2017-12-05,82.0
2017-12-06,81.79
2017-12-07,83.11
2017-12-08,82.46
2017-12-11,82.17
2017-12-12,82.15
2017-12-13,82.64
2017-12-14,81.68
2017-12-15,82.28
2017-12-18,82.56
2017-12-19,80.07
2017-12-20,81.0
2017-12-21,81.0
2017-12-22,80.34
2017-12-26,80.39
2017-12-27,80.0
2017-12-28,79.56
2017-12-29,79.56
2018-01-02,79.91
2018-01-03,80.25
2018-01-04,81.37
2018-01-05,81.57
2018-01-08,81.24
2018-01-09,82.93
2018-01-10,82.6
2018-01-11,84.38
2018-01-12,85.04
2018-01-16,84.07
2018-01-17,84.21
2018-01-18,84.05
2018-01-19,86.23
2018-01-22,85.8
2018-01-23,85.35
2018-01-24,85.58
2018-01-25,85.35
2018-01-26,86.37
2018-01-29,86.68
2018-01-30,85.44
2018-01-31,86.11
2018-02-01,85.17
2018-02-02,81.85
2018-02-05,79.11
2018-02-06,80.11
2018-02-07,79.96
2018-02-08,77.32
2018-02-09,78.49
2018-02-12,79.75
2018-02-13,79.65
2018-02-14,79.97
2018-02-15,82.26
2018-02-16,82.72
2018-02-20,85.66
2018-02-21,86.72
2018-02-22,86.04
2018-02-23,86.17
2018-02-26,87.85
2018-02-27,86.97
2018-02-28,84.11
2018-03-01,82.07
2018-03-02,82.23
2018-03-05,83.01
2018-03-06,83.92
2018-03-07,83.93
2018-03-08,84.76
2018-03-09,87.21
2018-03-12,87.4
2018-03-13,86.09
2018-03-14,85.36
2018-03-15,85.48
2018-03-16,85.88
2018-03-19,85.25
2018-03-20,85.63
2018-03-21,85.94
2018-03-22,84.6
2018-03-23,82.96
2018-03-26,84.56
2018-03-27,84.0
