Date,AMAT
2010-01-04,12.102139929085
2010-01-05,12.009046545015
2010-01-06,11.983657440268
2010-01-07,11.856711916537
2010-01-08,12.315408408954
2010-01-11,12.584532919265
2010-01-12,12.01750957993
2010-01-13,12.076750824338
2010-01-14,12.144455103662
2010-01-15,11.619746938904
2010-01-19,11.822859776875
2010-01-20,11.678988183312
2010-01-21,11.492801415173
2010-01-22,10.688813098205
2010-01-25,10.697276133121
2010-01-26,10.705739168036
2010-01-27,11.035797529739
2010-01-28,10.671887028375
2010-01-29,10.30797652701
2010-02-01,10.595719714136
2010-02-02,10.58725667922
2010-02-03,10.392606876165
2010-02-04,9.9863812002236
2010-02-05,10.350291701588
2010-02-08,10.214883142941
2010-02-09,10.282587422264
2010-02-10,10.350291701588
2010-02-11,10.553404539558
2010-02-12,10.553404539558
2010-02-16,10.9596302155
2010-02-17,10.993482355161
2010-02-18,10.731128272783
2010-02-19,10.578793644305
2010-02-22,10.58725667922
2010-02-23,10.213088571681
2010-02-24,10.434187907954
2010-02-25,10.391668804825
2010-02-26,10.408676446077
2010-03-01,10.629775782349
2010-03-02,10.561745217342
2010-03-03,10.536233755465
2010-03-04,10.425684087328
2010-03-05,10.451195549206
2010-03-08,10.510722293587
2010-03-09,10.451195549206
2010-03-10,10.655287244227
2010-03-11,10.553241396717
2010-03-12,10.510722293587
2010-03-15,10.400172625451
2010-03-16,10.58725667922
2010-03-17,10.765836912364
2010-03-18,10.740325450486
2010-03-19,10.621271961724
2010-03-22,10.867882759874
2010-03-23,11.254806598352
2010-03-24,11.054966813643
2010-03-25,11.191027943658
2010-03-26,11.233547046787
2010-03-29,11.318585253046
2010-03-30,11.437638741808
2010-03-31,11.452520427903
2010-04-01,11.352600535549
2010-04-05,11.497165486189
2010-04-06,11.463150203686
2010-04-07,11.548188409944
2010-04-08,11.344096714923
2010-04-09,11.450394472747
2010-04-12,11.590707513074
2010-04-13,11.735272463714
2010-04-14,12.254005521892
2010-04-15,12.194478777511
2010-04-16,12.211486418763
2010-04-19,12.160463495008
2010-04-20,12.296524625022
2010-04-21,12.271013163144
2010-04-22,12.219990239389
2010-04-23,12.305028445648
2010-04-26,12.211486418763
2010-04-27,11.84582213185
2010-04-28,11.947867979361
2010-04-29,12.126448212504
2010-04-30,11.718264822462
2010-05-03,11.905348876231
2010-05-04,11.386615818053
2010-05-05,11.242050867413
2010-05-06,10.808356015493
2010-05-07,10.629775782349
2010-05-10,11.216539405535
2010-05-11,11.361104356175
2010-05-12,11.709761001836
2010-05-13,11.250554688039
2010-05-14,11.012447710514
2010-05-17,11.208035584909
2010-05-18,11.003943889888
2010-05-19,11.071974454895
2010-05-20,10.791348374241
2010-05-21,10.816859836119
2010-05-24,10.680798706105
2010-05-25,10.834725348787
2010-05-26,10.706453146552
2010-05-27,11.176784554747
2010-05-28,11.048512352512
2010-06-01,10.766313507595
2010-06-02,10.988651991469
2010-06-03,11.142578634151
2010-06-04,10.744934807222
2010-06-07,10.415702821486
2010-06-08,10.55252650387
2010-06-09,10.424254301635
2010-06-10,10.715004626701
2010-06-11,10.851828309085
2010-06-14,10.851828309085
2010-06-15,11.339262677578
2010-06-16,11.450431919515
2010-06-17,11.458983399664
2010-06-18,11.40767451877
2010-06-21,11.339262677578
2010-06-22,11.168233074598
2010-06-23,11.219541955492
2010-06-24,10.912116244135
2010-06-25,11.069891052884
2010-06-28,10.971549031171
2010-06-29,10.535423543572
2010-06-30,10.278879139102
2010-07-01,10.261776178804
2010-07-02,10.261776178804
2010-07-06,10.073643615526
2010-07-07,10.424254301635
2010-07-08,10.355842460443
2010-07-09,10.518320583274
2010-07-12,10.526872063423
2010-07-13,10.706453146552
2010-07-14,10.715004626701
2010-07-15,10.655144265658
2010-07-16,10.424254301635
2010-07-19,10.585022128436
2010-07-20,10.55252650387
2010-07-21,10.432805781784
2010-07-22,10.646592785509
2010-07-23,10.697901666403
2010-07-26,10.740659067148
2010-07-27,10.783416467893
2010-07-28,10.561077984019
2010-07-29,10.21046729791
2010-07-30,10.090746575824
2010-08-02,10.270327658953
2010-08-03,10.107849536122
2010-08-04,10.150606936867
2010-08-05,10.099298055973
2010-08-06,10.12495249642
2010-08-09,10.150606936867
2010-08-10,9.8598566118005
2010-08-11,9.5853540990175
2010-08-12,9.5434518462874
2010-08-13,9.5520033264364
2010-08-16,9.5862092470324
2010-08-17,9.7358601496399
2010-08-18,9.7315844095654
2010-08-19,9.7144814492674
2010-08-20,9.4835914852443
2010-08-23,9.4579370447973
2010-08-24,9.115850604824
2010-08-25,9.2169704958853
2010-08-26,9.0620634287276
2010-08-27,9.1954556254467
2010-08-30,9.010427739675
2010-08-31,8.9243682579207
2010-09-01,9.2169704958853
2010-09-02,9.2858180812887
2010-09-03,9.4493310966219
2010-09-07,9.311635925815
2010-09-08,9.1050931696047
2010-09-09,9.2772121331133
2010-09-10,9.191152651359
2010-09-13,9.2772121331133
2010-09-14,9.5612084229025
2010-09-15,9.5009667856745
2010-09-16,9.5353905783762
2010-09-17,9.4859063763675
2010-09-20,9.6043242232614
2010-09-21,9.6816916973585
2010-09-22,9.6042381637796
2010-09-23,9.7161154900602
2010-09-24,10.009578322842
2010-09-27,9.931264194446
2010-09-28,10.094777209779
2010-09-29,10.051747468902
2010-09-30,10.051747468902
2010-10-01,10.077565313428
2010-10-04,9.8882344535688
2010-10-05,10.208375725695
2010-10-06,10.094777209779
2010-10-07,10.094777209779
2010-10-08,10.172230743358
2010-10-11,10.172230743358
2010-10-12,10.292714017814
2010-10-13,10.299598776354
2010-10-14,10.249684276937
2010-10-15,10.340046732779
2010-10-18,10.281956582595
2010-10-19,10.135655463612
2010-10-20,10.275502121463
2010-10-21,10.236775354674
2010-10-22,10.434712162709
2010-10-25,10.456227033147
2010-10-26,10.404591344095
2010-10-27,10.533680566726
2010-10-28,10.542286514901
2010-10-29,10.628345996656
2010-11-01,10.645557893007
2010-11-02,10.740223322936
2010-11-03,10.787556037901
2010-11-04,11.093067198129
2010-11-05,11.170520731708
2010-11-08,11.01561366455
2010-11-09,11.032825560901
2010-11-10,11.058643405427
2010-11-11,10.86500957148
2010-11-12,10.834888752866
2010-11-15,10.847797675129
2010-11-16,10.723011426586
2010-11-17,10.654163841182
2010-11-18,10.886524441919
2010-11-19,10.78454395604
2010-11-22,10.843494701042
2010-11-23,10.739646387863
2010-11-24,10.891091844582
2010-11-26,10.843494701042
2010-11-29,10.834840674943
2010-11-30,10.75262742701
2010-12-01,11.051191327398
2010-12-02,11.172347692773
2010-12-03,11.302158084246
2010-12-06,11.266676577243
2010-12-07,11.241579901559
2010-12-08,11.28485003205
2010-12-09,11.492546658406
2010-12-10,11.561778867192
2010-12-13,11.436295488768
2010-12-14,11.509854710603
2010-12-15,11.423314449621
2010-12-16,11.574759906339
2010-12-17,11.778129519647
2010-12-20,11.769475493549
2010-12-21,12.037750302593
2010-12-22,12.115636537477
2010-12-23,12.115636537477
2010-12-27,12.184868746262
2010-12-28,12.202176798459
2010-12-29,12.219484850655
2010-12-30,12.228138876753
2010-12-31,12.158906667968
2011-01-03,12.167560694066
2011-01-04,12.089674459182
2011-01-05,11.90793991112
2011-01-06,12.020442250396
2011-01-07,12.081020433084
2011-01-10,11.916593937218
2011-01-11,12.184868746262
2011-01-12,12.336314202981
2011-01-13,12.323333163833
2011-01-14,13.25364096939
2011-01-18,13.15411966926
2011-01-19,13.180081747555
2011-01-20,13.028636290836
2011-01-21,12.989693173395
2011-01-24,13.296911099881
2011-01-25,13.30123811293
2011-01-26,13.379124347813
2011-01-27,13.932982018098
2011-01-28,13.647399156858
2011-01-31,13.578166948072
2011-02-01,14.036830331276
2011-02-02,14.149332670553
2011-02-03,13.967598122491
2011-02-04,14.270489035928
2011-02-07,14.183948774946
2011-02-08,13.984906174687
2011-02-09,13.72961240479
2011-02-10,13.950290070294
2011-02-11,13.855095783214
2011-02-14,14.01952227908
2011-02-15,13.950290070294
2011-02-16,14.148467267943
2011-02-17,14.20991085324
2011-02-18,14.248853970682
2011-02-22,13.552204869777
2011-02-23,13.534896817581
2011-02-24,13.699323313447
2011-02-25,13.950290070294
2011-02-28,14.279143062026
2011-03-01,14.079252440951
2011-03-02,14.270452165457
2011-03-03,14.644160717902
2011-03-04,14.539869959081
2011-03-07,13.870670923307
2011-03-08,13.722925681643
2011-03-09,13.297071749787
2011-03-10,13.001581266458
2011-03-11,13.036344852732
2011-03-14,13.001581266458
2011-03-15,12.93205409391
2011-03-16,12.56269098975
2011-03-17,12.888599611068
2011-03-18,12.897290507636
2011-03-21,13.21885368067
2011-03-22,13.131944714986
2011-03-23,13.175399197828
2011-03-24,13.418744301746
2011-03-25,13.410053405177
2011-03-28,13.444816991451
2011-03-29,13.644707612526
2011-03-30,13.670780302232
2011-03-31,13.575180439978
2011-04-01,13.496962370862
2011-04-04,13.383980715472
2011-04-05,13.496962370862
2011-04-06,13.688162095369
2011-04-07,13.470889681157
2011-04-08,13.305762646355
2011-04-11,13.323144439492
2011-04-12,13.062417542438
2011-04-13,12.93205409391
2011-04-14,12.845145128225
2011-04-15,12.792999748814
2011-04-18,12.584418231171
2011-04-19,12.693054438277
2011-04-20,13.27968995665
2011-04-21,13.253617266944
2011-04-25,13.297071749787
2011-04-26,13.56648954341
2011-04-27,13.835907337033
2011-04-28,13.636016715958
2011-04-29,13.636016715958
2011-05-02,13.166708301259
2011-05-03,13.244926370376
2011-05-04,13.114562921849
2011-05-05,13.001581266458
2011-05-06,13.236235473807
2011-05-09,13.071108439006
2011-05-10,13.088490232143
2011-05-11,12.966817680184
2011-05-12,13.114562921849
2011-05-13,12.862526921362
2011-05-16,12.619181817445
2011-05-17,12.436672989506
2011-05-18,12.601800024308
2011-05-19,12.454054782643
2011-05-20,12.245473265
2011-05-23,11.984746367945
2011-05-24,11.915219195397
2011-05-25,12.045582643925
2011-05-26,11.854382919418
2011-05-27,11.741401264027
2011-05-31,12.047394595555
2011-06-01,11.4354079325
2011-06-02,11.496606598806
2011-06-03,11.33049593312
2011-06-06,11.269297266814
2011-06-07,11.391694599425
2011-06-08,11.129414600973
2011-06-09,11.173127934048
2011-06-10,10.998274601747
2011-06-13,10.910847935597
2011-06-14,11.103186601128
2011-06-15,10.989531935132
2011-06-16,10.897733935674
2011-06-17,10.849649269291
2011-06-20,10.854020602599
2011-06-21,11.085701267898
2011-06-22,10.998274601747
2011-06-23,11.155642600818
2011-06-24,10.840906602676
2011-06-27,11.068215934668
2011-06-28,11.111929267743
2011-06-29,11.076958601283
2011-06-30,11.374209266195
2011-07-01,11.619003931417
2011-07-05,11.444150599115
2011-07-06,11.40043726604
2011-07-07,11.745772597335
2011-07-08,11.45289326573
2011-07-11,11.34798126635
2011-07-12,11.050730601438
2011-07-13,10.875877269136
2011-07-14,10.72725193668
2011-07-15,10.884619935751
2011-07-18,10.753479936525
2011-07-19,11.068215934668
2011-07-20,11.094443934513
2011-07-21,11.299896599967
2011-07-22,11.496606598806
2011-07-25,11.45289326573
2011-07-26,11.45289326573
2011-07-27,11.050730601438
2011-07-28,10.910847935597
2011-07-29,10.770965269756
2011-08-01,10.779707936371
2011-08-02,10.561141270994
2011-08-03,10.67479593699
2011-08-04,10.03658127409
2011-08-05,10.00161060763
2011-08-08,9.6956172761031
2011-08-09,10.00161060763
2011-08-10,9.835499941944
2011-08-11,10.246405272852
2011-08-12,10.141493273471
2011-08-15,10.377545272078
2011-08-16,10.211434606392
2011-08-17,10.158978606701
2011-08-18,9.6081906099524
2011-08-19,9.4595652774964
2011-08-22,9.4945359439566
2011-08-23,10.00161060763
2011-08-24,9.9316692747097
2011-08-25,9.4508226108813
2011-08-26,9.6693892762579
2011-08-29,10.023467274168
2011-08-30,10.054281622398
2011-08-31,9.9662406274554
2011-09-01,9.7373340406058
2011-09-02,9.5436438517329
2011-09-06,9.3939741603312
2011-09-07,9.7637463390884
2011-09-08,9.5524479512272
2011-09-09,9.4423967075494
2011-09-12,9.5612520507214
2011-09-13,9.7021176426289
2011-09-14,9.9002098812488
2011-09-15,10.274384109753
2011-09-16,10.186343114811
2011-09-19,9.8870037320075
2011-09-20,9.7989627370653
2011-09-21,9.5524479512272
2011-09-22,9.1210470760105
2011-09-23,9.3235413643775
2011-09-26,9.1386552749989
2011-09-27,9.4996233542619
2011-09-28,9.3367475136188
2011-09-29,9.3499536628601
2011-09-30,9.1166450262633
2011-10-03,8.6720380018053
2011-10-04,9.0418101805625
2011-10-05,9.3191393146304
2011-10-06,9.464406956285
2011-10-07,9.4291905583081
2011-10-10,9.6933135431347
2011-10-11,9.666901244652
2011-10-12,9.948632428467
2011-10-13,10.195147214305
2011-10-14,10.212755413294
2011-10-17,10.027869323915
2011-10-18,10.265580010259
2011-10-19,10.107106219363
2011-10-20,9.9750447269497
2011-10-21,10.291992308742
2011-10-24,10.503290696603
2011-10-25,10.353621005201
2011-10-26,10.424053801155
2011-10-27,11.04034076575
2011-10-28,11.110773561704
2011-10-31,10.846650576877
2011-11-01,10.494486597109
2011-11-02,10.600135791039
2011-11-03,10.881866974854
2011-11-04,10.934691571819
2011-11-07,10.921485422578
2011-11-08,11.128381760692
2011-11-09,10.688176785981
2011-11-10,10.785021880418
2011-11-11,11.20761865614
2011-11-14,11.04034076575
2011-11-15,11.128381760692
2011-11-16,10.978712069291
2011-11-17,10.151126716834
2011-11-18,9.8870037320075
2011-11-21,9.6580971451578
2011-11-22,9.374296310773
2011-11-23,9.0550203720901
2011-11-25,9.0106764917175
2011-11-28,9.2235271175061
2011-11-29,9.0904954763882
2011-11-30,9.560540608338
2011-12-01,9.5516718322635
2011-12-02,9.6048844887106
2011-12-05,9.746784905903
2011-12-06,9.8354726666483
2011-12-07,9.9773730838407
2011-12-08,9.6758346973068
2011-12-09,9.9330292034681
2011-12-12,9.3299524304004
2011-12-13,9.3122148782513
2011-12-14,9.1614456849844
2011-12-15,9.037282819941
2011-12-16,9.1614456849844
2011-12-19,8.9840701634939
2011-12-20,9.2368302816178
2011-12-21,9.0461515960156
2011-12-22,9.3388212064749
2011-12-23,9.5960157126361
2011-12-27,9.6048844887106
2011-12-28,9.4142058031084
2011-12-29,9.4718528475928
2011-12-30,9.4984591758163
2012-01-03,9.4895903997418
2012-01-04,9.542803056189
2012-01-05,9.6048844887106
2012-01-06,9.7645224580521
2012-01-09,10.057192068511
2012-01-10,10.287780246449
2012-01-11,10.385336783269
2012-01-12,10.46515576794
2012-01-13,10.199092485704
2012-01-17,10.442983827753
2012-01-18,10.748956602324
2012-01-19,10.91746334774
2012-01-20,11.059363764933
2012-01-23,10.83764436307
2012-01-24,10.913028959703
2012-01-25,10.961807228113
2012-01-26,10.997282332411
2012-01-27,10.846513139144
2012-01-30,10.695743945877
2012-01-31,10.88642263148
2012-02-01,11.148051525678
2012-02-02,11.2101329582
2012-02-03,11.343164599318
2012-02-06,11.183526629976
2012-02-07,11.298820718945
2012-02-08,11.529408896883
2012-02-09,11.626965433702
2012-02-10,11.48506501651
2012-02-13,11.467327464361
2012-02-14,11.414114807914
2012-02-15,11.440721136137
2012-02-16,11.715653194448
2012-02-17,11.520540120808
2012-02-21,11.343164599318
2012-02-22,11.51273196941
2012-02-23,11.369938394595
2012-02-24,11.27176781191
2012-02-27,11.182521827651
2012-02-28,11.209295622929
2012-02-29,10.932633071726
2012-03-01,10.9237084733
2012-03-02,10.905859276449
2012-03-05,10.736291906356
2012-03-06,10.713980410292
2012-03-07,10.798764095338
2012-03-08,10.874623181958
2012-03-09,11.039728252837
2012-03-12,11.04419055205
2012-03-13,11.155748032374
2012-03-14,11.191446426077
2012-03-15,11.414561386725
2012-03-16,11.441335182002
2012-03-19,11.450259780428
2012-03-20,11.343164599318
2012-03-21,11.352089197743
2012-03-22,11.289617008762
2012-03-23,11.325315402466
2012-03-26,11.566279559965
2012-03-27,11.441335182002
2012-03-28,11.12004963867
2012-03-29,11.137898835522
2012-03-30,11.106662741031
2012-04-02,11.155748032374
2012-04-03,10.9237084733
2012-04-04,10.763065701634
2012-04-05,10.736291906356
2012-04-09,10.584573733116
2012-04-10,10.486403150431
2012-04-11,10.633659024459
2012-04-12,10.767528000847
2012-04-13,10.531026142561
2012-04-16,10.584573733116
2012-04-17,10.736291906356
2012-04-18,10.57564913469
2012-04-19,10.589036032329
2012-04-20,10.504252347283
2012-04-23,10.334684977191
2012-04-24,10.254363591358
2012-04-25,10.383770268533
2012-04-26,10.655970520523
2012-04-27,10.736291906356
2012-04-30,10.700593512653
2012-05-01,10.584573733116
2012-05-02,10.535488441774
2012-05-03,10.290061985061
2012-05-04,10.066947024414
2012-05-07,9.9866256385809
2012-05-08,9.9598518433032
2012-05-09,9.888455055896
2012-05-10,9.8706058590442
2012-05-11,9.799209071637
2012-05-14,9.7724352763593
2012-05-15,9.6474908983968
2012-05-16,9.5136219220083
2012-05-17,9.3529791503421
2012-05-18,9.2458839692313
2012-05-21,9.5136219220083
2012-05-22,9.4868481267306
2012-05-23,9.6038585874967
2012-05-24,9.3428352519415
2012-05-25,9.4868481267306
2012-05-29,9.639861806194
2012-05-30,9.414841689336
2012-05-31,9.2978312285699
2012-06-01,9.0053050766546
2012-06-04,9.0908127210606
2012-06-05,9.2573276075355
2012-06-06,9.5813565758109
2012-06-07,9.5498537594508
2012-06-08,9.6848658295656
2012-06-11,9.527351747765
2012-06-12,9.7478714622858
2012-06-13,9.6848658295656
2012-06-14,9.7028674389142
2012-06-15,9.8918843370749
2012-06-18,9.9008851417492
2012-06-19,10.05839922355
2012-06-20,10.395929398837
2012-06-21,10.053898821213
2012-06-22,10.112404051596
2012-06-25,9.8423799113661
2012-06-26,9.8873839347377
2012-06-27,10.017895602515
2012-06-28,9.981892383818
2012-06-29,10.301420949756
2012-07-02,10.15290767263
2012-07-03,10.323922961442
2012-07-05,10.188910891327
2012-07-06,9.9368883604464
2012-07-09,9.9098859464235
2012-07-10,9.639861806194
2012-07-11,9.5138505407535
2012-07-12,9.3338344472672
2012-07-13,9.4328432986847
2012-07-16,9.3383348496043
2012-07-17,9.3518360566158
2012-07-18,9.612859392171
2012-07-19,9.6263605991825
2012-07-20,9.4598457127076
2012-07-23,9.441844103359
2012-07-24,9.3428352519415
2012-07-25,9.4238424940103
2012-07-26,9.5768561734737
2012-07-27,9.8063766926688
2012-07-30,9.7388706576115
2012-07-31,9.8018762903317
2012-08-01,9.8288787043546
2012-08-02,9.8288787043546
2012-08-03,10.098902844584
2012-08-06,10.15290767263
2012-08-07,10.683955148415
2012-08-08,10.728959171786
2012-08-09,10.701956757763
2012-08-10,10.755961585809
2012-08-13,10.629950320369
2012-08-14,10.539942273626
2012-08-15,10.620949515695
2012-08-16,10.782963999832
2012-08-17,10.800965609181
2012-08-20,10.773963195158
2012-08-21,10.683955148415
2012-08-22,10.683955148415
2012-08-23,10.697559505565
2012-08-24,10.674885576982
2012-08-27,10.538842005482
2012-08-28,10.547911576915
2012-08-29,10.611398576948
2012-08-30,10.402798433983
2012-08-31,10.602329005515
2012-09-04,10.647676862682
2012-09-05,10.629537719815
2012-09-06,10.797324791331
2012-09-07,10.756511719881
2012-09-10,10.597794219799
2012-09-11,10.566050719782
2012-09-12,10.520702862616
2012-09-13,10.742907362731
2012-09-14,10.924298791397
2012-09-17,10.829068291347
2012-09-18,10.620468148382
2012-09-19,10.430007148283
2012-09-20,10.375589719683
2012-09-21,10.3801245054
2012-09-24,10.2984983625
2012-09-25,10.112572148118
2012-09-26,10.098967790968
2012-09-27,10.235011362467
2012-09-28,10.126176505267
2012-10-01,10.089898219534
2012-10-02,10.130711290984
2012-10-03,10.121641719551
2012-10-04,10.067224290951
2012-10-05,10.094433005251
2012-10-08,9.9855981480515
2012-10-09,9.8858328622853
2012-10-10,9.8858328622853
2012-10-11,9.9311807194518
2012-10-12,9.8858328622853
2012-10-15,9.9402502908851
2012-10-16,10.157920005284
2012-10-17,10.121641719551
2012-10-18,10.148850433851
2012-10-19,9.8314154336856
2012-10-22,9.8495545765522
2012-10-23,9.7951371479524
2012-10-24,9.6953718621863
2012-10-25,9.686302290753
2012-10-26,9.6590935764531
2012-10-31,9.6137457192867
2012-11-01,9.9311807194518
2012-11-02,9.8042067193857
2012-11-05,10.058154719518
2012-11-06,10.39372886255
2012-11-07,9.9311807194518
2012-11-08,9.5230500049538
2012-11-09,9.6772327193197
2012-11-12,9.6409544335865
2012-11-13,9.5049108620872
2012-11-14,9.3960760048877
2012-11-15,9.341930663431
2012-11-16,9.2056150047886
2012-11-19,9.4777021477873
2012-11-20,9.5005730506536
2012-11-21,9.5417406758129
2012-11-23,9.5142955923734
2012-11-26,9.5737599398257
2012-11-27,9.4777021477873
2012-11-28,9.6972628153036
2012-11-29,9.8253398713548
2012-11-30,9.8161915102083
2012-12-03,9.7521529821827
2012-12-04,9.9488427468327
2012-12-05,9.8802300382339
2012-12-06,9.9625652885525
2012-12-07,10.031177997151
2012-12-10,10.108939066897
2012-12-11,10.136384150336
2012-12-12,10.145532511483
2012-12-13,10.163829233776
2012-12-14,10.136384150336
2012-12-17,10.159255053203
2012-12-18,10.227867761801
2012-12-19,10.374241540146
2012-12-20,10.410834984732
2012-12-21,10.52061531849
2012-12-24,10.401686623585
2012-12-26,10.419983345878
2012-12-27,10.383389901292
2012-12-28,10.301054650973
2012-12-31,10.465725151611
2013-01-02,10.827085416898
2013-01-03,10.804214514032
2013-01-04,10.804214514032
2013-01-07,10.67613745798
2013-01-08,10.529763679636
2013-01-09,10.685285819127
2013-01-10,10.648692374541
2013-01-11,10.712730902567
2013-01-14,10.749324347153
2013-01-15,10.767621069446
2013-01-16,10.91399484779
2013-01-17,11.343967821676
2013-01-18,11.572676850339
2013-01-22,11.627567017218
2013-01-23,11.618418656071
2013-01-24,11.526935044606
2013-01-25,11.737347350976
2013-01-28,11.856276045881
2013-01-29,11.709902267536
2013-01-30,11.764792434416
2013-01-31,11.810534240148
2013-02-01,12.048391629957
2013-02-04,11.892869490467
2013-02-05,12.27710065862
2013-02-06,12.258803936327
2013-02-07,12.167320324862
2013-02-08,12.450919520404
2013-02-11,12.496661326137
2013-02-12,12.496661326137
2013-02-13,12.597293298748
2013-02-14,12.707073632506
2013-02-15,12.652183465627
2013-02-19,12.790307739269
2013-02-20,12.514059191985
2013-02-21,12.200977505063
2013-02-22,12.495642622166
2013-02-25,12.182560935244
2013-02-26,12.550892331623
2013-02-27,12.652183465627
2013-02-28,12.619954468444
2013-03-01,12.514059191985
2013-03-04,12.495642622166
2013-03-05,12.652183465627
2013-03-06,12.587725471261
2013-03-07,12.472621909892
2013-03-08,12.468017767438
2013-03-11,12.449601197619
2013-03-12,12.339101778705
2013-03-13,12.550892331623
2013-03-14,12.592329613716
2013-03-15,12.251623072065
2013-03-18,12.016811806873
2013-03-19,11.933937242688
2013-03-20,12.136519510696
2013-03-21,11.933937242688
2013-03-22,12.210185789972
2013-03-25,12.265435499429
2013-03-26,12.339101778705
2013-03-27,12.348310063614
2013-03-28,12.412768057981
2013-04-01,12.302268639067
2013-04-02,12.192690048644
2013-04-03,12.108894655968
2013-04-04,12.173352650334
2013-04-05,12.154936080515
2013-04-08,12.320685208886
2013-04-09,12.24701892961
2013-04-10,12.716641459994
2013-04-11,12.702829032629
2013-04-12,12.550892331623
2013-04-15,12.25622721452
2013-04-16,12.394351488162
2013-04-17,12.012207664418
2013-04-18,11.89710410305
2013-04-19,11.906312387959
2013-04-22,12.044436661602
2013-04-23,12.366726633433
2013-04-24,12.550892331623
2013-04-25,13.029723146916
2013-04-26,13.020514862007
2013-04-29,13.259930269653
2013-04-30,13.361221403657
2013-05-01,13.324388264019
2013-05-02,13.619053381123
2013-05-03,13.655886520761
2013-05-06,13.637469950942
2013-05-07,13.554595386756
2013-05-08,13.67430309058
2013-05-09,13.738761084946
2013-05-10,13.784802509493
2013-05-13,13.526970532028
2013-05-14,13.619053381123
2013-05-15,13.628261666032
2013-05-16,13.4993456773
2013-05-17,13.775594224584
2013-05-20,13.729552800037
2013-05-21,13.600636811304
2013-05-22,13.480113104046
2013-05-23,13.535739430473
2013-05-24,13.443028886428
2013-05-28,13.786057899393
2013-05-29,13.721160518561
2013-05-30,14.138357966761
2013-05-31,14.092002694739
2013-06-03,14.305236946041
2013-06-04,14.40721854449
2013-06-05,14.041011895514
2013-06-06,13.860226334628
2013-06-07,14.360863272467
2013-06-10,14.333050109254
2013-06-11,14.082731640334
2013-06-12,14.138357966761
2013-06-13,14.462844870916
2013-06-14,14.286694837232
2013-06-17,14.629723850196
2013-06-18,14.80587388388
2013-06-19,14.55555541496
2013-06-20,13.971478987481
2013-06-21,13.976114514683
2013-06-24,13.888039497841
2013-06-25,14.15690007557
2013-06-26,13.874132916235
2013-06-27,13.82314211701
2013-06-28,13.832413171415
2013-07-01,13.735067100168
2013-07-02,13.73970262737
2013-07-03,13.90658160665
2013-07-05,14.110544803548
2013-07-08,14.036376368312
2013-07-09,14.518471197343
2013-07-10,15.111818679226
2013-07-11,15.287968712911
2013-07-12,15.445576637786
2013-07-15,15.269426604102
2013-07-16,15.366772675348
2013-07-17,15.473389800999
2013-07-18,15.352866093742
2013-07-19,15.352866093742
2013-07-22,15.158173951249
2013-07-23,15.074734461609
2013-07-24,14.926397591138
2013-07-25,14.954210754351
2013-07-26,14.954210754351
2013-07-29,14.852229155902
2013-07-30,15.084005516013
2013-07-31,15.125725260833
2013-08-01,15.287968712911
2013-08-02,15.130360788035
2013-08-05,14.926397591138
2013-08-06,14.982023917564
2013-08-07,14.731705448645
2013-08-08,14.509200142938
2013-08-09,14.527742251747
2013-08-12,14.509200142938
2013-08-13,14.583368578174
2013-08-14,14.583368578174
2013-08-15,14.207890874794
2013-08-16,14.481386979725
2013-08-19,14.416489598894
2013-08-20,14.518471197343
2013-08-21,14.509140560326
2013-08-22,14.611777567506
2013-08-23,14.57445501944
2013-08-26,14.415834190164
2013-08-27,14.060336919843
2013-08-28,13.963298294874
2013-08-29,14.126584442659
2013-08-30,14.005286161447
2013-09-03,14.09859253161
2013-09-04,14.569789700932
2013-09-05,14.62577352303
2013-09-06,14.471818012261
2013-09-09,14.541797789883
2013-09-10,14.910357952027
2013-09-11,14.863704766945
2013-09-12,14.863704766945
2013-09-13,14.845043492913
2013-09-16,14.882366040978
2013-09-17,14.840378174405
2013-09-18,15.12962792191
2013-09-19,15.008329640698
2013-09-20,14.863704766945
2013-09-23,14.920621652745
2013-09-24,16.277296274913
2013-09-25,16.645856437056
2013-09-26,16.580541977942
2013-09-27,16.421921148665
2013-09-30,16.357539753253
2013-10-01,16.300622867454
2013-10-02,16.337945415519
2013-10-03,16.169993949226
2013-10-04,16.393929237616
2013-10-07,16.58520729645
2013-10-08,16.333280097011
2013-10-09,16.179324586242
2013-10-10,16.68784430363
2013-10-11,16.795146629317
2013-10-14,16.88845299948
2013-10-15,16.627195163024
2013-10-16,16.75689101755
2013-10-17,16.874457043955
2013-10-18,16.841799814398
2013-10-21,16.673848348105
2013-10-22,16.861394152132
2013-10-23,16.23530840834
2013-10-24,16.627195163024
2013-10-25,16.519892837336
2013-10-28,16.543219429877
2013-10-29,16.799811947825
2013-10-30,16.678513666613
2013-10-31,16.659852392581
2013-11-01,16.515227518828
2013-11-04,16.56188070391
2013-11-05,16.575876659434
2013-11-06,16.720501533187
2013-11-07,16.202651178783
2013-11-08,16.56188070391
2013-11-11,16.608533888991
2013-11-12,16.45924369673
2013-11-13,16.487235607779
2013-11-14,16.3845986006
2013-11-15,16.347276052535
2013-11-18,15.80609910559
2013-11-19,15.787437831558
2013-11-20,15.79682394204
2013-11-21,16.205119748029
2013-11-22,16.191040582305
2013-11-25,16.20981280327
2013-11-26,16.444465565333
2013-11-27,16.28490168713
2013-11-29,16.237971134718
2013-12-02,16.05963503555
2013-12-03,16.069021146033
2013-12-04,15.590329511425
2013-12-05,15.487082296118
2013-12-06,15.79682394204
2013-12-09,15.79682394204
2013-12-10,15.79682394204
2013-12-11,15.79682394204
2013-12-12,15.693576726733
2013-12-13,15.674804505768
2013-12-16,15.632567008597
2013-12-17,15.768665610593
2013-12-18,15.98454615169
2013-12-19,15.843754494453
2013-12-20,16.13472391941
2013-12-23,16.43507945485
2013-12-24,16.32244612906
2013-12-26,16.369376681473
2013-12-27,16.35999057099
2013-12-30,16.416307233885
2013-12-31,16.594643333052
2014-01-02,16.47262389678
2014-01-03,16.43507945485
2014-01-06,16.228585024235
2014-01-07,16.303673908095
2014-01-08,16.350604460508
2014-01-09,16.331832239543
2014-01-10,16.39753501292
2014-01-13,16.256743355683
2014-01-14,16.54771278064
2014-01-15,16.829296095115
2014-01-16,16.54771278064
2014-01-17,16.47262389678
2014-01-21,16.528940559675
2014-01-22,16.575871112087
2014-01-23,16.453851675815
2014-01-24,16.115951698445
2014-01-27,15.693576726733
2014-01-28,15.72173505818
2014-01-29,15.702962837215
2014-01-30,15.749893389628
2014-01-31,15.787437831558
2014-02-03,15.731121168663
2014-02-04,15.749893389628
2014-02-05,15.853140604935
2014-02-06,16.003318372655
2014-02-07,16.125337808928
2014-02-10,16.191040582305
2014-02-11,16.688504437877
2014-02-12,16.81052387415
2014-02-13,17.711590480469
2014-02-14,17.889926579637
2014-02-18,17.786134811506
2014-02-19,17.69177865866
2014-02-20,17.918233425491
2014-02-21,18.022025193622
2014-02-24,17.993718347768
2014-02-25,17.946540271345
2014-02-26,18.022025193622
2014-02-27,17.93710465606
2014-02-28,17.889926579637
2014-03-03,17.654036197521
2014-03-04,17.776699196221
2014-03-05,18.088074500614
2014-03-06,18.286222421591
2014-03-07,18.531548418991
2014-03-10,18.286222421591
2014-03-11,18.050332039475
2014-03-12,18.408885420291
2014-03-13,17.81444165736
2014-03-14,17.663471812806
2014-03-17,17.908797810206
2014-03-18,18.276786806306
2014-03-19,18.371142959152
2014-03-20,19.050507259645
2014-03-21,19.031636029076
2014-03-24,18.965586722083
2014-03-25,19.210912719483
2014-03-26,18.739131955253
2014-03-27,18.578726495414
2014-03-28,19.04107164436
2014-03-31,19.262808603549
2014-04-01,19.456238716884
2014-04-02,19.616644176722
2014-04-03,19.663822253145
2014-04-04,19.107120951353
2014-04-07,18.899537415091
2014-04-08,18.729696339968
2014-04-09,18.861794953953
2014-04-10,18.012589578337
2014-04-11,18.040896424191
2014-04-14,17.946540271345
2014-04-15,17.795570426791
2014-04-16,17.852184118498
2014-04-17,17.918233425491
2014-04-21,18.05976765476
2014-04-22,18.267351191022
2014-04-23,18.163559422891
2014-04-24,18.276786806306
2014-04-25,17.56911565996
2014-04-28,17.616293736383
2014-04-29,17.993718347768
2014-04-30,17.984282732483
2014-05-01,17.81444165736
2014-05-02,17.889926579637
2014-05-05,17.899362194921
2014-05-06,17.795570426791
2014-05-07,17.918233425491
2014-05-08,18.229608729883
2014-05-09,18.215455306956
2014-05-12,18.371142959152
2014-05-13,18.031460808906
2014-05-14,17.880490964352
2014-05-15,17.635164966952
2014-05-16,19.069378490214
2014-05-19,18.984457952653
2014-05-20,18.842923723383
2014-05-21,18.966204049706
2014-05-22,18.861889927433
2014-05-23,19.004136457806
2014-05-27,19.516223967148
2014-05-28,19.478291559048
2014-05-29,19.231730906402
2014-05-30,19.146382988179
2014-06-02,19.459325354999
2014-06-03,20.312804537236
2014-06-04,20.445567965584
2014-06-05,20.65419621013
2014-06-06,20.69212861823
2014-06-09,20.777476536453
2014-06-10,20.758510332404
2014-06-11,20.758510332404
2014-06-12,20.625746904056
2014-06-13,21.213699229597
2014-06-16,21.194733025547
2014-06-17,21.327496453895
2014-06-18,21.213699229597
2014-06-19,21.29904714782
2014-06-20,21.574057106541
2014-06-23,21.716303636914
2014-06-24,21.564574004516
2014-06-25,21.417585923131
2014-06-26,21.261114739721
2014-06-27,21.242148535671
2014-06-30,21.384395066044
2014-07-01,21.488709188317
2014-07-02,21.61198951464
2014-07-03,21.63095571869
2014-07-07,21.773202249063
2014-07-08,21.564574004516
2014-07-09,22.067178411833
2014-07-10,21.687854330839
2014-07-11,21.66888812679
2014-07-14,21.868033269311
2014-07-15,21.706820534889
2014-07-16,21.66888812679
2014-07-17,21.588281759578
2014-07-18,21.811134657162
2014-07-21,21.725786738939
2014-07-22,21.355945759969
2014-07-23,20.767993434429
2014-07-24,20.630488455068
2014-07-25,20.132625598763
2014-07-28,20.255905925086
2014-07-29,20.094693190664
2014-07-30,20.180041108888
2014-07-31,19.876581844092
2014-08-01,19.999862170415
2014-08-04,20.037794578515
2014-08-05,19.762784619794
2014-08-06,20.056760782565
2014-08-07,19.620538089421
2014-08-08,19.753301517769
2014-08-11,19.999862170415
2014-08-12,19.829166333968
2014-08-13,19.886064946117
2014-08-14,20.056760782565
2014-08-15,21.31801335187
2014-08-18,20.957655474926
2014-08-19,21.00507098505
2014-08-20,20.862179345696
2014-08-21,21.147962624404
2014-08-22,21.119384296533
2014-08-25,21.066990695437
2014-08-26,21.176540952275
2014-08-27,21.557585323886
2014-08-28,21.71952918182
2014-08-29,22.010075515174
2014-09-02,21.843368602594
2014-09-03,21.814790274723
2014-09-04,21.471850340273
2014-09-05,21.681424744659
2014-09-08,21.590926706402
2014-09-09,21.395641465951
2014-09-10,21.309906482339
2014-09-11,21.843368602594
2014-09-12,21.243223717307
2014-09-15,21.00507098505
2014-09-16,21.309906482339
2014-09-17,21.381352302016
2014-09-18,21.529006996015
2014-09-19,21.481376449563
2014-09-22,20.900283782857
2014-09-23,20.604974394858
2014-09-24,20.919336001437
2014-09-25,20.490661083375
2014-09-26,20.709761597051
2014-09-29,20.719287706342
2014-09-30,20.585922176278
2014-10-01,19.96672507241
2014-10-02,19.557102372929
2014-10-03,19.757150668024
2014-10-06,19.62378513796
2014-10-07,19.404684624284
2014-10-08,20.147721148925
2014-10-09,19.880990088798
2014-10-10,18.890274722609
2014-10-13,18.01863572255
2014-10-14,18.418732312741
2014-10-15,18.509230350999
2014-10-16,18.928379159771
2014-10-17,18.937905269061
2014-10-20,19.118901345576
2014-10-21,19.795255105185
2014-10-22,19.518997935767
2014-10-23,19.904805362023
2014-10-24,19.995303400281
2014-10-27,20.042933946732
2014-10-28,20.238219187183
2014-10-29,20.457319700859
2014-10-30,20.328717225441
2014-10-31,21.043175422211
2014-11-03,21.157488733694
2014-11-04,21.033649312921
2014-11-05,21.538533105305
2014-11-06,21.519480886725
2014-11-07,21.36706313808
2014-11-10,21.557585323886
2014-11-11,21.471850340273
2014-11-12,21.424219793822
2014-11-13,21.548059214595
2014-11-14,21.738581400401
2014-11-17,21.414693684532
2014-11-18,21.70047696324
2014-11-19,21.614363959417
2014-11-20,21.652636405561
2014-11-21,21.867918915117
2014-11-24,22.236291209246
2014-11-25,22.221939041942
2014-11-26,22.839082236002
2014-11-28,23.011308243647
2014-12-01,22.714696786037
2014-12-02,22.839082236002
2014-12-03,23.523202210813
2014-12-04,23.346192147401
2014-12-05,23.958551285693
2014-12-08,23.193102362828
2014-12-09,23.360544314704
2014-12-10,22.75296923218
2014-12-11,22.762537343716
2014-12-12,22.63815189375
2014-12-15,22.379812882283
2014-12-16,22.819946012931
2014-12-17,23.398816760848
2014-12-18,23.929846951086
2014-12-19,23.815029612656
2014-12-22,24.303003300983
2014-12-23,24.303003300983
2014-12-24,24.159481627945
2014-12-26,24.102072958731
2014-12-29,24.21689029716
2014-12-30,24.130777293338
2014-12-31,23.843733947263
2015-01-02,23.882006393407
2015-01-05,23.116557470541
2015-01-06,22.245859320781
2015-01-07,22.451573718802
2015-01-08,23.169182083988
2015-01-09,23.193102362828
2015-01-12,22.63815189375
2015-01-13,22.322404213068
2015-01-14,22.025792755458
2015-01-15,22.3176201573
2015-01-16,22.456357774569
2015-01-20,22.609447559143
2015-01-21,23.269647255114
2015-01-22,23.556690601189
2015-01-23,23.068716912862
2015-01-26,23.193102362828
2015-01-27,22.552038889928
2015-01-28,22.365460714979
2015-01-29,22.599879447607
2015-01-30,21.853566747813
2015-02-02,21.867918915117
2015-02-03,22.437221551498
2015-02-04,22.599879447607
2015-02-05,22.925195239825
2015-02-06,23.18831830706
2015-02-09,22.494630220713
2015-02-10,23.231374808971
2015-02-11,23.212238585899
2015-02-12,23.097421247469
2015-02-13,23.173966139756
2015-02-17,23.183573920079
2015-02-18,23.154750579109
2015-02-19,23.952196345942
2015-02-20,24.144351952407
2015-02-23,23.932980785295
2015-02-24,24.365330899843
2015-02-25,24.115528611438
2015-02-26,23.932980785295
2015-02-27,24.067489709821
2015-03-02,24.624740968572
2015-03-03,23.524650121556
2015-03-04,23.318082844605
2015-03-05,23.231612821696
2015-03-06,22.972202752967
2015-03-09,23.145142798786
2015-03-10,22.587891540036
2015-03-11,22.535048748258
2015-03-12,22.837693828441
2015-03-13,23.289259503635
2015-03-16,23.606316254304
2015-03-17,23.255632272504
2015-03-18,23.409356757676
2015-03-19,23.135535018463
2015-03-20,23.173966139756
2015-03-23,23.029849434907
2015-03-24,22.957791082482
2015-03-25,21.737602981425
2015-03-26,21.521427924152
2015-03-27,21.934562478053
2015-03-30,21.876915796113
2015-03-31,21.675152409324
2015-04-01,21.511820143828
2015-04-02,21.396526779949
2015-04-06,21.290841196393
2015-04-07,21.122705040735
2015-04-08,21.502212363505
2015-04-09,21.627113507708
2015-04-10,21.617505727384
2015-04-13,21.454173461889
2015-04-14,21.324468427524
2015-04-15,21.665544629001
2015-04-16,21.021823347341
2015-04-17,20.647119914733
2015-04-20,20.906529983461
2015-04-21,21.415742340595
2015-04-22,21.434957901242
2015-04-23,21.300448976716
2015-04-24,20.944961104755
2015-04-27,19.186737305594
2015-04-28,19.253991767857
2015-04-29,19.225168426887
2015-04-30,19.013797259775
2015-05-01,19.196345085917
2015-05-04,19.100267282684
2015-05-05,18.600662705874
2015-05-06,18.682328838622
2015-05-07,18.792818312339
2015-05-08,18.917719456542
2015-05-11,19.138698403978
2015-05-12,19.109875063008
2015-05-13,19.148306184301
2015-05-14,19.081051722038
2015-05-15,19.407716253029
2015-05-18,19.398108472706
2015-05-19,19.302030669473
2015-05-20,19.224783923422
2015-05-21,19.456524161575
2015-05-22,19.446868318319
2015-05-26,19.302030669473
2015-05-27,19.639985183446
2015-05-28,19.659296869959
2015-05-29,19.437212475062
2015-06-01,19.611017653677
2015-06-02,19.673780634843
2015-06-03,19.659296869959
2015-06-04,19.369621572268
2015-06-05,19.456524161575
2015-06-08,19.186160550397
2015-06-09,19.224783923422
2015-06-10,19.350309885755
2015-06-11,19.09925796109
2015-06-12,18.944764468988
2015-06-15,19.031667058295
2015-06-16,19.137881334115
2015-06-17,18.867517722937
2015-06-18,19.157193020628
2015-06-19,19.041322901552
2015-06-22,19.176504707141
2015-06-23,19.273063139704
2015-06-24,19.408244945293
2015-06-25,19.369621572268
2015-06-26,19.09925796109
2015-06-29,18.548874895477
2015-06-30,18.558530738733
2015-07-01,18.838550193168
2015-07-02,18.935108625732
2015-07-06,18.606809955015
2015-07-07,18.510251522451
2015-07-08,17.911589240557
2015-07-09,17.882621710788
2015-07-10,18.124017792197
2015-07-13,18.645433328041
2015-07-14,18.239887911273
2015-07-15,17.93090092707
2015-07-16,17.254991899124
2015-07-17,17.15843346656
2015-07-20,17.15843346656
2015-07-21,17.216368526099
2015-07-22,16.888069855382
2015-07-23,17.110154250279
2015-07-24,16.772199736306
2015-07-27,16.781855579562
2015-07-28,17.013595817715
2015-07-29,16.94600491492
2015-07-30,16.965316601433
2015-07-31,16.762543893049
2015-08-03,16.569427027922
2015-08-04,16.250784200462
2015-08-05,16.443901065589
2015-08-06,16.270095886975
2015-08-07,16.395621849308
2015-08-10,16.994284131202
2015-08-11,16.743232206537
2015-08-12,16.704608833511
2015-08-13,16.463212752102
2015-08-14,16.067323178591
2015-08-17,16.443901065589
2015-08-18,16.057667335335
2015-08-19,15.970239019534
2015-08-20,15.523383183221
2015-08-21,15.037670317664
2015-08-24,14.66852853984
2015-08-25,14.41595784975
2015-08-26,14.804528142196
2015-08-27,15.484526153977
2015-08-28,15.533097440533
2015-08-31,15.625382884989
2015-09-01,15.047384574975
2015-09-02,15.231955463887
2015-09-03,15.309669522376
2015-09-04,14.950242001863
2015-09-08,15.280526750443
2015-09-09,15.018241803041
2015-09-10,15.115384376153
2015-09-11,15.057098832286
2015-09-14,15.154241405398
2015-09-15,15.465097639354
2015-09-16,15.707954072133
2015-09-17,15.562240212466
2015-09-18,15.474811896666
2015-09-21,15.193098434642
2015-09-22,14.66852853984
2015-09-23,14.187672802938
2015-09-24,14.270243990083
2015-09-25,14.182815674282
2015-09-28,13.959387756126
2015-09-29,14.134244387727
2015-09-30,14.260529732772
2015-10-01,14.25081547546
2015-10-02,14.513100422862
2015-10-05,14.66852853984
2015-10-06,14.804528142196
2015-10-07,14.950242001863
2015-10-08,15.222241206576
2015-10-09,15.202812691953
2015-10-12,15.154241405398
2015-10-13,14.707385569085
2015-10-14,14.998813288419
2015-10-15,15.270812493131
2015-10-16,15.377669323554
2015-10-19,15.353383680276
2015-10-20,15.727382586756
2015-10-21,15.610811499022
2015-10-22,15.746811101378
2015-10-23,15.970239019534
2015-10-26,15.863382189112
2015-10-27,15.805096645245
2015-10-28,16.067381592646
2015-10-29,16.261666738869
2015-10-30,16.290809510802
2015-11-02,16.407380598536
2015-11-03,16.514237428959
2015-11-04,16.387952083914
2015-11-05,16.329666540047
2015-11-06,16.562808715515
2015-11-09,16.329666540047
2015-11-10,16.281095253491
2015-11-11,16.310238025425
2015-11-12,16.057667335335
2015-11-13,16.747379604427
2015-11-16,17.233092469984
2015-11-17,17.403091972929
2015-11-18,17.710808726871
2015-11-19,17.779190227747
2015-11-20,17.759652656068
2015-11-23,17.710808726871
2015-11-24,17.955028372857
2015-11-25,18.023409873733
2015-11-27,18.189479233003
2015-11-30,18.336011020594
2015-12-01,18.73653124001
2015-12-02,18.687687310813
2015-12-03,18.326242234755
2015-12-04,18.589999452419
2015-12-07,18.472774022346
2015-12-08,18.511849165704
2015-12-09,18.589999452419
2015-12-10,18.316473448915
2015-12-11,17.89641565782
2015-12-14,17.632658440156
2015-12-15,18.033178659572
2015-12-16,18.07225380293
2015-12-17,17.642427225995
2015-12-18,17.681502369353
2015-12-21,18.091791374609
2015-12-22,18.321357841835
2015-12-23,18.648612167456
2015-12-24,18.668149739134
2015-12-28,18.560693094901
2015-12-29,18.814681526726
2015-12-30,18.521617951543
2015-12-31,18.2383231622
2016-01-04,18.042947445411
2016-01-05,18.06248501709
2016-01-06,17.320057293294
2016-01-07,16.812080429644
2016-01-08,16.401791424389
2016-01-11,16.294334780155
2016-01-12,16.362716281031
2016-01-13,15.825433059863
2016-01-14,16.421328996068
2016-01-15,15.70820762979
2016-01-19,16.069652705848
2016-01-20,15.991502419133
2016-01-21,16.421328996068
2016-01-22,16.655779856214
2016-01-25,16.519016854462
2016-01-26,16.948843431396
2016-01-27,16.694854999571
2016-01-28,16.294334780155
2016-01-29,17.241907006579
2016-02-01,17.241907006579
2016-02-02,16.655779856214
2016-02-03,16.89023071636
2016-02-04,17.173525505703
2016-02-05,16.421328996068
2016-02-08,15.815664274023
2016-02-09,15.727745201469
2016-02-10,15.620288557235
2016-02-11,15.278381052855
2016-02-12,15.688670058111
2016-02-16,16.333409923513
2016-02-17,16.743698928768
2016-02-18,16.773005286287
2016-02-19,17.955028372857
2016-02-22,18.160172875485
2016-02-23,18.179710447163
2016-02-24,18.35649855524
2016-02-25,18.552929786435
2016-02-26,18.660966963593
2016-02-29,18.533286663316
2016-03-01,19.024364741305
2016-03-02,19.142223480022
2016-03-03,19.102937233783
2016-03-04,19.044007864425
2016-03-07,19.093115672223
2016-03-08,18.444892609278
2016-03-09,18.827933510109
2016-03-10,19.220795972501
2016-03-11,19.677498585031
2016-03-14,19.554729065533
2016-03-15,19.544907503974
2016-03-16,19.69223092737
2016-03-17,19.918126843245
2016-03-18,20.124379636001
2016-03-21,20.360097113436
2016-03-22,20.409204921235
2016-03-23,19.918126843245
2016-03-24,19.790446542968
2016-03-28,19.839554350767
2016-03-29,20.222595251599
2016-03-30,20.664565521789
2016-03-31,20.802067383626
2016-04-01,21.037784861061
2016-04-04,20.792245822066
2016-04-05,20.576171467751
2016-04-06,20.684208644909
2016-04-07,20.428848044354
2016-04-08,20.419026482795
2016-04-11,20.566349906191
2016-04-12,20.556528344632
2016-04-13,20.929747683903
2016-04-14,21.09671423042
2016-04-15,21.08689266886
2016-04-18,21.175286722898
2016-04-19,20.821710506746
2016-04-20,20.762781137387
2016-04-21,20.571260686971
2016-04-22,20.723494891148
2016-04-25,20.566349906191
2016-04-26,20.890461437664
2016-04-27,21.037784861061
2016-04-28,20.438669605914
2016-04-29,20.104736512881
2016-05-02,19.947591527925
2016-05-03,19.741338735169
2016-05-04,19.495799696175
2016-05-05,19.495799696175
2016-05-06,19.515442819294
2016-05-09,19.535085942414
2016-05-10,19.623479996452
2016-05-11,19.652944681131
2016-05-12,19.279725341859
2016-05-13,19.26008221874
2016-05-16,19.495799696175
2016-05-17,19.289546903419
2016-05-18,19.564550627093
2016-05-19,19.554729065533
2016-05-20,22.255658494474
2016-05-23,22.491375971909
2016-05-24,23.169063719535
2016-05-25,23.336741064461
2016-05-26,23.405784677078
2016-05-27,24.106084176476
2016-05-31,24.086357430014
2016-06-01,24.04690393709
2016-06-02,24.184991162324
2016-06-03,24.056767310321
2016-06-06,23.83977309924
2016-06-07,23.83977309924
2016-06-08,23.898953338626
2016-06-09,24.086357430014
2016-06-10,23.74113936693
2016-06-13,23.612915514928
2016-06-14,23.415648050309
2016-06-15,23.376194557385
2016-06-16,23.366331184154
2016-06-17,23.109883480149
2016-06-20,23.307150944768
2016-06-21,23.504418409387
2016-06-22,23.642505634621
2016-06-23,24.184991162324
2016-06-24,22.912616015529
2016-06-27,21.985458931819
2016-06-28,22.626578191832
2016-06-29,23.238107332151
2016-06-30,23.642505634621
2016-07-01,23.563598648773
2016-07-05,23.514281782618
2016-07-06,23.672095754314
2016-07-07,23.958133578012
2016-07-08,24.589389464793
2016-07-11,24.806383675875
2016-07-12,25.06283137988
2016-07-13,25.556000041428
2016-07-14,25.743404132816
2016-07-15,25.980125090359
2016-07-18,26.236572794364
2016-07-19,26.029441956514
2016-07-20,26.285889660519
2016-07-21,25.871627984819
2016-07-22,26.009715210052
2016-07-25,26.128075688824
2016-07-26,26.443703632215
2016-07-27,26.532473991293
2016-07-28,26.256299540826
2016-07-29,25.930808224204
2016-08-01,25.911081477743
2016-08-02,25.615180280814
2016-08-03,25.842037865126
2016-08-04,26.009715210052
2016-08-05,26.443703632215
2016-08-08,26.463430378677
2016-08-09,26.423976885753
2016-08-10,26.049168702976
2016-08-11,26.453567005446
2016-08-12,26.80864844176
2016-08-15,27.094686265458
2016-08-16,26.848101934684
2016-08-17,26.917145547301
2016-08-18,27.301817103308
2016-08-19,29.235038256577
2016-08-22,28.75173296826
2016-08-23,29.639436559047
2016-08-24,29.392028908304
2016-08-25,29.342547378155
2016-08-26,29.659229171106
2016-08-29,29.738399619344
2016-08-30,29.679021783166
2016-08-31,29.53057719272
2016-09-01,29.975910964058
2016-09-02,29.708710701255
2016-09-06,29.669125477136
2016-09-07,29.599851334928
2016-09-08,29.481095662571
2016-09-09,28.560739201806
2016-09-12,29.283169541977
2016-09-13,29.075347115352
2016-09-14,29.124828645501
2016-09-15,29.837362679642
2016-09-16,29.738399619344
2016-09-19,29.985807270088
2016-09-20,30.074874024355
2016-09-21,30.25300753289
2016-09-22,29.975910964058
2016-09-23,29.352443684185
2016-09-26,29.045658197263
2016-09-27,29.332651072125
2016-09-28,29.431614132423
2016-09-29,29.273273235947
2016-09-30,29.837362679642
2016-10-03,29.609747640958
2016-10-04,29.302962154036
2016-10-05,29.629540253017
2016-10-06,29.580058722869
2016-10-07,29.441510438452
2016-10-10,29.075347115352
2016-10-11,28.343020469152
2016-10-12,28.343020469152
2016-10-13,27.571108598833
2016-10-14,27.778931025457
2016-10-17,27.511730762655
2016-10-18,27.729449495309
2016-10-19,28.026338676201
2016-10-20,28.085716512379
2016-10-21,28.135198042528
2016-10-24,28.847732076668
2016-10-25,28.560739201806
2016-10-26,28.550842895776
2016-10-27,28.560739201806
2016-10-28,28.362813081212
2016-10-31,28.77845793446
2016-11-01,28.600324425925
2016-11-02,28.293538939003
2016-11-03,27.976857146052
2016-11-04,27.927375615903
2016-11-07,29.025865585204
2016-11-08,29.203999093739
2016-11-09,28.827939464609
2016-11-10,27.887790391784
2016-11-11,28.521153977687
2016-11-14,28.689391180193
2016-11-15,29.302962154036
2016-11-16,29.708710701255
2016-11-17,30.411348429366
2016-11-18,30.421244735396
2016-11-21,31.024919403209
2016-11-22,31.440564256458
2016-11-23,31.649042895355
2016-11-25,31.649042895355
2016-11-28,31.609332678422
2016-11-29,31.927014413884
2016-11-30,31.966724630816
2016-12-01,29.88193824185
2016-12-02,31.212230509095
2016-12-05,31.301578497194
2016-12-06,31.380998931059
2016-12-07,32.274478812045
2016-12-08,32.473029896708
2016-12-09,32.115637944314
2016-12-12,31.768173546153
2016-12-13,31.797956208852
2016-12-14,31.907159305417
2016-12-15,32.820494294869
2016-12-16,32.274478812045
2016-12-19,32.204985932412
2016-12-20,32.373754354376
2016-12-21,32.343971691677
2016-12-22,32.770856523703
2016-12-23,32.661653427138
2016-12-27,33.088538259165
2016-12-28,32.661653427138
2016-12-29,32.423392125542
2016-12-30,32.036217510449
2017-01-03,31.708608220754
2017-01-04,32.006434847749
2017-01-05,31.867449088485
2017-01-06,31.807883763086
2017-01-09,32.54252277634
2017-01-10,32.889987174501
2017-01-11,33.227524018429
2017-01-12,33.068683150699
2017-01-13,33.545205753891
2017-01-17,33.058755596465
2017-01-18,33.445930211559
2017-01-19,33.505495536958
2017-01-20,33.594843525057
2017-01-23,33.505495536958
2017-01-24,33.783467055487
2017-01-25,34.170641670581
2017-01-26,33.733829284321
2017-01-27,34.786150033037
2017-01-30,34.091221236715
2017-01-31,34.001873248617
2017-02-01,34.776222478804
2017-02-02,34.686874490706
2017-02-03,35.054193997333
2017-02-06,34.925135792302
2017-02-07,35.282527744696
2017-02-08,35.342093070095
2017-02-09,35.153469539665
2017-02-10,35.064121551566
2017-02-13,35.203107310831
2017-02-14,34.974773563468
2017-02-15,35.23288997353
2017-02-16,34.925135792302
2017-02-17,35.510861492059
2017-02-21,36.416801608621
2017-02-22,36.347113907347
2017-02-23,35.998675400977
2017-02-24,36.138050803525
2017-02-27,36.267470820177
2017-02-28,36.058407716355
2017-03-01,36.685597027821
2017-03-02,36.327203135555
2017-03-03,36.705507799614
2017-03-06,36.695552413717
2017-03-07,36.805061658576
2017-03-08,37.024080148295
2017-03-09,37.213232480324
2017-03-10,37.94993103665
2017-03-13,38.268503385331
2017-03-14,38.099261825094
2017-03-15,38.746361908353
2017-03-16,38.875781925004
2017-03-17,39.104755800619
2017-03-20,39.393461991611
2017-03-21,38.407878787879
2017-03-22,38.64680804939
2017-03-23,38.676674207079
2017-03-24,38.796138837834
2017-03-27,38.686629592975
2017-03-28,38.64680804939
2017-03-29,38.696584978871
2017-03-30,38.716495750664
2017-03-31,38.72645113656
2017-04-03,38.716495750664
2017-04-04,38.826004995523
2017-04-05,38.208771069953
2017-04-06,38.407878787879
2017-04-07,38.756317294249
2017-04-10,38.686629592975
2017-04-11,38.02957412382
2017-04-12,37.601492530279
2017-04-13,37.352607882872
2017-04-17,37.850377177687
2017-04-18,37.880243335376
2017-04-19,39.07488964293
2017-04-20,39.712034340293
2017-04-21,39.61248048133
2017-04-24,40.259580564588
2017-04-25,40.608019070958
2017-04-26,40.528375983788
2017-04-27,41.145609909358
2017-04-28,40.428822124825
2017-05-01,41.513959187521
2017-05-02,41.523914573417
2017-05-03,41.364628399076
2017-05-04,41.43431610035
2017-05-05,41.643379204172
2017-05-08,41.35467301318
2017-05-09,41.852442307994
2017-05-10,42.678739337386
2017-05-11,43.28601787706
2017-05-12,43.246196333475
2017-05-15,44.112314906452
2017-05-16,44.86892423457
2017-05-17,42.569230092527
2017-05-18,43.7140994706
2017-05-19,43.883341030837
2017-05-22,44.530441114096
2017-05-23,44.809191919192
2017-05-24,44.529820426487
2017-05-25,44.918945005612
2017-05-26,45.397867564534
2017-05-30,45.4577328844
2017-05-31,45.777014590348
2017-06-01,45.896745230079
2017-06-02,46.694949494949
2017-06-05,46.615129068462
2017-06-06,46.47544332211
2017-06-07,47.15391694725
2017-06-08,47.313557800224
2017-06-09,44.639573512907
2017-06-12,44.240471380471
2017-06-13,44.749326599327
2017-06-14,43.881279461279
2017-06-15,43.063120089787
2017-06-16,43.013232323232
2017-06-19,44.190583613917
2017-06-20,43.262671156004
2017-06-21,43.522087542088
2017-06-22,43.242716049383
2017-06-23,43.991032547699
2017-06-26,43.152918069585
2017-06-27,41.795970819304
2017-06-28,42.594175084175
2017-06-29,41.346980920314
2017-06-30,41.217272727273
2017-07-03,40.917946127946
2017-07-05,42.025454545455
2017-07-06,42.015476992144
2017-07-07,43.4422671156
2017-07-10,44.11076318743
2017-07-11,45.303080808081
2017-07-12,45.178361391695
2017-07-13,45.203305274972
2017-07-14,46.016475869809
2017-07-17,46.046408529742
2017-07-18,46.515353535354
2017-07-19,47.074096520763
2017-07-20,47.143939393939
2017-07-21,46.70492704826
2017-07-24,46.674994388328
2017-07-25,46.295847362514
2017-07-26,47.343490460157
2017-07-27,45.936655443322
2017-07-28,45.148428731762
2017-07-31,44.215527497194
2017-08-01,44.00101010101
2017-08-02,42.634085297419
2017-08-03,42.604152637486
2017-08-04,42.723883277217
2017-08-07,43.851346801347
2017-08-08,43.801459034792
2017-08-09,43.721638608305
2017-08-10,41.935656565657
2017-08-11,42.9832996633
2017-08-14,43.681728395062
2017-08-15,43.781503928171
2017-08-16,44.360202020202
2017-08-17,43.023209876543
2017-08-18,44.200561167228
2017-08-21,43.21278338945
2017-08-22,44.45
2017-08-23,44.02
2017-08-24,43.72
2017-08-25,43.31
2017-08-28,43.63
2017-08-29,44.02
2017-08-30,45.47
2017-08-31,45.12
2017-09-01,45.1
2017-09-05,44.48
2017-09-06,44.73
2017-09-07,45.22
2017-09-08,44.35
2017-09-11,45.58
2017-09-12,45.65
2017-09-13,46.12
2017-09-14,47.05
2017-09-15,47.14
2017-09-18,48.05
2017-09-19,48.26
2017-09-20,47.28
2017-09-21,47.15
2017-09-22,47.77
2017-09-25,46.33
2017-09-26,45.92
2017-09-27,48.84
2017-09-28,50.62
2017-09-29,52.09
2017-10-02,52.08
2017-10-03,51.84
2017-10-04,51.6
2017-10-05,51.43
2017-10-06,52.4
2017-10-09,52.685
2017-10-10,52.59
2017-10-11,53.23
2017-10-12,53.31
2017-10-13,53.94
2017-10-16,55.04
2017-10-17,55.13
2017-10-18,55.34
2017-10-19,55.33
2017-10-20,56.09
2017-10-23,56.37
2017-10-24,56.38
2017-10-25,55.3
2017-10-26,55.915
2017-10-27,56.69
2017-10-30,55.9
2017-10-31,56.43
2017-11-01,55.71
2017-11-02,56.26
2017-11-03,56.55
2017-11-06,56.32
2017-11-07,56.47
2017-11-09,55.48
2017-11-10,56.36
2017-11-13,57.03
2017-11-14,56.42
2017-11-15,55.77
2017-11-16,57.84
2017-11-17,56.49
2017-11-20,57.62
2017-11-21,58.8
2017-11-22,57.68
2017-11-24,57.91
2017-11-27,56.94
2017-11-28,57.33
2017-11-29,52.91
2017-11-30,52.77
2017-12-01,51.91
2017-12-04,49.77
2017-12-05,50.08
2017-12-06,51.01
2017-12-07,52.3
2017-12-08,51.43
2017-12-11,51.62
2017-12-12,50.47
2017-12-13,50.76
2017-12-14,51.31
2017-12-15,52.54
2017-12-18,53.4
2017-12-19,52.96
2017-12-20,53.29
2017-12-21,51.89
2017-12-22,52.06
2017-12-26,51.05
2017-12-27,51.68
2017-12-28,51.72
2017-12-29,51.12
2018-01-02,53.05
2018-01-03,53.98
2018-01-04,54.29
2018-01-05,54.6
2018-01-08,55.92
2018-01-09,54.86
2018-01-10,53.3
2018-01-11,53.2
2018-01-12,53.45
2018-01-16,54.5
2018-01-17,57.34
2018-01-18,57.4
2018-01-19,57.4
2018-01-22,57.46
2018-01-23,57.7904
2018-01-24,56.91
2018-01-25,55.755
2018-01-26,57.12
2018-01-29,55.33
2018-01-30,53.38
2018-01-31,53.63
2018-02-01,53.28
2018-02-02,50.68
2018-02-05,48.635
2018-02-06,50.25
2018-02-07,48.69
2018-02-08,45.75
2018-02-09,47.99
2018-02-12,49.5
2018-02-13,49.55
2018-02-14,51.96
2018-02-15,53.99
2018-02-16,55.03
2018-02-20,56.66
2018-02-21,56.13
2018-02-22,56.07
2018-02-23,57.01
2018-02-26,58.81
2018-02-27,57.64
2018-02-28,57.59
2018-03-01,57.07
2018-03-02,58.03
2018-03-05,57.63
2018-03-06,59.99
2018-03-07,59.42
2018-03-08,59.37
2018-03-09,61.61
2018-03-12,60.97
2018-03-13,59.69
2018-03-14,60.23
2018-03-15,60.28
2018-03-16,59.44
2018-03-19,58.5
2018-03-20,59.23
2018-03-21,60.78
2018-03-22,58.92
2018-03-23,55.38
2018-03-26,58.47
2018-03-27,55.44
