Date,AMGN
2010-01-04,50.496640278325
2010-01-05,50.063289227047
2010-01-06,49.687070870395
2010-01-07,49.232109136769
2010-01-08,49.669572342178
2010-01-11,49.888303944883
2010-01-12,49.022126798172
2010-01-13,49.459590003582
2010-01-14,49.135867231579
2010-01-15,49.214610608553
2010-01-19,50.352014942617
2010-01-20,50.04579069883
2010-01-21,49.547082644664
2010-01-22,49.520834852339
2010-01-25,48.74215034671
2010-01-26,49.503336324123
2010-01-27,50.518250960672
2010-01-28,50.815725940351
2010-01-29,51.165696504678
2010-02-01,51.375678843275
2010-02-02,51.821891312792
2010-02-03,51.681903087061
2010-02-04,50.334516414401
2010-02-05,50.465755376023
2010-02-08,50.273271565643
2010-02-09,50.054539962939
2010-02-10,49.730817190936
2010-02-11,49.434217137668
2010-02-12,49.415843683041
2010-02-16,49.862056152558
2010-02-17,50.04579069883
2010-02-18,50.107035547588
2010-02-19,50.203277452778
2010-02-22,49.958298057748
2010-02-23,49.328351041959
2010-02-24,49.643324549854
2010-02-25,49.214610608553
2010-02-26,49.529584116447
2010-03-01,49.783312775585
2010-03-02,49.75706498326
2010-03-03,49.783312775585
2010-03-04,49.669572342178
2010-03-05,50.080787755263
2010-03-08,50.404510527266
2010-03-09,50.535749488889
2010-03-10,50.553248017105
2010-03-11,50.299519357968
2010-03-12,50.247023773319
2010-03-15,49.774563511477
2010-03-16,50.23827450921
2010-03-17,50.247023773319
2010-03-18,51.016959014839
2010-03-19,52.495584649123
2010-03-22,52.574328026096
2010-03-23,52.548080233772
2010-03-24,51.681903087061
2010-03-25,51.848139105117
2010-03-26,51.97937806674
2010-03-29,52.416841272149
2010-03-30,52.574328026096
2010-03-31,52.353409107365
2010-04-01,53.195525777778
2010-04-05,52.863053741667
2010-04-06,52.74931330826
2010-04-07,52.801808892909
2010-04-08,52.950546382748
2010-04-09,53.28301841886
2010-04-12,52.819307421126
2010-04-13,53.090534608479
2010-04-14,53.493000757456
2010-04-15,53.055537552047
2010-04-16,53.125531664912
2010-04-19,53.431755908699
2010-04-20,52.65307140307
2010-04-21,51.366929579167
2010-04-22,50.885720053216
2010-04-23,51.515667069006
2010-04-26,51.121950184137
2010-04-27,50.605743601754
2010-04-28,50.903218581433
2010-04-29,51.261938409868
2010-04-30,50.14203260402
2010-05-03,50.38701199905
2010-05-04,49.722067926827
2010-05-05,49.520834852339
2010-05-06,47.902220992324
2010-05-07,47.648492333187
2010-05-10,48.628409913304
2010-05-11,48.934634157091
2010-05-12,49.520834852339
2010-05-13,48.89088783655
2010-05-14,47.849725407675
2010-05-17,47.954716576974
2010-05-18,47.832226879459
2010-05-19,48.348433461842
2010-05-20,46.318604188743
2010-05-21,45.881140983333
2010-05-24,46.073624793713
2010-05-25,45.977382888523
2010-05-26,44.06129404883
2010-05-27,44.997465308406
2010-05-28,45.303689552193
2010-06-01,44.411264613158
2010-06-02,49.074622382822
2010-06-03,48.680905497953
2010-06-04,47.543501163889
2010-06-07,46.817312242909
2010-06-08,47.088539430263
2010-06-09,46.502338735015
2010-06-10,47.254775448319
2010-06-11,47.333518825292
2010-06-14,47.307271032968
2010-06-15,48.225943764327
2010-06-16,48.313436405409
2010-06-17,48.505920215789
2010-06-18,48.295937877193
2010-06-21,49.450840739474
2010-06-22,49.100870175146
2010-06-23,49.170864288012
2010-06-24,49.127117967471
2010-06-25,49.223359872661
2010-06-28,48.479672423465
2010-06-29,47.351017353509
2010-06-30,46.021129209064
2010-07-01,45.513671890789
2010-07-02,45.233695439327
2010-07-06,44.883724875
2010-07-07,44.966842884028
2010-07-08,45.697406437061
2010-07-09,45.986132152632
2010-07-12,45.881140983333
2010-07-13,46.161117434795
2010-07-14,46.038627737281
2010-07-15,46.301105660526
2010-07-16,45.644910852412
2010-07-19,46.89255591424
2010-07-20,46.546085055555
2010-07-21,45.714904965278
2010-07-22,46.642326960746
2010-07-23,46.152368170687
2010-07-26,46.95730046864
2010-07-27,47.692238653728
2010-07-28,47.036043845614
2010-07-29,46.694822545395
2010-07-30,47.709737181944
2010-08-02,48.007212161623
2010-08-03,47.867223935892
2010-08-04,48.785896667251
2010-08-05,48.400929046491
2010-08-06,48.943383421199
2010-08-09,48.69840402617
2010-08-10,48.750899610819
2010-08-11,46.974798996857
2010-08-12,47.902220992324
2010-08-13,48.138451123246
2010-08-16,47.316020297076
2010-08-17,47.206654495724
2010-08-18,47.368515881725
2010-08-19,46.126120378363
2010-08-20,45.793648342251
2010-08-23,45.452427042032
2010-08-24,44.673742536403
2010-08-25,45.356185136842
2010-08-26,44.560002102997
2010-08-27,45.566167475439
2010-08-30,45.17245059057
2010-08-31,44.656244008187
2010-09-01,46.012379944956
2010-09-02,45.942385832091
2010-09-03,46.292356396418
2010-09-07,45.942385832091
2010-09-08,46.318604188743
2010-09-09,47.062291637939
2010-09-10,47.552250427997
2010-09-13,47.595996748538
2010-09-14,47.696613285782
2010-09-15,48.383430518275
2010-09-16,48.208445236111
2010-09-17,48.313436405409
2010-09-20,48.94347091384
2010-09-21,48.777147403143
2010-09-22,49.232109136769
2010-09-23,48.750899610819
2010-09-24,49.27585545731
2010-09-27,48.724651818494
2010-09-28,48.995879005848
2010-09-29,48.06845701038
2010-09-30,48.217194500219
2010-10-01,48.567165064547
2010-10-04,48.16469891557
2010-10-05,49.100870175146
2010-10-06,48.847141516009
2010-10-07,48.960881949415
2010-10-08,49.337100306067
2010-10-11,49.08337164693
2010-10-12,48.943383421199
2010-10-13,48.54966653633
2010-10-14,47.998462897515
2010-10-15,49.617076757529
2010-10-18,50.710734771053
2010-10-19,50.159531132237
2010-10-20,50.509501696564
2010-10-21,50.413259791374
2010-10-22,50.352014942617
2010-10-25,50.701985506944
2010-10-26,50.098286283479
2010-10-27,49.897053208991
2010-10-28,50.107035547588
2010-10-29,50.037041434722
2010-11-01,50.247023773319
2010-11-02,50.168280396345
2010-11-03,50.133283339912
2010-11-04,49.004628269956
2010-11-05,48.488421687573
2010-11-08,48.374681254167
2010-11-09,48.059707746272
2010-11-10,47.858474671784
2010-11-11,47.788480558918
2010-11-12,47.657241597295
2010-11-15,47.692238653728
2010-11-16,47.272273976535
2010-11-17,47.132285750804
2010-11-18,48.243442292544
2010-11-19,48.120952595029
2010-11-22,47.893471728216
2010-11-23,46.896055619883
2010-11-24,47.097288694371
2010-11-26,46.86105856345
2010-11-29,46.651076224854
2010-11-30,46.099872586038
2010-12-01,46.826061507017
2010-12-02,47.106037958479
2010-12-03,47.009796053289
2010-12-06,46.721070337719
2010-12-07,46.484840206798
2010-12-08,46.616079168421
2010-12-09,46.721070337719
2010-12-10,47.14978427902
2010-12-13,47.340080773373
2010-12-14,49.66082307807
2010-12-15,48.707153290278
2010-12-16,49.547082644664
2010-12-17,50.23827450921
2010-12-20,50.439507583699
2010-12-21,50.212026716886
2010-12-22,49.827059096126
2010-12-23,49.617076757529
2010-12-27,49.380846626608
2010-12-28,48.960881949415
2010-12-29,48.882138572441
2010-12-30,48.584663592763
2010-12-31,48.033459953947
2011-01-03,48.602162120979
2011-01-04,49.652073813962
2011-01-05,49.634575285746
2011-01-06,49.477088531798
2011-01-07,49.851119572423
2011-01-10,49.380846626608
2011-01-11,49.162115023903
2011-01-12,49.739566455044
2011-01-13,49.27585545731
2011-01-14,49.433342211257
2011-01-18,50.124534075804
2011-01-19,49.85330688845
2011-01-20,50.14203260402
2011-01-21,49.844557624342
2011-01-24,50.124534075804
2011-01-25,50.010793642398
2011-01-26,49.415843683041
2011-01-27,49.415843683041
2011-01-28,48.374681254167
2011-01-31,48.190946707895
2011-02-01,48.74215034671
2011-02-02,48.672156233845
2011-02-03,48.514669479898
2011-02-04,48.295937877193
2011-02-07,48.015961425731
2011-02-08,48.06845701038
2011-02-09,47.617869908808
2011-02-10,47.482256315132
2011-02-11,47.018545317398
2011-02-14,47.123536486696
2011-02-15,47.106037958479
2011-02-16,46.327353452851
2011-02-17,45.854893191009
2011-02-18,45.70615570117
2011-02-22,45.391182193275
2011-02-23,44.682491800512
2011-02-24,44.577500631213
2011-02-25,45.723654229386
2011-02-28,44.909972667324
2011-03-01,45.417429985599
2011-03-02,44.962468251974
2011-03-03,45.819896134576
2011-03-04,45.776149814035
2011-03-07,45.26869249576
2011-03-08,45.951135096199
2011-03-09,45.916138039766
2011-03-10,45.356185136842
2011-03-11,46.834810771126
2011-03-14,46.826061507017
2011-03-15,46.371099773392
2011-03-16,46.099872586038
2011-03-17,46.86105856345
2011-03-18,46.318604188743
2011-03-21,46.449843150365
2011-03-22,46.180803279039
2011-03-23,46.099872586038
2011-03-24,46.607329904313
2011-03-25,46.502338735015
2011-03-28,46.064875529605
2011-03-29,46.747318130044
2011-03-30,47.158533543129
2011-03-31,46.76481665826
2011-04-01,46.441093886257
2011-04-04,47.272273976535
2011-04-05,47.307271032968
2011-04-06,47.272273976535
2011-04-07,47.219778391886
2011-04-08,47.158533543129
2011-04-11,47.517253371564
2011-04-12,47.788480558918
2011-04-13,48.06845701038
2011-04-14,47.97221510519
2011-04-15,48.567165064547
2011-04-18,48.313436405409
2011-04-19,48.278439348977
2011-04-20,49.153365759795
2011-04-21,46.974798996857
2011-04-25,47.849725407675
2011-04-26,49.188362816228
2011-04-27,49.713318662719
2011-04-28,49.993295114181
2011-04-29,49.739566455044
2011-05-02,50.203277452778
2011-05-03,50.308268622076
2011-05-04,50.465755376023
2011-05-05,50.23827450921
2011-05-06,50.422009055482
2011-05-09,50.474504640131
2011-05-10,51.008209750731
2011-05-11,51.498168540789
2011-05-12,52.198109669444
2011-05-13,52.906800062208
2011-05-16,52.373094951608
2011-05-17,53.274269154751
2011-05-18,53.519248549781
2011-05-19,53.40113348432
2011-05-20,53.248021362427
2011-05-23,52.898050798099
2011-05-24,52.425590536257
2011-05-25,52.355596423392
2011-05-26,52.285602310526
2011-05-27,51.926882482091
2011-05-31,52.968044910965
2011-06-01,52.233106725877
2011-06-02,51.839389841009
2011-06-03,51.34943105095
2011-06-06,51.270687673977
2011-06-07,51.471920748465
2011-06-08,51.576911917763
2011-06-09,51.515667069006
2011-06-10,50.736982563377
2011-06-13,51.086953127705
2011-06-14,51.209442825219
2011-06-15,50.649489922295
2011-06-16,51.043206807164
2011-06-17,50.754481091593
2011-06-20,51.139448712354
2011-06-21,50.894469317324
2011-06-22,50.881345421162
2011-06-23,50.684486978728
2011-06-24,49.905802473099
2011-06-27,50.640740658187
2011-06-28,51.314433994517
2011-06-29,50.553248017105
2011-06-30,51.051956071272
2011-07-01,50.990711222515
2011-07-05,50.67573771462
2011-07-06,50.48325390424
2011-07-07,50.666988450512
2011-07-08,50.430758319591
2011-07-11,49.783312775585
2011-07-12,49.783312775585
2011-07-13,49.529584116447
2011-07-14,48.715902554386
2011-07-15,48.16469891557
2011-07-18,47.823477615351
2011-07-19,48.35718272595
2011-07-20,48.112203330921
2011-07-21,48.545291904276
2011-07-22,48.313436405409
2011-07-25,48.033459953947
2011-07-26,47.858474671784
2011-07-27,47.071040902047
2011-07-28,46.747318130044
2011-07-29,47.858474671784
2011-08-01,47.044793109722
2011-08-02,46.642326960746
2011-08-03,46.651076224854
2011-08-04,45.111205741813
2011-08-05,45.601164531871
2011-08-08,43.641329371637
2011-08-09,44.227530066886
2011-08-10,42.232697850219
2011-08-11,43.431347033041
2011-08-12,43.746320540936
2011-08-15,45.146202798246
2011-08-16,45.102456477705
2011-08-17,45.498323562061
2011-08-18,45.252006265128
2011-08-19,45.727046766356
2011-08-22,46.017349294884
2011-08-23,47.169762362678
2011-08-24,47.723976280778
2011-08-25,47.024611098414
2011-08-26,47.574426493354
2011-08-29,48.199016782006
2011-08-30,48.594883866362
2011-08-31,48.740035130627
2011-09-01,48.401348847344
2011-09-02,47.592020585992
2011-09-06,47.961496531392
2011-09-07,48.718042514829
2011-09-08,48.656463190596
2011-09-09,47.543636831237
2011-09-12,47.556832400716
2011-09-13,48.304581337834
2011-09-14,48.612477959001
2011-09-15,49.492182590904
2011-09-16,49.888049675261
2011-09-19,49.729702841518
2011-09-20,50.468654732317
2011-09-21,49.298647571885
2011-09-22,48.418942939982
2011-09-23,48.471725217896
2011-09-26,48.762027746424
2011-09-27,49.720905795199
2011-09-28,48.973156858081
2011-09-29,49.06992436759
2011-09-30,48.348566569429
2011-10-03,47.416079659611
2011-10-04,47.811946743968
2011-10-05,49.201880062376
2011-10-06,49.993614231089
2011-10-07,49.500979637223
2011-10-10,50.468654732317
2011-10-11,50.222337435384
2011-10-12,49.826470351028
2011-10-13,50.125569925875
2011-10-14,50.574219288146
2011-10-17,49.650529424647
2011-10-18,50.389481315446
2011-10-19,50.424669500722
2011-10-20,50.380684269127
2011-10-21,51.54189438324
2011-10-24,51.858588050725
2011-10-25,49.676920563604
2011-10-26,50.099178786918
2011-10-27,51.075650928331
2011-10-28,50.35429313017
2011-10-31,50.380684269127
2011-11-01,48.858795255934
2011-11-02,48.207813828325
2011-11-03,48.999547997038
2011-11-04,48.533304542129
2011-11-07,51.401141642135
2011-11-08,51.022868650417
2011-11-09,50.591813380784
2011-11-10,50.987680465141
2011-11-11,50.89971000195
2011-11-14,50.433466547041
2011-11-15,50.028802416366
2011-11-16,49.516049184319
2011-11-17,49.427643454656
2011-11-18,49.127063973802
2011-11-21,48.596629595823
2011-11-22,49.206629130498
2011-11-23,48.570107876924
2011-11-25,48.313731260901
2011-11-28,49.41880288169
2011-11-29,49.630976632881
2011-11-30,51.195758047919
2011-12-01,51.275323204616
2011-12-02,51.363728934279
2011-12-05,50.8332945563
2011-12-06,51.178076901986
2011-12-07,51.57590268547
2011-12-08,51.633366409751
2011-12-09,51.796917009628
2011-12-12,50.532715075445
2011-12-13,50.771410545536
2011-12-14,50.939381431896
2011-12-15,51.823438728527
2011-12-16,53.08764066271
2011-12-19,53.189307251822
2011-12-20,54.068944261971
2011-12-21,55.819377709301
2011-12-22,55.991768882144
2011-12-23,56.305609222448
2011-12-27,56.950971048989
2011-12-28,56.579666984404
2011-12-29,57.233869383911
2011-12-30,56.765319016696
2012-01-03,56.676913287033
2012-01-04,56.367493233212
2012-01-05,56.942130476022
2012-01-06,57.251550529843
2012-01-09,56.75647844373
2012-01-10,58.056042669778
2012-01-11,58.701404496319
2012-01-12,59.709229814478
2012-01-13,59.762273252276
2012-01-17,60.177780181693
2012-01-18,61.194446072819
2012-01-19,61.123721489088
2012-01-20,61.50386612664
2012-01-23,59.92140356567
2012-01-24,60.283867057289
2012-01-25,61.185605499853
2012-01-26,60.186620754659
2012-01-27,60.416475651783
2012-01-30,60.407635078817
2012-01-31,60.054012160165
2012-02-01,61.74256159673
2012-02-02,61.548068991471
2012-02-03,61.247489510617
2012-02-06,61.106040343156
2012-02-07,61.150243207987
2012-02-08,60.168939608727
2012-02-09,59.090389706836
2012-02-10,59.550099501085
2012-02-13,60.610968257042
2012-02-14,60.291027662137
2012-02-15,60.344351094621
2012-02-16,61.224187730611
2012-02-17,60.237704229653
2012-02-21,59.26899520619
2012-02-22,59.357867593664
2012-02-23,59.846665724769
2012-02-24,60.193268035916
2012-02-27,59.935538112242
2012-02-28,60.566532063305
2012-02-29,60.442110720842
2012-03-01,60.068846693453
2012-03-02,60.193268035916
2012-03-05,59.748906098548
2012-03-06,59.135686624979
2012-03-07,59.500063413621
2012-03-08,60.255478707148
2012-03-09,60.442110720842
2012-03-12,60.459885198337
2012-03-13,61.241962208105
2012-03-14,60.664291689526
2012-03-15,60.664291689526
2012-03-16,59.882214679758
2012-03-19,60.477659675832
2012-03-20,60.059959454706
2012-03-21,59.588935801095
2012-03-22,59.206784534958
2012-03-23,59.242333489948
2012-03-26,60.006636022221
2012-03-27,60.264365945895
2012-03-28,60.148831842179
2012-03-29,59.828891247274
2012-03-30,60.406561765853
2012-04-02,60.530983108316
2012-04-03,60.371012810863
2012-04-04,60.299914900884
2012-04-05,60.45099795959
2012-04-09,59.562274084853
2012-04-10,58.824633268822
2012-04-11,59.304544161179
2012-04-12,59.473401697379
2012-04-13,58.29139894398
2012-04-16,58.886843940053
2012-04-17,59.855552963516
2012-04-18,59.677808188569
2012-04-19,59.660033711074
2012-04-20,60.850923703221
2012-04-23,60.690953405769
2012-04-24,60.993119523179
2012-04-25,62.379528767768
2012-04-26,62.91276309261
2012-04-27,63.668178386136
2012-04-30,63.197154732526
2012-05-01,62.823890705137
2012-05-02,63.25047816501
2012-05-03,63.019409957579
2012-05-04,62.006264740379
2012-05-07,61.864068920421
2012-05-08,62.832777943884
2012-05-09,61.872956159168
2012-05-10,62.290656380295
2012-05-11,62.903875853863
2012-05-14,62.708356601421
2012-05-15,63.137131689294
2012-05-16,63.405116119214
2012-05-17,63.012072288664
2012-05-18,61.770411096699
2012-05-21,61.92226894032
2012-05-22,61.556023552762
2012-05-23,61.082584393236
2012-05-24,61.725747025045
2012-05-25,61.681082953392
2012-05-29,61.886537682998
2012-05-30,62.163454927249
2012-05-31,62.100925226934
2012-06-01,60.519817090403
2012-06-04,61.368434451818
2012-06-05,61.140647686385
2012-06-06,62.511834686146
2012-06-07,61.725747025045
2012-06-08,61.52029229544
2012-06-11,60.555548347725
2012-06-12,61.296971937172
2012-06-13,61.475628223786
2012-06-14,62.904878516696
2012-06-15,63.682033363466
2012-06-18,64.334128809606
2012-06-19,65.227410242674
2012-06-20,65.021955513069
2012-06-21,64.00361467937
2012-06-22,64.727172640156
2012-06-25,63.766895099607
2012-06-26,63.833891207087
2012-06-27,64.64677731118
2012-06-28,63.798159949765
2012-06-29,65.129149285037
2012-07-02,66.424407362987
2012-07-03,67.139032509441
2012-07-05,66.397608919994
2012-07-06,65.968833832122
2012-07-09,66.817451193537
2012-07-10,66.933577779836
2012-07-11,67.969784242195
2012-07-12,67.719665440936
2012-07-13,68.746939088965
2012-07-16,69.019389926051
2012-07-17,70.354845668489
2012-07-18,71.123067700928
2012-07-19,71.136466922424
2012-07-20,69.470497049751
2012-07-23,69.256109505814
2012-07-24,68.22436945062
2012-07-25,69.640220522034
2012-07-26,70.83275123518
2012-07-27,74.964177863123
2012-07-30,74.553268403911
2012-07-31,73.785046371472
2012-08-01,73.088286853679
2012-08-02,72.391527335885
2012-08-03,73.436666612576
2012-08-06,73.633188527851
2012-08-07,72.864966495412
2012-08-08,72.686310208798
2012-08-09,73.222279068639
2012-08-10,73.901172957771
2012-08-13,73.454532241237
2012-08-14,74.946312234462
2012-08-15,75.044996629312
2012-08-16,74.551574655061
2012-08-17,74.802771296498
2012-08-20,74.677172975779
2012-08-21,74.560545963683
2012-08-22,75.242365419012
2012-08-23,75.053967937935
2012-08-24,75.888299639851
2012-08-27,75.744758701887
2012-08-28,75.367963739731
2012-08-29,75.107795789671
2012-08-30,74.596431198174
2012-08-31,75.287221962126
2012-09-04,75.655045615659
2012-09-05,75.43076290009
2012-09-06,76.08118277524
2012-09-07,75.323107196617
2012-09-10,75.403848974222
2012-09-11,75.305164579372
2012-09-12,74.596431198174
2012-09-13,74.753429099073
2012-09-14,72.990566954702
2012-09-17,73.645472484163
2012-09-18,73.600615941049
2012-09-19,73.304562756498
2012-09-20,73.833869965241
2012-09-21,73.591644632426
2012-09-24,74.381119791228
2012-09-25,75.188537567276
2012-09-26,74.870056111168
2012-09-27,75.574303838054
2012-09-28,75.619160381168
2012-10-01,76.327893762365
2012-10-02,77.467249957455
2012-10-03,77.870958845478
2012-10-04,77.503135191946
2012-10-05,77.996557166197
2012-10-08,77.189139390149
2012-10-09,76.641889564162
2012-10-10,75.942127491587
2012-10-11,75.906242257096
2012-10-12,75.358992431108
2012-10-15,77.350622945359
2012-10-16,78.978915460388
2012-10-17,80.024072914939
2012-10-18,80.553380123681
2012-10-19,78.193925955898
2012-10-22,78.768089707754
2012-10-23,78.337466893862
2012-10-24,78.498950449071
2012-10-25,78.992372423322
2012-10-26,78.615577461167
2012-10-31,77.592848278173
2012-11-01,78.238782499011
2012-11-02,77.556963043682
2012-11-05,77.467249957455
2012-11-06,78.310552967993
2012-11-07,76.561147786557
2012-11-08,76.022869269192
2012-11-09,76.40863553997
2012-11-12,76.722631341766
2012-11-13,77.269881167754
2012-11-14,75.693312530194
2012-11-15,75.810429057555
2012-11-16,76.16177863964
2012-11-19,76.936549512956
2012-11-20,77.99059825921
2012-11-21,78.062669968356
2012-11-23,78.91852151446
2012-11-26,78.634739159699
2012-11-27,78.359965768582
2012-11-28,78.414019550441
2012-11-29,79.828426842424
2012-11-30,79.999597151645
2012-12-03,79.639238605917
2012-12-04,79.577076756779
2012-12-05,80.188785388152
2012-12-06,79.765364096921
2012-12-07,79.567166896771
2012-12-10,80.846439734106
2012-12-11,81.035627970613
2012-12-12,81.233825170764
2012-12-13,80.314910879157
2012-12-14,80.359955697373
2012-12-17,80.630224606669
2012-12-18,80.441036370162
2012-12-19,79.720319278705
2012-12-20,79.65077007938
2012-12-21,78.522127114159
2012-12-24,78.738342241596
2012-12-26,78.278885095793
2012-12-27,77.612221786196
2012-12-28,76.792406094664
2012-12-31,77.657266604412
2013-01-02,80.314910879157
2013-01-03,79.810408915137
2013-01-04,80.161758497222
2013-01-07,79.756355133278
2013-01-08,79.414014514837
2013-01-09,79.882480624283
2013-01-10,79.107709750968
2013-01-11,78.341947841295
2013-01-14,78.305911986723
2013-01-15,76.648262676373
2013-01-16,75.96358143949
2013-01-17,75.621240821048
2013-01-18,73.945573583412
2013-01-22,75.03565818424
2013-01-23,74.837460984089
2013-01-24,74.432057620145
2013-01-25,75.152774711601
2013-01-28,77.107719822177
2013-01-29,78.008616186497
2013-01-30,76.918531585669
2013-01-31,76.990603294815
2013-02-01,77.747356240844
2013-02-04,77.242854276825
2013-02-05,77.954562404638
2013-02-06,78.008616186497
2013-02-07,76.774388167378
2013-02-08,78.170777532074
2013-02-11,76.927540549312
2013-02-12,76.583305205357
2013-02-13,76.945658198994
2013-02-14,76.746364052494
2013-02-15,75.740834495149
2013-02-19,76.212799269362
2013-02-20,76.682952278607
2013-02-21,77.117775870972
2013-02-22,78.648717269092
2013-02-25,81.12177645067
2013-02-26,81.049305851943
2013-02-27,82.46248252713
2013-02-28,82.93354141886
2013-03-01,83.866600377477
2013-03-04,84.002482750091
2013-03-05,84.645659313798
2013-03-06,84.491659291502
2013-03-07,84.201776896592
2013-03-08,84.247071020797
2013-03-11,82.833894345609
2013-03-12,83.114717915678
2013-03-13,82.924482594019
2013-03-14,83.504247383839
2013-03-15,83.167259099756
2013-03-18,81.88271773731
2013-03-19,83.70354153034
2013-03-20,85.198247629096
2013-03-21,85.433777074961
2013-03-22,87.472012664173
2013-03-25,87.698483285197
2013-03-26,89.374365880772
2013-03-27,90.724130782073
2013-03-28,92.862013444536
2013-04-01,92.680836947717
2013-04-02,96.385896307664
2013-04-03,94.945543157954
2013-04-04,95.914837415935
2013-04-05,94.248013645201
2013-04-08,95.208249078341
2013-04-09,94.483543091066
2013-04-10,98.06630831566
2013-04-11,98.034602428716
2013-04-12,101.06930875043
2013-04-15,98.270131874581
2013-04-16,100.41707336189
2013-04-17,99.139779059312
2013-04-18,97.346131740804
2013-04-19,100.89719107846
2013-04-22,102.74519134601
2013-04-23,102.14730890651
2013-04-24,95.054249056045
2013-04-25,98.433190721718
2013-04-26,98.179543626171
2013-04-29,96.63048457837
2013-04-30,94.402013667497
2013-05-01,94.700954887248
2013-05-02,95.652131495548
2013-05-03,96.458366906392
2013-05-06,94.963660807636
2013-05-07,94.628484288521
2013-05-08,95.181072603818
2013-05-09,94.71907253693
2013-05-10,96.675778702574
2013-05-13,96.829778724871
2013-05-14,98.206720100694
2013-05-15,97.733610090945
2013-05-16,95.504534083471
2013-05-17,96.105019865076
2013-05-20,92.966116915777
2013-05-21,94.840360415938
2013-05-22,95.104210229068
2013-05-23,96.095921595658
2013-05-24,96.359771408788
2013-05-28,96.623621221917
2013-05-29,94.976834457212
2013-05-30,95.731990818928
2013-05-31,91.464902461764
2013-06-03,90.191144743208
2013-06-04,88.517063170248
2013-06-05,86.069628696736
2013-06-06,88.699028558613
2013-06-07,89.900000121823
2013-06-10,89.44508665091
2013-06-11,89.099352413016
2013-06-12,87.680022383768
2013-06-13,89.627052039275
2013-06-14,88.635340672685
2013-06-17,90.145653396116
2013-06-18,92.347434595335
2013-06-19,90.236636090299
2013-06-20,87.598137959004
2013-06-21,89.419611496539
2013-06-24,87.470762187148
2013-06-25,87.687300999303
2013-06-26,90.618763405866
2013-06-27,90.063768971352
2013-06-28,89.763526080549
2013-07-01,88.699028558613
2013-07-02,87.397976031802
2013-07-03,87.170519296345
2013-07-05,88.835502599887
2013-07-08,89.326809148473
2013-07-09,89.463283189747
2013-07-10,92.856937682758
2013-07-11,93.948730012949
2013-07-12,94.867655224193
2013-07-15,95.031424073722
2013-07-16,94.667493296991
2013-07-17,94.904048301866
2013-07-18,95.322568695106
2013-07-19,99.525969166342
2013-07-22,99.125645311939
2013-07-23,97.005748537484
2013-07-24,96.987551998648
2013-07-25,99.635148399361
2013-07-26,99.717032824125
2013-07-29,99.507772627505
2013-07-30,101.17275593105
2013-07-31,98.525159530333
2013-08-01,99.525969166342
2013-08-02,99.225726275539
2013-08-05,97.742708360363
2013-08-06,95.731990818928
2013-08-07,102.26454826124
2013-08-08,100.42669783875
2013-08-09,99.74432763238
2013-08-12,98.452373374987
2013-08-13,98.133933945348
2013-08-14,97.451563738979
2013-08-15,96.647387294021
2013-08-16,95.870625955141
2013-08-19,95.468537732662
2013-08-20,96.501173394938
2013-08-21,95.633028369131
2013-08-22,97.131720834734
2013-08-23,96.501173394938
2013-08-26,103.94894387949
2013-08-27,99.727017543462
2013-08-28,99.790986124311
2013-08-29,99.480281588759
2013-08-30,99.5533885383
2013-09-03,101.44503085769
2013-09-04,103.28184296492
2013-09-05,103.19959764669
2013-09-06,101.44503085769
2013-09-09,102.04816319141
2013-09-10,101.58210638808
2013-09-11,102.32231425219
2013-09-12,103.6839311874
2013-09-13,105.14607017823
2013-09-16,107.08340434109
2013-09-17,105.75834088065
2013-09-18,107.39502271351
2013-09-19,107.08523201483
2013-09-20,106.78366584797
2013-09-23,105.13693180954
2013-09-24,104.89019585484
2013-09-25,102.78837105552
2013-09-26,103.12649069715
2013-09-27,103.4371952327
2013-09-30,102.28119159307
2013-10-01,104.70742848098
2013-10-02,103.31839643969
2013-10-03,101.54372523957
2013-10-04,103.1813209093
2013-10-07,100.72309973097
2013-10-08,98.475061032561
2013-10-09,97.122582466041
2013-10-10,100.44894867019
2013-10-11,101.33537043338
2013-10-14,101.96591787317
2013-10-15,101.83798071148
2013-10-16,104.4332774202
2013-10-17,105.86800130496
2013-10-18,105.0163053428
2013-10-21,103.84842182387
2013-10-22,106.19698257789
2013-10-23,105.70351066849
2013-10-24,106.1878442092
2013-10-25,106.29750463351
2013-10-28,108.13431674075
2013-10-29,108.07857269172
2013-10-30,106.80925328031
2013-10-31,106.13301399705
2013-11-01,108.46147033995
2013-11-04,107.17478802801
2013-11-05,105.21917712778
2013-11-06,103.56056321005
2013-11-07,101.46330759508
2013-11-08,103.45547197008
2013-11-11,103.41891849531
2013-11-12,103.42805686401
2013-11-13,104.18052786594
2013-11-14,105.90570528502
2013-11-15,105.51111683279
2013-11-18,106.47464677429
2013-11-19,105.95158766319
2013-11-20,106.04335241952
2013-11-21,103.00593898487
2013-11-22,103.72170408427
2013-11-25,104.57511631818
2013-11-26,104.30899852481
2013-11-27,104.44664565931
2013-11-29,104.68523402578
2013-12-02,105.04311657548
2013-12-03,104.10711606088
2013-12-04,103.75840998681
2013-12-05,104.01535130454
2013-12-06,104.72193992831
2013-12-09,104.59346926945
2013-12-10,104.70358697705
2013-12-11,103.74005703554
2013-12-12,103.29958620514
2013-12-13,102.92335070417
2013-12-16,102.88664480164
2013-12-17,101.8588795307
2013-12-18,103.44640981527
2013-12-19,103.32711563204
2013-12-20,104.63935164761
2013-12-23,103.87770417004
2013-12-24,103.00593898487
2013-12-26,104.94217534352
2013-12-27,105.63958749165
2013-12-30,105.97911709009
2013-12-31,104.68523402578
2014-01-02,106.25899959691
2014-01-03,105.04311657548
2014-01-06,104.13464548778
2014-01-07,106.84170579963
2014-01-08,106.33699963979
2014-01-09,109.09911880544
2014-01-10,108.27323599844
2014-01-13,106.81417637273
2014-01-14,108.02547115634
2014-01-15,108.75041273138
2014-01-16,109.22758946431
2014-01-17,109.33770717191
2014-01-21,109.42947192825
2014-01-22,114.12782745255
2014-01-23,113.42123882877
2014-01-24,109.46617783078
2014-01-27,108.75958920701
2014-01-28,110.76006089509
2014-01-29,109.35606012318
2014-01-30,110.93441393212
2014-01-31,109.15417765925
2014-02-03,107.1353530199
2014-02-04,106.24523488346
2014-02-05,105.59370511349
2014-02-06,106.51135267683
2014-02-07,109.10829528108
2014-02-10,110.39300186975
2014-02-11,111.81535559293
2014-02-12,112.70995221884
2014-02-13,114.49914547066
2014-02-14,114.21324345619
2014-02-18,115.22773447526
2014-02-19,113.76133382042
2014-02-20,113.89045085921
2014-02-21,114.22246610182
2014-02-24,116.01165935363
2014-02-25,114.69282102884
2014-02-26,112.38715962186
2014-02-27,113.51232238847
2014-02-28,114.37925107749
2014-03-03,114.07490377177
2014-03-04,116.20533491182
2014-03-05,116.38056517875
2014-03-06,114.53603605317
2014-03-07,112.75606544698
2014-03-10,115.65197617415
2014-03-11,114.60981721819
2014-03-12,116.18688962057
2014-03-13,114.32391520372
2014-03-14,113.01429952456
2014-03-17,114.23168874745
2014-03-18,117.56106381913
2014-03-19,116.74024835824
2014-03-20,117.17371270275
2014-03-21,113.37398270405
2014-03-24,111.85224617544
2014-03-25,111.25277420963
2014-03-26,110.77319663697
2014-03-27,112.78373338386
2014-03-28,111.1789930446
2014-03-31,113.75211117479
2014-04-01,116.26989343122
2014-04-02,116.18688962057
2014-04-03,114.4807001794
2014-04-04,109.85093207418
2014-04-07,109.58347535097
2014-04-08,108.80877311823
2014-04-09,110.67174753507
2014-04-10,105.23960926022
2014-04-11,103.23829515896
2014-04-14,104.51102025562
2014-04-15,106.06042472111
2014-04-16,106.55844758501
2014-04-17,106.48466641999
2014-04-21,107.92339913795
2014-04-22,110.02616234111
2014-04-23,104.5064089328
2014-04-24,104.87992608073
2014-04-25,102.74949494068
2014-04-28,102.81405346008
2014-04-29,103.20140457645
2014-04-30,103.06306489203
2014-05-01,103.99455210045
2014-05-02,103.6809821491
2014-05-05,104.38190321682
2014-05-06,103.55186511031
2014-05-07,104.00377474608
2014-05-08,102.16846826612
2014-05-09,102.81635912148
2014-05-12,103.04461960078
2014-05-13,102.75871758631
2014-05-14,103.92716794421
2014-05-15,102.27649997829
2014-05-16,103.8066135422
2014-05-19,103.93644135975
2014-05-20,104.06626917729
2014-05-21,105.24399295073
2014-05-22,106.51445087956
2014-05-23,106.022959856
2014-05-27,107.46961268006
2014-05-28,107.26559753821
2014-05-29,107.57162025099
2014-05-30,107.56234683545
2014-06-02,107.98892395024
2014-06-03,108.61024279134
2014-06-04,110.49274614573
2014-06-05,109.18519455475
2014-06-06,109.25938187906
2014-06-09,107.94255687254
2014-06-10,108.59169596026
2014-06-11,107.88691637931
2014-06-12,107.75708856177
2014-06-13,107.5994404976
2014-06-16,107.71999489961
2014-06-17,107.72926831515
2014-06-18,108.95335916628
2014-06-19,109.28720212568
2014-06-20,112.18050777381
2014-06-23,110.47419931466
2014-06-24,110.15890318634
2014-06-25,110.74312836528
2014-06-26,110.4834727302
2014-06-27,109.97343487556
2014-06-30,109.7694197337
2014-07-01,111.56846234824
2014-07-02,112.23614826704
2014-07-03,113.92390989512
2014-07-07,111.42936111516
2014-07-08,111.24389280438
2014-07-09,110.88222959837
2014-07-10,110.30727783496
2014-07-11,111.06769790915
2014-07-14,110.33509808157
2014-07-15,108.36913398733
2014-07-16,109.15737430814
2014-07-17,107.00594190312
2014-07-18,109.70450582493
2014-07-21,110.38146515927
2014-07-22,112.31033559136
2014-07-23,113.14494298985
2014-07-24,113.37677837833
2014-07-25,113.91463647958
2014-07-28,113.73844158434
2014-07-29,114.35048700991
2014-07-30,120.56367542096
2014-07-31,118.13404054977
2014-08-01,116.42773209062
2014-08-04,119.30249090767
2014-08-05,118.58843791118
2014-08-06,117.8558380836
2014-08-07,116.61320040139
2014-08-08,117.72601026606
2014-08-11,118.069126641
2014-08-12,117.70746343498
2014-08-13,118.65791952035
2014-08-14,122.8697445261
2014-08-15,123.74565503614
2014-08-18,124.13701930659
2014-08-19,123.95065536828
2014-08-20,123.63383667316
2014-08-21,123.49406371943
2014-08-22,123.76429142997
2014-08-25,125.5999762223
2014-08-26,127.91088905731
2014-08-27,128.43270808458
2014-08-28,129.2340730193
2014-08-29,129.87702860646
2014-09-02,128.55384464448
2014-09-03,129.13157285323
2014-09-04,128.60043562905
2014-09-05,128.47929906915
2014-09-08,129.77452844039
2014-09-09,128.0227074203
2014-09-10,129.69998286507
2014-09-11,129.48566433601
2014-09-12,128.48861726607
2014-09-15,128.56316284139
2014-09-16,129.83043762188
2014-09-17,131.1163487962
2014-09-18,132.33703259212
2014-09-19,134.19135377828
2014-09-22,132.48612374276
2014-09-23,131.08839420546
2014-09-24,132.54203292425
2014-09-25,130.31498386148
2014-09-26,131.44248568824
2014-09-29,130.51998419362
2014-09-30,130.88339387332
2014-10-01,129.3552095792
2014-10-02,127.84566167891
2014-10-03,129.6627100774
2014-10-06,128.22770775244
2014-10-07,126.75543263981
2014-10-08,130.51998419362
2014-10-09,128.19975316169
2014-10-10,128.0227074203
2014-10-13,124.45383800171
2014-10-14,123.18656322122
2014-10-15,121.97519762222
2014-10-16,121.55587876103
2014-10-17,124.57497456161
2014-10-20,128.13452578328
2014-10-21,134.2658993536
2014-10-22,133.84658049241
2014-10-23,137.21044957886
2014-10-24,137.21976777577
2014-10-27,138.09567828582
2014-10-28,146.47273731274
2014-10-29,148.04751259143
2014-10-30,150.56342575858
2014-10-31,151.12251757351
2014-11-03,150.54478936475
2014-11-04,149.47319671949
2014-11-05,148.10342177293
2014-11-06,149.41728753799
2014-11-07,149.32410556884
2014-11-10,152.53888350464
2014-11-11,151.91222919139
2014-11-12,151.45392976827
2014-11-13,150.44380042751
2014-11-14,147.47888375138
2014-11-17,148.8444289713
2014-11-18,151.74387430127
2014-11-19,152.11799627933
2014-11-20,152.15540847713
2014-11-21,152.27699812
2014-11-24,153.55836589486
2014-11-25,151.74387430127
2014-11-26,154.06343056524
2014-11-28,154.61526048288
2014-12-01,155.64409592254
2014-12-02,158.32842111513
2014-12-03,157.19670213149
2014-12-04,155.77503861487
2014-12-05,158.29100891732
2014-12-08,160.53574078568
2014-12-09,158.43130465909
2014-12-10,154.69008487849
2014-12-11,155.33544529064
2014-12-12,153.88572262566
2014-12-15,149.27466924607
2014-12-16,149.12502045484
2014-12-17,152.90365243325
2014-12-18,157.58017715901
2014-12-19,159.16084251631
2014-12-22,153.88572262566
2014-12-23,147.32923496015
2014-12-24,150.27544553738
2014-12-26,152.88494633435
2014-12-29,152.31441031781
2014-12-30,150.23803333957
2014-12-31,148.98472471307
2015-01-02,149.54590768016
2015-01-05,147.76882828437
2015-01-06,143.00812611356
2015-01-07,148.00265452066
2015-01-08,147.46953070193
2015-01-09,145.65503910833
2015-01-12,146.11333853146
2015-01-13,145.10320919069
2015-01-14,145.1219152896
2015-01-15,142.09152726731
2015-01-16,148.18036246024
2015-01-20,147.40405935577
2015-01-21,147.19829226783
2015-01-22,149.24661009771
2015-01-23,149.47108328455
2015-01-26,149.39625888894
2015-01-27,148.61060273501
2015-01-28,144.63555671812
2015-01-29,146.25363427323
2015-01-30,142.40953094866
2015-02-02,142.6340041355
2015-02-03,142.38147180031
2015-02-04,141.65193394309
2015-02-05,143.43836638833
2015-02-06,141.60516869583
2015-02-09,140.30509482207
2015-02-10,143.43836638833
2015-02-11,143.94604625888
2015-02-12,144.01185661247
2015-02-13,144.29390098499
2015-02-17,145.0084133954
2015-02-18,146.45624117437
2015-02-19,146.71008110964
2015-02-20,148.22371924221
2015-02-23,148.93823165261
2015-02-24,147.95107634876
2015-02-25,148.61858136375
2015-02-26,149.45531300224
2015-02-27,148.28012811671
2015-03-02,150.0758106218
2015-03-03,149.06985235979
2015-03-04,149.6621455421
2015-03-05,150.04760618455
2015-03-06,145.61010805679
2015-03-09,145.73232728488
2015-03-10,144.38791577584
2015-03-11,143.56058561642
2015-03-12,145.01781487448
2015-03-13,145.02721635356
2015-03-16,153.27231351045
2015-03-17,153.30991942678
2015-03-18,156.57223266902
2015-03-19,158.98841279367
2015-03-20,159.91915922301
2015-03-23,156.57223266902
2015-03-24,156.07395427755
2015-03-25,151.00655705114
2015-03-26,150.94074669755
2015-03-27,152.85864843074
2015-03-30,154.47100209369
2015-03-31,150.28264316166
2015-04-01,147.69723641349
2015-04-02,146.55025596521
2015-04-06,145.98616722016
2015-04-07,147.86646303701
2015-04-08,150.7339141577
2015-04-09,151.82448573147
2015-04-10,153.6013652784
2015-04-13,152.7646336399
2015-04-14,152.83984547257
2015-04-15,155.566274407
2015-04-16,156.8824814788
2015-04-17,153.78939486008
2015-04-20,156.03634836121
2015-04-21,158.37731665319
2015-04-22,158.97901131458
2015-04-23,159.04482166817
2015-04-24,157.86023530356
2015-04-27,152.66121736997
2015-04-28,152.7646336399
2015-04-29,151.34501029818
2015-04-30,148.45875621931
2015-05-01,150.76211859495
2015-05-04,152.4073774347
2015-05-05,149.8971825192
2015-05-06,149.43651004407
2015-05-07,148.44935474023
2015-05-08,152.62361145363
2015-05-11,151.41082065177
2015-05-12,149.51172187675
2015-05-13,149.65344810451
2015-05-14,153.04542915569
2015-05-15,153.40446893269
2015-05-18,154.4248977726
2015-05-19,154.53827875481
2015-05-20,154.93511219255
2015-05-21,154.80283437997
2015-05-22,154.55717558518
2015-05-26,150.23924984594
2015-05-27,151.5903732173
2015-05-28,148.67081292534
2015-05-29,147.64093567025
2015-06-01,148.36846363945
2015-06-02,147.81100714357
2015-06-03,148.46294779129
2015-06-04,149.36999564898
2015-06-05,148.5763287735
2015-06-08,147.83935238912
2015-06-09,146.26146705334
2015-06-10,146.97009819217
2015-06-11,149.24716625159
2015-06-12,147.50865785767
2015-06-15,147.4897610273
2015-06-16,147.6125904247
2015-06-17,147.06458234401
2015-06-18,151.2880239314
2015-06-19,151.85492884246
2015-06-22,153.27219112011
2015-06-23,152.77142511534
2015-06-24,151.07071038216
2015-06-25,150.00303946633
2015-06-26,149.30385674269
2015-06-29,143.23797419436
2015-06-30,145.05206990975
2015-07-01,146.44098694184
2015-07-02,144.80641111496
2015-07-06,145.97801459781
2015-07-07,146.81892354922
2015-07-08,143.90881167244
2015-07-09,142.96397015401
2015-07-10,145.60007799044
2015-07-13,147.16851491104
2015-07-14,150.53215071666
2015-07-15,151.59982163248
2015-07-16,154.04696116522
2015-07-17,154.26427471446
2015-07-20,155.27525513919
2015-07-21,154.67055656739
2015-07-22,155.19021940253
2015-07-23,155.04849317476
2015-07-24,149.8424164082
2015-07-27,156.40906496131
2015-07-28,163.21192389402
2015-07-29,162.01197516561
2015-07-30,162.21984029966
2015-07-31,166.84956373998
2015-08-03,165.90472222155
2015-08-04,165.15829742199
2015-08-05,166.70783751222
2015-08-06,160.30181201725
2015-08-07,162.80564204109
2015-08-10,161.18996304457
2015-08-11,159.26248634697
2015-08-12,161.20885987494
2015-08-13,160.0278079769
2015-08-14,159.21143643306
2015-08-17,161.1764237537
2015-08-18,159.21143643306
2015-08-19,158.11977681049
2015-08-20,152.97473754584
2015-08-21,147.3170928932
2015-08-24,140.15011015369
2015-08-25,137.82440052299
2015-08-26,146.1684771164
2015-08-27,147.82020558882
2015-08-28,147.98158135911
2015-08-31,144.08008479496
2015-09-01,139.97924169103
2015-09-02,144.56421210584
2015-09-03,141.65944824056
2015-09-04,139.56156322674
2015-09-08,146.71905327388
2015-09-09,143.41559632904
2015-09-10,145.37109095731
2015-09-11,145.4375398039
2015-09-14,143.33965479008
2015-09-15,144.42182172029
2015-09-16,143.51052325275
2015-09-17,146.10202826981
2015-09-18,142.9504544029
2015-09-21,139.62801207333
2015-09-22,138.52685975839
2015-09-23,138.32751321861
2015-09-24,136.2296282048
2015-09-25,131.50226740444
2015-09-28,125.53136390358
2015-09-29,127.03120929807
2015-09-30,131.17002317148
2015-10-01,133.11602510737
2015-10-02,135.2423881983
2015-10-05,136.50491628354
2015-10-06,134.05580165202
2015-10-07,140.53931054087
2015-10-08,142.29545862936
2015-10-09,142.00118516588
2015-10-12,145.26667134123
2015-10-13,140.09315399947
2015-10-14,140.31148592399
2015-10-15,144.80152941509
2015-10-16,144.86797826169
2015-10-19,146.63361904254
2015-10-20,142.81755670972
2015-10-21,142.47581978439
2015-10-22,144.58319749058
2015-10-23,147.84868366593
2015-10-26,150.5351156067
2015-10-27,153.76263101257
2015-10-28,154.41762678611
2015-10-29,152.43365408074
2015-10-30,150.15540791189
2015-11-02,154.07588986078
2015-11-03,154.21828024634
2015-11-04,153.66770408886
2015-11-05,153.04118639243
2015-11-06,152.3197417723
2015-11-09,151.53184830557
2015-11-10,150.33576906692
2015-11-11,148.90237251902
2015-11-12,144.07059210259
2015-11-13,144.61450677671
2015-11-16,147.42950377434
2015-11-17,150.38763621253
2015-11-18,153.55570063021
2015-11-19,152.19114276356
2015-11-20,152.59192199712
2015-11-23,155.0347668493
2015-11-24,155.33058009312
2015-11-25,156.44703652947
2015-11-27,156.0367149332
2015-11-30,153.72746315888
2015-12-01,154.56719107681
2015-12-02,153.17400612205
2015-12-03,147.5726392149
2015-12-04,154.0423611281
2015-12-07,151.0556016018
2015-12-08,152.0575496857
2015-12-09,150.66436473094
2015-12-10,152.36290529223
2015-12-11,148.04975735009
2015-12-14,150.87429671043
2015-12-15,155.17313110851
2015-12-16,157.04820537981
2015-12-17,154.0423611281
2015-12-18,151.53271973699
2015-12-21,151.99075314678
2015-12-22,154.87254668334
2015-12-23,155.2733259169
2015-12-24,156.06534202132
2015-12-28,154.32863200922
2015-12-29,156.91461230196
2015-12-30,155.81724059102
2015-12-31,154.90117377145
2016-01-04,151.09377105262
2016-01-05,150.93155088665
2016-01-06,149.54790829459
2016-01-07,145.97906464336
2016-01-08,143.80817712823
2016-01-11,140.93115477302
2016-01-12,143.88928721122
2016-01-13,138.80320789007
2016-01-14,146.15082717203
2016-01-15,144.37594770911
2016-01-19,144.37594770911
2016-01-20,147.92570663494
2016-01-21,145.78821738928
2016-01-22,148.93719708155
2016-01-25,146.40847096503
2016-01-26,146.74245365966
2016-01-27,143.58393160469
2016-01-28,141.56095071148
2016-01-29,145.74050557576
2016-02-01,145.75959030117
2016-02-02,143.24040654735
2016-02-03,143.79386358418
2016-02-04,143.04955929328
2016-02-05,138.40242865651
2016-02-08,136.45578666492
2016-02-09,136.60846446818
2016-02-10,138.18295431432
2016-02-11,135.94049907892
2016-02-12,139.07330006151
2016-02-16,141.40848607
2016-02-17,145.17553510428
2016-02-18,143.47459714748
2016-02-19,144.26260230261
2016-02-22,142.76347054407
2016-02-23,141.51419407862
2016-02-24,141.37004679414
2016-02-25,141.0240933114
2016-02-26,141.84092792343
2016-02-29,136.72850423405
2016-03-01,142.60010362166
2016-03-02,141.73521991481
2016-03-03,140.14959978559
2016-03-04,140.2841372511
2016-03-07,141.56224317344
2016-03-08,138.98681169082
2016-03-09,135.40234921688
2016-03-10,135.52727686342
2016-03-11,138.92915277703
2016-03-14,138.97720187186
2016-03-15,137.62221739779
2016-03-16,138.3621734581
2016-03-17,138.50632074257
2016-03-18,139.83247575974
2016-03-21,141.27394860449
2016-03-22,144.74309325086
2016-03-23,142.95566692337
2016-03-24,143.41693823369
2016-03-28,142.58088398373
2016-03-29,143.65718370781
2016-03-30,143.64757388885
2016-03-31,144.08001574227
2016-04-01,148.14496916447
2016-04-04,148.62546011272
2016-04-05,146.9821810697
2016-04-06,153.43036959522
2016-04-07,151.2393308712
2016-04-08,150.35522752642
2016-04-11,150.28795879366
2016-04-12,152.41172878493
2016-04-13,153.81476235382
2016-04-14,153.87242126761
2016-04-15,153.88203108657
2016-04-18,155.39077266408
2016-04-19,155.77516542268
2016-04-20,156.40941347437
2016-04-21,157.93737468981
2016-04-22,156.82263568987
2016-04-25,157.08210080192
2016-04-26,156.49590184506
2016-04-27,154.71808533653
2016-04-28,154.29525330207
2016-04-29,152.12343421598
2016-05-02,152.78651172456
2016-05-03,150.2495195178
2016-05-04,148.1641888024
2016-05-05,148.23145753515
2016-05-06,147.21281672486
2016-05-09,149.34619653509
2016-05-10,151.10479340569
2016-05-11,148.1641888024
2016-05-12,146.93413197488
2016-05-13,147.3665738283
2016-05-16,148.25648028004
2016-05-17,145.19984507625
2016-05-18,145.8962936037
2016-05-19,143.80694802136
2016-05-20,145.26755534975
2016-05-23,144.41634048287
2016-05-24,147.72447098824
2016-05-25,150.48124640938
2016-05-26,150.46190061695
2016-05-27,151.61297526648
2016-05-31,152.78339570844
2016-06-01,152.88012467058
2016-06-02,154.64059178163
2016-06-03,153.98283483904
2016-06-06,154.95012446049
2016-06-07,153.6926479526
2016-06-08,152.83176018951
2016-06-09,151.65166685134
2016-06-10,149.71708760843
2016-06-13,148.07269525196
2016-06-14,147.98563918603
2016-06-15,146.93129349865
2016-06-16,147.31820934723
2016-06-17,144.72587316174
2016-06-20,145.72218147183
2016-06-21,144.53241523745
2016-06-22,144.90965818981
2016-06-23,147.28919065859
2016-06-24,141.65956506173
2016-06-27,139.85073346962
2016-06-28,143.56512561599
2016-06-29,145.19017218003
2016-06-30,147.17311590401
2016-07-01,149.23344279771
2016-07-05,149.22376990149
2016-07-06,150.94554542768
2016-07-07,151.46788182326
2016-07-08,155.83035801601
2016-07-11,154.94045156428
2016-07-12,156.66222709046
2016-07-13,155.26933003557
2016-07-14,157.4167129952
2016-07-15,157.93904939078
2016-07-18,157.60049802327
2016-07-19,157.17489058983
2016-07-20,157.91003070214
2016-07-21,158.8192829463
2016-07-22,160.25087158605
2016-07-25,161.11175934914
2016-07-26,162.18545082896
2016-07-27,165.09699258953
2016-07-28,165.6773663624
2016-07-29,166.40283357849
2016-08-01,168.46316047218
2016-08-02,168.45348757597
2016-08-03,167.75703904852
2016-08-04,167.02189893622
2016-08-05,167.97951566146
2016-08-08,166.70269336114
2016-08-09,166.45119805956
2016-08-10,165.62900188133
2016-08-11,166.78974942707
2016-08-12,167.36045030373
2016-08-15,169.83671173465
2016-08-16,167.48246243692
2016-08-17,169.5740475568
2016-08-18,170.00209288366
2016-08-19,168.90279465786
2016-08-22,169.61296076833
2016-08-23,169.66160228275
2016-08-24,166.19832645634
2016-08-25,165.60489998046
2016-08-26,167.29762468214
2016-08-29,166.85012274951
2016-08-30,166.12050003327
2016-08-31,165.43951883145
2016-09-01,165.50761695163
2016-09-02,165.15739804784
2016-09-06,166.19832645634
2016-09-07,165.99403209579
2016-09-08,166.32479439382
2016-09-09,162.02488451945
2016-09-12,167.36572280232
2016-09-13,164.70016781233
2016-09-14,165.51734525451
2016-09-15,167.94942097531
2016-09-16,168.26072666757
2016-09-19,166.72365481203
2016-09-20,168.66931538866
2016-09-21,169.12654562417
2016-09-22,170.8484552345
2016-09-23,170.05073439808
2016-09-26,168.81523993191
2016-09-27,166.96686238411
2016-09-28,165.09902823054
2016-09-29,160.9547712023
2016-09-30,162.27782039441
2016-10-03,162.79342044722
2016-10-04,162.99771480777
2016-10-05,162.69613741839
2016-10-06,162.36537512036
2016-10-07,162.94907329335
2016-10-10,163.73706582689
2016-10-11,159.8554729765
2016-10-12,159.42742764964
2016-10-13,159.82628806785
2016-10-14,157.50122367877
2016-10-17,158.20166148636
2016-10-18,158.37677093826
2016-10-19,156.70350284235
2016-10-20,157.11209156344
2016-10-21,154.20332900137
2016-10-24,154.44653657345
2016-10-25,153.60503837405
2016-10-26,154.67028753976
2016-10-27,156.2073593953
2016-10-28,141.23550125808
2016-10-31,137.32472349904
2016-11-01,136.93559138371
2016-11-02,134.93156098978
2016-11-03,131.54611158643
2016-11-04,131.72122103833
2016-11-07,135.42770443682
2016-11-08,134.6883534177
2016-11-09,142.4418108156
2016-11-10,147.45188680044
2016-11-11,144.99062617099
2016-11-14,143.41464110392
2016-11-15,144.04150471754
2016-11-16,144.20801536491
2016-11-17,144.33534703642
2016-11-18,142.24906657234
2016-11-21,142.56249837915
2016-11-22,141.36753961568
2016-11-23,142.05317169308
2016-11-25,142.44496145159
2016-11-28,142.09235066893
2016-11-29,143.00326185748
2016-11-30,141.11287627265
2016-12-01,139.46735928689
2016-12-02,141.05410780887
2016-12-05,142.30783503612
2016-12-06,142.13152964478
2016-12-07,138.29199001135
2016-12-08,137.70430537358
2016-12-09,140.50560214695
2016-12-12,142.76818800237
2016-12-13,145.32461617667
2016-12-14,145.63804798348
2016-12-15,147.30315445716
2016-12-16,146.30409057295
2016-12-19,144.70754730701
2016-12-20,144.19822062094
2016-12-21,143.16977250485
2016-12-22,143.35587264014
2016-12-23,144.52144717172
2016-12-27,145.31482143271
2016-12-28,144.63898409927
2016-12-29,144.74672628286
2016-12-30,143.2089514807
2017-01-03,147.6361757519
2017-01-04,149.73225095995
2017-01-05,149.83999314354
2017-01-06,153.56199584942
2017-01-09,155.57971310576
2017-01-10,155.50135515406
2017-01-11,153.40527994601
2017-01-12,152.1711422067
2017-01-13,152.91554274787
2017-01-17,151.62263654478
2017-01-18,152.57272670917
2017-01-19,150.64316214849
2017-01-20,151.49530487326
2017-01-23,149.58532980051
2017-01-24,148.73318707574
2017-01-25,150.93700446738
2017-01-26,149.83999314354
2017-01-27,153.93419612001
2017-01-30,151.26023101815
2017-01-31,153.46404840979
2017-02-01,156.39267685468
2017-02-02,156.30452415901
2017-02-03,164.09134560947
2017-02-06,163.160844933
2017-02-07,163.39591878811
2017-02-08,164.66923550328
2017-02-09,164.0325771457
2017-02-10,164.44395639214
2017-02-13,165.34507283672
2017-02-14,165.72968800078
2017-02-15,169.41804880484
2017-02-16,169.73363047792
2017-02-17,170.89733789738
2017-02-21,170.74940898813
2017-02-22,170.2267268421
2017-02-23,171.6073966618
2017-02-24,172.1498026624
2017-02-27,173.69812524592
2017-02-28,174.09260233726
2017-03-01,175.77899190276
2017-03-02,175.61133913894
2017-03-03,177.71192965034
2017-03-06,176.98214703136
2017-03-07,174.93086615637
2017-03-08,175.32534324771
2017-03-09,176.44960295804
2017-03-10,178.93480863351
2017-03-13,178.55019346945
2017-03-14,177.63303423207
2017-03-15,180.0787921984
2017-03-16,177.62317230479
2017-03-17,166.28195592866
2017-03-20,166.90325734752
2017-03-21,164.54625672675
2017-03-22,165.13797236376
2017-03-23,163.74744061677
2017-03-24,163.45158279827
2017-03-27,162.63304283373
2017-03-28,162.43580428806
2017-03-29,160.80858628626
2017-03-30,162.1103606877
2017-03-31,161.80464094191
2017-04-03,161.6271262508
2017-04-04,162.09063683313
2017-04-05,159.99990824901
2017-04-06,160.00977017629
2017-04-07,161.12416795934
2017-04-10,160.54231424961
2017-04-11,160.85789592268
2017-04-12,160.79872435898
2017-04-13,159.37860683014
2017-04-17,159.87170319432
2017-04-18,159.02357744793
2017-04-19,159.03343937522
2017-04-20,159.80266970334
2017-04-21,158.19517555611
2017-04-24,160.88748170453
2017-04-25,162.42594236077
2017-04-26,162.33718501522
2017-04-27,160.564503586
2017-04-28,161.06499639564
2017-05-01,160.35493763122
2017-05-02,161.20306337761
2017-05-03,161.54823083253
2017-05-04,162.02160334215
2017-05-05,161.54823083253
2017-05-08,160.77900050441
2017-05-09,160.9663771228
2017-05-10,158.29379482895
2017-05-11,157.86973195575
2017-05-12,158.00779893772
2017-05-15,158.89537239325
2017-05-16,158.91523803961
2017-05-17,156.00492084818
2017-05-18,156.89887493428
2017-05-19,155.45861557334
2017-05-22,151.9920602839
2017-05-23,153.03500671768
2017-05-24,153.56144634617
2017-05-25,154.38587067002
2017-05-26,153.9686920965
2017-05-30,152.81648460775
2017-05-31,154.19714702962
2017-06-01,155.19042934751
2017-06-02,158.08088089258
2017-06-05,159.14369297272
2017-06-06,158.49805946609
2017-06-07,160.57401951049
2017-06-08,161.63683159063
2017-06-09,162.95789707343
2017-06-12,163.7723885741
2017-06-13,163.32541153105
2017-06-14,163.99091068404
2017-06-15,163.00756118932
2017-06-16,161.32891407208
2017-06-19,163.98097786086
2017-06-20,165.17291664233
2017-06-21,170.19892517086
2017-06-22,172.65233249606
2017-06-23,171.34119983644
2017-06-26,172.50334014837
2017-06-27,169.70228401192
2017-06-28,172.90065307553
2017-06-29,171.43059524505
2017-06-30,171.07301361061
2017-07-03,171.63918453181
2017-07-05,173.08937671593
2017-07-06,170.56643962848
2017-07-07,170.27838775629
2017-07-10,171.04321514107
2017-07-11,172.15569133711
2017-07-12,172.10602722122
2017-07-13,173.86413692389
2017-07-14,175.94009696828
2017-07-17,176.20828319411
2017-07-18,176.28774577954
2017-07-19,177.97632571996
2017-07-20,178.11538524447
2017-07-21,178.99940650739
2017-07-24,179.8436964776
2017-07-25,179.67483848356
2017-07-26,174.70842689409
2017-07-27,170.99355102518
2017-07-28,173.36749576494
2017-07-31,173.3376972954
2017-08-01,172.9602500146
2017-08-02,173.28803317951
2017-08-03,173.0099141305
2017-08-04,172.68213096559
2017-08-07,173.40722705766
2017-08-08,172.52320579473
2017-08-09,172.38414627023
2017-08-10,167.97397277878
2017-08-11,168.29182312051
2017-08-14,170.51677551259
2017-08-15,170.04
2017-08-16,171.39
2017-08-17,167.81
2017-08-18,167.29
2017-08-21,168.16
2017-08-22,170.07
2017-08-23,169.0
2017-08-24,169.95
2017-08-25,169.74
2017-08-28,171.78
2017-08-29,172.23
2017-08-30,173.65
2017-08-31,177.77
2017-09-01,178.71
2017-09-05,176.74
2017-09-06,178.38
2017-09-07,180.71
2017-09-08,180.64
2017-09-11,186.49
2017-09-12,191.0
2017-09-13,189.7
2017-09-14,189.44
2017-09-15,187.47
2017-09-18,186.47
2017-09-19,186.32
2017-09-20,188.17
2017-09-21,186.64
2017-09-22,185.76
2017-09-25,186.29
2017-09-26,185.6
2017-09-27,184.87
2017-09-28,185.46
2017-09-29,186.45
2017-10-02,187.17
2017-10-03,187.23
2017-10-04,188.59
2017-10-05,186.85
2017-10-06,185.82
2017-10-09,185.455
2017-10-10,185.79
2017-10-11,184.15
2017-10-12,182.76
2017-10-13,183.01
2017-10-16,181.9
2017-10-17,186.19
2017-10-18,186.28
2017-10-19,184.12
2017-10-20,182.96
2017-10-23,180.53
2017-10-24,180.37
2017-10-25,177.5
2017-10-26,176.52
2017-10-27,175.28
2017-10-30,174.59
2017-10-31,175.22
2017-11-01,175.42
2017-11-02,172.41
2017-11-03,173.44
2017-11-06,170.8
2017-11-07,173.48
2017-11-09,174.0
2017-11-10,172.35
2017-11-13,171.5
2017-11-14,170.13
2017-11-15,169.38
2017-11-16,170.77
2017-11-17,170.0
2017-11-20,168.79
2017-11-21,169.84
2017-11-22,169.96
2017-11-24,170.12
2017-11-27,169.71
2017-11-28,170.26
2017-11-29,172.23
2017-11-30,175.66
2017-12-01,177.2
2017-12-04,178.69
2017-12-05,178.67
2017-12-06,176.22
2017-12-07,173.96
2017-12-08,175.41
2017-12-11,176.83
2017-12-12,176.26
2017-12-13,177.38
2017-12-14,174.92
2017-12-15,176.9
2017-12-18,176.14
2017-12-19,176.87
2017-12-20,177.11
2017-12-21,176.68
2017-12-22,176.42
2017-12-26,176.09
2017-12-27,176.21
2017-12-28,175.22
2017-12-29,173.9
2018-01-02,177.0
2018-01-03,180.34
2018-01-04,179.58
2018-01-05,180.65
2018-01-08,180.6
2018-01-09,183.38
2018-01-10,182.86
2018-01-11,181.96
2018-01-12,185.04
2018-01-16,185.54
2018-01-17,188.01
2018-01-18,187.59
2018-01-19,189.28
2018-01-22,192.33
2018-01-23,191.99
2018-01-24,190.63
2018-01-25,190.08
2018-01-26,196.01
2018-01-29,198.0
2018-01-30,191.27
2018-01-31,186.05
2018-02-01,185.56
2018-02-02,187.01
2018-02-05,175.01
2018-02-06,176.65
2018-02-07,177.47
2018-02-08,173.17
2018-02-09,173.15
2018-02-12,174.87
2018-02-13,175.94
2018-02-14,179.52
2018-02-15,183.6
2018-02-16,183.55
2018-02-20,182.98
2018-02-21,182.43
2018-02-22,182.45
2018-02-23,186.67
2018-02-26,188.5
2018-02-27,185.79
2018-02-28,183.77
2018-03-01,183.29
2018-03-02,185.08
2018-03-05,190.13
2018-03-06,190.35
2018-03-07,187.53
2018-03-08,187.16
2018-03-09,191.1
2018-03-12,189.3
2018-03-13,189.75
2018-03-14,190.57
2018-03-15,189.75
2018-03-16,188.24
2018-03-19,182.55
2018-03-20,182.03
2018-03-21,181.59
2018-03-22,176.08
2018-03-23,169.43
2018-03-26,175.19
2018-03-27,171.15
