Date,AMP
2010-01-04,33.335381644364
2010-01-05,34.112761406883
2010-01-06,34.589219971008
2010-01-07,34.848346558514
2010-01-08,34.973730391179
2010-01-11,35.42511218877
2010-01-12,34.856705480692
2010-01-13,35.283010511751
2010-01-14,35.124190990376
2010-01-15,34.789834103271
2010-01-19,35.157626679086
2010-01-20,35.023883924244
2010-01-21,34.062607873818
2010-01-22,33.235074578233
2010-01-25,33.795122364134
2010-01-26,33.519277932272
2010-01-27,34.19635062866
2010-01-28,33.410611943963
2010-01-29,31.964518407234
2010-02-01,33.235074578233
2010-02-02,33.418970866141
2010-02-03,32.758616014108
2010-02-04,31.446265232221
2010-02-05,31.705391819728
2010-02-08,31.120267267294
2010-02-09,31.705391819728
2010-02-10,32.357387749582
2010-02-11,31.954389666557
2010-02-12,32.122305534484
2010-02-16,32.96188487412
2010-02-17,33.432049304317
2010-02-18,33.398466130731
2010-02-19,33.700714693
2010-02-22,33.986171668477
2010-02-23,33.390070337335
2010-02-24,34.128900156215
2010-02-25,33.725902073189
2010-02-26,33.60836096564
2010-03-01,33.826651593946
2010-03-02,34.002963255269
2010-03-03,34.137295949611
2010-03-04,34.641043553393
2010-03-05,36.017953670397
2010-03-08,36.135494777946
2010-03-09,35.933995736433
2010-03-10,35.975974703415
2010-03-11,35.975974703415
2010-03-12,36.37897278644
2010-03-15,36.479722307196
2010-03-16,36.916303563807
2010-03-17,37.680320762876
2010-03-18,37.629946002498
2010-03-19,37.092615225131
2010-03-22,37.268926886455
2010-03-23,37.520800688345
2010-03-24,37.512404894949
2010-03-25,37.529196481742
2010-03-26,36.907907770411
2010-03-29,37.361280613815
2010-03-30,38.007756705335
2010-03-31,38.083318845902
2010-04-01,38.763378111007
2010-04-05,38.822148664782
2010-04-06,38.612253829873
2010-04-07,38.024548292127
2010-04-08,38.629045416665
2010-04-09,38.754982317611
2010-04-12,39.225146747807
2010-04-13,39.955580773291
2010-04-14,40.576869484622
2010-04-15,40.484515757262
2010-04-16,39.560978483662
2010-04-19,40.022747120462
2010-04-20,40.677619005378
2010-04-21,40.610452658207
2010-04-22,40.786764319531
2010-04-23,41.18136660916
2010-04-26,40.727993765756
2010-04-27,37.722299729858
2010-04-28,39.015251912898
2010-04-29,40.383766236505
2010-04-30,38.922898185538
2010-05-03,39.880018632723
2010-05-04,38.553483276098
2010-05-05,38.360380027982
2010-05-06,36.817872986646
2010-05-07,35.856966960895
2010-05-10,38.478386031144
2010-05-11,38.925123043116
2010-05-12,39.043129046278
2010-05-13,38.141226022109
2010-05-14,36.573431980095
2010-05-17,36.396422975352
2010-05-18,34.904489935371
2010-05-19,34.761196931531
2010-05-20,32.460079869865
2010-05-21,34.061589912783
2010-05-24,32.881529881159
2010-05-25,32.40950586851
2010-05-26,32.637088874609
2010-05-27,34.508326924754
2010-05-28,33.538991898778
2010-06-01,32.69609187619
2010-06-02,33.968870910298
2010-06-03,33.918296908943
2010-06-04,32.375789867607
2010-06-07,31.634037847729
2010-06-08,32.131348861056
2010-06-09,31.937481855861
2010-06-10,32.932103882515
2010-06-11,33.26926389155
2010-06-14,33.277692891776
2010-06-15,34.179595915945
2010-06-16,34.339746920237
2010-06-17,33.65699790194
2010-06-18,33.513704898101
2010-06-21,33.505275897875
2010-06-22,32.965819883418
2010-06-23,32.578085873028
2010-06-24,31.827904852924
2010-06-25,32.443221869414
2010-06-28,32.072345859475
2010-06-29,30.335971812944
2010-06-30,30.453977816106
2010-07-01,30.20110780933
2010-07-02,30.496122817235
2010-07-06,30.740563823786
2010-07-07,32.148206861508
2010-07-08,32.215638863315
2010-07-09,32.873100880934
2010-07-12,32.544369872124
2010-07-13,33.361982894035
2010-07-14,33.227118890421
2010-07-15,33.041680885451
2010-07-16,31.650895848181
2010-07-19,31.777330851569
2010-07-20,32.350502866929
2010-07-21,31.44859984276
2010-07-22,32.729807877094
2010-07-23,32.578085873028
2010-07-26,32.45165086964
2010-07-27,32.653946875061
2010-07-28,32.26621286467
2010-07-29,36.227842970834
2010-07-30,35.730531957507
2010-08-02,36.758869985064
2010-08-03,36.09297896722
2010-08-04,36.590289980547
2010-08-05,36.734179624236
2010-08-06,36.353295273294
2010-08-09,37.174312651992
2010-08-10,37.42823555262
2010-08-11,36.43793624017
2010-08-12,36.200941532917
2010-08-13,35.718488021723
2010-08-16,36.006267309102
2010-08-17,37.682158453249
2010-08-18,37.851440387001
2010-08-19,36.776500107674
2010-08-20,36.505649013671
2010-08-23,36.573361787172
2010-08-24,35.710023925035
2010-08-25,36.023195502477
2010-08-26,35.710023925035
2010-08-27,36.996566621552
2010-08-30,36.590289980547
2010-08-31,36.886533364613
2010-09-01,38.723242345825
2010-09-02,39.078734406705
2010-09-03,39.967464558904
2010-09-07,39.30726501727
2010-09-08,39.772790335089
2010-09-09,39.975928655592
2010-09-10,39.959000462216
2010-09-13,40.79694603429
2010-09-14,40.449918070098
2010-09-15,40.128282395969
2010-09-16,40.085961912531
2010-09-17,40.306028426409
2010-09-20,40.949299774667
2010-09-21,40.568415423725
2010-09-22,39.374977790771
2010-09-23,38.807883312701
2010-09-24,39.984392752279
2010-09-27,39.84050310859
2010-09-28,40.365277103222
2010-09-29,40.559951327037
2010-09-30,40.060569622468
2010-10-01,40.424525780035
2010-10-04,40.517630843599
2010-10-05,41.880350410304
2010-10-06,42.455908985062
2010-10-07,42.32048343806
2010-10-08,42.261234761247
2010-10-11,42.066560537432
2010-10-12,42.28662705131
2010-10-13,42.430516694999
2010-10-14,42.523621758563
2010-10-15,42.261234761247
2010-10-18,43.505456974326
2010-10-19,42.870649722755
2010-10-20,43.378495524012
2010-10-21,43.4546723942
2010-10-22,43.183821300197
2010-10-25,43.327710943886
2010-10-26,42.802936949254
2010-10-27,43.039931656507
2010-10-28,45.223668601911
2010-10-29,43.750915778267
2010-11-01,43.488528780951
2010-11-02,44.258761579523
2010-11-03,44.174120612647
2010-11-04,45.629945242917
2010-11-05,46.725471566448
2010-11-08,46.241401795585
2010-11-09,45.417633939906
2010-11-10,45.935673519251
2010-11-11,45.612960338676
2010-11-12,44.950549073284
2010-11-15,44.670298153311
2010-11-16,43.922962366716
2010-11-17,43.719143515826
2010-11-18,44.661805701191
2010-11-19,44.508941563024
2010-11-22,44.143766121846
2010-11-23,43.557786925539
2010-11-24,44.330600068495
2010-11-26,43.999394435799
2010-11-29,44.610850988468
2010-11-30,44.024871792161
2010-12-01,44.993011333886
2010-12-02,45.612960338676
2010-12-03,45.978135779853
2010-12-06,45.842256545927
2010-12-07,46.436728194355
2010-12-08,47.005722486422
2010-12-09,47.455822448803
2010-12-10,47.277480954274
2010-12-13,47.447329996682
2010-12-14,46.810396087652
2010-12-15,46.784918731291
2010-12-16,47.336928119117
2010-12-17,46.878335704616
2010-12-20,46.623562141003
2010-12-21,48.925016665632
2010-12-22,49.222252489846
2010-12-23,49.026926091077
2010-12-27,49.035418543197
2010-12-28,49.052403447438
2010-12-29,49.230744941967
2010-12-30,48.975971378355
2010-12-31,48.87406195291
2011-01-03,50.394210882462
2011-01-04,50.054512797646
2011-01-05,50.861295749084
2011-01-06,51.022652339371
2011-01-07,51.175516477539
2011-01-10,50.963205174529
2011-01-11,51.685063604763
2011-01-12,51.888882455652
2011-01-13,51.404812684789
2011-01-14,51.702048509004
2011-01-18,51.803957934448
2011-01-19,50.878280653325
2011-01-20,50.631999541833
2011-01-21,51.260440998743
2011-01-24,51.803957934448
2011-01-25,51.897374907773
2011-01-26,51.863405099291
2011-01-27,53.069333300388
2011-01-28,51.217978738141
2011-01-31,52.355967322274
2011-02-01,53.434508741565
2011-02-02,53.052348396147
2011-02-03,49.409086436495
2011-02-04,49.324161915291
2011-02-07,49.850693946756
2011-02-08,51.073607052094
2011-02-09,52.135163567144
2011-02-10,52.71434852427
2011-02-11,54.400798840606
2011-02-14,54.758530725889
2011-02-15,54.000479826122
2011-02-16,54.81815270677
2011-02-17,54.758530725889
2011-02-18,55.133297462853
2011-02-22,53.77050932844
2011-02-23,53.923822993561
2011-02-24,53.915305567721
2011-02-25,54.102688936203
2011-02-28,53.932340419401
2011-03-01,53.438329720677
2011-03-02,52.637691691709
2011-03-03,54.511525376527
2011-03-04,53.889753290201
2011-03-07,53.395742591476
2011-03-08,54.077136658683
2011-03-09,52.986906151152
2011-03-10,52.552517433308
2011-03-11,52.961353873632
2011-03-14,52.433273471547
2011-03-15,51.061967911294
2011-03-16,49.937667700403
2011-03-17,50.959758801213
2011-03-18,52.143680992984
2011-03-21,52.109611289624
2011-03-22,50.67868374849
2011-03-23,50.883101968652
2011-03-24,51.326008112336
2011-03-25,51.837053662741
2011-03-28,51.905193069462
2011-03-29,52.126646141304
2011-03-30,52.296994658106
2011-03-31,52.024437031223
2011-04-01,53.216876648834
2011-04-04,53.336120610596
2011-04-05,52.825075060191
2011-04-06,52.399203768187
2011-04-07,53.719404773399
2011-04-08,53.600160811638
2011-04-11,53.157254667954
2011-04-12,52.850627337711
2011-04-13,52.671761395069
2011-04-14,52.314029509786
2011-04-15,52.475860600747
2011-04-18,52.245890103065
2011-04-19,52.135163567144
2011-04-20,53.063562983713
2011-04-21,54.102688936203
2011-04-25,53.336120610596
2011-04-26,51.854088514421
2011-04-27,51.990367327863
2011-04-28,52.952836447792
2011-04-29,52.859144763551
2011-05-02,52.578069710828
2011-05-03,52.561034859148
2011-05-04,51.71780970098
2011-05-05,51.350167806924
2011-05-06,52.324846316746
2011-05-09,52.940432744002
2011-05-10,53.889461819355
2011-05-11,53.444871621892
2011-05-12,54.171605598514
2011-05-13,53.350823695506
2011-05-16,52.98318180145
2011-05-17,52.581340661436
2011-05-18,53.769764458499
2011-05-19,54.231454278941
2011-05-20,53.154178031244
2011-05-23,52.162399898442
2011-05-24,51.70925988949
2011-05-25,51.837507061835
2011-05-26,51.615211963104
2011-05-27,51.615211963104
2011-05-31,52.350495751215
2011-06-01,50.289991182206
2011-06-02,50.43533797753
2011-06-03,49.785552304316
2011-06-06,48.66552699917
2011-06-07,48.255136047666
2011-06-08,47.656649243389
2011-06-09,48.981870024287
2011-06-10,47.913143588079
2011-06-13,47.88749415361
2011-06-14,48.716825868108
2011-06-15,47.673748866369
2011-06-16,47.861844719141
2011-06-17,48.443231900438
2011-06-20,48.349183974052
2011-06-21,49.024619081736
2011-06-22,47.972992268507
2011-06-23,47.990091891486
2011-06-24,47.365955652741
2011-06-27,47.716497923817
2011-06-28,47.981542079997
2011-06-29,48.896371909391
2011-06-30,49.315312672384
2011-07-01,49.92234928815
2011-07-05,49.135766631101
2011-07-06,50.024947026026
2011-07-07,50.631983641793
2011-07-08,49.708604000909
2011-07-11,46.989763947196
2011-07-12,47.588250751472
2011-07-13,47.767796792755
2011-07-14,46.810217905913
2011-07-15,46.211731101636
2011-07-18,45.442248067566
2011-07-19,45.664543166298
2011-07-20,46.211731101636
2011-07-21,47.289007349334
2011-07-22,47.348856029761
2011-07-25,46.254480159084
2011-07-26,46.288679405043
2011-07-27,44.091377852199
2011-07-28,45.980886191415
2011-07-29,46.254480159084
2011-08-01,45.048956739042
2011-08-02,43.612588408778
2011-08-03,43.441592178985
2011-08-04,41.157000735804
2011-08-05,40.521437702738
2011-08-08,35.505642955303
2011-08-09,38.245434949193
2011-08-10,35.376812610763
2011-08-11,38.004951639385
2011-08-12,37.970596880841
2011-08-15,38.906764051167
2011-08-16,38.752167637718
2011-08-17,37.8417665363
2011-08-18,35.18786143877
2011-08-19,33.530244339019
2011-08-22,33.994033579364
2011-08-23,36.519108332353
2011-08-24,37.068784469059
2011-08-25,36.235681574365
2011-08-26,37.317856468503
2011-08-29,39.112892602431
2011-08-30,38.614748603542
2011-08-31,39.250311636607
2011-09-01,37.764468329576
2011-09-02,36.390277987813
2011-09-06,35.617295920571
2011-09-07,37.652815364308
2011-09-08,36.819712469614
2011-09-09,35.840601851108
2011-09-12,36.089673850552
2011-09-13,36.862655917794
2011-09-14,37.618460605764
2011-09-15,38.623337293178
2011-09-16,38.709224189538
2011-09-19,37.618460605764
2011-09-20,37.386565985591
2011-09-21,35.789069713292
2011-09-22,34.2173395099
2011-09-23,34.157218682448
2011-09-26,35.299514404039
2011-09-27,35.505642955303
2011-09-28,34.346169854441
2011-09-29,35.308103093675
2011-09-30,33.805082407371
2011-10-03,32.070167100895
2011-10-04,32.791617030321
2011-10-05,33.538833028655
2011-10-06,34.964555508234
2011-10-07,33.547421718291
2011-10-10,35.282337024767
2011-10-11,35.591529851663
2011-10-12,36.862655917794
2011-10-13,35.694594127296
2011-10-14,36.82830115925
2011-10-17,35.153506680226
2011-10-18,36.665116056166
2011-10-19,35.127740611318
2011-10-20,35.8148357822
2011-10-21,37.326445158139
2011-10-24,38.391442673006
2011-10-25,36.11543991946
2011-10-26,36.811123779978
2011-10-27,42.39377204339
2011-10-28,41.861273285957
2011-10-31,40.092003220937
2011-11-01,37.867532605208
2011-11-02,38.984062257891
2011-11-03,40.417045945847
2011-11-04,39.933629761958
2011-11-07,40.512002696254
2011-11-08,41.746440451541
2011-11-09,39.148078463139
2011-11-10,39.363889259518
2011-11-11,40.762343220053
2011-11-14,40.382516218426
2011-11-15,40.468840536978
2011-11-16,39.148078463139
2011-11-17,38.12945150423
2011-11-18,38.163981231651
2011-11-21,37.188516432018
2011-11-22,36.886381317088
2011-11-23,35.660575993655
2011-11-25,35.833224630758
2011-11-28,37.145354272742
2011-11-29,37.015867794915
2011-11-30,39.631494647028
2011-12-01,39.260300077256
2011-12-02,39.691921670014
2011-12-05,40.546532423674
2011-12-06,40.520635128109
2011-12-07,41.616953973714
2011-12-08,39.346624395807
2011-12-09,40.658754037791
2011-12-12,39.424316282504
2011-12-13,38.906370371194
2011-12-14,38.802781188933
2011-12-15,38.992694689746
2011-12-16,40.183970285758
2011-12-19,40.03721894422
2011-12-20,42.298916090271
2011-12-21,42.635580932622
2011-12-22,43.205321435063
2011-12-23,43.688737618952
2011-12-27,43.188056571353
2011-12-28,42.704640387464
2011-12-29,43.628310595966
2011-12-30,42.851391729001
2012-01-03,44.413861894785
2012-01-04,43.861386256055
2012-01-05,44.232580825827
2012-01-06,44.103094347999
2012-01-09,44.111726779854
2012-01-10,44.802321328267
2012-01-11,44.67283485044
2012-01-12,44.810953760122
2012-01-13,44.370699735509
2012-01-17,44.534715940757
2012-01-18,45.320267239576
2012-01-19,46.31299690292
2012-01-20,47.202137384001
2012-01-23,47.262564406987
2012-01-24,46.813677950519
2012-01-25,46.856840109794
2012-01-26,47.202137384001
2012-01-27,46.33026176663
2012-01-30,45.993596924279
2012-01-31,46.226672584368
2012-02-01,47.288461702552
2012-02-02,43.490191686283
2012-02-03,46.31299690292
2012-02-06,46.90000226907
2012-02-07,47.409315748524
2012-02-08,47.392050884814
2012-02-09,46.940863289426
2012-02-10,47.018953450166
2012-02-13,47.756471634935
2012-02-14,47.999418801683
2012-02-15,47.600291313455
2012-02-16,48.337809498224
2012-02-17,49.05797431394
2012-02-21,48.754290355505
2012-02-22,48.450606397071
2012-02-23,49.023267575833
2012-02-24,48.945177415093
2012-02-27,48.762967040032
2012-02-28,48.745613670979
2012-02-29,48.381192920858
2012-03-01,48.736936986452
2012-03-02,48.450606397071
2012-03-05,48.19030586127
2012-03-06,47.001600081113
2012-03-07,47.331314093127
2012-03-08,47.999418801683
2012-03-09,48.658846825712
2012-03-12,48.459283081598
2012-03-13,49.97770287377
2012-03-14,49.240184689
2012-03-15,50.342123623891
2012-03-16,50.08182308809
2012-03-19,50.402860415578
2012-03-20,49.691372284389
2012-03-21,49.795492498709
2012-03-22,49.014590891306
2012-03-23,49.543868647435
2012-03-26,50.541687368005
2012-03-27,50.064469719037
2012-03-28,50.168589933357
2012-03-29,48.962530784146
2012-03-30,49.569898701015
2012-04-02,50.116529826197
2012-04-03,49.422395064061
2012-04-04,48.650170141185
2012-04-05,48.181629176744
2012-04-09,47.253223932387
2012-04-10,46.177315051077
2012-04-11,46.723946176259
2012-04-12,47.487494414608
2012-04-13,46.099224890336
2012-04-16,46.541735801198
2012-04-17,47.869268533782
2012-04-18,46.819389706052
2012-04-19,46.472322324984
2012-04-20,46.376878795191
2012-04-23,45.847601039062
2012-04-24,45.509210342521
2012-04-25,46.507029063091
2012-04-26,47.071013557326
2012-04-27,46.923509920373
2012-04-30,47.03630681922
2012-05-01,47.079690241853
2012-05-02,46.645856015518
2012-05-03,46.113109859939
2012-05-04,45.414426377213
2012-05-07,45.475561181952
2012-05-08,44.986482744043
2012-05-09,44.191730282442
2012-05-10,44.348934066055
2012-05-11,44.078194216499
2012-05-14,43.370777190239
2012-05-15,42.951567100603
2012-05-16,41.79000581057
2012-05-17,41.222325480855
2012-05-18,40.532375541663
2012-05-21,41.484331786877
2012-05-22,41.31839445973
2012-05-23,41.327128003264
2012-05-24,41.833673528241
2012-05-25,41.728871005832
2012-05-29,42.270350704945
2012-05-30,41.851140615309
2012-05-31,41.851140615309
2012-06-01,40.008362929618
2012-06-04,39.702688905925
2012-06-05,40.672112238208
2012-06-06,42.244150074342
2012-06-07,42.148081095467
2012-06-08,42.383886770888
2012-06-11,41.545466591616
2012-06-12,42.209215900206
2012-06-13,41.257259654991
2012-06-14,41.851140615309
2012-06-15,43.449379082045
2012-06-18,43.362043646704
2012-06-19,44.279065717783
2012-06-20,44.663341633282
2012-06-21,43.344576559636
2012-06-22,44.383868240192
2012-06-25,43.178639232489
2012-06-26,43.484313256182
2012-06-27,44.279065717783
2012-06-28,44.366401153124
2012-06-29,45.641498509099
2012-07-02,45.405692833679
2012-07-03,45.711366857372
2012-07-05,44.916614395771
2012-07-06,44.506137849669
2012-07-09,44.008325868226
2012-07-10,43.868589171681
2012-07-11,44.060727129431
2012-07-12,43.327109472568
2012-07-13,44.63714100268
2012-07-16,44.174263195374
2012-07-17,44.768144155691
2012-07-18,45.545429530224
2012-07-19,45.335824485406
2012-07-20,43.92972397642
2012-07-23,42.934100013535
2012-07-24,42.331485509683
2012-07-25,41.903541876513
2012-07-26,44.331466978987
2012-07-27,45.877304184519
2012-07-30,45.615297878497
2012-07-31,45.169887158259
2012-08-01,45.126219440588
2012-08-02,44.677771040068
2012-08-03,46.278116312513
2012-08-06,46.497943959827
2012-08-07,47.702599467107
2012-08-08,47.922427114421
2012-08-09,47.808116737818
2012-08-10,47.922427114421
2012-08-13,47.764151208355
2012-08-14,47.78173742014
2012-08-15,47.825702949603
2012-08-16,48.309323773693
2012-08-17,48.625875585825
2012-08-20,48.362082409048
2012-08-21,48.247772032445
2012-08-22,48.203806502982
2012-08-23,47.834496055495
2012-08-24,48.520358315114
2012-08-27,47.614668408181
2012-08-28,47.896047796743
2012-08-29,47.878461584958
2012-08-30,47.966392643884
2012-08-31,48.282944456015
2012-09-04,48.019151279239
2012-09-05,47.81690984371
2012-09-06,49.250186104196
2012-09-07,49.654668975254
2012-09-10,49.135875727593
2012-09-11,49.373289586692
2012-09-12,49.821737987212
2012-09-13,51.105531447525
2012-09-14,52.055186883921
2012-09-17,51.298979777162
2012-09-18,51.167083188773
2012-09-19,50.832945164856
2012-09-20,50.516393352724
2012-09-21,50.648289941113
2012-09-24,50.481220929154
2012-09-25,49.162255045271
2012-09-26,49.311737845444
2012-09-27,50.067944952204
2012-09-28,49.84811730489
2012-10-01,49.839324198998
2012-10-02,49.619496551684
2012-10-03,49.663462081146
2012-10-04,50.797772741286
2012-10-05,50.850531376641
2012-10-08,50.727427894146
2012-10-09,50.384496764336
2012-10-10,49.927255257923
2012-10-11,49.971220787386
2012-10-12,49.206220574734
2012-10-15,49.408462010262
2012-10-16,50.903290011997
2012-10-17,51.870531660178
2012-10-18,51.80897991893
2012-10-19,50.824152058964
2012-10-22,51.237428035914
2012-10-23,50.22622085827
2012-10-24,50.182255328807
2012-10-25,51.87932476607
2012-10-26,52.143117942847
2012-10-31,51.325359094839
2012-11-01,52.872945731929
2012-11-02,53.262759674993
2012-11-05,53.262759674993
2012-11-06,53.55512013229
2012-11-07,51.916129689863
2012-11-08,51.393424629846
2012-11-09,51.428862261033
2012-11-12,51.730082126128
2012-11-13,51.871832650879
2012-11-14,51.012470094579
2012-11-15,51.43772166883
2012-11-16,51.721222718331
2012-11-19,52.92610217871
2012-11-20,52.952680402101
2012-11-21,53.307056713977
2012-11-23,54.04238756112
2012-11-26,53.599417171275
2012-11-27,53.289337898383
2012-11-28,53.767745919416
2012-11-29,54.449920319778
2012-11-30,53.750027103822
2012-12-03,54.130981639089
2012-12-04,53.696870657041
2012-12-05,54.148700454683
2012-12-06,54.733421369279
2012-12-07,55.238407613702
2012-12-10,54.29931038723
2012-12-11,54.494217358762
2012-12-12,54.839734262842
2012-12-13,54.379045057403
2012-12-14,54.237294532652
2012-12-17,55.362439322859
2012-12-18,56.27495832594
2012-12-19,55.734534450329
2012-12-20,56.266098918143
2012-12-21,55.521908663203
2012-12-24,55.716815634735
2012-12-26,55.344720507265
2012-12-27,55.433314585234
2012-12-28,55.096657088952
2012-12-31,55.486471032016
2013-01-02,57.834214098196
2013-01-03,57.73676061243
2013-01-04,58.427794420588
2013-01-07,57.807635874805
2013-01-08,56.682491084598
2013-01-09,56.939413910708
2013-01-10,57.586150679882
2013-01-11,57.648166534461
2013-01-14,57.851932913789
2013-01-15,57.479837786319
2013-01-16,56.921695095114
2013-01-17,57.940526991758
2013-01-18,58.383497381604
2013-01-22,58.941640072809
2013-01-23,58.85304599484
2013-01-24,59.2517193457
2013-01-25,59.694689735546
2013-01-28,59.171984675528
2013-01-29,59.703549143343
2013-01-30,59.234000530107
2013-01-31,58.755592509074
2013-02-01,59.490923356217
2013-02-04,57.860792321586
2013-02-05,58.720154877886
2013-02-06,59.012515335184
2013-02-07,58.985937111793
2013-02-08,59.307046099548
2013-02-11,59.307046099548
2013-02-12,60.199015509979
2013-02-13,60.555803274152
2013-02-14,61.581568096147
2013-02-15,61.340736355331
2013-02-19,61.572648402043
2013-02-20,60.609321438777
2013-02-21,59.984942851476
2013-02-22,60.591482050569
2013-02-25,59.092973441045
2013-02-26,59.423002122904
2013-02-27,60.752036544446
2013-02-28,61.21586063787
2013-03-01,60.725277462133
2013-03-04,61.429933296374
2013-03-05,62.678690470977
2013-03-06,62.89276312948
2013-03-07,63.09791609388
2013-03-08,64.302074797961
2013-03-11,64.409111127213
2013-03-12,64.150439998188
2013-03-13,65.425956255104
2013-03-14,66.416042300682
2013-03-15,66.300086277326
2013-03-18,66.157371171657
2013-03-19,65.978977289571
2013-03-20,66.790669453063
2013-03-21,65.684627384129
2013-03-22,65.693547078233
2013-03-25,65.532992584356
2013-03-26,65.729225854651
2013-03-27,65.158365431975
2013-03-28,65.693547078233
2013-04-01,64.997810938097
2013-04-02,65.497313807939
2013-04-03,64.052323363041
2013-04-04,64.221797551022
2013-04-05,63.757973457598
2013-04-08,64.516147456465
2013-04-09,64.944292773471
2013-04-10,66.424961994787
2013-04-11,67.147457217236
2013-04-12,66.656874041499
2013-04-15,64.159359692292
2013-04-16,65.238642678914
2013-04-17,63.597418963721
2013-04-18,62.081070965988
2013-04-19,64.3823520449
2013-04-22,64.560745926986
2013-04-23,65.684627384129
2013-04-24,64.801577667802
2013-04-25,65.987896983676
2013-04-26,65.54191227846
2013-04-29,66.166290865762
2013-04-30,66.478480159413
2013-05-01,65.078088185036
2013-05-02,66.077093924719
2013-05-03,68.089229465656
2013-05-06,68.843780293508
2013-05-07,69.481555398001
2013-05-08,69.158176471779
2013-05-09,68.753952814002
2013-05-10,70.245088973804
2013-05-13,71.008622549606
2013-05-14,72.634499928667
2013-05-15,73.245326789309
2013-05-16,72.275190010642
2013-05-17,73.380068008568
2013-05-20,73.398033504469
2013-05-21,73.236344041358
2013-05-22,72.589586188914
2013-05-23,72.212310774988
2013-05-24,72.041638563926
2013-05-28,74.125636088469
2013-05-29,73.766326170444
2013-05-30,75.401186297456
2013-05-31,73.227361293408
2013-06-03,72.787206643827
2013-06-04,73.820222658148
2013-06-05,71.619449410248
2013-06-06,72.778223895877
2013-06-07,74.619687225753
2013-06-10,74.682566461407
2013-06-11,74.125636088469
2013-06-12,72.859068627432
2013-06-13,74.547825242148
2013-06-14,73.532774723728
2013-06-17,74.233429063876
2013-06-18,74.907135160172
2013-06-19,73.236344041358
2013-06-20,71.017605297556
2013-06-21,71.107432777063
2013-06-24,69.571382877508
2013-06-25,71.197260256569
2013-06-26,72.158414287284
2013-06-27,73.380068008568
2013-06-28,72.652465424568
2013-07-01,73.155499309803
2013-07-02,73.496843731926
2013-07-03,72.868051375383
2013-07-05,74.646635469605
2013-07-08,75.077807371234
2013-07-09,76.281495596616
2013-07-10,75.958116670394
2013-07-11,77.664838781011
2013-07-12,77.79059725232
2013-07-15,77.548063057653
2013-07-16,76.712667498246
2013-07-17,77.06299466832
2013-07-18,78.006183203134
2013-07-19,77.530097561752
2013-07-22,78.473286096566
2013-07-23,77.853476487974
2013-07-24,77.467218326098
2013-07-25,78.688872047381
2013-07-26,79.209871428517
2013-07-29,78.697854795332
2013-07-30,79.919508516615
2013-07-31,79.946456760467
2013-08-01,82.192143748121
2013-08-02,82.399927800243
2013-08-05,82.345723264907
2013-08-06,81.180325755178
2013-08-07,80.891234900052
2013-08-08,81.234530290514
2013-08-09,81.379075718078
2013-08-12,80.68345084793
2013-08-13,81.550723413309
2013-08-14,81.035780327615
2013-08-15,79.319303375302
2013-08-16,79.707769211878
2013-08-19,78.77725802194
2013-08-20,79.527087427424
2013-08-21,79.003110252508
2013-08-22,80.430496349694
2013-08-23,80.430496349694
2013-08-26,79.771007836437
2013-08-27,77.178224229522
2013-08-28,77.819644564334
2013-08-29,78.695951218936
2013-08-30,77.828678653557
2013-09-03,78.668848951268
2013-09-04,79.039246609398
2013-09-05,79.310269286079
2013-09-06,79.129587501625
2013-09-09,80.313053189799
2013-09-10,81.95725742833
2013-09-11,82.174075569675
2013-09-12,81.659132483981
2013-09-13,82.029530142112
2013-09-16,83.619529845307
2013-09-17,84.315154715455
2013-09-18,84.884302336485
2013-09-19,84.396461518459
2013-09-20,83.312370811735
2013-09-23,82.526405049361
2013-09-24,82.210211926566
2013-09-25,82.354757354129
2013-09-26,82.743223190705
2013-09-27,82.598677763142
2013-09-30,82.282484640348
2013-10-01,83.276234454845
2013-10-02,83.258166276399
2013-10-03,82.716120923037
2013-10-04,83.917654789656
2013-10-07,83.014245867386
2013-10-08,81.171291665956
2013-10-09,81.731405197763
2013-10-10,84.3332228939
2013-10-11,85.191461370057
2013-10-14,85.408279511402
2013-10-15,84.622313749027
2013-10-16,87.151858731383
2013-10-17,88.651517542351
2013-10-18,90.115039996428
2013-10-21,89.509756018507
2013-10-22,90.124074085651
2013-10-23,89.202596984935
2013-10-24,89.916290033529
2013-10-25,89.943392301197
2013-10-28,89.356176501721
2013-10-29,89.789812784411
2013-10-30,91.054585275589
2013-10-31,90.828733045021
2013-11-01,91.298505684602
2013-11-04,91.46111929061
2013-11-05,91.488221558278
2013-11-06,92.337425945212
2013-11-07,91.199130703152
2013-11-08,93.641883482117
2013-11-11,94.295705787268
2013-11-12,93.414861848385
2013-11-13,94.586293478446
2013-11-14,95.548865205473
2013-11-15,95.775886839206
2013-11-18,95.576107801521
2013-11-19,95.530703474774
2013-11-20,95.775886839206
2013-11-21,96.974561065315
2013-11-22,97.691949427911
2013-11-25,97.619302505116
2013-11-26,98.345771733062
2013-11-27,98.554631636096
2013-11-29,98.300367406315
2013-12-02,98.282205675616
2013-12-03,97.074450584158
2013-12-04,97.174340103
2013-12-05,96.466032605754
2013-12-06,98.972351442164
2013-12-09,98.972351442164
2013-12-10,98.23680134887
2013-12-11,96.620407316692
2013-12-12,96.729377700884
2013-12-13,96.874671546473
2013-12-16,98.981432307513
2013-12-17,98.600035962842
2013-12-18,101.54223633602
2013-12-19,100.65231153179
2013-12-20,101.53315547067
2013-12-23,102.67734450468
2013-12-24,102.50480806305
2013-12-26,103.34932854053
2013-12-27,103.46737979007
2013-12-30,103.14954950285
2013-12-31,104.47535584385
2014-01-02,103.41289459798
2014-01-03,103.43105632868
2014-01-06,103.1586303682
2014-01-07,104.03947430708
2014-01-08,105.15642074505
2014-01-09,104.89307564992
2014-01-10,104.4844367092
2014-01-13,102.77723402353
2014-01-14,103.71256315451
2014-01-15,103.84877613475
2014-01-16,103.21311556029
2014-01-17,102.94977046516
2014-01-21,103.64899709706
2014-01-22,104.22109161407
2014-01-23,101.01554614576
2014-01-24,96.974561065315
2014-01-27,95.276439244994
2014-01-28,96.747539431582
2014-01-29,95.367247898487
2014-01-30,96.64764991274
2014-01-31,95.930261550144
2014-02-03,92.143540699481
2014-02-04,94.023279826788
2014-02-05,93.923390307946
2014-02-06,95.930261550144
2014-02-07,97.719192023959
2014-02-10,96.166364049226
2014-02-11,97.355957409986
2014-02-12,97.619302505116
2014-02-13,97.938677676894
2014-02-14,97.719677559104
2014-02-18,98.540928000818
2014-02-19,97.327302348062
2014-02-20,96.907552122297
2014-02-21,97.464177421682
2014-02-24,98.805553143148
2014-02-25,97.975177696526
2014-02-26,97.290802328431
2014-02-27,99.124928314926
2014-02-28,99.453428491612
2014-03-03,98.321927883028
2014-03-04,100.63055412474
2014-03-05,100.23817891369
2014-03-06,101.14155439958
2014-03-07,102.79318028792
2014-03-10,102.24567999344
2014-03-11,101.21455443884
2014-03-12,101.19630442903
2014-03-13,99.608553575047
2014-03-14,98.778178128425
2014-03-17,99.426053476888
2014-03-18,99.736303643758
2014-03-19,99.207053359098
2014-03-20,101.94455483148
2014-03-21,101.99930486093
2014-03-24,101.03205434069
2014-03-25,100.22905390879
2014-03-26,99.298303408177
2014-03-27,97.655802524748
2014-03-28,99.289178403269
2014-03-31,100.43892902167
2014-04-01,102.07230490019
2014-04-02,103.54143069037
2014-04-03,103.35893059221
2014-04-04,101.67080468424
2014-04-07,98.175927804501
2014-04-08,98.075552750513
2014-04-09,99.690678619218
2014-04-10,95.849051552977
2014-04-11,92.837799933357
2014-04-14,92.992925016792
2014-04-15,94.316050728443
2014-04-16,95.65742644991
2014-04-17,96.752427038862
2014-04-21,96.825427078126
2014-04-22,97.445927411866
2014-04-23,97.126552240088
2014-04-24,96.58817695052
2014-04-25,94.471175811878
2014-04-28,94.452925802062
2014-04-29,99.964428766456
2014-04-30,101.86242978731
2014-05-01,101.83505477258
2014-05-02,102.51030513577
2014-05-05,102.34605504743
2014-05-06,100.9316792867
2014-05-07,102.34605504743
2014-05-08,102.12591655297
2014-05-09,102.02501974301
2014-05-12,103.39171289609
2014-05-13,102.63957304004
2014-05-14,101.32791451057
2014-05-15,99.273288562315
2014-05-16,99.860324547531
2014-05-19,100.61246440359
2014-05-20,99.429219995888
2014-05-21,101.02522408069
2014-05-22,101.41046644599
2014-05-23,101.74984662494
2014-05-27,102.19929605112
2014-05-28,101.97915755667
2014-05-29,103.48343726878
2014-05-30,103.29081608613
2014-06-02,104.51075024291
2014-06-03,105.22620034989
2014-06-04,105.58392540338
2014-06-05,106.20765113767
2014-06-06,108.2714495232
2014-06-09,108.02379371694
2014-06-10,107.91372446971
2014-06-11,107.1157224273
2014-06-12,106.23516844948
2014-06-13,106.44613450667
2014-06-16,106.16178895133
2014-06-17,107.24413654907
2014-06-18,108.4182085195
2014-06-19,108.05131102874
2014-06-20,109.28041762279
2014-06-23,109.50055611724
2014-06-24,108.69338163757
2014-06-25,109.37214199548
2014-06-26,109.28959006006
2014-06-27,109.89497091981
2014-06-30,110.06924722792
2014-07-01,111.47263013008
2014-07-02,111.08738776478
2014-07-03,112.28897704702
2014-07-07,111.90373468172
2014-07-08,111.07821532751
2014-07-09,111.13324995112
2014-07-10,110.31690303418
2014-07-11,111.04152557843
2014-07-14,111.69276862453
2014-07-15,112.17890779979
2014-07-16,112.09635586437
2014-07-17,110.72049027402
2014-07-18,112.06883855256
2014-07-21,111.59187181457
2014-07-22,112.57332260236
2014-07-23,112.48159822967
2014-07-24,112.38987385698
2014-07-25,112.15139048798
2014-07-28,111.44511281827
2014-07-29,110.83973195852
2014-07-30,113.23373808572
2014-07-31,109.70234973716
2014-08-01,109.2162105619
2014-08-04,109.2162105619
2014-08-05,107.67524110071
2014-08-06,107.7394481616
2014-08-07,107.39089554537
2014-08-08,109.28982468549
2014-08-11,109.57558586677
2014-08-12,109.70463930348
2014-08-13,110.57114094994
2014-08-14,110.96751936268
2014-08-15,110.82002972073
2014-08-18,112.04603736944
2014-08-19,112.37788906383
2014-08-20,113.31813553127
2014-08-21,113.82513117548
2014-08-22,113.55780619944
2014-08-25,115.31846380023
2014-08-26,116.22183785717
2014-08-27,116.13887493358
2014-08-28,115.41986292907
2014-08-29,115.92685857327
2014-09-02,117.76126099504
2014-09-03,116.15731113882
2014-09-04,115.78858703394
2014-09-05,116.5260352437
2014-09-08,116.43385421748
2014-09-09,114.96817590059
2014-09-10,115.77936893132
2014-09-11,115.12488364517
2014-09-12,115.07879313206
2014-09-15,114.07401994627
2014-09-16,115.00504831108
2014-09-17,116.6550886804
2014-09-18,117.59533514784
2014-09-19,116.74726970662
2014-09-22,115.00504831108
2014-09-23,114.18463717773
2014-09-24,115.42908103169
2014-09-25,113.32735363389
2014-09-26,114.43352594852
2014-09-29,113.91731220169
2014-09-30,113.73295014926
2014-10-01,110.29459787128
2014-10-02,110.54348664207
2014-10-03,112.31336234548
2014-10-06,112.35945285859
2014-10-07,109.75994791921
2014-10-08,111.18875382561
2014-10-09,107.89789118958
2014-10-10,105.5933655341
2014-10-13,103.03995110783
2014-10-14,103.05838731307
2014-10-15,100.7999521707
2014-10-16,101.27929350704
2014-10-17,103.51929244417
2014-10-20,104.59781045093
2014-10-21,107.45542226373
2014-10-22,105.77772758654
2014-10-23,107.400113648
2014-10-24,108.4509773469
2014-10-27,109.23451606976
2014-10-28,110.8937745417
2014-10-29,114.08323804889
2014-10-30,114.40587164066
2014-10-31,116.30480078077
2014-11-03,116.55368955156
2014-11-04,117.97327735534
2014-11-05,118.51714541003
2014-11-06,119.34677464601
2014-11-07,119.49492798562
2014-11-10,120.52274177922
2014-11-11,120.70793345375
2014-11-12,120.63385678394
2014-11-13,120.40236719078
2014-11-14,119.80049424859
2014-11-17,119.42085131581
2014-11-18,120.66163553512
2014-11-19,120.38384802333
2014-11-20,120.80052929101
2014-11-21,121.64315141008
2014-11-24,122.38391810817
2014-11-25,122.38391810817
2014-11-26,122.40243727563
2014-11-28,122.01353475913
2014-12-01,121.00424013298
2014-12-02,122.80985895958
2014-12-03,123.55988524139
2014-12-04,123.70803858101
2014-12-05,125.14327405856
2014-12-08,125.80996408684
2014-12-09,125.43032115407
2014-12-10,123.73581733219
2014-12-11,123.97656650907
2014-12-12,118.26340335005
2014-12-15,117.08743621683
2014-12-16,115.59664323693
2014-12-17,119.6986388276
2014-12-18,124.37472860929
2014-12-19,124.38398819302
2014-12-22,124.81918862814
2014-12-23,126.63406703846
2014-12-24,125.68032991467
2014-12-26,125.25438906327
2014-12-29,125.29142739818
2014-12-30,124.26361360458
2014-12-31,122.45799477798
2015-01-02,122.30984143837
2015-01-05,118.38377793849
2015-01-06,115.1984811367
2015-01-07,117.24484914018
2015-01-08,119.32825547855
2015-01-09,118.22636501514
2015-01-12,117.02261913075
2015-01-13,117.87450083355
2015-01-14,115.71701782537
2015-01-15,113.76324565915
2015-01-16,115.42997072986
2015-01-20,115.89294991616
2015-01-21,116.98558079584
2015-01-22,120.58755886531
2015-01-23,119.89309008585
2015-01-26,121.09683597024
2015-01-27,119.45788965072
2015-01-28,117.03187871447
2015-01-29,118.76342087126
2015-01-30,115.68923907419
2015-02-02,119.22640005757
2015-02-03,122.70800353859
2015-02-04,122.11539018012
2015-02-05,123.2080210598
2015-02-06,125.35634932556
2015-02-09,125.26334810193
2015-02-10,126.6397662116
2015-02-11,126.70486706814
2015-02-12,127.94178334237
2015-02-13,128.16498627907
2015-02-17,127.90458285291
2015-02-18,126.35146241836
2015-02-19,126.342162296
2015-02-20,126.66766657869
2015-02-23,125.32844895847
2015-02-24,125.99805776858
2015-02-25,125.84925581078
2015-02-26,125.8678560555
2015-02-27,124.2775351315
2015-03-02,125.45865067155
2015-03-03,125.05874540996
2015-03-04,124.26823500914
2015-03-05,125.00294467578
2015-03-06,123.67302717793
2015-03-09,124.75184137199
2015-03-10,121.12479365058
2015-03-11,121.48749842272
2015-03-12,125.03084504287
2015-03-13,124.02643182771
2015-03-16,126.23056082765
2015-03-17,125.44005042682
2015-03-18,125.89575642259
2015-03-19,124.00783158298
2015-03-20,126.6397662116
2015-03-23,125.54235177281
2015-03-24,123.77532852392
2015-03-25,121.37589695437
2015-03-26,121.13409377294
2015-03-27,120.01807908943
2015-03-30,121.85020319486
2015-03-31,121.68280099233
2015-04-01,121.32939634255
2015-04-02,121.07829303876
2015-04-06,120.3714837392
2015-04-07,119.19036819915
2015-04-08,119.71117505146
2015-04-09,116.51193295872
2015-04-10,115.81442378153
2015-04-13,117.76744947767
2015-04-14,119.29266954514
2015-04-15,119.89717749871
2015-04-16,121.61770013579
2015-04-17,120.1482808025
2015-04-20,121.41309744382
2015-04-21,121.20849475184
2015-04-22,122.40821053661
2015-04-23,118.26965608526
2015-04-24,118.80906318229
2015-04-27,117.82325021185
2015-04-28,118.24175571817
2015-04-29,118.56726000086
2015-04-30,117.13504115702
2015-05-01,117.25658933191
2015-05-04,117.79888118912
2015-05-05,116.51795042295
2015-05-06,115.46141628736
2015-05-07,116.46185126531
2015-05-08,118.13547613497
2015-05-11,117.26593919152
2015-05-12,116.62079887863
2015-05-13,118.27572402908
2015-05-14,119.95869875834
2015-05-15,119.67820297013
2015-05-18,120.58513935202
2015-05-19,120.58513935202
2015-05-20,120.10829651206
2015-05-21,119.94934889874
2015-05-22,119.93064917952
2015-05-26,118.56556967689
2015-05-27,118.63101869414
2015-05-28,118.75256686904
2015-05-29,116.48990084413
2015-06-01,116.48990084413
2015-06-02,117.88302992558
2015-06-03,119.07981195528
2015-06-04,117.18179045505
2015-06-05,118.37857248475
2015-06-08,117.92977922362
2015-06-09,118.11677641576
2015-06-10,121.41727685704
2015-06-11,121.20223008608
2015-06-12,119.98674833717
2015-06-15,119.57535451446
2015-06-16,120.11764637166
2015-06-17,120.00544805638
2015-06-18,121.06198219198
2015-06-19,119.52860521642
2015-06-22,120.94043401708
2015-06-23,121.32377826097
2015-06-24,120.0334976352
2015-06-25,119.54730493563
2015-06-26,120.07089707363
2015-06-29,115.74191207557
2015-06-30,116.80779607077
2015-07-01,117.94847894283
2015-07-02,117.08829185898
2015-07-06,115.63906361989
2015-07-07,115.779311514
2015-07-08,114.04023762709
2015-07-09,115.08742190308
2015-07-10,115.63906361989
2015-07-13,117.29398877034
2015-07-14,117.49968568169
2015-07-15,117.74278203148
2015-07-16,119.57535451446
2015-07-17,119.33225816467
2015-07-20,119.94934889874
2015-07-21,119.34160802428
2015-07-22,118.56556967689
2015-07-23,118.00457810047
2015-07-24,115.97565856574
2015-07-27,114.96587372818
2015-07-28,117.1163414378
2015-07-29,118.48142094043
2015-07-30,118.9769634996
2015-07-31,118.12162271287
2015-08-03,118.04642791843
2015-08-04,117.62345719972
2015-08-05,117.65165524763
2015-08-06,116.26995089983
2015-08-07,115.65899319503
2015-08-10,117.62345719972
2015-08-11,116.0067691193
2015-08-12,114.53107127846
2015-08-13,114.31488624445
2015-08-14,115.57439905128
2015-08-17,116.68352226924
2015-08-18,115.11383093535
2015-08-19,113.70392853964
2015-08-20,111.73946453494
2015-08-21,107.94212741582
2015-08-24,102.57509896281
2015-08-25,100.83621934143
2015-08-26,105.31970895979
2015-08-27,108.05491960748
2015-08-28,107.28417296449
2015-08-31,105.90246861669
2015-09-01,102.54690091489
2015-09-02,102.97927098291
2015-09-03,103.03566707874
2015-09-04,102.00173865521
2015-09-08,104.39857272793
2015-09-09,102.34951457949
2015-09-10,102.97927098291
2015-09-11,103.12966057179
2015-09-14,102.37771262741
2015-09-15,103.24245276344
2015-09-16,103.98500135852
2015-09-17,102.94167358569
2015-09-18,100.95841088239
2015-09-21,102.25552108644
2015-09-22,101.04300502613
2015-09-23,100.49784276645
2015-09-24,100.46964471854
2015-09-25,101.5693685872
2015-09-28,97.555846434065
2015-09-29,100.05607334913
2015-09-30,102.57509896281
2015-10-01,103.02626772943
2015-10-02,102.06753410035
2015-10-05,105.15992002161
2015-10-06,104.3515759814
2015-10-07,105.141121323
2015-10-08,105.31970895979
2015-10-09,104.42677077584
2015-10-12,103.23305341414
2015-10-13,101.50357314206
2015-10-14,101.10880047126
2015-10-15,103.97560200921
2015-10-16,104.86854019317
2015-10-19,104.56776101541
2015-10-20,105.55469269241
2015-10-21,104.85914084386
2015-10-22,107.23717621796
2015-10-23,109.10764672961
2015-10-26,108.56248446993
2015-10-27,106.21264714375
2015-10-28,109.01365323656
2015-10-29,109.10764672961
2015-10-30,109.06037714867
2015-11-02,110.80935164351
2015-11-03,111.36713269862
2015-11-04,109.56143470665
2015-11-05,110.6580889845
2015-11-06,112.7663122945
2015-11-09,110.9795221349
2015-11-10,110.18539317508
2015-11-11,109.71269736566
2015-11-12,107.53829664235
2015-11-13,106.34710320262
2015-11-16,107.27358698907
2015-11-17,106.80089117966
2015-11-18,109.16437022674
2015-11-19,108.69167441732
2015-11-20,108.23788644028
2015-11-23,107.4153957319
2015-11-24,106.45109628069
2015-11-25,106.8481607606
2015-11-27,107.31140265383
2015-11-30,106.78198334728
2015-12-01,108.35133343454
2015-12-02,106.82925292822
2015-12-03,105.2220871762
2015-12-04,108.66331266876
2015-12-07,107.12232433006
2015-12-08,105.47734291329
2015-12-09,102.88696987768
2015-12-10,102.84915421293
2015-12-11,99.407928720376
2015-12-14,99.228304312797
2015-12-15,100.09806460212
2015-12-16,101.68632252177
2015-12-17,99.360659139434
2015-12-18,97.45096806939
2015-12-21,99.672638373649
2015-12-22,101.31761979042
2015-12-23,102.74516113486
2015-12-24,102.04557133692
2015-12-28,101.91321651029
2015-12-29,102.65062197298
2015-12-30,101.43106678468
2015-12-31,100.60857607629
2016-01-04,98.557076263425
2016-01-05,98.169465699703
2016-01-06,94.83223328522
2016-01-07,91.825887937329
2016-01-08,89.755480292082
2016-01-11,90.436162257643
2016-01-12,90.899404150871
2016-01-13,87.363639496433
2016-01-14,89.897289034908
2016-01-15,87.760703976343
2016-01-19,87.486540406881
2016-01-20,86.607326201366
2016-01-21,85.624118917779
2016-01-22,88.157768456253
2016-01-25,85.38777101307
2016-01-26,87.316369915491
2016-01-27,86.134630391949
2016-01-28,82.173439509035
2016-01-29,85.699750247285
2016-02-01,82.995930217421
2016-02-02,79.356172484911
2016-02-03,80.188117109484
2016-02-04,80.802621661726
2016-02-05,78.268972123252
2016-02-08,76.359281053207
2016-02-09,74.846654463073
2016-02-10,76.557813293162
2016-02-11,72.706567300081
2016-02-12,76.405288699377
2016-02-16,79.045870729287
2016-02-17,81.000092087162
2016-02-18,80.342329776463
2016-02-19,78.82661662572
2016-02-22,80.590182241364
2016-02-23,79.532042871978
2016-02-24,79.532042871978
2016-02-25,80.428124860467
2016-02-26,82.449075728124
2016-02-29,80.02774780178
2016-03-01,83.898059369085
2016-03-02,83.783665923746
2016-03-03,85.356575797158
2016-03-04,86.233592211424
2016-03-07,85.566297113613
2016-03-08,84.670215125124
2016-03-09,84.517690531338
2016-03-10,84.327034789107
2016-03-11,88.273608653304
2016-03-14,87.539584045712
2016-03-15,85.890411875407
2016-03-16,87.16780534836
2016-03-17,89.017166048008
2016-03-18,89.951379184943
2016-03-21,89.741657868488
2016-03-22,88.988567686673
2016-03-23,88.426133247089
2016-03-24,87.682575852385
2016-03-28,89.026698835119
2016-03-29,89.770256229823
2016-03-30,91.104846425446
2016-03-31,89.617731636038
2016-04-01,90.246895585403
2016-04-04,88.826510305776
2016-04-05,87.615846342604
2016-04-06,88.883707028446
2016-04-07,86.786493863896
2016-04-08,87.034346328798
2016-04-11,88.225944717746
2016-04-12,89.770256229823
2016-04-13,93.068600570433
2016-04-14,92.601494001965
2016-04-15,91.915133329931
2016-04-18,92.067657923716
2016-04-19,92.315510388617
2016-04-20,94.145805514042
2016-04-21,94.212535023823
2016-04-22,95.251608818986
2016-04-25,94.241133385158
2016-04-26,95.556658006557
2016-04-27,96.347879336819
2016-04-28,93.545239926012
2016-04-29,91.419428400128
2016-05-02,93.249723525553
2016-05-03,91.104846425446
2016-05-04,90.35175624363
2016-05-05,89.531936552034
2016-05-06,89.608812745273
2016-05-09,89.301307972314
2016-05-10,91.501889003806
2016-05-11,91.453841383031
2016-05-12,91.617203293666
2016-05-13,90.166165146263
2016-05-16,90.867660409577
2016-05-17,91.376965189791
2016-05-18,93.721689083609
2016-05-19,92.83761286135
2016-05-20,93.856222421779
2016-05-23,93.740908131919
2016-05-24,95.874222494326
2016-05-25,97.40213683497
2016-05-26,96.258603460526
2016-05-27,97.555889221449
2016-05-31,97.700032083774
2016-06-01,98.353479726314
2016-06-02,98.036365429199
2016-06-03,96.575717757641
2016-06-06,98.036365429199
2016-06-07,97.776908277014
2016-06-08,97.47901302821
2016-06-09,96.739079668275
2016-06-10,95.662812962917
2016-06-13,94.990146272067
2016-06-14,92.43401284684
2016-06-15,92.981755723675
2016-06-16,92.501279515925
2016-06-17,92.924098578745
2016-06-20,94.452012919388
2016-06-21,94.836393885588
2016-06-22,95.297651045027
2016-06-23,97.738470180394
2016-06-24,87.754174583361
2016-06-27,82.180650573467
2016-06-28,82.353622008257
2016-06-29,85.495936406938
2016-06-30,86.341574532577
2016-07-01,86.264698339337
2016-07-05,83.45871728608
2016-07-06,83.91997444552
2016-07-07,84.640688757144
2016-07-08,87.292917423921
2016-07-11,88.08089840463
2016-07-12,90.925317554507
2016-07-13,90.185384194573
2016-07-14,92.020803308176
2016-07-15,92.482060467615
2016-07-18,93.02980334445
2016-07-19,92.616593805785
2016-07-20,92.731908095645
2016-07-21,92.49166999177
2016-07-22,93.289260496634
2016-07-25,92.539717612545
2016-07-26,92.828003337195
2016-07-27,91.838222349231
2016-07-28,91.819003300921
2016-07-29,92.097679501416
2016-08-01,91.127117561762
2016-08-02,89.368574641399
2016-08-03,91.107898513452
2016-08-04,90.992584223592
2016-08-05,93.491635397712
2016-08-08,93.772536498679
2016-08-09,93.239793031328
2016-08-10,92.716735808838
2016-08-11,93.113871848136
2016-08-12,92.600500870507
2016-08-15,93.811281478123
2016-08-16,93.511007887434
2016-08-17,94.169672537977
2016-08-18,94.121241313673
2016-08-19,93.966261395898
2016-08-22,93.772536498679
2016-08-23,94.595867311858
2016-08-24,94.469946128666
2016-08-25,94.363397435196
2016-08-26,95.254531962402
2016-08-29,95.922882857806
2016-08-30,97.501740770138
2016-08-31,97.908563054297
2016-09-01,96.755899915846
2016-09-02,97.93762178888
2016-09-06,97.501740770138
2016-09-07,97.598603218747
2016-09-08,97.588916973886
2016-09-09,96.290960162521
2016-09-12,98.334757828178
2016-09-13,96.126293999886
2016-09-14,96.097235265303
2016-09-15,97.753583136522
2016-09-16,96.194097713912
2016-09-19,96.823703629873
2016-09-20,96.252215183078
2016-09-21,97.695465667357
2016-09-22,97.724524401939
2016-09-23,96.513743794323
2016-09-26,94.789592209077
2016-09-27,95.283590696985
2016-09-28,96.039117796137
2016-09-29,94.363397435196
2016-09-30,96.639664977515
2016-10-03,97.666406932774
2016-10-04,97.860131829992
2016-10-05,99.952360719954
2016-10-06,99.584283415238
2016-10-07,97.986053013185
2016-10-10,98.431620276787
2016-10-11,96.562175018628
2016-10-12,96.949624813065
2016-10-13,95.603236777395
2016-10-14,94.034065109924
2016-10-17,93.375400459381
2016-10-18,94.082496334229
2016-10-19,95.012375840879
2016-10-20,94.779905964216
2016-10-21,94.50869110811
2016-10-24,94.905827147408
2016-10-25,94.179358782838
2016-10-26,87.302124931577
2016-10-27,88.038279541008
2016-10-28,86.430362894093
2016-10-31,85.616718325775
2016-11-01,84.948367430371
2016-11-02,84.037860413443
2016-11-03,85.529542122026
2016-11-04,85.744465014852
2016-11-07,89.095308298444
2016-11-08,88.636154845591
2016-11-09,99.646068491681
2016-11-10,107.35398496618
2016-11-11,108.29183031669
2016-11-14,111.62313515549
2016-11-15,111.58405826588
2016-11-16,111.36913537306
2016-11-17,110.96859725461
2016-11-18,110.52898224656
2016-11-21,111.60359671068
2016-11-22,111.16398170263
2016-11-23,111.06628947862
2016-11-25,111.81851960351
2016-11-28,109.90375201288
2016-11-29,109.47390622723
2016-11-30,111.57428904348
2016-12-01,112.38513450277
2016-12-02,110.85136658579
2016-12-05,111.98459638433
2016-12-06,112.54144206119
2016-12-07,114.06544075577
2016-12-08,116.15605434962
2016-12-09,115.83367001038
2016-12-12,112.69774961961
2016-12-13,112.22882694436
2016-12-14,110.32382857613
2016-12-15,111.7599042691
2016-12-16,109.151521888
2016-12-19,108.83890677116
2016-12-20,110.8611358082
2016-12-21,110.30429013133
2016-12-22,109.1808295552
2016-12-23,109.34690633602
2016-12-27,109.73767523206
2016-12-28,108.26252264949
2016-12-29,107.38329263339
2016-12-30,108.37975331831
2017-01-03,109.26875255681
2017-01-04,112.54144206119
2017-01-05,111.11513559063
2017-01-06,112.99082629165
2017-01-09,112.54144206119
2017-01-10,112.08228860834
2017-01-11,112.40467294758
2017-01-12,112.43398061478
2017-01-13,112.609826618
2017-01-17,108.97567588477
2017-01-18,110.79275125139
2017-01-19,110.37267468814
2017-01-20,110.44105924495
2017-01-23,110.25544401932
2017-01-24,111.67198126749
2017-01-25,114.25105598139
2017-01-26,112.22882694436
2017-01-27,110.78298202899
2017-01-30,110.45082846735
2017-01-31,109.67905989766
2017-02-01,110.47036691215
2017-02-02,115.1791321095
2017-02-03,118.46159083629
2017-02-06,120.52289676293
2017-02-07,120.33728153731
2017-02-08,118.77420595312
2017-02-09,121.60728044946
2017-02-10,122.1773299335
2017-02-13,123.98576277943
2017-02-14,125.61728371652
2017-02-15,126.65909829081
2017-02-16,126.94412303283
2017-02-17,126.77703956337
2017-02-21,128.52650177302
2017-02-22,128.4380458186
2017-02-23,128.24147703099
2017-02-24,127.60262847129
2017-02-27,128.86066871194
2017-02-28,129.24397784776
2017-03-01,131.97628399542
2017-03-02,129.34226224156
2017-03-03,130.77721439105
2017-03-06,130.15802271011
2017-03-07,129.9123117256
2017-03-08,130.28579242205
2017-03-09,130.44304745213
2017-03-10,129.83368421056
2017-03-13,130.31527774019
2017-03-14,130.13836583135
2017-03-15,131.37674919323
2017-03-16,132.29079405558
2017-03-17,129.45037507474
2017-03-20,128.25130547037
2017-03-21,123.71056647679
2017-03-22,123.0618894777
2017-03-23,123.50416924981
2017-03-24,123.1110316746
2017-03-27,123.13068855336
2017-03-28,126.15784788242
2017-03-29,125.21431770194
2017-03-30,127.43554500183
2017-03-31,127.45520188059
2017-04-03,127.34708904741
2017-04-04,126.68858360895
2017-04-05,125.8236809435
2017-04-06,127.48468719873
2017-04-07,127.08172118415
2017-04-10,127.15052025981
2017-04-11,127.08172118415
2017-04-12,125.35191585326
2017-04-13,124.06439029447
2017-04-17,125.55831308024
2017-04-18,124.43787099091
2017-04-19,124.72289573293
2017-04-20,127.34708904741
2017-04-21,126.23647539746
2017-04-24,129.59780166544
2017-04-25,128.61495772744
2017-04-26,126.78686800275
2017-04-27,126.25613227622
2017-04-28,125.65659747404
2017-05-01,126.60012765453
2017-05-02,126.89498083593
2017-05-03,126.80652488151
2017-05-04,126.71806892709
2017-05-05,127.430301633
2017-05-08,126.99504831272
2017-05-09,127.51933072124
2017-05-10,127.69738889772
2017-05-11,126.2135707604
2017-05-12,124.76932110674
2017-05-15,127.38084102842
2017-05-16,128.5184349337
2017-05-17,122.00941937133
2017-05-18,123.0777684302
2017-05-19,124.47255747928
2017-05-22,123.76032477336
2017-05-23,121.65330301837
2017-05-24,120.49592487126
2017-05-25,121.2872945445
2017-05-26,120.98063879612
2017-05-30,119.79358428626
2017-05-31,119.48692853788
2017-06-01,121.8016848321
2017-06-02,121.34664726999
2017-06-05,120.89160970788
2017-06-06,119.61552610978
2017-06-07,120.63441456408
2017-06-08,121.930282404
2017-06-09,125.1254374597
2017-06-12,126.05529682575
2017-06-13,125.87723864927
2017-06-14,126.45098166237
2017-06-15,128.21177918532
2017-06-16,128.94379613307
2017-06-19,130.6947015351
2017-06-20,129.27023612328
2017-06-21,126.8565586199
2017-06-22,124.98694776688
2017-06-23,124.19557809364
2017-06-26,124.82867383223
2017-06-27,124.43298899561
2017-06-28,127.02472467547
2017-06-29,126.63893195976
2017-06-30,125.91680713293
2017-07-03,128.73606159384
2017-07-05,129.71538156447
2017-07-06,127.75674162321
2017-07-07,129.89343974095
2017-07-10,131.41682636193
2017-07-11,130.02203731285
2017-07-12,131.87186392404
2017-07-13,132.7423705646
2017-07-14,133.28643721495
2017-07-17,133.26665297312
2017-07-18,133.11827115939
2017-07-19,134.57241293396
2017-07-20,135.31432200262
2017-07-21,134.86917656143
2017-07-24,136.07601531311
2017-07-25,137.34220679029
2017-07-26,143.08952904218
2017-07-27,140.96272304535
2017-07-28,142.89168662387
2017-07-31,143.31704782323
2017-08-01,144.34582839844
2017-08-02,143.95014356182
2017-08-03,145.49331442464
2017-08-04,147.07508789428
2017-08-07,146.52793354943
2017-08-08,148.03012093255
2017-08-09,147.18451876325
2017-08-10,143.04604226406
2017-08-11,142.618267049
2017-08-14,144.38905747413
2017-08-15,144.15029921456
2017-08-16,142.618267049
2017-08-17,138.0221705523
2017-08-18,138.08186011719
2017-08-21,136.74879316793
2017-08-22,138.07191185638
2017-08-23,137.79336055355
2017-08-24,137.68392968458
2017-08-25,137.8928431617
2017-08-28,137.03729273158
2017-08-29,136.66920708141
2017-08-30,136.49013838673
2017-08-31,137.79336055355
2017-09-01,139.09658272036
2017-09-05,134.96805448198
2017-09-06,134.40100361551
2017-09-07,131.47621493579
2017-09-08,132.08305884553
2017-09-11,135.83355317292
2017-09-12,136.92786186261
2017-09-13,136.94775838424
2017-09-14,138.29077359431
2017-09-15,139.13637576362
2017-09-18,140.13120184516
2017-09-19,140.49928749532
2017-09-20,140.75794227652
2017-09-21,141.38468270789
2017-09-22,142.18054357312
2017-09-25,142.40935357187
2017-09-26,143.60314486972
2017-09-27,147.14472571999
2017-09-28,146.98555354694
2017-09-29,147.74162136891
2017-10-02,147.90079354195
2017-10-03,148.67675788555
2017-10-04,149.0945848398
2017-10-05,149.77106657524
2017-10-06,150.20879005112
2017-10-09,149.85065266176
2017-10-10,150.46744483232
2017-10-11,151.04444395961
2017-10-12,151.79056352076
2017-10-13,152.11885612766
2017-10-16,152.5963726468
2017-10-17,151.561753522
2017-10-18,151.9497356938
2017-10-19,151.66123613016
2017-10-20,153.32259568632
2017-10-23,153.38228525122
2017-10-24,153.17337177409
2017-10-25,156.26728088767
2017-10-26,161.95768607406
2017-10-27,159.78896521631
2017-10-30,157.48096870714
2017-10-31,155.73007480364
2017-11-01,156.56572871213
2017-11-02,159.72927565142
2017-11-03,159.59
2017-11-06,160.65
2017-11-07,159.23
2017-11-09,159.05
2017-11-10,157.22
2017-11-13,157.32
2017-11-14,157.11
2017-11-15,157.39
2017-11-16,157.08
2017-11-17,158.28
2017-11-20,160.65
2017-11-21,159.76
2017-11-22,159.58
2017-11-24,159.56
2017-11-27,159.25
2017-11-28,161.75
2017-11-29,163.56
2017-11-30,163.23
2017-12-01,162.47
2017-12-04,165.55
2017-12-05,164.36
2017-12-06,164.77
2017-12-07,167.6
2017-12-08,169.86
2017-12-11,167.78
2017-12-12,168.6
2017-12-13,166.42
2017-12-14,165.45
2017-12-15,167.93
2017-12-18,170.02
2017-12-19,171.33
2017-12-20,171.1
2017-12-21,171.7
2017-12-22,171.51
2017-12-26,171.1
2017-12-27,170.94
2017-12-28,171.61
2017-12-29,169.47
2018-01-02,169.91
2018-01-03,169.07
2018-01-04,169.69
2018-01-05,170.27
2018-01-08,172.0
2018-01-09,174.08
2018-01-10,175.83
2018-01-11,178.98
2018-01-12,182.04
2018-01-16,177.31
2018-01-17,178.47
2018-01-18,177.57
2018-01-19,178.81
2018-01-22,177.94
2018-01-23,178.31
2018-01-24,180.31
2018-01-25,173.13
2018-01-26,179.84
2018-01-29,177.45
2018-01-30,172.01
2018-01-31,168.7
2018-02-01,171.08
2018-02-02,167.5
2018-02-05,160.39
2018-02-06,160.56
2018-02-07,160.11
2018-02-08,152.5
2018-02-09,153.88
2018-02-12,155.91
2018-02-13,156.62
2018-02-14,160.55
2018-02-15,159.0
2018-02-16,159.81
2018-02-20,158.76
2018-02-21,159.38
2018-02-22,158.01
2018-02-23,160.28
2018-02-26,162.32
2018-02-27,159.77
2018-02-28,156.44
2018-03-01,153.66
2018-03-02,150.91
2018-03-05,155.62
2018-03-06,155.57
2018-03-07,155.74
2018-03-08,156.41
2018-03-09,161.11
2018-03-12,159.88
2018-03-13,158.91
2018-03-14,157.01
2018-03-15,155.39
2018-03-16,157.1
2018-03-19,156.04
2018-03-20,157.14
2018-03-21,157.86
2018-03-22,151.06
2018-03-23,144.89
2018-03-26,149.55
2018-03-27,147.31
