Date,AMT
2010-01-04,39.212730070793
2010-01-05,39.862365727742
2010-01-06,40.069888229267
2010-01-07,39.961615619775
2010-01-08,40.042820076894
2010-01-11,39.681911378589
2010-01-12,39.194684635878
2010-01-13,40.024774641979
2010-01-14,40.250342578419
2010-01-15,39.699956813504
2010-01-19,39.871388445199
2010-01-20,39.997706489606
2010-01-21,39.681911378589
2010-01-22,38.057822236219
2010-01-25,38.978139416895
2010-01-26,38.382640064693
2010-01-27,38.490912674184
2010-01-28,38.184140280625
2010-01-29,38.301435607574
2010-02-01,38.869866807404
2010-02-02,38.824753220116
2010-02-03,38.608208001133
2010-02-04,37.011187011135
2010-02-05,36.181097005035
2010-02-08,36.695391900119
2010-02-09,37.399163861813
2010-02-10,37.525481906219
2010-02-11,38.364594629777
2010-02-12,38.454821804354
2010-02-16,39.122502896217
2010-02-17,39.438298007234
2010-02-18,39.14957104859
2010-02-19,39.627775073844
2010-02-22,39.501457029437
2010-02-23,38.626253436048
2010-02-24,38.454821804354
2010-02-25,38.617230718591
2010-02-26,38.490912674184
2010-03-01,38.73452604554
2010-03-02,38.599185283675
2010-03-03,38.779639632828
2010-03-04,38.761594197913
2010-03-05,39.167616483505
2010-03-08,38.301435607574
2010-03-09,38.698435175709
2010-03-10,38.896934959777
2010-03-11,39.248820940624
2010-03-12,39.140548331132
2010-03-15,39.104457461302
2010-03-16,39.934547467402
2010-03-17,39.925524749945
2010-03-18,39.708979530962
2010-03-19,39.961615619775
2010-03-22,39.925524749945
2010-03-23,40.214251708588
2010-03-24,40.124024534012
2010-03-25,38.310458325032
2010-03-26,37.579618210965
2010-03-29,38.590162566218
2010-03-30,38.599185283675
2010-03-31,38.445799086896
2010-04-01,38.527003544015
2010-04-05,39.086412026387
2010-04-06,38.626253436048
2010-04-07,37.742027125202
2010-04-08,37.922481474354
2010-04-09,38.454821804354
2010-04-12,38.211208432998
2010-04-13,38.030754083846
2010-04-14,37.994663214015
2010-04-15,37.922481474354
2010-04-16,37.868345169609
2010-04-19,37.480368318931
2010-04-20,38.057822236219
2010-04-21,37.913458756897
2010-04-22,38.048799518761
2010-04-23,38.229253867913
2010-04-26,37.769095277575
2010-04-27,37.119459620627
2010-04-28,36.80366450961
2010-04-29,37.038255163508
2010-04-30,36.821709944525
2010-05-03,37.245777665033
2010-05-04,37.002164293678
2010-05-05,36.884868966729
2010-05-06,36.117937982831
2010-05-07,35.062280040291
2010-05-10,36.866823531813
2010-05-11,36.966073423847
2010-05-12,37.642777233168
2010-05-13,37.669845385541
2010-05-14,37.155550490457
2010-05-17,37.462322884016
2010-05-18,37.110436903169
2010-05-19,36.532982985882
2010-05-20,35.233711671985
2010-05-21,36.433733093848
2010-05-24,35.648756675035
2010-05-25,35.757029284527
2010-05-26,35.865301894018
2010-05-27,36.984118858762
2010-05-28,36.569073855712
2010-06-01,35.946506351137
2010-06-02,37.399163861813
2010-06-03,38.328503759947
2010-06-04,37.453300166558
2010-06-07,37.805186147405
2010-06-08,38.120981258422
2010-06-09,37.868345169609
2010-06-10,38.969116699438
2010-06-11,39.898456597572
2010-06-14,39.402207137403
2010-06-15,40.051842794351
2010-06-16,40.331547035537
2010-06-17,40.575160406893
2010-06-18,40.665387581469
2010-06-21,40.710501168757
2010-06-22,40.033797359436
2010-06-23,40.340569752995
2010-06-24,39.284911810454
2010-06-25,39.681911378589
2010-06-28,40.899978235367
2010-06-29,40.160115403843
2010-06-30,40.151092686385
2010-07-01,39.781161270623
2010-07-02,39.429275289776
2010-07-06,40.7014784513
2010-07-07,42.298499441297
2010-07-08,41.856386285874
2010-07-09,41.513523022485
2010-07-12,40.89095551791
2010-07-13,41.143591606723
2010-07-14,41.30600052096
2010-07-15,41.098478019435
2010-07-16,39.871388445199
2010-07-19,39.817252140453
2010-07-20,42.027817917569
2010-07-21,41.161637041638
2010-07-22,41.856386285874
2010-07-23,42.199249549264
2010-07-26,41.775181828756
2010-07-27,41.15261432418
2010-07-28,41.242841498757
2010-07-29,41.080432584519
2010-07-30,41.72104552401
2010-08-02,42.127067809603
2010-08-03,41.919545308078
2010-08-04,42.352635746043
2010-08-05,42.370681180958
2010-08-06,42.181204114348
2010-08-09,42.181204114348
2010-08-10,42.109022374688
2010-08-11,40.800728343333
2010-08-12,41.405250412994
2010-08-13,41.287955086045
2010-08-16,41.540591174858
2010-08-17,42.776703466551
2010-08-18,43.327089231466
2010-08-19,42.848885206212
2010-08-20,42.794748901466
2010-08-23,42.352635746043
2010-08-24,41.703000089095
2010-08-25,42.551135530111
2010-08-26,42.496999225365
2010-08-27,42.731589879263
2010-08-30,41.919545308078
2010-08-31,42.280454006382
2010-09-01,42.632339987229
2010-09-02,43.164680317228
2010-09-03,43.507543580618
2010-09-07,43.642884342482
2010-09-08,44.536133370786
2010-09-09,44.29251999943
2010-09-10,44.274474564515
2010-09-13,44.211315542312
2010-09-14,43.967702170956
2010-09-15,44.10304293282
2010-09-16,43.633861625024
2010-09-17,44.454928913667
2010-09-20,45.176746310277
2010-09-21,45.546677726039
2010-09-22,45.564723160954
2010-09-23,45.636904900615
2010-09-24,46.63842653841
2010-09-27,46.755721865359
2010-09-28,47.01738067163
2010-09-29,46.728653712986
2010-09-30,46.250449687733
2010-10-01,46.575267516207
2010-10-04,46.06999533858
2010-10-05,46.809858170105
2010-10-06,45.790291097394
2010-10-07,45.483518703835
2010-10-08,45.447427834005
2010-10-11,45.122610005531
2010-10-12,45.672995770445
2010-10-13,45.799313814852
2010-10-14,46.358722297224
2010-10-15,45.84442740214
2010-10-18,45.555700443496
2010-10-19,44.924110221463
2010-10-20,45.519609573666
2010-10-21,45.131632722988
2010-10-22,45.312087072141
2010-10-25,45.84442740214
2010-10-26,45.871495554513
2010-10-27,45.745177510106
2010-10-28,46.683540125698
2010-10-29,46.566244798749
2010-11-01,46.728653712986
2010-11-02,46.809858170105
2010-11-03,47.035426106545
2010-11-04,47.288062195358
2010-11-05,46.845949039935
2010-11-08,47.251971325528
2010-11-09,47.089562411291
2010-11-10,47.919652417391
2010-11-11,47.946720569764
2010-11-12,47.24294860807
2010-11-15,46.430904036885
2010-11-16,45.600814030784
2010-11-17,46.051949903665
2010-11-18,46.548199363834
2010-11-19,46.86399447485
2010-11-22,46.764744582817
2010-11-23,46.151199795699
2010-11-24,46.954221649427
2010-11-26,46.710608278071
2010-11-29,45.853450119598
2010-11-30,45.627882183157
2010-12-01,46.042927186208
2010-12-02,46.746699147901
2010-12-03,46.539176646376
2010-12-06,46.710608278071
2010-12-07,46.701585560613
2010-12-08,46.079018056038
2010-12-09,45.88051827197
2010-12-10,45.528632291124
2010-12-13,45.122610005531
2010-12-14,45.510586856208
2010-12-15,45.230882615022
2010-12-16,45.104564570616
2010-12-17,44.761701307226
2010-12-20,46.060972621123
2010-12-21,45.763222945021
2010-12-22,45.826381967225
2010-12-23,45.591791313327
2010-12-27,45.871495554513
2010-12-28,45.952700011631
2010-12-29,46.178267948072
2010-12-30,46.439926754343
2010-12-31,46.593312951122
2011-01-03,46.584290233664
2011-01-04,46.439926754343
2011-01-05,45.799313814852
2011-01-06,45.672995770445
2011-01-07,45.564723160954
2011-01-10,45.483518703835
2011-01-11,45.537655008581
2011-01-12,45.745177510106
2011-01-13,45.790291097394
2011-01-14,44.978246526209
2011-01-18,44.653428697735
2011-01-19,44.373724456549
2011-01-20,45.402314246717
2011-01-21,45.582768595869
2011-01-24,46.024881751292
2011-01-25,46.349699579766
2011-01-26,46.86399447485
2011-01-27,46.918130779596
2011-01-28,46.304585992478
2011-01-31,45.889540989428
2011-02-01,46.719630995529
2011-02-02,46.836926322478
2011-02-03,47.531675566714
2011-02-04,48.352742855357
2011-02-07,48.41590187756
2011-02-08,48.975310359932
2011-02-09,49.255014601118
2011-02-10,49.624946016881
2011-02-11,51.185876137048
2011-02-14,50.5362404801
2011-02-15,50.355786130947
2011-02-16,50.184354499253
2011-02-17,49.309150905864
2011-02-18,48.957264925017
2011-02-22,47.802357090442
2011-02-23,46.782790017732
2011-02-24,47.685061763493
2011-02-25,48.506129052136
2011-02-28,48.686583401289
2011-03-01,47.567766436544
2011-03-02,47.170766868409
2011-03-03,48.118152201459
2011-03-04,47.883561547561
2011-03-07,47.892584265019
2011-03-08,47.026403389088
2011-03-09,47.089562411291
2011-03-10,45.817359249767
2011-03-11,45.84442740214
2011-03-14,45.312087072141
2011-03-15,45.131632722988
2011-03-16,45.510586856208
2011-03-17,46.051949903665
2011-03-18,45.672995770445
2011-03-21,42.054886069942
2011-03-22,43.958679453499
2011-03-23,44.63538326282
2011-03-24,44.274474564515
2011-03-25,44.788769459599
2011-03-28,45.113587288073
2011-03-29,45.573745878412
2011-03-30,46.683540125698
2011-03-31,46.755721865359
2011-04-01,47.215880455697
2011-04-04,46.891062627223
2011-04-05,45.781268379937
2011-04-06,45.925631859259
2011-04-07,45.80833653231
2011-04-08,45.366223376886
2011-04-11,45.230882615022
2011-04-12,44.779746742141
2011-04-13,45.438405116547
2011-04-14,45.27599620231
2011-04-15,45.636904900615
2011-04-18,44.716587719938
2011-04-19,44.680496850108
2011-04-20,46.060972621123
2011-04-21,46.295563275021
2011-04-25,46.060972621123
2011-04-26,46.728653712986
2011-04-27,47.703107198409
2011-04-28,47.260994042986
2011-04-29,47.197835020782
2011-05-02,46.503085776546
2011-05-03,47.387312087392
2011-05-04,46.683540125698
2011-05-05,47.784311655527
2011-05-06,47.288062195358
2011-05-09,47.883561547561
2011-05-10,48.442970029933
2011-05-11,48.289583833154
2011-05-12,48.100106766544
2011-05-13,47.766266220612
2011-05-16,47.369266652477
2011-05-17,47.098585128748
2011-05-18,47.062494258918
2011-05-19,46.990312519257
2011-05-20,48.397856442645
2011-05-23,47.955743287222
2011-05-24,48.848992315526
2011-05-25,48.993355794848
2011-05-26,49.823445800948
2011-05-27,49.543741559762
2011-05-31,50.058036454846
2011-06-01,48.839969598068
2011-06-02,49.065537534508
2011-06-03,46.205336100445
2011-06-06,46.710608278071
2011-06-07,46.277517840106
2011-06-08,45.248928049937
2011-06-09,44.978246526209
2011-06-10,45.113587288073
2011-06-13,45.194791745192
2011-06-14,45.754200227564
2011-06-15,45.763222945021
2011-06-16,45.221859897565
2011-06-17,45.294041637226
2011-06-20,45.727132075191
2011-06-21,46.719630995529
2011-06-22,46.86399447485
2011-06-23,47.360243935019
2011-06-24,46.692562843156
2011-06-27,46.79181273519
2011-06-28,46.918130779596
2011-06-29,47.161744150952
2011-06-30,47.215880455697
2011-07-01,48.975310359932
2011-07-05,48.352742855357
2011-07-06,48.488083617221
2011-07-07,48.433947312475
2011-07-08,48.253492963323
2011-07-11,47.874538830103
2011-07-12,47.739198068239
2011-07-13,47.928675134849
2011-07-14,47.20685773824
2011-07-15,48.027925026883
2011-07-18,47.116630563664
2011-07-19,47.739198068239
2011-07-20,47.387312087392
2011-07-21,47.883561547561
2011-07-22,48.109129484001
2011-07-25,47.594834588917
2011-07-26,47.58581187146
2011-07-27,46.214358817902
2011-07-28,47.459493827053
2011-07-29,47.39633480485
2011-08-01,47.369266652477
2011-08-02,45.564723160954
2011-08-03,48.424924595018
2011-08-04,46.024881751292
2011-08-05,45.095541853158
2011-08-08,41.820295416044
2011-08-09,44.391769891464
2011-08-10,42.740612596721
2011-08-11,44.527110653328
2011-08-12,45.294041637226
2011-08-15,46.4489494718
2011-08-16,46.042927186208
2011-08-17,45.88051827197
2011-08-18,43.624838907567
2011-08-19,44.057929345532
2011-08-22,44.130111085193
2011-08-23,45.799313814852
2011-08-24,46.466994906715
2011-08-25,45.573745878412
2011-08-26,46.79181273519
2011-08-29,47.134675998579
2011-08-30,48.00085687451
2011-08-31,48.596356226712
2011-09-01,48.957264925017
2011-09-02,47.946720569764
2011-09-06,47.865516112646
2011-09-07,48.271538398238
2011-09-08,48.19033394112
2011-09-09,47.260994042986
2011-09-12,47.188812303325
2011-09-13,47.730175350781
2011-09-14,48.867037750441
2011-09-15,49.498627972474
2011-09-16,49.534718842304
2011-09-19,49.81442308349
2011-09-20,49.760286778745
2011-09-21,48.812901445695
2011-09-22,47.188812303325
2011-09-23,47.179789585867
2011-09-26,48.271538398238
2011-09-27,49.245991883661
2011-09-28,48.686583401289
2011-09-29,48.352742855357
2011-09-30,48.542219921967
2011-10-03,47.694084480951
2011-10-04,48.731696988577
2011-10-05,49.679082321626
2011-10-06,50.15728634688
2011-10-07,49.561786994677
2011-10-10,50.455036022981
2011-10-11,49.868559388236
2011-10-12,50.012922867558
2011-10-13,49.760286778745
2011-10-14,50.373831565863
2011-10-17,49.688105039084
2011-10-18,50.229468086541
2011-10-19,49.615923299423
2011-10-20,49.670059604169
2011-10-21,50.833990156201
2011-10-24,51.646034727386
2011-10-25,50.482104175354
2011-10-26,50.19337721671
2011-10-27,50.630979013405
2011-10-28,50.815944721286
2011-10-31,49.715173191457
2011-11-01,51.357307768743
2011-11-02,51.158807984675
2011-11-03,51.808443641623
2011-11-04,52.259579514504
2011-11-07,52.629510930266
2011-11-08,52.656579082639
2011-11-09,51.591898422641
2011-11-10,51.095648962472
2011-11-11,52.494170168402
2011-11-14,51.754307336878
2011-11-15,52.701692669927
2011-11-16,51.582875705183
2011-11-17,51.3663304862
2011-11-18,51.212944289421
2011-11-21,50.436990588066
2011-11-22,50.527217762642
2011-11-23,50.0039001501
2011-11-25,50.274581673829
2011-11-28,51.023467222811
2011-11-29,52.097170600267
2011-11-30,53.234032999926
2011-12-01,52.873124301622
2011-12-02,53.306214739587
2011-12-05,53.351328326875
2011-12-06,53.450578218909
2011-12-07,53.504714523655
2011-12-08,52.485147450944
2011-12-09,53.18410219908
2011-12-12,52.78469948586
2011-12-13,52.766544817077
2011-12-14,52.639462135598
2011-12-15,53.374726221299
2011-12-16,53.683355590606
2011-12-19,51.904198049896
2011-12-20,54.282459660437
2011-12-21,53.910288950391
2011-12-22,54.454929013873
2011-12-23,54.863409061485
2011-12-27,55.099419755661
2011-12-28,54.527547689004
2011-12-29,54.999569077356
2011-12-30,54.473083682656
2012-01-03,53.383803555691
2012-01-04,54.155376978958
2012-01-05,54.781713051963
2012-01-06,54.690939708049
2012-01-09,54.845254392703
2012-01-10,55.653137153535
2012-01-11,56.506406586325
2012-01-12,56.687953274152
2012-01-13,56.569947927064
2012-01-17,56.125158541887
2012-01-18,56.660721270978
2012-01-19,56.461019914368
2012-01-20,55.834683841363
2012-01-23,56.107003873104
2012-01-24,56.706107942935
2012-01-25,57.159974662504
2012-01-26,56.415633242411
2012-01-27,57.196284000069
2012-01-30,57.060123984199
2012-01-31,57.650150719638
2012-02-01,57.504913369376
2012-02-02,57.39598535668
2012-02-03,57.523068038159
2012-02-06,57.305212012766
2012-02-07,57.523068038159
2012-02-08,57.958780088945
2012-02-09,57.904316082597
2012-02-10,57.450449363028
2012-02-13,58.104017439207
2012-02-14,58.439878811688
2012-02-15,57.686460057204
2012-02-16,56.787803952457
2012-02-17,56.733339946109
2012-02-21,57.178129331287
2012-02-22,57.423217359854
2012-02-23,58.013244095293
2012-02-24,58.240177455078
2012-02-27,57.277980009592
2012-02-28,56.524561255107
2012-02-29,56.80595862124
2012-03-01,57.223516003243
2012-03-02,56.815035955631
2012-03-05,57.087355987373
2012-03-06,56.442865245585
2012-03-07,56.442865245585
2012-03-08,56.678875939761
2012-03-09,56.47917458315
2012-03-12,56.27947322654
2012-03-13,56.188699882626
2012-03-14,57.150897328112
2012-03-15,57.341521350331
2012-03-16,57.495836034985
2012-03-19,57.958780088945
2012-03-20,57.123665324938
2012-03-21,56.678875939761
2012-03-22,56.261318557757
2012-03-23,56.052539866756
2012-03-26,56.524561255107
2012-03-27,56.370246570454
2012-03-28,56.515483920716
2012-03-29,56.624411933413
2012-03-30,57.205361334461
2012-04-02,58.104017439207
2012-04-03,57.405062691071
2012-04-04,56.86949996198
2012-04-05,57.559377375724
2012-04-09,56.7424172805
2012-04-10,56.123077894453
2012-04-11,57.461943920173
2012-04-12,58.117715034811
2012-04-13,57.525699445207
2012-04-16,58.035743645481
2012-04-17,58.618651302938
2012-04-18,58.381845067096
2012-04-19,58.154146763402
2012-04-20,58.290765745618
2012-04-23,57.498375648764
2012-04-24,57.862692934674
2012-04-25,58.964752724552
2012-04-26,59.074047910325
2012-04-27,59.292638281871
2012-04-30,59.729819024963
2012-05-01,59.593200042747
2012-05-02,60.039488717987
2012-05-03,61.068685050683
2012-05-04,60.51310118967
2012-05-07,61.250843693638
2012-05-08,61.706240301026
2012-05-09,61.023145389944
2012-05-10,61.514973725923
2012-05-11,61.587837183105
2012-05-14,61.205304032899
2012-05-15,61.724456165321
2012-05-16,60.859202611285
2012-05-17,59.019400317439
2012-05-18,58.673298895824
2012-05-21,59.666063499929
2012-05-22,59.265314485428
2012-05-23,59.365501739053
2012-05-24,59.975733192953
2012-05-25,59.884653871475
2012-05-29,60.394698071749
2012-05-30,59.374609671201
2012-05-31,59.092263774621
2012-06-01,57.516591513059
2012-06-04,57.461943920173
2012-06-05,58.372737134948
2012-06-06,59.921085600066
2012-06-07,59.511228653417
2012-06-08,60.385590139602
2012-06-11,59.78446661785
2012-06-12,60.467561528931
2012-06-13,60.31272668242
2012-06-14,61.205304032899
2012-06-15,61.715348233174
2012-06-18,62.49863039788
2012-06-19,62.835623887347
2012-06-20,62.362011415664
2012-06-21,61.141548507865
2012-06-22,61.806427554651
2012-06-25,61.351030947263
2012-06-26,62.434874872846
2012-06-27,63.418531544803
2012-06-28,63.664445712793
2012-06-29,63.874589549101
2012-07-02,65.327323026186
2012-07-03,65.263366206441
2012-07-05,65.071495747203
2012-07-06,64.678618140192
2012-07-09,65.619697059311
2012-07-10,63.865452860566
2012-07-11,64.139553516619
2012-07-12,64.952718796246
2012-07-13,65.92120778097
2012-07-16,66.039984731927
2012-07-17,66.725236372061
2012-07-18,64.048186631268
2012-07-19,64.431927549744
2012-07-20,64.797395091149
2012-07-23,63.901999614706
2012-07-24,63.171064531896
2012-07-25,63.280704794317
2012-07-26,64.897898665035
2012-07-27,66.085668174602
2012-07-30,65.884661026829
2012-07-31,66.067394797532
2012-08-01,65.382143157397
2012-08-02,65.95775453511
2012-08-03,66.761783126202
2012-08-06,66.2409918797
2012-08-07,64.431927549744
2012-08-08,63.993366500057
2012-08-09,64.2126470249
2012-08-10,64.422790861208
2012-08-13,65.062359058668
2012-08-14,65.217682763765
2012-08-15,65.053222370133
2012-08-16,64.916172042106
2012-08-17,65.071495747203
2012-08-20,65.153725944019
2012-08-21,64.112143451014
2012-08-22,63.83804279496
2012-08-23,63.235021351641
2012-08-24,63.445165187949
2012-08-27,63.49998531916
2012-08-28,63.490848630625
2012-08-29,63.728402532539
2012-08-30,64.066460008338
2012-08-31,64.322287287322
2012-09-04,64.669481451657
2012-09-05,64.815668468219
2012-09-06,65.455236665678
2012-09-07,65.711063944662
2012-09-10,65.235956140835
2012-09-11,65.54660355103
2012-09-12,65.738474010267
2012-09-13,66.505955847218
2012-09-14,65.199409386695
2012-09-17,65.044085681597
2012-09-18,64.970992173316
2012-09-19,64.559841189235
2012-09-20,64.678618140192
2012-09-21,64.331423975857
2012-09-24,64.779121714079
2012-09-25,64.039049942733
2012-09-26,64.614661320446
2012-09-27,65.135452566949
2012-09-28,65.437939188777
2012-10-01,65.144618828216
2012-10-02,65.685428242999
2012-10-03,66.602054369751
2012-10-04,65.923751035955
2012-10-05,66.748714550031
2012-10-08,66.464560450738
2012-10-09,65.667095720464
2012-10-10,66.501225495808
2012-10-11,65.694594504267
2012-10-12,66.152907567643
2012-10-15,69.067778650712
2012-10-16,68.526969235929
2012-10-17,68.554468019731
2012-10-18,69.196106308457
2012-10-19,67.683673199317
2012-10-22,67.427017883827
2012-10-23,67.307856487349
2012-10-24,67.372020316222
2012-10-25,67.207027613407
2012-10-26,67.252858919744
2012-10-31,69.012781083107
2012-11-01,68.361976533113
2012-11-02,68.261147659171
2012-11-05,67.82116711833
2012-11-06,67.619509370445
2012-11-07,68.966949776769
2012-11-08,68.270313920438
2012-11-09,68.600299326069
2012-11-12,68.508636713394
2012-11-13,68.04115738875
2012-11-14,67.317022748617
2012-11-15,66.317900270458
2012-11-16,67.702005721852
2012-11-19,67.56451180284
2012-11-20,67.60117684791
2012-11-21,67.940328514808
2012-11-23,68.728626983814
2012-11-26,68.151152523961
2012-11-27,68.013658604948
2012-11-28,68.022824866215
2012-11-29,68.655296893674
2012-11-30,68.682795677476
2012-12-03,68.636964371139
2012-12-04,68.591133064801
2012-12-05,68.389475316916
2012-12-06,68.728626983814
2012-12-07,69.159441263387
2012-12-10,68.856954641559
2012-12-11,68.939450992967
2012-12-12,69.837744597183
2012-12-13,69.966072254928
2012-12-14,70.499392295773
2012-12-17,70.710881277487
2012-12-18,70.618929546307
2012-12-19,70.0028529474
2012-12-20,71.041907509735
2012-12-21,70.591344026953
2012-12-24,70.802833008667
2012-12-26,70.149975717288
2012-12-27,70.149975717288
2012-12-28,69.782168792568
2012-12-31,71.051102682853
2013-01-02,72.687843497859
2013-01-03,70.913175086083
2013-01-04,70.848808874257
2013-01-07,70.766052316195
2013-01-08,71.051102682853
2013-01-09,71.474080646282
2013-01-10,72.338426919374
2013-01-11,72.439573823672
2013-01-14,72.366012438728
2013-01-15,72.936113172045
2013-01-16,72.366012438728
2013-01-17,72.522330381735
2013-01-18,72.963698691399
2013-01-22,72.871746960219
2013-01-23,72.614282112915
2013-01-24,73.221163538703
2013-01-25,73.469433212889
2013-01-28,72.531525554853
2013-01-29,72.292451053784
2013-01-30,70.756857143077
2013-01-31,70.021243293636
2013-02-01,70.481001949537
2013-02-04,70.306293660294
2013-02-05,70.554563334481
2013-02-06,69.837339831276
2013-02-07,69.782168792568
2013-02-08,70.858004047375
2013-02-11,70.23273227535
2013-02-12,69.506313599028
2013-02-13,68.044281073264
2013-02-14,67.566132071128
2013-02-15,69.129311501189
2013-02-19,68.614381806581
2013-02-20,67.998305207674
2013-02-21,67.841987264668
2013-02-22,68.522430075401
2013-02-25,67.731645187252
2013-02-26,69.432752214084
2013-02-27,71.170639933387
2013-02-28,71.354543395747
2013-03-01,71.841887571002
2013-03-04,72.513135208617
2013-03-05,72.320036573138
2013-03-06,71.262591664567
2013-03-07,71.317762703275
2013-03-08,70.931565432319
2013-03-11,70.710881277487
2013-03-12,69.91090121622
2013-03-13,69.993657774282
2013-03-14,70.260317794704
2013-03-15,69.478728079674
2013-03-18,69.009774250655
2013-03-19,68.531625248519
2013-03-20,69.258043924841
2013-03-21,70.149975717288
2013-03-22,70.554563334481
2013-03-25,70.122390197934
2013-03-26,69.782168792568
2013-03-27,70.674100585015
2013-03-28,70.729271623723
2013-04-01,71.492470992518
2013-04-02,72.393597958082
2013-04-03,71.740740666704
2013-04-04,72.255670361312
2013-04-05,71.556837204344
2013-04-08,72.880942133337
2013-04-09,73.148479769016
2013-04-10,73.683555040375
2013-04-11,74.098699647464
2013-04-12,74.421589897421
2013-04-15,73.277635868999
2013-04-16,74.347786411717
2013-04-17,73.600526118957
2013-04-18,73.858838318923
2013-04-19,74.772156454518
2013-04-22,74.744480147379
2013-04-23,75.55631849013
2013-04-24,74.726029275953
2013-04-25,77.346053018468
2013-04-26,76.54344011143
2013-04-29,76.608018161421
2013-04-30,77.484434554164
2013-05-01,77.429081939886
2013-05-02,77.355278454181
2013-05-03,77.087740818502
2013-05-06,76.644919904274
2013-05-07,77.078515382789
2013-05-08,78.074862439801
2013-05-09,77.087740818502
2013-05-10,76.6633707757
2013-05-13,76.534214675717
2013-05-14,77.244573225624
2013-05-15,77.798099368409
2013-05-16,76.764850568544
2013-05-17,77.908804596966
2013-05-20,77.419856504173
2013-05-21,78.084087875514
2013-05-22,75.805405254383
2013-05-23,75.261104547312
2013-05-24,75.390260647295
2013-05-28,75.187301061607
2013-05-29,73.286861304712
2013-05-30,72.668757111936
2013-05-31,71.81079159062
2013-06-03,71.42332329067
2013-06-04,70.694513869337
2013-06-05,69.993380755143
2013-06-06,72.401219476257
2013-06-07,72.668757111936
2013-06-10,70.528456026501
2013-06-11,69.947253576577
2013-06-12,68.821750419581
2013-06-13,70.805219097894
2013-06-14,71.592149487972
2013-06-17,71.212571299817
2013-06-18,71.555117469616
2013-06-19,68.916586161705
2013-06-20,65.213384326041
2013-06-21,66.648375037361
2013-06-24,65.815154624337
2013-06-25,67.490853454975
2013-06-26,68.351847881766
2013-06-27,68.722168065333
2013-06-28,67.740819578882
2013-07-01,66.666891046539
2013-07-02,66.815019119966
2013-07-03,67.009437216338
2013-07-05,66.352118890508
2013-07-08,66.703923064896
2013-07-09,67.453821436618
2013-07-10,70.120126758296
2013-07-11,71.499569442081
2013-07-12,72.064307722019
2013-07-15,70.508962951041
2013-07-16,69.166552285612
2013-07-17,68.388879900123
2013-07-18,68.916586161705
2013-07-19,69.555388478357
2013-07-22,68.805490106635
2013-07-23,69.203584303969
2013-07-24,68.453685932247
2013-07-25,66.944631184214
2013-07-26,67.194597308121
2013-07-29,67.046469234695
2013-07-30,67.277919349424
2013-07-31,65.537414486662
2013-08-01,65.991056711531
2013-08-02,65.268932353576
2013-08-05,65.676284555499
2013-08-06,65.055998248026
2013-08-07,63.963553706505
2013-08-08,63.870973660613
2013-08-09,64.954160197545
2013-08-12,64.491259968087
2013-08-13,64.139455793699
2013-08-14,64.528291986443
2013-08-15,64.324615885482
2013-08-16,63.491395472458
2013-08-19,63.287719371496
2013-08-20,64.23203583959
2013-08-21,63.90800567897
2013-08-22,63.769135610132
2013-08-23,64.861580151653
2013-08-26,64.750484096583
2013-08-27,64.861580151653
2013-08-28,63.963553706505
2013-08-29,64.519033981854
2013-08-30,64.333873890071
2013-09-03,64.093165770753
2013-09-04,64.102423775342
2013-09-05,63.648781550473
2013-09-06,66.574311000648
2013-09-09,68.7499420791
2013-09-10,69.046198225953
2013-09-11,69.453550427876
2013-09-12,68.620330014852
2013-09-13,68.240751826696
2013-09-16,68.759200083689
2013-09-17,68.435169923069
2013-09-18,70.129384762885
2013-09-19,69.52761446459
2013-09-20,68.691275878408
2013-09-23,67.79918138648
2013-09-24,67.696962225947
2013-09-25,68.551886114044
2013-09-26,69.351054096396
2013-09-27,69.248834935862
2013-09-30,68.886421548517
2013-10-01,68.821372991814
2013-10-02,68.756324435111
2013-10-03,68.235935981487
2013-10-04,67.548279810626
2013-10-07,67.864229943183
2013-10-08,66.80486773402
2013-10-09,66.553966158165
2013-10-10,68.384618396808
2013-10-11,69.174493728202
2013-10-14,69.360346747353
2013-10-15,69.443980605972
2013-10-16,71.664924184832
2013-10-17,73.727892697414
2013-10-18,73.421235215814
2013-10-21,73.885867763693
2013-10-22,74.462012123063
2013-10-23,73.411942564857
2013-10-24,74.694328397002
2013-10-25,75.103205039136
2013-10-28,74.619987189342
2013-10-29,74.610694538384
2013-10-30,74.982400576687
2013-10-31,73.737185348372
2013-11-01,73.755770650287
2013-11-04,73.411942564857
2013-11-05,73.040236526554
2013-11-06,73.904453065608
2013-11-07,73.198211592833
2013-11-08,72.28753179899
2013-11-11,71.971581666432
2013-11-12,72.445506865269
2013-11-13,72.640652535378
2013-11-14,73.504869074433
2013-11-15,73.672136791669
2013-11-18,73.012358573681
2013-11-19,72.575603978675
2013-11-20,72.603481931548
2013-11-21,72.101678779838
2013-11-22,71.813606600154
2013-11-25,71.553412373341
2013-11-26,72.510555421972
2013-11-27,72.826505554529
2013-11-29,72.268946497075
2013-12-02,72.677823139208
2013-12-03,72.213190591329
2013-12-04,71.952996364517
2013-12-05,72.25036119516
2013-12-06,72.55701867676
2013-12-09,73.263260149536
2013-12-10,73.607088234966
2013-12-11,72.306117100905
2013-12-12,71.534827071426
2013-12-13,71.600121606503
2013-12-16,70.975159627915
2013-12-17,71.254993349671
2013-12-18,72.961979052379
2013-12-19,72.859373354402
2013-12-20,72.710128702799
2013-12-23,73.148534866883
2013-12-24,73.419040797913
2013-12-26,73.540302077341
2013-12-27,73.52164649589
2013-12-30,74.435769986958
2013-12-31,74.454425568409
2014-01-02,74.109297311577
2014-01-03,74.323836498256
2014-01-06,74.79955382524
2014-01-07,75.834938595736
2014-01-08,76.431917202147
2014-01-09,76.58116185375
2014-01-10,77.08486255291
2014-01-13,76.618473016651
2014-01-14,77.10351813436
2014-01-15,77.663185577871
2014-01-16,77.672513368597
2014-01-17,77.560579879894
2014-01-21,78.008313834703
2014-01-22,77.812430229474
2014-01-23,77.681841159322
2014-01-24,74.267869753905
2014-01-27,73.922741497073
2014-01-28,75.144682082072
2014-01-29,74.211903009554
2014-01-30,75.723005107033
2014-01-31,75.443171385278
2014-02-03,73.530974286615
2014-02-04,73.820135799096
2014-02-05,73.698874519669
2014-02-06,74.398458824057
2014-02-07,74.976781849019
2014-02-10,76.04014999169
2014-02-11,76.413261620697
2014-02-12,76.29200034127
2014-02-13,76.944945692032
2014-02-14,77.60721883352
2014-02-18,77.915035927451
2014-02-19,78.120247323405
2014-02-20,78.829159418519
2014-02-21,78.400081045161
2014-02-24,77.402007437566
2014-02-25,74.771570453065
2014-02-26,75.396532431652
2014-02-27,75.984183247338
2014-02-28,75.993511038064
2014-03-03,75.984183247338
2014-03-04,76.05880557314
2014-03-05,75.368549059476
2014-03-06,76.413261620697
2014-03-07,75.844266386461
2014-03-10,75.723005107033
2014-03-11,76.208050224743
2014-03-12,75.405860222377
2014-03-13,74.948798476843
2014-03-14,74.986109639744
2014-03-17,76.245361387644
2014-03-18,76.301328131995
2014-03-19,75.256615570774
2014-03-20,75.769644060659
2014-03-21,75.620399409056
2014-03-24,75.461826966728
2014-03-25,76.217378015468
2014-03-26,75.377876850202
2014-03-27,75.247287780049
2014-03-28,76.609145225926
2014-03-31,76.366622667071
2014-04-01,76.124100108216
2014-04-02,75.80695522356
2014-04-03,75.78829964211
2014-04-04,75.3032545244
2014-04-07,75.247287780049
2014-04-08,76.319983713445
2014-04-09,76.666467075089
2014-04-10,76.366805789343
2014-04-11,75.430364271386
2014-04-14,76.142059825033
2014-04-15,76.488543186677
2014-04-16,77.144052249247
2014-04-17,77.396891459095
2014-04-21,77.808925726996
2014-04-22,78.595536602079
2014-04-23,78.689180753875
2014-04-24,78.249053240435
2014-04-25,77.799561311816
2014-04-28,78.15540908864
2014-04-29,77.72464599038
2014-04-30,78.211595579717
2014-05-01,80.749352093379
2014-05-02,81.470412062205
2014-05-05,82.781430187344
2014-05-06,81.657700365796
2014-05-07,82.734608111446
2014-05-08,82.640963959651
2014-05-09,83.015540566833
2014-05-12,82.697150450728
2014-05-13,82.903167584678
2014-05-14,83.118549133808
2014-05-15,83.024904982013
2014-05-16,83.212193285604
2014-05-19,82.257022937289
2014-05-20,82.4349468257
2014-05-21,82.762701356985
2014-05-22,82.837616678421
2014-05-23,82.790794602524
2014-05-27,83.343295098118
2014-05-28,83.52121898653
2014-05-29,83.699142874941
2014-05-30,83.93325325443
2014-06-02,82.772065772165
2014-06-03,83.08109147309
2014-06-04,83.352659513297
2014-06-05,84.026897406226
2014-06-06,84.673042053616
2014-06-09,83.961346499969
2014-06-10,83.642956383864
2014-06-11,83.127913548988
2014-06-12,82.631599544471
2014-06-13,83.137277964168
2014-06-16,82.65785675474
2014-06-17,82.939869230874
2014-06-18,82.789462576936
2014-06-19,83.428690856172
2014-06-20,83.757705411661
2014-06-23,83.74830499579
2014-06-24,83.898711649728
2014-06-25,83.926912897341
2014-06-26,83.315885865719
2014-06-27,83.682502084692
2014-06-30,84.58494200832
2014-07-01,84.331130779799
2014-07-02,84.359332027413
2014-07-03,84.613143255933
2014-07-07,85.289973198654
2014-07-08,84.942157811422
2014-07-09,85.421579020849
2014-07-10,85.92920147789
2014-07-11,86.145411042925
2014-07-14,86.455624766672
2014-07-15,86.136010627054
2014-07-16,86.530828093641
2014-07-17,85.393377773236
2014-07-18,86.925645560228
2014-07-21,86.35222019209
2014-07-22,87.311062610944
2014-07-23,87.386265937913
2014-07-24,86.831641401517
2014-07-25,86.69063516345
2014-07-28,86.85984264913
2014-07-29,86.812840569775
2014-07-30,90.479002759511
2014-07-31,88.730525407483
2014-08-01,89.830374064404
2014-08-04,89.830374064404
2014-08-05,89.106542042327
2014-08-06,89.914977807244
2014-08-07,91.409643930751
2014-08-08,92.227480111539
2014-08-11,92.15227678457
2014-08-12,90.911421889582
2014-08-13,91.381442683138
2014-08-14,91.701056822756
2014-08-15,92.32148427025
2014-08-18,93.797349562015
2014-08-19,93.120519619295
2014-08-20,92.74450298445
2014-08-21,92.99831421297
2014-08-22,92.246280943281
2014-08-25,92.970112965357
2014-08-26,92.688100489223
2014-08-27,92.876108806646
2014-08-28,92.857307974904
2014-08-29,92.688100489223
2014-09-02,92.857307974904
2014-09-03,92.227480111539
2014-09-04,92.688100489223
2014-09-05,93.656343323949
2014-09-08,93.402532095428
2014-09-09,92.650498825739
2014-09-10,91.625853495787
2014-09-11,91.964268467147
2014-09-12,90.253392778604
2014-09-15,89.435556597817
2014-09-16,89.745770321563
2014-09-17,89.896176975501
2014-09-18,90.131187372279
2014-09-19,89.792772400919
2014-09-22,88.990714219532
2014-09-23,88.632147032559
2014-09-24,88.877482476277
2014-09-25,87.86783276559
2014-09-26,88.179220059541
2014-09-29,88.273579845586
2014-09-30,88.349067674423
2014-10-01,88.179220059541
2014-10-02,88.216963973959
2014-10-03,88.584967139536
2014-10-06,88.584967139536
2014-10-07,88.0942962521
2014-10-08,89.953184037196
2014-10-09,89.405897278132
2014-10-10,89.368153363714
2014-10-13,87.792344936754
2014-10-14,88.084860273495
2014-10-15,86.792131204671
2014-10-16,87.24505817769
2014-10-17,87.915012658613
2014-10-20,88.783122690232
2014-10-21,90.207955459519
2014-10-22,89.585180871619
2014-10-23,90.462726881842
2014-10-24,90.745806239979
2014-10-27,90.72693428277
2014-10-28,90.962833747884
2014-10-29,89.688976636269
2014-10-30,93.321828399022
2014-10-31,92.000791394384
2014-11-03,91.396888763693
2014-11-04,91.415760720902
2014-11-05,92.142331073453
2014-11-06,93.935167008317
2014-11-07,93.859679179481
2014-11-10,93.699267543204
2014-11-11,93.887987115295
2014-11-12,94.114450601804
2014-11-13,94.3126061525
2014-11-14,93.916295051108
2014-11-17,93.925731029713
2014-11-18,94.973124654818
2014-11-19,95.124100312491
2014-11-20,95.029740526446
2014-11-21,96.341341552478
2014-11-24,96.690472760847
2014-11-25,98.294589123621
2014-11-26,98.794695989662
2014-11-28,99.087211326403
2014-12-01,97.652942578511
2014-12-02,96.218673830619
2014-12-03,95.945030451087
2014-12-04,95.878978600855
2014-12-05,94.869328890168
2014-12-08,95.086356398073
2014-12-09,95.095792376677
2014-12-10,94.5201976818
2014-12-11,94.3126061525
2014-12-12,93.378444270649
2014-12-15,92.308068514655
2014-12-16,90.726185760223
2014-12-17,92.014425608144
2014-12-18,93.378444270649
2014-12-19,94.278317693829
2014-12-22,95.367638153469
2014-12-23,95.339221098
2014-12-24,95.433944616229
2014-12-26,95.329748746177
2014-12-29,95.320276394354
2014-12-30,95.045578191488
2014-12-31,93.634197769869
2015-01-02,94.410930619351
2015-01-05,93.046911956846
2015-01-06,92.800630809449
2015-01-07,93.776283047213
2015-01-08,94.647739414924
2015-01-09,94.164649471954
2015-01-12,93.757338343567
2015-01-13,92.715379643042
2015-01-14,92.128093830019
2015-01-15,91.19980335137
2015-01-16,92.279651459187
2015-01-20,92.004953256321
2015-01-21,91.645003887049
2015-01-22,93.615253066223
2015-01-23,94.34462415659
2015-01-26,96.390652150347
2015-01-27,95.092939950603
2015-01-28,93.662614825337
2015-01-29,93.226886641482
2015-01-30,91.834450923508
2015-02-02,92.686962587573
2015-02-03,93.861534213619
2015-02-04,92.686962587573
2015-02-05,94.335151804767
2015-02-06,90.678824001108
2015-02-09,91.597642127934
2015-02-10,91.285054517777
2015-02-11,90.896688093036
2015-02-12,90.906160444859
2015-02-13,91.313471573246
2015-02-17,91.142969240433
2015-02-18,91.124024536787
2015-02-19,90.233623465429
2015-02-20,91.436612146944
2015-02-23,92.19440029278
2015-02-24,89.655810004229
2015-02-25,92.686962587573
2015-02-26,93.662614825337
2015-02-27,93.908895972734
2015-03-02,94.155177120131
2015-03-03,93.09427371596
2015-03-04,93.359499567003
2015-03-05,94.003619490964
2015-03-06,91.512390961528
2015-03-09,91.483973906059
2015-03-10,89.580031189646
2015-03-11,89.636865300583
2015-03-12,91.190330999547
2015-03-13,89.267443579488
2015-03-16,89.617920596937
2015-03-17,89.153775357613
2015-03-18,90.470432261003
2015-03-19,89.598975893292
2015-03-20,92.535404958406
2015-03-23,92.488043199292
2015-03-24,92.03337031179
2015-03-25,90.432542853711
2015-03-26,90.176789354492
2015-03-27,90.972466907619
2015-03-30,91.086135129495
2015-03-31,89.182192413082
2015-04-01,91.370305684183
2015-04-02,91.673420942518
2015-04-06,92.86693727221
2015-04-07,91.758672108924
2015-04-08,91.834450923508
2015-04-09,90.702336590151
2015-04-10,90.445470312834
2015-04-13,90.169576903865
2015-04-14,89.903197060722
2015-04-15,90.5406059711
2015-04-16,92.053262937518
2015-04-17,91.425367592967
2015-04-20,91.178014881477
2015-04-21,90.359848220396
2015-04-22,91.254123408089
2015-04-23,91.368286198008
2015-04-24,90.683309458498
2015-04-27,90.559633102753
2015-04-28,91.101906354865
2015-04-29,88.961354043895
2015-04-30,89.931737758202
2015-05-01,88.932813346416
2015-05-04,90.036386982293
2015-05-05,88.476162186742
2015-05-06,88.342972265171
2015-05-07,89.075516833814
2015-05-08,90.331307522916
2015-05-11,89.094543965467
2015-05-12,89.046976136334
2015-05-13,88.419080791783
2015-05-14,90.198117601345
2015-05-15,90.864067209202
2015-05-18,90.569146668579
2015-05-19,90.806985814243
2015-05-20,89.731952875844
2015-05-21,89.33238311113
2015-05-22,89.760493573324
2015-05-26,90.007846284814
2015-05-27,90.531092405273
2015-05-28,89.998332718987
2015-05-29,88.276377304385
2015-06-01,89.646330783406
2015-06-02,89.570222256793
2015-06-03,88.171728080293
2015-06-04,90.064927679773
2015-06-05,88.019511027069
2015-06-08,88.314431567691
2015-06-09,87.591400564875
2015-06-10,88.190755211946
2015-06-11,88.875731951457
2015-06-12,88.666433503273
2015-06-15,88.190755211946
2015-06-16,89.146648938501
2015-06-17,89.968717543338
2015-06-18,91.937858620041
2015-06-19,91.737120937465
2015-06-22,91.565060066685
2015-06-23,92.0047711809
2015-06-24,90.886375520831
2015-06-25,90.561371653802
2015-06-26,90.083424790525
2015-06-29,88.840762946004
2015-06-30,89.175325750298
2015-07-01,89.863569233417
2015-07-02,90.723873587317
2015-07-06,90.790786148175
2015-07-07,91.412117070436
2015-07-08,90.312839284898
2015-07-09,90.226808849508
2015-07-10,91.21137938786
2015-07-13,91.479029631295
2015-07-14,91.268733011453
2015-07-15,91.718003062934
2015-07-16,93.505524331591
2015-07-17,92.673896789488
2015-07-20,92.779045099409
2015-07-21,92.673896789488
2015-07-22,92.281980361601
2015-07-23,93.677585202371
2015-07-24,92.52095379324
2015-07-27,92.224626738008
2015-07-28,92.415805483319
2015-07-29,92.071683741759
2015-07-30,90.762109336379
2015-07-31,90.915052332628
2015-08-03,91.154025764266
2015-08-04,91.880504996448
2015-08-05,92.377569734256
2015-08-06,94.021706943931
2015-08-07,95.254809851186
2015-08-10,96.057760581492
2015-08-11,96.545266382035
2015-08-12,95.560695843684
2015-08-13,95.828346087119
2015-08-14,96.62173788016
2015-08-17,96.975418558985
2015-08-18,96.057760581492
2015-08-19,95.971730146103
2015-08-20,94.490094869943
2015-08-21,92.43492335785
2015-08-24,87.884869219449
2015-08-25,85.562047463921
2015-08-26,87.492952791561
2015-08-27,89.7297441117
2015-08-28,89.328268746547
2015-08-31,88.123842651088
2015-09-01,86.059112201729
2015-09-02,87.148831050002
2015-09-03,87.005446991018
2015-09-04,85.093659537909
2015-09-08,86.07823007626
2015-09-09,84.787773545411
2015-09-10,84.42453392932
2015-09-11,85.323074032282
2015-09-14,84.912039729863
2015-09-15,85.600283212983
2015-09-16,86.603971625865
2015-09-17,87.483393854296
2015-09-18,86.498823315944
2015-09-21,86.842945057504
2015-09-22,85.555528901103
2015-09-23,85.228871070375
2015-09-24,84.575555408918
2015-09-25,85.353769652712
2015-09-28,83.787733581867
2015-09-29,83.595581916732
2015-09-30,84.527517492634
2015-10-01,84.911820822903
2015-10-02,86.218452145817
2015-10-05,89.792473117318
2015-10-06,89.706004868007
2015-10-07,90.541864611342
2015-10-08,91.819673184486
2015-10-09,91.214395439312
2015-10-12,91.079889273718
2015-10-13,90.023055115479
2015-10-14,89.408169787049
2015-10-15,90.935775524867
2015-10-16,92.357697846862
2015-10-19,92.991798341806
2015-10-20,93.107089340886
2015-10-21,92.290444764065
2015-10-22,95.566630654607
2015-10-23,95.278403156905
2015-10-26,95.624276154147
2015-10-27,95.374478989473
2015-10-28,96.911692310548
2015-10-29,97.958918885531
2015-10-30,98.218323633462
2015-11-02,99.976511369442
2015-11-03,99.227119875418
2015-11-04,98.218323633462
2015-11-05,96.911692310548
2015-11-06,94.183138665639
2015-11-09,93.299241006021
2015-11-10,93.318456172534
2015-11-11,93.789227752114
2015-11-12,93.529823004182
2015-11-13,92.59788742828
2015-11-16,94.202353832153
2015-11-17,94.490581329854
2015-11-18,95.749174736485
2015-11-19,95.720351986715
2015-11-20,96.546604146793
2015-11-23,96.018187067673
2015-11-24,95.364871406216
2015-11-25,95.201542490852
2015-11-27,95.768389902998
2015-11-30,95.480162405297
2015-12-01,97.19991980825
2015-12-02,95.55702307135
2015-12-03,94.048632500045
2015-12-04,93.721974669317
2015-12-07,93.856480834911
2015-12-08,93.078266591116
2015-12-09,91.790850434716
2015-12-10,91.33929402165
2015-12-11,90.003839948965
2015-12-14,90.820484525787
2015-12-15,92.336734639626
2015-12-16,94.162029362656
2015-12-17,92.800301553412
2015-12-18,91.36131259187
2015-12-21,92.28844641944
2015-12-22,93.119003806639
2015-12-23,95.127793766376
2015-12-24,94.780118581037
2015-12-28,95.002244393892
2015-12-29,96.006639373761
2015-12-30,94.741488004888
2015-12-31,93.630858940611
2016-01-04,93.389417839681
2016-01-05,95.234027850785
2016-01-06,94.896010309483
2016-01-07,92.52988752037
2016-01-08,91.003979762493
2016-01-11,91.245420863423
2016-01-12,91.245420863423
2016-01-13,88.995189802757
2016-01-14,89.05313566698
2016-01-15,85.363915644771
2016-01-19,87.797641942145
2016-01-20,85.95303193104
2016-01-21,86.938111622834
2016-01-22,90.057530646848
2016-01-25,88.000452466926
2016-01-26,89.304234411947
2016-01-27,89.342864988096
2016-01-28,89.342864988096
2016-01-29,91.110213846903
2016-02-01,89.91266598629
2016-02-02,88.222578279781
2016-02-03,87.392020892582
2016-02-04,87.971479534814
2016-02-05,85.798509626445
2016-02-08,82.485937721687
2016-02-09,82.640460026282
2016-02-10,82.901216415286
2016-02-11,80.795850015178
2016-02-12,82.737036466654
2016-02-16,83.490332701555
2016-02-17,83.239233956588
2016-02-18,84.504385325461
2016-02-19,84.330547732791
2016-02-22,86.184815387933
2016-02-23,85.006582815395
2016-02-24,85.982004863152
2016-02-25,86.358652980602
2016-02-26,86.928453978797
2016-02-29,89.043478022943
2016-03-01,91.457889032242
2016-03-02,91.380627879944
2016-03-03,92.037347674473
2016-03-04,92.655436892854
2016-03-07,92.327076995589
2016-03-08,91.36131259187
2016-03-09,91.36131259187
2016-03-10,91.467546676279
2016-03-11,95.089163190227
2016-03-14,94.702857428739
2016-03-15,95.040874970041
2016-03-16,96.392945135249
2016-03-17,98.266528078464
2016-03-18,97.068980217852
2016-03-21,96.90480026922
2016-03-22,96.508836863695
2016-03-23,96.170819322393
2016-03-24,96.914457913257
2016-03-28,96.808223828848
2016-03-29,98.430708027097
2016-03-30,98.807356144547
2016-03-31,98.865302008771
2016-04-01,100.92238018869
2016-04-04,101.11553306944
2016-04-05,100.43949798683
2016-04-06,102.08129747316
2016-04-07,101.40526239055
2016-04-08,102.58349496309
2016-04-11,102.87462208909
2016-04-12,103.02988988962
2016-04-13,103.08811531482
2016-04-14,102.0885788489
2016-04-15,102.65142462582
2016-04-18,102.41852292503
2016-04-19,102.37970597489
2016-04-20,101.71981782264
2016-04-21,99.536364377677
2016-04-22,101.10845085805
2016-04-25,101.09874662052
2016-04-26,101.67129663497
2016-04-27,101.39957798404
2016-04-28,101.05022543285
2016-04-29,101.77804324784
2016-05-02,102.38941021243
2016-05-03,101.07933814545
2016-05-04,102.38941021243
2016-05-05,103.16574921508
2016-05-06,103.41805939094
2016-05-09,103.49569329121
2016-05-10,104.01001788047
2016-05-11,102.60290343816
2016-05-12,103.40835515341
2016-05-13,102.57379072556
2016-05-16,103.33072125314
2016-05-17,102.24384664943
2016-05-18,101.45780340924
2016-05-19,100.70087288166
2016-05-20,100.93377458245
2016-05-23,101.07933814545
2016-05-24,102.18562122423
2016-05-25,103.02988988962
2016-05-26,102.18562122423
2016-05-27,102.92314327675
2016-05-31,102.65142462582
2016-06-01,102.35059326229
2016-06-02,103.40835515341
2016-06-03,103.80622889227
2016-06-06,104.02942635553
2016-06-07,104.67961027025
2016-06-08,104.37877890673
2016-06-09,105.84411877423
2016-06-10,105.57240012331
2016-06-13,105.70825944877
2016-06-14,104.42730009439
2016-06-15,104.57286365739
2016-06-16,105.0214649563
2016-06-17,104.29004979503
2016-06-20,104.75815549824
2016-06-21,106.7281003326
2016-06-22,106.689091524
2016-06-23,108.70779736911
2016-06-24,105.58709268102
2016-06-27,106.19172921434
2016-06-28,108.05439982504
2016-06-29,110.1998842981
2016-06-30,110.79476862926
2016-07-01,110.78501642711
2016-07-05,111.00931707657
2016-07-06,109.61475216908
2016-07-07,109.41970812608
2016-07-08,110.84352964002
2016-07-11,111.82850205719
2016-07-12,113.22306696468
2016-07-13,113.13529714533
2016-07-14,114.10076515821
2016-07-15,113.9252255195
2016-07-18,113.41811100769
2016-07-19,114.46159663777
2016-07-20,114.81267591518
2016-07-21,114.63713627647
2016-07-22,114.91995013883
2016-07-25,113.97398653025
2016-07-26,114.07150855176
2016-07-27,114.69564948937
2016-07-28,113.75943808295
2016-07-29,112.90124429372
2016-08-01,114.13977396681
2016-08-02,113.8472079023
2016-08-03,112.86223548512
2016-08-04,113.53513743349
2016-08-05,113.6911726679
2016-08-08,112.86223548512
2016-08-09,113.04752732598
2016-08-10,113.35959779479
2016-08-11,113.01827071953
2016-08-12,113.61315505069
2016-08-15,112.92074869802
2016-08-16,111.29213093893
2016-08-17,111.72122783354
2016-08-18,111.51643158838
2016-08-19,110.79476862926
2016-08-22,111.77974104644
2016-08-23,112.36487317546
2016-08-24,111.73098003569
2016-08-25,111.41890956688
2016-08-26,110.42418494755
2016-08-29,111.01906927872
2016-08-30,110.4144327454
2016-08-31,110.57046797981
2016-09-01,110.99956487442
2016-09-02,112.23809454751
2016-09-06,114.24704819046
2016-09-07,113.93497772165
2016-09-08,113.36934999694
2016-09-09,107.45951549387
2016-09-12,108.5127533261
2016-09-13,105.43105744661
2016-09-14,105.68461470252
2016-09-15,106.37702105519
2016-09-16,105.32378322296
2016-09-19,106.49404748099
2016-09-20,105.95767636273
2016-09-21,107.37174567452
2016-09-22,109.49772574328
2016-09-23,110.19013209595
2016-09-26,109.89756603144
2016-09-27,109.79029180779
2016-09-28,110.3754239368
2016-09-29,111.20840902378
2016-09-30,111.06141165549
2016-10-03,110.0030306038
2016-10-04,108.39585937716
2016-10-05,105.28931499396
2016-10-06,106.3378962211
2016-10-07,106.3378962211
2016-10-10,107.23948007995
2016-10-11,106.75928867687
2016-10-12,109.30724306056
2016-10-13,110.44402270867
2016-10-14,111.0810113046
2016-10-17,111.07121148004
2016-10-18,111.86499726881
2016-10-19,113.01157674147
2016-10-20,112.53138533839
2016-10-21,113.39376989903
2016-10-24,114.41295165251
2016-10-25,114.41295165251
2016-10-26,113.35457060082
2016-10-27,113.08997533789
2016-10-28,113.80536253024
2016-10-31,114.84414393282
2016-11-01,112.84497972408
2016-11-02,110.64981902428
2016-11-03,111.00261270817
2016-11-04,110.71841779615
2016-11-07,112.88417902229
2016-11-08,113.60936603919
2016-11-09,107.03368376434
2016-11-10,103.59394534635
2016-11-11,103.59394534635
2016-11-14,100.51680043681
2016-11-15,101.41838429566
2016-11-16,103.31955025888
2016-11-17,103.42734832895
2016-11-18,102.98635622408
2016-11-21,103.7899418374
2016-11-22,105.81850551981
2016-11-23,104.64252657349
2016-11-25,105.15211745023
2016-11-28,103.98593832846
2016-11-29,103.92713938114
2016-11-30,100.22280570023
2016-12-01,98.958628332934
2016-12-02,100.51680043681
2016-12-05,99.997409735518
2016-12-06,98.831230613749
2016-12-07,100.15420692836
2016-12-08,100.34040359486
2016-12-09,100.8499944716
2016-12-12,101.81037727776
2016-12-13,104.00553797756
2016-12-14,104.36813148601
2016-12-15,103.93693920569
2016-12-16,103.68214376732
2016-12-19,104.80912359088
2016-12-20,104.83852306454
2016-12-21,104.46612973154
2016-12-22,104.46612973154
2016-12-23,104.47592955609
2016-12-27,104.73211876372
2016-12-28,104.2887143659
2016-12-29,104.83065307434
2016-12-30,104.1310594689
2017-01-03,104.59417072884
2017-01-04,104.78138591903
2017-01-05,104.41680896972
2017-01-06,103.72706879534
2017-01-09,103.48073301877
2017-01-10,101.98301149727
2017-01-11,102.30817472233
2017-01-12,102.67275167165
2017-01-13,101.93374434196
2017-01-17,103.62853448471
2017-01-18,104.12120603784
2017-01-19,102.90923401715
2017-01-20,102.67275167165
2017-01-23,103.24425067327
2017-01-24,103.03732862096
2017-01-25,102.3968556019
2017-01-26,102.77128598227
2017-01-27,102.29832129127
2017-01-30,101.5001933752
2017-01-31,101.98301149727
2017-02-01,101.76623601389
2017-02-02,102.58407079208
2017-02-03,103.70736193321
2017-02-06,102.12095953214
2017-02-07,101.95345120408
2017-02-08,102.77128598227
2017-02-09,104.22959377953
2017-02-10,103.94384427871
2017-02-13,105.9736510776
2017-02-14,105.21493688578
2017-02-15,105.54010011085
2017-02-16,106.1313059746
2017-02-17,106.5254432171
2017-02-21,109.5504465533
2017-02-22,109.3927916563
2017-02-23,110.55549652168
2017-02-24,111.23538326499
2017-02-27,111.67878766281
2017-02-28,113.10753516687
2017-03-01,112.17145921593
2017-03-02,113.127242029
2017-03-03,113.97463710038
2017-03-06,113.02870771837
2017-03-07,113.01885428731
2017-03-08,111.58025335218
2017-03-09,111.34377100668
2017-03-10,111.91527000831
2017-03-13,112.58530332056
2017-03-14,112.34882097506
2017-03-15,113.59035328894
2017-03-16,113.40313809875
2017-03-17,114.3096537565
2017-03-20,114.28009346332
2017-03-21,115.02895422407
2017-03-22,116.57594290089
2017-03-23,117.20656248889
2017-03-24,117.5711394382
2017-03-27,118.25102618152
2017-03-28,118.6254565619
2017-03-29,119.26592958096
2017-03-30,119.13783497715
2017-03-31,119.75860113409
2017-04-03,119.37431732265
2017-04-04,118.97032664908
2017-04-05,118.87179233846
2017-04-06,120.16259180765
2017-04-07,120.33010013572
2017-04-10,121.29573637984
2017-04-11,121.57302904956
2017-04-12,121.18679997389
2017-04-13,121.41457609543
2017-04-17,123.04862218481
2017-04-18,123.6527240724
2017-04-19,123.46456118938
2017-04-20,123.09813873297
2017-04-21,123.2268817582
2017-04-24,122.65248979951
2017-04-25,122.72181296694
2017-04-26,121.62254559772
2017-04-27,124.55392524896
2017-04-28,124.72228151272
2017-05-01,126.27710112503
2017-05-02,126.67323351033
2017-05-03,125.56406283149
2017-05-04,126.15826140944
2017-05-05,127.44569166168
2017-05-08,127.62395123506
2017-05-09,126.85149308372
2017-05-10,125.8710654301
2017-05-11,125.05899404022
2017-05-12,124.9005410861
2017-05-15,126.6930401296
2017-05-16,127.12878575343
2017-05-17,129.47587013636
2017-05-18,126.74255667776
2017-05-19,127.07926920527
2017-05-22,127.48530490021
2017-05-23,127.48530490021
2017-05-24,128.04979354926
2017-05-25,129.78287273497
2017-05-26,129.84229259276
2017-05-30,130.84252686565
2017-05-31,129.92151906982
2017-06-01,130.55533088631
2017-06-02,131.20894932206
2017-06-05,130.33745807439
2017-06-06,130.42658786108
2017-06-07,130.54542757667
2017-06-08,129.7036462579
2017-06-09,129.02031789326
2017-06-12,127.93095383367
2017-06-13,128.93118810656
2017-06-14,129.23819070517
2017-06-15,130.23842497806
2017-06-16,131.31321292776
2017-06-19,131.6913790582
2017-06-20,130.56683240714
2017-06-21,129.97967973092
2017-06-22,130.23842497806
2017-06-23,131.24355074583
2017-06-26,131.82075168178
2017-06-27,135.09487423223
2017-06-28,133.88076191869
2017-06-29,132.17901433168
2017-06-30,131.68142731793
2017-07-03,130.77581895291
2017-07-05,131.611765136
2017-07-06,130.90519157648
2017-07-07,132.49747002047
2017-07-10,130.57678414741
2017-07-11,130.29813541971
2017-07-12,133.23389880082
2017-07-13,133.49264404797
2017-07-14,135.3834747002
2017-07-17,134.74656332261
2017-07-18,135.52279906405
2017-07-19,134.76646680316
2017-07-20,135.5825095057
2017-07-21,136.23932436385
2017-07-24,136.40850394852
2017-07-25,135.96067563615
2017-07-26,137.20464317052
2017-07-27,134.20916934776
2017-07-28,137.67237496344
2017-07-31,135.67207516818
2017-08-01,135.31381251828
2017-08-02,137.30416057327
2017-08-03,136.48811787072
2017-08-04,136.90609096227
2017-08-07,137.40367797602
2017-08-08,135.97062737643
2017-08-09,137.18473968997
2017-08-10,136.16966218192
2017-08-11,136.0203860778
2017-08-14,139.29450862825
2017-08-15,139.01585990056
2017-08-16,140.40910353905
2017-08-17,138.97605293946
2017-08-18,139.32436384908
2017-08-21,140.59818660427
2017-08-22,141.40427756654
2017-08-23,142.15065808716
2017-08-24,143.10602515355
2017-08-25,143.54390172565
2017-08-28,145.07646972799
2017-08-29,145.18593887101
2017-08-30,146.80807253583
2017-08-31,147.3355147704
2017-09-01,145.06651798772
2017-09-05,146.23087159988
2017-09-06,145.36507019596
2017-09-07,146.28063030126
2017-09-08,144.29028224627
2017-09-11,145.47453933899
2017-09-12,144.13105440187
2017-09-13,143.0065077508
2017-09-14,142.16060982743
2017-09-15,144.31018572682
2017-09-18,144.07134396022
2017-09-19,140.29963439602
2017-09-20,139.72243346008
2017-09-21,138.72725943258
2017-09-22,137.11507750804
2017-09-25,136.72695963732
2017-09-26,135.76164083065
2017-09-27,134.08974846446
2017-09-28,136.1
2017-09-29,136.68
2017-10-02,135.86
2017-10-03,136.66
2017-10-04,138.84
2017-10-05,139.25
2017-10-06,139.11
2017-10-09,137.94
2017-10-10,137.09
2017-10-11,137.93
2017-10-12,140.03
2017-10-13,139.97
2017-10-16,139.59
2017-10-17,139.13
2017-10-18,137.48
2017-10-19,138.39
2017-10-20,139.07
2017-10-23,138.75
2017-10-24,138.03
2017-10-25,137.36
2017-10-26,138.45
2017-10-27,139.03
2017-10-30,142.87
2017-10-31,143.67
2017-11-01,140.81
2017-11-02,142.44
2017-11-03,142.1
2017-11-06,150.16
2017-11-07,150.66
2017-11-09,151.82
2017-11-10,150.54
2017-11-13,150.04
2017-11-14,149.49
2017-11-15,148.93
2017-11-16,148.4
2017-11-17,145.87
2017-11-20,146.22
2017-11-21,146.59
2017-11-22,145.31
2017-11-24,147.3
2017-11-27,148.23
2017-11-28,148.64
2017-11-29,146.3
2017-11-30,143.93
2017-12-01,143.61
2017-12-04,138.97
2017-12-05,140.76
2017-12-06,141.8
2017-12-07,144.11
2017-12-08,142.47
2017-12-11,144.05
2017-12-12,143.51
2017-12-13,143.73
2017-12-14,143.64
2017-12-15,142.76
2017-12-18,142.84
2017-12-19,141.86
2017-12-20,140.19
2017-12-21,139.61
2017-12-22,140.66
2017-12-26,140.91
2017-12-27,141.56
2017-12-28,142.91
2017-12-29,142.67
2018-01-02,141.13
2018-01-03,141.68
2018-01-04,139.61
2018-01-05,140.51
2018-01-08,142.01
2018-01-09,141.05
2018-01-10,137.61
2018-01-11,134.97
2018-01-12,133.0
2018-01-16,135.63
2018-01-17,136.64
2018-01-18,135.19
2018-01-19,137.62
2018-01-22,139.24
2018-01-23,141.2
2018-01-24,141.76
2018-01-25,142.96
2018-01-26,145.13
2018-01-29,144.33
2018-01-30,145.15
2018-01-31,147.7
2018-02-01,147.06
2018-02-02,145.22
2018-02-05,142.04
2018-02-06,140.17
2018-02-07,140.0
2018-02-08,133.57
2018-02-09,136.05
2018-02-12,136.23
2018-02-13,136.31
2018-02-14,135.48
2018-02-15,136.22
2018-02-16,140.02
2018-02-20,139.24
2018-02-21,137.44
2018-02-22,138.98
2018-02-23,141.87
2018-02-26,142.74
2018-02-27,140.7
2018-02-28,139.33
2018-03-01,135.37
2018-03-02,134.0
2018-03-05,136.81
2018-03-06,138.88
2018-03-07,140.0
2018-03-08,142.74
2018-03-09,143.58
2018-03-12,145.08
2018-03-13,146.25
2018-03-14,146.46
2018-03-15,146.65
2018-03-16,146.55
2018-03-19,145.12
2018-03-20,146.31
2018-03-21,142.33
2018-03-22,143.01
2018-03-23,142.27
2018-03-26,145.21
2018-03-27,144.46
