Date,AON
2010-01-04,34.449656070173
2010-01-05,34.231735209423
2010-01-06,34.222655173558
2010-01-07,34.122774779048
2010-01-08,34.40425589085
2010-01-11,34.549536464683
2010-01-12,34.495056249495
2010-01-13,34.558616500547
2010-01-14,34.28621542461
2010-01-15,34.104614707319
2010-01-19,34.349775675662
2010-01-20,34.585856608141
2010-01-21,34.685737002651
2010-01-22,34.985378186182
2010-01-25,35.348579620765
2010-01-26,35.448460015275
2010-01-27,35.575580517379
2010-01-28,35.566500481515
2010-01-29,35.457121187363
2010-02-01,35.356856834391
2010-02-02,35.967557893402
2010-02-03,35.830833775713
2010-02-04,35.37508671675
2010-02-05,36.195431422884
2010-02-08,36.140741775809
2010-02-09,36.304810717035
2010-02-10,36.131626834629
2010-02-11,35.921983187506
2010-02-12,36.286580834677
2010-02-16,36.36861530529
2010-02-17,36.714983070103
2010-02-18,36.705868128923
2010-02-19,36.979316364302
2010-02-22,36.87905201133
2010-02-23,36.99754624666
2010-02-24,37.134270364349
2010-02-25,37.362143893831
2010-02-26,37.316569187935
2010-03-01,37.353028952652
2010-03-02,37.316569187935
2010-03-03,37.225419776142
2010-03-04,37.225419776142
2010-03-05,37.790546129257
2010-03-08,37.763201305719
2010-03-09,37.653822011568
2010-03-10,37.343914011472
2010-03-11,37.662936952747
2010-03-12,37.863465658691
2010-03-15,38.191603541145
2010-03-16,38.173373658786
2010-03-17,38.300982835296
2010-03-18,38.592660953032
2010-03-19,38.87522412959
2010-03-22,38.911683894307
2010-03-23,39.093982717892
2010-03-24,38.665580482467
2010-03-25,38.820534482514
2010-03-26,38.811419541335
2010-03-29,39.103097659072
2010-03-30,39.093982717892
2010-03-31,38.929913776665
2010-04-01,39.185132129685
2010-04-05,39.130442482609
2010-04-06,39.203362012044
2010-04-07,39.258051659119
2010-04-08,39.358316012091
2010-04-09,39.321856247374
2010-04-12,39.577074600394
2010-04-13,39.522384953318
2010-04-14,39.476810247422
2010-04-15,39.567959659214
2010-04-16,39.267166600298
2010-04-19,39.50415507096
2010-04-20,40.114856129971
2010-04-21,40.215120482943
2010-04-22,40.342729659452
2010-04-23,40.178660718226
2010-04-26,39.932557306385
2010-04-27,39.221591894402
2010-04-28,39.62264930629
2010-04-29,40.24246530648
2010-04-30,38.833979020754
2010-05-03,38.788248946542
2010-05-04,38.449846397374
2010-05-05,38.422408352846
2010-05-06,37.626705061559
2010-05-07,37.617559046717
2010-05-10,38.724226842645
2010-05-11,38.779102931699
2010-05-12,39.3187178074
2010-05-13,38.797394961384
2010-05-14,38.056567759151
2010-05-17,38.276072115368
2010-05-18,37.224280408494
2010-05-19,36.995630037435
2010-05-20,35.59628976655
2010-05-21,36.254802835202
2010-05-24,35.623727811078
2010-05-25,35.468245558757
2010-05-26,35.193865113486
2010-05-27,36.227364790675
2010-05-28,36.099320582881
2010-06-01,35.331055336121
2010-06-02,36.263948850044
2010-06-03,36.410285087522
2010-06-04,35.138989024431
2010-06-07,35.138989024431
2010-06-08,35.395077440018
2010-06-09,34.571936104204
2010-06-10,35.084112935377
2010-06-11,35.294471276752
2010-06-14,35.001798801796
2010-06-15,35.898108256349
2010-06-16,36.0170064493
2010-06-17,36.273094864887
2010-06-18,36.346262983626
2010-06-21,36.181634716463
2010-06-22,35.760918033713
2010-06-23,35.614581796235
2010-06-24,35.120696994747
2010-06-25,35.413369469703
2010-06-28,35.303617291594
2010-06-29,34.498767985465
2010-06-30,33.950007094922
2010-07-01,33.639042590281
2010-07-02,33.940861080079
2010-07-06,34.05975927303
2010-07-07,34.846316549475
2010-07-08,34.946922712741
2010-07-09,35.065820905692
2010-07-12,32.578104868564
2010-07-13,33.90427702071
2010-07-14,33.931715065237
2010-07-15,33.821962887128
2010-07-16,33.145157788792
2010-07-19,32.632980957619
2010-07-20,32.916507417733
2010-07-21,32.587250883407
2010-07-22,33.355516130167
2010-07-23,33.492706352803
2010-07-26,33.666480634808
2010-07-27,33.300640041113
2010-07-28,33.52014439733
2010-07-29,33.639042590281
2010-07-30,34.594123242585
2010-08-02,35.016562761873
2010-08-03,34.713508324123
2010-08-04,34.649224049448
2010-08-05,34.915544615956
2010-08-06,35.080847036547
2010-08-09,35.521653491457
2010-08-10,35.310433731813
2010-08-11,34.281885337024
2010-08-12,34.134949852054
2010-08-13,33.896179688978
2010-08-16,33.740060736197
2010-08-17,34.38290348294
2010-08-18,34.38290348294
2010-08-19,33.942097028031
2010-08-20,33.896179688978
2010-08-23,33.905363156789
2010-08-24,33.583941783417
2010-08-25,33.501290573121
2010-08-26,33.308437749099
2010-08-27,34.134949852054
2010-08-30,33.418639362826
2010-08-31,33.280887345667
2010-09-01,34.125766384243
2010-09-02,34.713508324123
2010-09-03,35.236965989328
2010-09-07,34.511472032289
2010-09-08,34.695141388501
2010-09-09,34.952278487199
2010-09-10,34.685957920691
2010-09-13,35.053296633115
2010-09-14,34.731875259744
2010-09-15,34.685957920691
2010-09-16,34.796159534418
2010-09-17,35.007379294062
2010-09-20,35.641038572995
2010-09-21,35.631855105184
2010-09-22,35.585937766131
2010-09-23,35.1267643756
2010-09-24,36.228780512874
2010-09-27,36.228780512874
2010-09-28,36.338982126601
2010-09-29,36.384899465654
2010-09-30,35.916542607313
2010-10-01,36.072661560094
2010-10-04,35.999193817609
2010-10-05,36.430816804708
2010-10-06,36.293064787548
2010-10-07,36.155312770389
2010-10-08,36.192046641632
2010-10-11,35.806340993586
2010-10-12,36.274697851927
2010-10-13,36.237963980685
2010-10-14,36.265514384116
2010-10-15,36.237963980685
2010-10-18,36.7706051137
2010-10-19,36.265514384116
2010-10-20,36.412449869086
2010-10-21,36.788972049321
2010-10-22,36.752238178079
2010-10-25,37.009375276776
2010-10-26,37.082843019261
2010-10-27,37.532832941981
2010-10-28,37.477732135118
2010-10-29,36.638953575281
2010-11-01,36.657388268904
2010-11-02,36.76799643064
2010-11-03,36.814083164697
2010-11-04,37.874078048007
2010-11-05,38.510074977993
2010-11-08,38.22433722684
2010-11-09,38.196685186406
2010-11-10,38.3533800822
2010-11-11,38.159815799161
2010-11-12,37.855643354385
2010-11-15,38.030772943801
2010-11-16,37.588340296854
2010-11-17,37.680513764968
2010-11-18,37.82799131395
2010-11-19,37.800339273516
2010-11-22,37.643644377723
2010-11-23,37.099820915851
2010-11-24,37.698948458591
2010-11-26,37.49616682874
2010-11-29,37.284167852078
2010-11-30,36.979995407302
2010-12-01,38.076859677858
2010-12-02,38.95250762494
2010-12-03,39.431809659133
2010-12-06,39.892676999702
2010-12-07,40.270588218969
2010-12-08,39.94798108057
2010-12-09,40.067806589119
2010-12-10,40.261370872158
2010-12-13,40.67615147867
2010-12-14,41.127801472429
2010-12-15,40.860498414898
2010-12-16,41.00797596388
2010-12-17,41.570234119375
2010-12-20,41.782233096037
2010-12-21,42.150926968493
2010-12-22,42.353708598344
2010-12-23,42.279969823852
2010-12-27,42.289187170664
2010-12-28,42.13249227487
2010-12-29,42.326056557909
2010-12-30,42.445882066458
2010-12-31,42.409012679212
2011-01-03,41.957362685454
2011-01-04,41.46884330445
2011-01-05,41.478060651261
2011-01-06,41.275279021411
2011-01-07,40.86971576171
2011-01-10,40.565543316934
2011-01-11,40.510239236065
2011-01-12,40.464152502008
2011-01-13,40.399631074329
2011-01-14,41.20154024692
2011-01-18,41.376669836336
2011-01-19,41.081714738372
2011-01-20,41.542582078941
2011-01-21,41.773015749226
2011-01-24,41.487277998073
2011-01-25,41.994232072699
2011-01-26,42.187796355739
2011-01-27,42.316839211098
2011-01-28,41.911275951397
2011-01-31,42.299685834442
2011-02-01,42.780574261068
2011-02-02,42.882300659009
2011-02-03,42.688095717486
2011-02-04,44.537666589128
2011-02-07,45.037050724471
2011-02-08,45.490195588023
2011-02-09,45.517939151098
2011-02-10,45.86935761671
2011-02-11,46.137545393098
2011-02-14,47.043835120202
2011-02-15,47.459988566321
2011-02-16,47.903885575515
2011-02-17,48.014859827814
2011-02-18,48.948893117993
2011-02-22,48.310791167276
2011-02-23,48.061099099605
2011-02-24,48.014859827814
2011-02-25,48.541987526232
2011-02-28,48.680705341605
2011-03-01,47.987116264739
2011-03-02,47.182552935575
2011-03-03,48.03335553653
2011-03-04,47.589458527336
2011-03-07,47.321270750948
2011-03-08,47.755919905784
2011-03-09,47.358262168381
2011-03-10,46.156041101814
2011-03-11,47.395253585814
2011-03-14,48.042603390888
2011-03-15,48.431013273933
2011-03-16,47.552467109903
2011-03-17,47.913133429874
2011-03-18,48.061099099605
2011-03-21,48.273799749844
2011-03-22,47.746672051426
2011-03-23,47.626449944769
2011-03-24,48.209064769336
2011-03-25,48.338534730351
2011-03-28,48.468004691366
2011-03-29,48.597474652381
2011-03-30,48.588226798023
2011-03-31,48.976636681067
2011-04-01,49.716465029724
2011-04-04,49.753456447157
2011-04-05,49.420533690261
2011-04-06,49.614738631784
2011-04-07,50.095627058411
2011-04-08,49.263320166172
2011-04-11,49.355798709754
2011-04-12,48.283047604202
2011-04-13,48.560483234948
2011-04-14,48.310791167276
2011-04-15,48.523491817515
2011-04-18,47.617202090411
2011-04-19,47.533971401187
2011-04-20,47.987116264739
2011-04-21,48.255304041127
2011-04-25,48.255304041127
2011-04-26,48.773183885187
2011-04-27,48.745440322112
2011-04-28,49.411285835903
2011-04-29,48.381884047655
2011-05-02,48.762113537008
2011-05-03,48.984686896629
2011-05-04,49.003234676598
2011-05-05,48.456075167529
2011-05-06,48.706470197103
2011-05-09,48.752839647024
2011-05-10,49.216534146235
2011-05-11,48.864126326834
2011-05-12,49.20726025625
2011-05-13,49.003234676598
2011-05-16,49.253629706172
2011-05-17,48.56736184734
2011-05-18,48.660100747182
2011-05-19,48.789935206961
2011-05-20,48.437527387561
2011-05-23,48.066571788192
2011-05-24,47.565781729044
2011-05-25,47.936737328413
2011-05-26,48.168584578018
2011-05-27,47.639972848918
2011-05-31,48.363336267687
2011-06-01,47.73271174876
2011-06-02,47.816176758618
2011-06-03,47.769807308697
2011-06-06,47.751259528729
2011-06-07,47.881093988508
2011-06-08,46.879513870212
2011-06-09,47.111361119818
2011-06-10,46.554927720765
2011-06-13,46.805322750338
2011-06-14,47.287565029518
2011-06-15,46.480736600891
2011-06-16,45.915029311854
2011-06-17,45.803742632043
2011-06-20,45.979946541743
2011-06-21,46.564201610749
2011-06-22,45.961398761775
2011-06-23,45.692455952233
2011-06-24,45.553347602469
2011-06-27,45.711003732201
2011-06-28,46.119054891506
2011-06-29,47.009348329991
2011-06-30,47.575055619028
2011-07-01,47.955285108381
2011-07-05,47.788355088665
2011-07-06,47.741985638744
2011-07-07,48.066571788192
2011-07-08,47.918189548444
2011-07-11,47.02789610996
2011-07-12,47.547233949076
2011-07-13,47.000074440007
2011-07-14,46.61057106067
2011-07-15,46.239615461301
2011-07-18,45.330774242848
2011-07-19,45.48843037258
2011-07-20,45.998494321712
2011-07-21,46.740405520449
2011-07-22,46.712583850496
2011-07-25,46.638392730623
2011-07-26,46.907335540165
2011-07-27,46.304532691191
2011-07-28,45.942850981806
2011-07-29,44.761489962432
2011-08-01,44.510334470124
2011-08-02,43.794076214283
2011-08-03,44.138252259298
2011-08-04,42.808058355593
2011-08-05,41.756926110008
2011-08-08,38.873288976102
2011-08-09,42.268539149894
2011-08-10,40.333711653596
2011-08-11,42.370861757872
2011-08-12,42.277841205165
2011-08-15,43.133630290066
2011-08-16,42.826662466134
2011-08-17,43.170838511149
2011-08-18,41.161594572685
2011-08-19,41.189500738497
2011-08-22,40.510450703739
2011-08-23,42.296445315706
2011-08-24,42.21272681827
2011-08-25,41.998779547045
2011-08-26,42.826662466134
2011-08-29,43.859190601178
2011-08-30,43.440598113998
2011-08-31,43.46850427981
2011-09-01,42.947589184653
2011-09-02,41.701113778384
2011-09-06,41.263917180663
2011-09-07,42.547600808014
2011-09-08,41.877852828526
2011-09-09,40.547658924822
2011-09-12,40.370919874679
2011-09-13,39.850004779522
2011-09-14,39.905817111146
2011-09-15,40.715095919694
2011-09-16,40.94764730146
2011-09-19,40.436034261574
2011-09-20,40.054649995476
2011-09-21,38.259353328238
2011-09-22,37.608209459292
2011-09-23,37.208221082653
2011-09-26,37.896573172683
2011-09-27,38.333769770404
2011-09-28,37.254731359007
2011-09-29,39.338391739635
2011-09-30,39.050028026245
2011-10-03,37.784948509435
2011-10-04,39.208162965846
2011-10-05,40.24999315616
2011-10-06,40.910439080378
2011-10-07,40.277899321972
2011-10-10,41.310427457016
2011-10-11,41.22670895958
2011-10-12,41.738321999467
2011-10-13,41.598791170407
2011-10-14,41.970873381233
2011-10-17,41.338333622828
2011-10-18,42.77085013451
2011-10-19,43.338275506021
2011-10-20,44.008023485508
2011-10-21,45.887038650182
2011-10-24,46.677713348189
2011-10-25,45.663789323686
2011-10-26,46.249818805738
2011-10-27,46.761431845625
2011-10-28,44.780094072973
2011-10-31,43.501729228631
2011-11-01,42.51262942206
2011-11-02,43.772332005901
2011-11-03,44.136246085677
2011-11-04,44.238888518434
2011-11-07,44.248219648685
2011-11-08,45.069359110744
2011-11-09,44.322868690691
2011-11-10,44.220226257933
2011-11-11,44.87340537548
2011-11-14,44.276213039437
2011-11-15,44.201563997432
2011-11-16,43.389755665623
2011-11-17,43.315106623618
2011-11-18,42.717914287575
2011-11-21,41.803463523009
2011-11-22,41.066304233206
2011-11-23,40.758376934934
2011-11-25,41.271589098721
2011-11-28,41.700821090252
2011-11-29,41.486205094486
2011-11-30,42.895205762338
2011-12-01,42.801894459831
2011-12-02,42.93253028334
2011-12-05,43.156477409357
2011-12-06,43.100490627853
2011-12-07,43.137815148855
2011-12-08,42.736576548076
2011-12-09,43.193801930359
2011-12-12,42.298013426295
2011-12-13,41.53286074574
2011-12-14,42.046072909527
2011-12-15,42.186039863287
2011-12-16,41.859450304513
2011-12-19,41.598178657494
2011-12-20,42.727245417826
2011-12-21,43.20313306061
2011-12-22,43.856312178157
2011-12-23,43.725676354648
2011-12-27,43.968285741165
2011-12-28,43.62303392189
2011-12-29,43.735007484898
2011-12-30,43.669689573144
2012-01-03,43.884305568909
2012-01-04,43.147146279106
2012-01-05,43.389755665623
2012-01-06,43.053834976599
2012-01-09,43.165808539607
2012-01-10,43.61370279164
2012-01-11,43.324437753869
2012-01-12,43.548384879885
2012-01-13,43.184470800109
2012-01-17,43.371093405122
2012-01-18,43.809656526904
2012-01-19,44.322868690691
2012-01-20,44.31353756044
2012-01-23,44.005610262168
2012-01-24,43.884305568909
2012-01-25,44.322868690691
2012-01-26,44.462835644451
2012-01-27,44.920061026734
2012-01-30,44.901398766232
2012-01-31,45.331972946605
2012-02-01,46.211841923887
2012-02-02,46.211841923887
2012-02-03,44.985641540653
2012-02-06,44.910759074501
2012-02-07,44.957560615846
2012-02-08,45.472377570639
2012-02-09,45.537899728522
2012-02-10,45.453656954101
2012-02-13,45.565980653329
2012-02-14,45.200928630839
2012-02-15,44.929479691039
2012-02-16,44.517626127205
2012-02-17,44.573787976818
2012-02-21,44.545707052011
2012-02-22,44.686111676046
2012-02-23,45.088604931612
2012-02-24,44.489545202398
2012-02-27,44.55506736028
2012-02-28,43.83432362357
2012-02-29,43.815603007032
2012-03-01,44.255537495674
2012-03-02,44.255537495674
2012-03-05,44.330419961825
2012-03-06,44.115132871639
2012-03-07,44.180655029522
2012-03-08,44.480184894129
2012-03-09,44.995001848922
2012-03-12,45.116685856418
2012-03-13,45.668944044287
2012-03-14,45.865510517936
2012-03-15,45.893591442743
2012-03-16,45.837429593129
2012-03-19,45.865510517936
2012-03-20,45.565980653329
2012-03-21,45.46301726237
2012-03-22,45.257090480453
2012-03-23,45.547260036791
2012-03-26,45.865510517936
2012-03-27,45.509818803715
2012-03-28,46.024635758508
2012-03-29,45.837429593129
2012-03-30,45.92167236755
2012-04-02,46.071437299853
2012-04-03,46.080797608122
2012-04-04,45.537899728522
2012-04-05,45.313252330067
2012-04-09,44.948200307577
2012-04-10,44.218096262598
2012-04-11,44.873317841425
2012-04-12,45.397495104487
2012-04-13,45.360053871412
2012-04-16,45.416215721025
2012-04-17,45.799988360053
2012-04-18,45.725105893901
2012-04-19,46.530092405032
2012-04-20,46.614335179453
2012-04-23,46.801541344832
2012-04-24,47.381880457508
2012-04-25,48.111984502488
2012-04-26,48.645522073819
2012-04-27,48.465336139641
2012-04-30,48.63433576198
2012-05-01,48.944168402935
2012-05-02,48.521669347087
2012-05-03,48.211836706133
2012-05-04,45.432731805448
2012-05-07,45.141676900309
2012-05-08,45.057177089139
2012-05-09,45.151065768217
2012-05-10,45.216787843571
2012-05-11,45.207398975663
2012-05-14,44.906955202616
2012-05-15,44.784899919816
2012-05-16,43.817846525321
2012-05-17,43.320236526212
2012-05-18,42.907126338272
2012-05-21,43.442291809012
2012-05-22,43.498625016458
2012-05-23,43.949290676029
2012-05-24,44.456289543046
2012-05-25,44.493845014676
2012-05-29,44.55956709003
2012-05-30,43.517402752274
2012-05-31,43.658235770889
2012-06-01,42.353183131717
2012-06-04,42.569127093594
2012-06-05,42.728737848025
2012-06-06,44.259123316983
2012-06-07,43.752124449967
2012-06-08,43.921124072306
2012-06-11,43.263903318765
2012-06-12,43.892957468582
2012-06-13,43.423514073197
2012-06-14,43.592513695535
2012-06-15,44.127679166275
2012-06-18,43.98684614766
2012-06-19,44.240345581168
2012-06-20,44.127679166275
2012-06-21,43.263903318765
2012-06-22,43.357791997842
2012-06-25,42.644238036856
2012-06-26,42.738126715933
2012-06-27,43.263903318765
2012-06-28,42.925904074087
2012-06-29,43.921124072306
2012-07-02,44.465678410953
2012-07-03,44.803677655631
2012-07-05,45.132288032401
2012-07-06,44.390567467691
2012-07-09,44.127679166275
2012-07-10,43.864790864859
2012-07-11,44.259123316983
2012-07-12,44.249734449076
2012-07-13,44.719177844462
2012-07-16,44.503233882584
2012-07-17,44.766122184
2012-07-18,44.897566334708
2012-07-19,44.493845014676
2012-07-20,44.10890143046
2012-07-23,43.817846525321
2012-07-24,43.357791997842
2012-07-25,43.320236526212
2012-07-26,43.639458035074
2012-07-27,46.305896520866
2012-07-30,46.913825717891
2012-07-31,46.339293822932
2012-08-01,46.650106159549
2012-08-02,46.480572157758
2012-08-03,47.554287502435
2012-08-06,47.403590611954
2012-08-07,47.846262727742
2012-08-08,48.317190510496
2012-08-09,48.458468845322
2012-08-10,48.816373960214
2012-08-13,48.8823038498
2012-08-14,49.202534742072
2012-08-15,49.447417189104
2012-08-16,49.965437750133
2012-08-17,50.191483085854
2012-08-20,49.993693417098
2012-08-21,49.56985841262
2012-08-22,49.654625413515
2012-08-23,49.108349185521
2012-08-24,49.324975965588
2012-08-27,49.146023408142
2012-08-28,49.108349185521
2012-08-29,48.995326517661
2012-08-30,48.703351292354
2012-08-31,48.93881518373
2012-09-04,48.769281181939
2012-09-05,48.477305956632
2012-09-06,49.136604852487
2012-09-07,48.93881518373
2012-09-10,48.656258514078
2012-09-11,48.84462962718
2012-09-12,48.8823038498
2012-09-13,49.513347078689
2012-09-14,50.012530528408
2012-09-17,49.682881080481
2012-09-18,49.758229525721
2012-09-19,49.58869552393
2012-09-20,49.560439856965
2012-09-21,49.616951190895
2012-09-24,49.362650188208
2012-09-25,48.872885294145
2012-09-26,48.741025514974
2012-09-27,49.428580077794
2012-09-28,49.249627520347
2012-10-01,50.191483085854
2012-10-02,50.040786195373
2012-10-03,50.191483085854
2012-10-04,50.587062423367
2012-10-05,50.98264176088
2012-10-08,50.756596425158
2012-10-09,50.25741297544
2012-10-10,49.824159415307
2012-10-11,50.069041862338
2012-10-12,50.097297529304
2012-10-15,50.219738752819
2012-10-16,50.3704356433
2012-10-17,50.96380464957
2012-10-18,50.492876866816
2012-10-19,49.494509967379
2012-10-22,49.635788302205
2012-10-23,49.230790409037
2012-10-24,49.051837851591
2012-10-25,49.306138854278
2012-10-26,50.709503646883
2012-10-31,50.961450010656
2012-11-01,51.764364422316
2012-11-02,51.839932837531
2012-11-05,52.028853875569
2012-11-06,53.181272207598
2012-11-07,52.416142003546
2012-11-08,52.142206498391
2012-11-09,52.548386730172
2012-11-12,52.907336702444
2012-11-13,53.058473532874
2012-11-14,52.793984079621
2012-11-15,52.860106442934
2012-11-16,53.077365636678
2012-11-19,53.228502467108
2012-11-20,53.795265581221
2012-11-21,54.069201086375
2012-11-23,54.541503681469
2012-11-26,54.031416878768
2012-11-27,53.322962986127
2012-11-28,53.719697166006
2012-11-29,53.710251114104
2012-11-30,53.653574802692
2012-12-03,53.587452439379
2012-12-04,53.568560335576
2012-12-05,53.511884024164
2012-12-06,53.663020854594
2012-12-07,53.464653764655
2012-12-10,53.275732726617
2012-12-11,53.370193245636
2012-12-12,53.322962986127
2012-12-13,53.294624830421
2012-12-14,53.08681168858
2012-12-17,53.899172152141
2012-12-18,53.653574802692
2012-12-19,53.455207712753
2012-12-20,53.899172152141
2012-12-21,53.49299192036
2012-12-24,53.49299192036
2012-12-26,53.474099816557
2012-12-27,53.067919584776
2012-12-28,52.425588055448
2012-12-31,52.529494626368
2013-01-02,54.248676072511
2013-01-03,53.946402411651
2013-01-04,53.965294515455
2013-01-07,53.653574802692
2013-01-08,53.483545868459
2013-01-09,53.644128750791
2013-01-10,54.862669446133
2013-01-11,54.550949733371
2013-01-14,54.182553709198
2013-01-15,54.352582643432
2013-01-16,53.974740567356
2013-01-17,53.984186619258
2013-01-18,53.946402411651
2013-01-22,54.758762875213
2013-01-23,54.607626044783
2013-01-24,54.985468120858
2013-01-25,54.428151058647
2013-01-28,54.286460280119
2013-01-29,54.428151058647
2013-01-30,54.67138689512
2013-01-31,54.690330549623
2013-02-01,53.165366362147
2013-02-04,52.000331610224
2013-02-05,52.795965099342
2013-02-06,52.739134135833
2013-02-07,53.05170443513
2013-02-08,53.544239452203
2013-02-11,53.667373206471
2013-02-12,53.705260515477
2013-02-13,54.254626496058
2013-02-14,54.273570150561
2013-02-15,53.989415333019
2013-02-19,54.851351612897
2013-02-20,55.902724437803
2013-02-21,56.281597527859
2013-02-22,57.579237861302
2013-02-25,56.310013009614
2013-02-26,56.878322644698
2013-02-27,57.617125170308
2013-02-28,57.863392678844
2013-03-01,57.673956133816
2013-03-04,57.29508304376
2013-03-05,57.541350552297
2013-03-06,57.153005634989
2013-03-07,57.105646498732
2013-03-08,57.029871880721
2013-03-11,56.925681780955
2013-03-12,56.48997772739
2013-03-13,56.546808690899
2013-03-14,56.859378990195
2013-03-15,56.736245235927
2013-03-18,55.845893474295
2013-03-19,55.893252610552
2013-03-20,56.55628051815
2013-03-21,56.310013009614
2013-03-22,57.086702844229
2013-03-25,57.929695469604
2013-03-26,58.554836068197
2013-03-27,58.251737596152
2013-03-28,58.251737596152
2013-04-01,57.872864506096
2013-04-02,58.194906632644
2013-04-03,57.257195734754
2013-04-04,57.465575934285
2013-04-05,57.086702844229
2013-04-08,57.408744970777
2013-04-09,57.683427961068
2013-04-10,58.280153077906
2013-04-11,59.350469557315
2013-04-12,59.31258224831
2013-04-15,58.242265768901
2013-04-16,58.829519058488
2013-04-17,57.465575934285
2013-04-18,56.518393209145
2013-04-19,56.973040917212
2013-04-22,57.399273143525
2013-04-23,57.90127998785
2013-04-24,57.929695469604
2013-04-25,58.052829223873
2013-04-26,55.8837807833
2013-04-29,56.684150186044
2013-04-30,57.330123407538
2013-05-01,58.232585996389
2013-05-02,59.31554110301
2013-05-03,60.142006842274
2013-05-06,60.322499360044
2013-05-07,60.521991090211
2013-05-08,61.55744816584
2013-05-09,61.243961161292
2013-05-10,61.272459979887
2013-05-13,62.260419024524
2013-05-14,62.621404060064
2013-05-15,63.115383582383
2013-05-16,62.906392246017
2013-05-17,62.972889489406
2013-05-20,62.801896577835
2013-05-21,62.868393821224
2013-05-22,62.459910754691
2013-05-23,61.994430050968
2013-05-24,62.440911542294
2013-05-28,62.725899728247
2013-05-29,62.982389095605
2013-05-30,63.086884763787
2013-05-31,60.483992665417
2013-06-03,60.531490696409
2013-06-04,59.92351589971
2013-06-05,59.762022594336
2013-06-06,60.825978488561
2013-06-07,62.269918630722
2013-06-10,61.908933595182
2013-06-11,61.937432413777
2013-06-12,61.595446590634
2013-06-13,62.250919418325
2013-06-14,61.642944621626
2013-06-17,62.108425325349
2013-06-18,62.34591548031
2013-06-19,60.692984001783
2013-06-20,59.714524563344
2013-06-21,60.094508811281
2013-06-24,59.695525350947
2013-06-25,60.502991877814
2013-06-26,61.215462342696
2013-06-27,61.709441865015
2013-06-28,61.12996588691
2013-07-01,62.089426112952
2013-07-02,61.832936745594
2013-07-03,61.37695564807
2013-07-05,62.374414298905
2013-07-08,62.155923356341
2013-07-09,62.098925719151
2013-07-10,62.032428475762
2013-07-11,63.79935522867
2013-07-12,63.666360741892
2013-07-15,64.046344989829
2013-07-16,63.79935522867
2013-07-17,64.008346565035
2013-07-18,64.131841445615
2013-07-19,64.10334262702
2013-07-22,64.131841445615
2013-07-23,63.704359166686
2013-07-24,63.533366255114
2013-07-25,64.169839870409
2013-07-26,64.150840658012
2013-07-29,63.200880038169
2013-07-30,64.212588098302
2013-07-31,64.288782210551
2013-08-01,65.384072574138
2013-08-02,65.79361592748
2013-08-05,65.650751967012
2013-08-06,65.688849023137
2013-08-07,65.374548310107
2013-08-08,65.736470343293
2013-08-09,65.79361592748
2013-08-12,64.907859372579
2013-08-13,65.574557854762
2013-08-14,65.565033590731
2013-08-15,64.793568204204
2013-08-16,65.136441709327
2013-08-19,65.269781405764
2013-08-20,65.250732877702
2013-08-21,64.784043940173
2013-08-22,65.336451253982
2013-08-23,65.241208613671
2013-08-26,64.536413075362
2013-08-27,63.107773470683
2013-08-28,63.764947688836
2013-08-29,63.745899160773
2013-08-30,63.222064639058
2013-09-03,63.517316824025
2013-09-04,63.383977127588
2013-09-05,63.555413880149
2013-09-06,63.326831543401
2013-09-09,64.479267491175
2013-09-10,65.384072574138
2013-09-11,65.250732877702
2013-09-12,65.15549023739
2013-09-13,65.260257141733
2013-09-16,65.822188719573
2013-09-17,66.679372482381
2013-09-18,70.431932510671
2013-09-19,71.565319930383
2013-09-20,71.927241963568
2013-09-23,71.936766227599
2013-09-24,72.403455165127
2013-09-25,71.908193435505
2013-09-26,71.831999323256
2013-09-27,71.498650082164
2013-09-30,70.898621448199
2013-10-01,70.146204589735
2013-10-02,70.127156061672
2013-10-03,69.260448034834
2013-10-04,69.365214939177
2013-10-07,68.717564985056
2013-10-08,67.984196654654
2013-10-09,67.860381222249
2013-10-10,69.460457579489
2013-10-11,69.622370068019
2013-10-14,70.18430164586
2013-10-15,69.174729658553
2013-10-16,70.336689870359
2013-10-17,70.67003911145
2013-10-18,71.803426531162
2013-10-21,71.527222874258
2013-10-22,72.727280142188
2013-10-23,72.241542676597
2013-10-24,71.984387547755
2013-10-25,73.851143297869
2013-10-28,74.355929291522
2013-10-29,75.917908592638
2013-10-30,76.589369206837
2013-10-31,75.491690061923
2013-11-01,75.186248908556
2013-11-04,75.043073367915
2013-11-05,75.109888620214
2013-11-06,76.408013522025
2013-11-07,75.816221287376
2013-11-08,76.932990504375
2013-11-11,77.982944469075
2013-11-12,76.904355396247
2013-11-13,76.522553954538
2013-11-14,77.133436261272
2013-11-15,77.868404036562
2013-11-18,77.47705755881
2013-11-19,76.866175252076
2013-11-20,76.770724891648
2013-11-21,77.677503315707
2013-11-22,78.794272532706
2013-11-25,77.667958279665
2013-11-26,78.145210081801
2013-11-27,78.546101595596
2013-11-29,77.925674252818
2013-12-02,78.135665045758
2013-12-03,78.154755117844
2013-12-04,77.763408640092
2013-12-05,77.753863604049
2013-12-06,78.985173253561
2013-12-09,79.128348794202
2013-12-10,79.290614406928
2013-12-11,78.030669649288
2013-12-12,78.173845189929
2013-12-13,77.89703914469
2013-12-16,78.126120009716
2013-12-17,78.097484901587
2013-12-18,80.111487506603
2013-12-19,79.309704479014
2013-12-20,79.166528938373
2013-12-23,78.918358001262
2013-12-24,79.815591389278
2013-12-26,79.672415848637
2013-12-27,79.615145632381
2013-12-30,79.462425055697
2013-12-31,80.073307362432
2014-01-02,78.612916847895
2014-01-03,78.84199771292
2014-01-06,78.021124613246
2014-01-07,78.555646631638
2014-01-08,78.173845189929
2014-01-09,79.844226497406
2014-01-10,78.765637424578
2014-01-13,77.238431657742
2014-01-14,79.137893830245
2014-01-15,79.605600596338
2014-01-16,80.197392830987
2014-01-17,80.321478299543
2014-01-21,79.89195167762
2014-01-22,78.994718289604
2014-01-23,77.591597991323
2014-01-24,74.842627611018
2014-01-27,75.33896948524
2014-01-28,76.436648630153
2014-01-29,75.930761719889
2014-01-30,77.233659139721
2014-01-31,76.965818855362
2014-02-03,73.541289505347
2014-02-04,74.038707176299
2014-02-05,74.105667247389
2014-02-06,73.971747105209
2014-02-07,77.501499424079
2014-02-10,78.104140063887
2014-02-11,79.567695903418
2014-02-12,79.806839014453
2014-02-13,80.658188489736
2014-02-14,81.528669413901
2014-02-18,81.461709342812
2014-02-19,81.098211814039
2014-02-20,81.700852453846
2014-02-21,82.475676133598
2014-02-24,82.915699457902
2014-02-25,82.41828178695
2014-02-26,81.624326658315
2014-02-27,82.035652809295
2014-02-28,81.882601218233
2014-03-03,80.954725947418
2014-03-04,81.978258462646
2014-03-05,82.150441502591
2014-03-06,82.800910764605
2014-03-07,83.173974017819
2014-03-10,82.90613373346
2014-03-11,82.542636204688
2014-03-12,81.806075422701
2014-03-13,79.586827352301
2014-03-14,79.797273290011
2014-03-17,80.89733160077
2014-03-18,81.825206871584
2014-03-19,80.572096969763
2014-03-20,81.710418178288
2014-03-21,82.131310053708
2014-03-24,80.581662694205
2014-03-25,80.256428063198
2014-03-26,79.395512863473
2014-03-27,78.869398019197
2014-03-28,79.032015334701
2014-03-31,80.61992559197
2014-04-01,81.117343262922
2014-04-02,80.820805805239
2014-04-03,80.562531245322
2014-04-04,79.032015334701
2014-04-07,77.597156668493
2014-04-08,77.673682464024
2014-04-09,79.012883885818
2014-04-10,76.411006837762
2014-04-11,75.9805492379
2014-04-14,76.946687406479
2014-04-15,77.721511086231
2014-04-16,78.783306499225
2014-04-17,78.572860561514
2014-04-21,78.467637592659
2014-04-22,78.668517805928
2014-04-23,78.496334765983
2014-04-24,78.620689183721
2014-04-25,81.260829129543
2014-04-28,80.591228418646
2014-04-29,81.222566231777
2014-04-30,81.433633613906
2014-05-01,81.922926181567
2014-05-02,81.587137164544
2014-05-05,81.692670855609
2014-05-06,81.318505950926
2014-05-07,82.853541457315
2014-05-08,82.2011513671
2014-05-09,82.057241788376
2014-05-12,82.719225850506
2014-05-13,82.930293232634
2014-05-14,82.431406693058
2014-05-15,82.709631878591
2014-05-16,83.122172670933
2014-05-19,83.409991828381
2014-05-20,83.4867436037
2014-05-21,84.16791560966
2014-05-22,84.446140795193
2014-05-23,84.839493643705
2014-05-27,85.549447565409
2014-05-28,85.501477705835
2014-05-29,86.15386779605
2014-05-30,86.288183402859
2014-06-02,86.259401487114
2014-06-03,85.894830554347
2014-06-04,86.11549190839
2014-06-05,86.403311065838
2014-06-06,86.83503980201
2014-06-09,86.930979521159
2014-06-10,86.729506110946
2014-06-11,86.671942279456
2014-06-12,85.894830554347
2014-06-13,86.278589430944
2014-06-16,86.11549190839
2014-06-17,86.326559290519
2014-06-18,87.209204706692
2014-06-19,86.959761436904
2014-06-20,87.007731296478
2014-06-23,87.180422790947
2014-06-24,86.230619571369
2014-06-25,86.950167464989
2014-06-26,86.316965318604
2014-06-27,86.719912139031
2014-06-30,86.432092981583
2014-07-01,87.113264987543
2014-07-02,86.576002560307
2014-07-03,86.633566391796
2014-07-07,86.85422774584
2014-07-08,86.422499009668
2014-07-09,86.326559290519
2014-07-10,86.307371346689
2014-07-11,86.432092981583
2014-07-14,86.364935178178
2014-07-15,85.856454666687
2014-07-16,85.971582329666
2014-07-17,85.443913874345
2014-07-18,86.048334104986
2014-07-21,86.057928076901
2014-07-22,87.353114285416
2014-07-23,87.381896201161
2014-07-24,87.276362510096
2014-07-25,82.815165569655
2014-07-28,82.594504215612
2014-07-29,82.642474075186
2014-07-30,82.834353513485
2014-07-31,81.169776540801
2014-08-01,81.198642037438
2014-08-04,81.198642037438
2014-08-05,80.063265836416
2014-08-06,80.400029963838
2014-08-07,80.323055306142
2014-08-08,81.362213185042
2014-08-11,81.660489983616
2014-08-12,81.766330137948
2014-08-13,82.62267320482
2014-08-14,82.016497775461
2014-08-15,81.391078681678
2014-08-18,82.276287245186
2014-08-19,82.767000688001
2014-08-20,83.026790157726
2014-08-21,83.642587419297
2014-08-22,83.411663446208
2014-08-25,84.094813533263
2014-08-26,83.786914902477
2014-08-27,83.546369097176
2014-08-28,83.623343754873
2014-08-29,83.863889560174
2014-09-02,84.383468499624
2014-09-03,84.470064989532
2014-09-04,84.652879801561
2014-09-05,84.219897352019
2014-09-08,84.171788190959
2014-09-09,83.199983137543
2014-09-10,83.430907110632
2014-09-11,83.555990929388
2014-09-12,83.786914902477
2014-09-15,83.998595211142
2014-09-16,83.719562076993
2014-09-17,83.700318412569
2014-09-18,84.575905143865
2014-09-19,83.632965587085
2014-09-22,83.228848634179
2014-09-23,83.007546493302
2014-09-24,83.98897337893
2014-09-25,83.036411989938
2014-09-26,83.89275505681
2014-09-29,84.200653687595
2014-09-30,84.354603002988
2014-10-01,83.373176117359
2014-10-02,83.575234593812
2014-10-03,84.268006513079
2014-10-06,83.969729714506
2014-10-07,82.19931258749
2014-10-08,80.323055306142
2014-10-09,78.19663038728
2014-10-10,77.407640145892
2014-10-13,76.541675246808
2014-10-14,77.022766857411
2014-10-15,76.97465769635
2014-10-16,76.907304870866
2014-10-17,77.907975420919
2014-10-20,77.167094340591
2014-10-21,78.831671313275
2014-10-22,78.591125507974
2014-10-23,78.494907185853
2014-10-24,79.264653762817
2014-10-27,79.360872084937
2014-10-28,80.332677138354
2014-10-29,79.716879876783
2014-10-30,80.188349655173
2014-10-31,82.996727287819
2014-11-03,84.135519592466
2014-11-04,85.361168937297
2014-11-05,85.573486146638
2014-11-06,86.06567604102
2014-11-07,86.683326104557
2014-11-10,87.542245724163
2014-11-11,87.030754265297
2014-11-12,87.223769910152
2014-11-13,86.770183144742
2014-11-14,86.712278451285
2014-11-17,87.310626950337
2014-11-18,87.42643633725
2014-11-19,87.233420692395
2014-11-20,87.165865216695
2014-11-21,88.198498916672
2014-11-24,89.086370883007
2014-11-25,88.719641157781
2014-11-26,88.594180988625
2014-11-28,89.260084963376
2014-12-01,89.192529487677
2014-12-02,89.385545132532
2014-12-03,90.485734308208
2014-12-04,91.335003145572
2014-12-05,91.778939128739
2014-12-08,94.191634689432
2014-12-09,93.795952617478
2014-12-10,92.956334562357
2014-12-11,92.927382215629
2014-12-12,91.692082088554
2014-12-15,91.547320354913
2014-12-16,91.209542976416
2014-12-17,92.309732152092
2014-12-18,93.323064287582
2014-12-19,93.31341350534
2014-12-22,93.651190883837
2014-12-23,93.294111940854
2014-12-24,93.149350207213
2014-12-26,92.898429868901
2014-12-29,92.579954054889
2014-12-30,92.869477522172
2014-12-31,91.518368008184
2015-01-02,91.035828896046
2015-01-05,90.157607711954
2015-01-06,89.617163906359
2015-01-07,90.640146824092
2015-01-08,91.971954773595
2015-01-09,91.470114096971
2015-01-12,90.17690927644
2015-01-13,90.553289783908
2015-01-14,90.418178832509
2015-01-15,90.28306788111
2015-01-16,92.222875111907
2015-01-20,91.3639554923
2015-01-21,91.248146105387
2015-01-22,92.357986063305
2015-01-23,91.122685936231
2015-01-26,90.881416380162
2015-01-27,90.080401454012
2015-01-28,87.908975449389
2015-01-29,88.237102045643
2015-01-30,87.143573582037
2015-02-02,88.885477329374
2015-02-03,89.775783689124
2015-02-04,90.11448719555
2015-02-05,90.695121777996
2015-02-06,93.307977399001
2015-02-09,93.520876745897
2015-02-10,95.020849417215
2015-02-11,96.849848351919
2015-02-12,97.488546392609
2015-02-13,97.314356017875
2015-02-17,97.459514663486
2015-02-18,97.314356017875
2015-02-19,97.043393212734
2015-02-20,97.101456670978
2015-02-23,97.265969802671
2015-02-24,97.343387746997
2015-02-25,97.207906344427
2015-02-26,96.985329754489
2015-02-27,97.12081115706
2015-03-02,97.004684240571
2015-03-03,96.695012463266
2015-03-04,96.414372415084
2015-03-05,96.99500699753
2015-03-06,95.601483999661
2015-03-09,95.736965402231
2015-03-10,92.92088767737
2015-03-11,93.317654642041
2015-03-12,95.107944604582
2015-03-13,93.753130578876
2015-03-16,95.562775027498
2015-03-17,95.320843951479
2015-03-18,96.317599984677
2015-03-19,95.71761091615
2015-03-20,96.095023394739
2015-03-23,95.891801290883
2015-03-24,95.011172174174
2015-03-25,92.853146976085
2015-03-26,92.930564920411
2015-03-27,92.775729031759
2015-03-30,94.933754229848
2015-03-31,93.017660107778
2015-04-01,93.124109781226
2015-04-02,93.511199502857
2015-04-06,94.672468667748
2015-04-07,94.178929272669
2015-04-08,95.456325354049
2015-04-09,95.243426007153
2015-04-10,95.07891287546
2015-04-13,95.436970867968
2015-04-14,95.398261895805
2015-04-15,95.301489465397
2015-04-16,94.469246563892
2015-04-17,93.066046322982
2015-04-20,94.256347216995
2015-04-21,93.966029925772
2015-04-22,94.06280235618
2015-04-23,94.266024460036
2015-04-24,94.682145910788
2015-04-27,94.759563855115
2015-04-28,94.895045257685
2015-04-29,95.011172174174
2015-04-30,93.409533084601
2015-05-01,95.535344967125
2015-05-04,95.904207302906
2015-05-05,94.826741006284
2015-05-06,94.525826995516
2015-05-07,95.040292884894
2015-05-08,96.962259792381
2015-05-11,97.253466899576
2015-05-12,96.205121313674
2015-05-13,95.739189942162
2015-05-14,97.04962192454
2015-05-15,96.632225070893
2015-05-18,98.088260606869
2015-05-19,98.457122942649
2015-05-20,99.214261421356
2015-05-21,99.359864974954
2015-05-22,99.874330864332
2015-05-26,99.156019999917
2015-05-27,99.951986092917
2015-05-28,99.884037767905
2015-05-29,98.253277967613
2015-06-01,97.952363956844
2015-06-02,98.233864160466
2015-06-03,98.923054314161
2015-06-04,97.855294921113
2015-06-05,98.010605378283
2015-06-08,97.525260199625
2015-06-09,97.661156849649
2015-06-10,99.388985685673
2015-06-11,100.16553797153
2015-06-12,99.233675228503
2015-06-15,99.554003046417
2015-06-16,100.33055533227
2015-06-17,100.6800038609
2015-06-18,101.45655614676
2015-06-19,99.971399900063
2015-06-22,100.65088315019
2015-06-23,100.96150406453
2015-06-24,100.50527959659
2015-06-25,100.0296413215
2015-06-26,99.738434214307
2015-06-29,97.117570249552
2015-06-30,96.758414817345
2015-07-01,96.787535528064
2015-07-02,96.593397456601
2015-07-06,96.768121720918
2015-07-07,97.243759996003
2015-07-08,96.350724867272
2015-07-09,97.214639285284
2015-07-10,98.79686456771
2015-07-13,99.039537157039
2015-07-14,99.068657867759
2015-07-15,98.874519796295
2015-07-16,99.7772618286
2015-07-17,99.40839949282
2015-07-20,99.321037360661
2015-07-21,99.136606192771
2015-07-22,98.932761217734
2015-07-23,98.593019592673
2015-07-24,98.311519389052
2015-07-27,98.068846799722
2015-07-28,98.195036546174
2015-07-29,98.893933603442
2015-07-30,99.243382132076
2015-07-31,98.104332131148
2015-08-03,96.906869309661
2015-08-04,97.549410335825
2015-08-05,98.649518456379
2015-08-06,98.250364182549
2015-08-07,98.639782986285
2015-08-10,100.05142614983
2015-08-11,98.639782986285
2015-08-12,98.552163755445
2015-08-13,98.542428285351
2015-08-14,98.620312046098
2015-08-17,99.846981277866
2015-08-18,99.720420166652
2015-08-19,98.36718982367
2015-08-20,96.692688967606
2015-08-21,93.976492811549
2015-08-24,89.303467166719
2015-08-25,87.025367164864
2015-08-26,90.169924005031
2015-08-27,91.893102211562
2015-08-28,91.065587253623
2015-08-31,90.968232552689
2015-09-01,87.891824003176
2015-09-02,88.641455200368
2015-09-03,89.030874004104
2015-09-04,87.90155947327
2015-09-08,90.238072295685
2015-09-09,89.118493234944
2015-09-10,89.254789816252
2015-09-11,88.90431289289
2015-09-14,88.398068448033
2015-09-15,89.653944090081
2015-09-16,89.546853919054
2015-09-17,89.722092380735
2015-09-18,86.947483404117
2015-09-21,88.008649644297
2015-09-22,87.161663746172
2015-09-23,86.733303062062
2015-09-24,86.597006480755
2015-09-25,87.638701780748
2015-09-28,86.071291095711
2015-09-29,86.061555625618
2015-09-30,86.266000497579
2015-10-01,86.217323147112
2015-10-02,87.405050498507
2015-10-05,89.099022294757
2015-10-06,87.90155947327
2015-10-07,88.748545371395
2015-10-08,89.498176568587
2015-10-09,88.875106482609
2015-10-12,88.865371012516
2015-10-13,88.378597507846
2015-10-14,87.667908191028
2015-10-15,88.836164602236
2015-10-16,89.196376995691
2015-10-19,88.232565456445
2015-10-20,89.137964175131
2015-10-21,88.90431289289
2015-10-22,89.96547913307
2015-10-23,90.043362893817
2015-10-26,90.267278705965
2015-10-27,90.325691526525
2015-10-28,92.282521015298
2015-10-29,92.613526998473
2015-10-30,91.129054141385
2015-11-02,92.486565504117
2015-11-03,92.408435353744
2015-11-04,92.252175052998
2015-11-05,92.584228192083
2015-11-06,91.382977130098
2015-11-09,90.269622487281
2015-11-10,90.806767271096
2015-11-11,91.69549773159
2015-11-12,90.630974432757
2015-11-13,90.923962496656
2015-11-16,92.164278633828
2015-11-17,91.480639818064
2015-11-18,92.789319836813
2015-11-19,91.627133850013
2015-11-20,92.642825804863
2015-11-23,92.50609804171
2015-11-24,92.5353968481
2015-11-25,92.301006396981
2015-11-27,92.437734160134
2015-11-30,92.525630579304
2015-12-01,93.46319238378
2015-12-02,92.320538934574
2015-12-03,91.490406086861
2015-12-04,94.390987919461
2015-12-07,94.47888433863
2015-12-08,92.877216255982
2015-12-09,92.027550870675
2015-12-10,91.63690011881
2015-12-11,91.119287872588
2015-12-14,91.881056838726
2015-12-15,94.430052994647
2015-12-16,94.65467717697
2015-12-17,91.089989066199
2015-12-18,88.863279780566
2015-12-21,88.67772067343
2015-12-22,88.941409930939
2015-12-23,89.615282477907
2015-12-24,89.898504273009
2015-12-28,89.849672929026
2015-12-29,91.646666387607
2015-12-30,91.353678323708
2015-12-31,90.054764573755
2016-01-04,88.58982425426
2016-01-05,89.126969038075
2016-01-06,87.77922394414
2016-01-07,86.499842731781
2016-01-08,84.986071068303
2016-01-11,84.390328671708
2016-01-12,85.113032562659
2016-01-13,83.902015231876
2016-01-14,85.347423013778
2016-01-15,84.077808070216
2016-01-19,83.970379113453
2016-01-20,82.954687158603
2016-01-21,82.642166557111
2016-01-22,84.390328671708
2016-01-25,83.735988662334
2016-01-26,84.019210457436
2016-01-27,83.902015231876
2016-01-28,84.370796134115
2016-01-29,86.076048605637
2016-02-01,85.831041066625
2016-02-02,84.47859945128
2016-02-03,85.987845891593
2016-02-04,87.17368238041
2016-02-05,91.015400592116
2016-02-08,91.123203909281
2016-02-09,91.025200893676
2016-02-10,90.976199385874
2016-02-11,90.838995164027
2016-02-12,91.92682863724
2016-02-16,92.269839191856
2016-02-17,93.102864824497
2016-02-18,92.681451857396
2016-02-19,91.711222002909
2016-02-22,91.897427732558
2016-02-23,92.191436779373
2016-02-24,92.76965457144
2016-02-25,93.406674172871
2016-02-26,93.847687743093
2016-02-29,93.38707356975
2016-03-01,94.033893472742
2016-03-02,95.44513689745
2016-03-03,96.258561926969
2016-03-04,96.954383337763
2016-03-07,97.160189670533
2016-03-08,96.474168561299
2016-03-09,96.748577004993
2016-03-10,96.591772180025
2016-03-11,98.473430079636
2016-03-14,97.777608668842
2016-03-15,97.895212287568
2016-03-16,97.797209271963
2016-03-17,99.963075916828
2016-03-18,99.443659934123
2016-03-21,99.561263552848
2016-03-22,99.433859632562
2016-03-23,98.502830984317
2016-03-24,99.110449681067
2016-03-28,100.10028013867
2016-03-29,100.88430426351
2016-03-30,101.88393502268
2016-03-31,102.36414979914
2016-04-01,102.77576246468
2016-04-04,102.75616186156
2016-04-05,99.874873202784
2016-04-06,100.06107893243
2016-04-07,99.012446665462
2016-04-08,99.286855109155
2016-04-11,99.443659934123
2016-04-12,100.46289129641
2016-04-13,101.67812868991
2016-04-14,101.82513321332
2016-04-15,102.21714527574
2016-04-18,103.54998628796
2016-04-19,103.08937211462
2016-04-20,102.34454919602
2016-04-21,101.12931180252
2016-04-22,101.16851300877
2016-04-25,101.3841196431
2016-04-26,102.63855824284
2016-04-27,102.2269455773
2016-04-28,101.42332084934
2016-04-29,103.35032461887
2016-05-02,104.82507240167
2016-05-03,103.98938199142
2016-05-04,104.18601502912
2016-05-05,103.63544252354
2016-05-06,103.01604845477
2016-05-09,102.94722689157
2016-05-10,104.3334898074
2016-05-11,103.7337590424
2016-05-12,103.94022373199
2016-05-13,104.02870859896
2016-05-16,104.39247971872
2016-05-17,103.94022373199
2016-05-18,103.61577921977
2016-05-19,103.01604845477
2016-05-20,103.61577921977
2016-05-23,103.36015627075
2016-05-24,105.12985361012
2016-05-25,104.92338892053
2016-05-26,105.17901186954
2016-05-27,106.80123443063
2016-05-31,107.43046015129
2016-06-01,107.49928171449
2016-06-02,107.58776658146
2016-06-03,106.8897192976
2016-06-06,107.5582716258
2016-06-07,107.67625144843
2016-06-08,107.92204274556
2016-06-09,108.01052761253
2016-06-10,107.52877667014
2016-06-13,106.21133531751
2016-06-14,105.67059446381
2016-06-15,104.78574579413
2016-06-16,105.18884352143
2016-06-17,105.06103204692
2016-06-20,105.57227794496
2016-06-21,105.98520732414
2016-06-22,105.91638576095
2016-06-23,107.06668903153
2016-06-24,102.25901125959
2016-06-27,99.103051004394
2016-06-28,102.17052639263
2016-06-29,104.63827101585
2016-06-30,107.39113354375
2016-07-01,107.92204274556
2016-07-05,106.46695826653
2016-07-06,106.27032522882
2016-07-07,107.11584729096
2016-07-08,107.72540970785
2016-07-11,108.31530882097
2016-07-12,108.6987432445
2016-07-13,108.40379368794
2016-07-14,108.68891159262
2016-07-15,108.97402949729
2016-07-18,108.65941663696
2016-07-19,107.88271613802
2016-07-20,108.12850743515
2016-07-21,107.44029180318
2016-07-22,108.6987432445
2016-07-25,108.46278359925
2016-07-26,109.15099923123
2016-07-27,108.62009002942
2016-07-28,108.82655471901
2016-07-29,105.58226906275
2016-08-01,106.81490039111
2016-08-02,106.90364984676
2016-08-03,108.18558642826
2016-08-04,108.42225164331
2016-08-05,109.11252518719
2016-08-08,108.8955820734
2016-08-09,108.70822211149
2016-08-10,108.24475273202
2016-08-11,108.37294639017
2016-08-12,108.08697592199
2016-08-15,108.02780961823
2016-08-16,107.6530896944
2016-08-17,107.94892121321
2016-08-18,107.90947701071
2016-08-19,107.05156560616
2016-08-22,107.8700328082
2016-08-23,107.91933806133
2016-08-24,107.95878226384
2016-08-25,108.58002845334
2016-08-26,108.50114004832
2016-08-29,109.89154818672
2016-08-30,109.64502192105
2016-08-31,109.80279873108
2016-09-01,109.80279873108
2016-09-02,110.5423775281
2016-09-06,110.650849085
2016-09-07,110.71001538876
2016-09-08,110.04932499675
2016-09-09,107.41642447936
2016-09-12,109.56613351603
2016-09-13,108.04753171948
2016-09-14,107.46572973249
2016-09-15,108.77724946588
2016-09-16,107.87989385882
2016-09-19,108.45183479519
2016-09-20,108.77724946588
2016-09-21,110.55223857873
2016-09-22,111.7848699071
2016-09-23,110.59168278124
2016-09-26,110.06904709801
2016-09-27,110.83820904691
2016-09-28,110.71987643939
2016-09-29,109.37877355412
2016-09-30,110.92695850255
2016-10-03,110.45362807246
2016-10-04,109.83238188296
2016-10-05,110.19724075616
2016-10-06,111.60737099581
2016-10-07,110.93681955318
2016-10-10,110.41418386995
2016-10-11,108.32364113704
2016-10-12,109.16183044033
2016-10-13,108.65891685835
2016-10-14,109.1519693897
2016-10-17,108.44197374456
2016-10-18,109.05335888343
2016-10-19,109.16183044033
2016-10-20,108.4912789977
2016-10-21,108.02780961823
2016-10-24,108.50114004832
2016-10-25,106.29226470789
2016-10-26,106.68670673296
2016-10-27,106.91351089738
2016-10-28,110.07890814863
2016-10-31,109.6140646012
2016-11-01,107.61622637604
2016-11-02,106.36015976913
2016-11-03,107.28984686401
2016-11-04,106.60741697521
2016-11-07,110.16792074282
2016-11-08,110.91958264932
2016-11-09,109.71296748363
2016-11-10,111.50310965568
2016-11-11,109.27779480092
2016-11-14,108.98108615362
2016-11-15,108.92174442416
2016-11-16,108.76349981227
2016-11-17,110.2074818958
2016-11-18,110.7316671727
2016-11-21,111.68113484406
2016-11-22,112.11630752677
2016-11-23,112.26466185042
2016-11-25,112.56137049772
2016-11-28,111.54267080865
2016-11-29,112.40312588582
2016-11-30,112.84818885678
2016-12-01,110.82067976689
2016-12-02,110.39539737242
2016-12-05,111.13716899067
2016-12-06,111.96795320312
2016-12-07,114.6778921818
2016-12-08,111.65146397933
2016-12-09,111.78992801474
2016-12-12,111.50310965568
2016-12-13,111.3250844673
2016-12-14,110.52397111959
2016-12-15,111.15694956716
2016-12-16,110.86024091986
2016-12-19,111.0976078377
2016-12-20,110.60309342553
2016-12-21,111.01848553175
2016-12-22,111.24596216135
2016-12-23,111.65146397933
2016-12-27,111.26574273784
2016-12-28,110.49430025486
2016-12-29,110.19759160755
2016-12-30,110.30638477823
2017-01-03,110.85035063162
2017-01-04,112.06685608555
2017-01-05,112.23499098569
2017-01-06,113.09544606286
2017-01-09,112.15586867974
2017-01-10,111.394316485
2017-01-11,111.43387763798
2017-01-12,111.43387763798
2017-01-13,112.04707550906
2017-01-17,112.37345502109
2017-01-18,112.79873741556
2017-01-19,111.04815639648
2017-01-20,110.84046034337
2017-01-23,110.47451967837
2017-01-24,110.97892437878
2017-01-25,111.60201253811
2017-01-26,111.71080570879
2017-01-27,112.1459783915
2017-01-30,111.1668398554
2017-01-31,111.79176275278
2017-02-01,110.27409285915
2017-02-02,111.57353570925
2017-02-03,113.14080265823
2017-02-06,113.16064148037
2017-02-07,113.32927146855
2017-02-08,113.43838499031
2017-02-09,114.24185728694
2017-02-10,114.65847255185
2017-02-13,114.9362160618
2017-02-14,114.91637723966
2017-02-15,115.62065542559
2017-02-16,116.33485302259
2017-02-17,116.58283829933
2017-02-21,114.63863372971
2017-02-22,114.66839196292
2017-02-23,115.25363721602
2017-02-24,115.62065542559
2017-02-27,115.43218661527
2017-02-28,114.71798901827
2017-03-01,116.56299947719
2017-03-02,115.5214613149
2017-03-03,115.54130013703
2017-03-06,114.77750548469
2017-03-07,114.60887549651
2017-03-08,114.68823078506
2017-03-09,115.39250897099
2017-03-10,116.91017886462
2017-03-13,117.98147526012
2017-03-14,117.46566588451
2017-03-15,118.06083054868
2017-03-16,118.27905759221
2017-03-17,117.95171702691
2017-03-20,117.22760001884
2017-03-21,116.62251594361
2017-03-22,116.76138769858
2017-03-23,116.53324124398
2017-03-24,116.5927577104
2017-03-27,117.23751942991
2017-03-28,117.9219587937
2017-03-29,116.81098475393
2017-03-30,117.52518235093
2017-03-31,117.73348998338
2017-04-03,117.37639118488
2017-04-04,117.94179761584
2017-04-05,118.26913818114
2017-04-06,118.42784875825
2017-04-07,118.67583403498
2017-04-10,118.79486696782
2017-04-11,118.76510873461
2017-04-12,117.71365116125
2017-04-13,117.14824473029
2017-04-17,118.09058878189
2017-04-18,117.90211997157
2017-04-19,118.16002465937
2017-04-20,119.58841985337
2017-04-21,117.47558529558
2017-04-24,118.08066937082
2017-04-25,119.10236871097
2017-04-26,119.10236871097
2017-04-27,119.52890338696
2017-04-28,119.2304293482
2017-05-01,119.67814040633
2017-05-02,119.3100224252
2017-05-03,119.72788607946
2017-05-04,120.58351165723
2017-05-05,121.64806906212
2017-05-08,122.18532233188
2017-05-09,123.66774339103
2017-05-10,123.4588115639
2017-05-11,123.66774339103
2017-05-12,123.60804858328
2017-05-15,125.12031704631
2017-05-16,125.33919800806
2017-05-17,125.33919800806
2017-05-18,126.04558656645
2017-05-19,126.63258550934
2017-05-22,127.71704118348
2017-05-23,127.90607474136
2017-05-24,128.53287022275
2017-05-25,129.65712243539
2017-05-26,129.34869926201
2017-05-30,130.04513868578
2017-05-31,130.24412137828
2017-06-01,130.97040820592
2017-06-02,130.73162897491
2017-06-05,130.33366358991
2017-06-06,129.79641032015
2017-06-07,130.74157810954
2017-06-08,131.04005214829
2017-06-09,131.96532166844
2017-06-12,132.35333791882
2017-06-13,133.37809878521
2017-06-14,134.3232665746
2017-06-15,134.96001119062
2017-06-16,135.76589109526
2017-06-19,136.10416167251
2017-06-20,135.45746792188
2017-06-21,134.61179147874
2017-06-22,133.56713234309
2017-06-23,131.72654243743
2017-06-26,132.35333791882
2017-06-27,131.90562686069
2017-06-28,133.29850570821
2017-06-29,132.16430436094
2017-06-30,132.27374484182
2017-07-03,132.48267666895
2017-07-05,132.29364311107
2017-07-06,132.71150676533
2017-07-07,134.3232665746
2017-07-10,134.61179147874
2017-07-11,133.35820051596
2017-07-12,133.97504686272
2017-07-13,134.94011292137
2017-07-14,135.52711186425
2017-07-17,136.14395821101
2017-07-18,136.71105888465
2017-07-19,137.36770176991
2017-07-20,138.13378513605
2017-07-21,138.43225917481
2017-07-24,138.91976677144
2017-07-25,139.28788475257
2017-07-26,138.24322561693
2017-07-27,135.21868869087
2017-07-28,138.32281869393
2017-07-31,137.82407051951
2017-08-01,139.24051533486
2017-08-02,138.88141664928
2017-08-03,138.62206759858
2017-08-04,138.6021176716
2017-08-07,138.42256832881
2017-08-08,138.23304402253
2017-08-09,139.83901314417
2017-08-10,138.50236803672
2017-08-11,138.04351971625
2017-08-14,139.31034007928
2017-08-15,138.93129146672
2017-08-16,138.97119132068
2017-08-17,136.35775088671
2017-08-18,136.17820154392
2017-08-21,137.82407051951
2017-08-22,139.22056540789
2017-08-23,137.87394533695
2017-08-24,137.43504694346
2017-08-25,137.70437095765
2017-08-28,138.03354475276
2017-08-29,137.55474650532
2017-08-30,137.80412059253
2017-08-31,138.81159190486
2017-09-01,138.51234300021
2017-09-05,139.99861255998
2017-09-06,139.87891299812
2017-09-07,138.262968913
2017-09-08,142.28287919883
2017-09-11,142.30282912581
2017-09-12,142.53225328604
2017-09-13,142.63200292093
2017-09-14,141.78413102441
2017-09-15,142.95120175256
2017-09-18,143.6893490507
2017-09-19,144.07837262675
2017-09-20,145.61451700396
2017-09-21,144.57712080117
2017-09-22,145.65441685792
2017-09-25,144.85641977884
2017-09-26,145.91376590862
2017-09-27,146.06339036094
2017-09-28,146.58208846234
2017-09-29,145.73421656583
2017-10-02,146.92123722095
2017-10-03,146.94118714792
2017-10-04,146.28283955769
2017-10-05,146.2728645942
2017-10-06,146.47236386397
2017-10-09,146.98108700188
2017-10-10,147.26038597955
2017-10-11,147.40003546839
2017-10-12,148.86635510119
2017-10-13,149.00600459003
2017-10-16,149.57457750887
2017-10-17,148.82645524724
2017-10-18,149.22545378677
2017-10-19,150.44239933236
2017-10-20,151.16059670353
2017-10-23,151.55959524306
2017-10-24,151.99849363655
2017-10-25,151.2703213019
2017-10-26,150.83142290841
2017-10-27,145.81401627373
2017-10-30,143.09085124139
2017-10-31,143.43
2017-11-01,142.84
2017-11-02,138.96
2017-11-03,138.64
2017-11-06,140.18
2017-11-07,140.21
2017-11-09,143.46
2017-11-10,143.25
2017-11-13,141.89
2017-11-14,143.54
2017-11-15,142.83
2017-11-16,141.28
2017-11-17,141.18
2017-11-20,142.05
2017-11-21,141.44
2017-11-22,139.24
2017-11-24,138.63
2017-11-27,138.12
2017-11-28,139.94
2017-11-29,140.47
2017-11-30,140.22
2017-12-01,142.24
2017-12-04,139.67
2017-12-05,139.24
2017-12-06,139.11
2017-12-07,138.46
2017-12-08,138.49
2017-12-11,138.3
2017-12-12,138.5
2017-12-13,136.56
2017-12-14,136.58
2017-12-15,138.39
2017-12-18,137.19
2017-12-19,136.87
2017-12-20,136.39
2017-12-21,135.34
2017-12-22,133.35
2017-12-26,133.3
2017-12-27,133.92
2017-12-28,134.52
2017-12-29,134.0
2018-01-02,131.49
2018-01-03,133.59
2018-01-04,135.42
2018-01-05,136.57
2018-01-08,136.58
2018-01-09,136.92
2018-01-10,136.66
2018-01-11,135.27
2018-01-12,136.55
2018-01-16,134.54
2018-01-17,136.5
2018-01-18,135.08
2018-01-19,135.18
2018-01-22,135.98
2018-01-23,137.42
2018-01-24,138.83
2018-01-25,139.55
2018-01-26,143.47
2018-01-29,142.34
2018-01-30,141.75
2018-01-31,142.17
2018-02-01,144.48
2018-02-02,143.59
2018-02-05,140.34
2018-02-06,139.92
2018-02-07,140.55
2018-02-08,136.05
2018-02-09,137.91
2018-02-12,139.96
2018-02-13,139.23
2018-02-14,139.97
2018-02-15,140.89
2018-02-16,140.86
2018-02-20,140.72
2018-02-21,139.37
2018-02-22,139.12
2018-02-23,141.91
2018-02-26,143.3
2018-02-27,142.46
2018-02-28,140.32
2018-03-01,137.45
2018-03-02,138.49
2018-03-05,141.38
2018-03-06,142.17
2018-03-07,142.49
2018-03-08,144.23
2018-03-09,148.03
2018-03-12,146.31
2018-03-13,145.96
2018-03-14,144.22
2018-03-15,144.97
2018-03-16,145.97
2018-03-19,145.0
2018-03-20,145.28
2018-03-21,143.41
2018-03-22,139.31
2018-03-23,137.17
2018-03-26,140.8
2018-03-27,138.82
