Date,APA
2010-01-04,97.07619189999487
2010-01-05,98.22236399666997
2010-01-06,99.76281929460131
2010-01-07,98.24987212699017
2010-01-08,97.73638702767973
2010-01-11,98.02980708442854
2010-01-12,96.54436804713761
2010-01-13,97.94728269346794
2010-01-14,98.4791065463252
2010-01-15,98.71751034243361
2010-01-19,99.39604422366529
2010-01-20,97.75472578122653
2010-01-21,96.46920430749257
2010-01-22,93.68696854648265
2010-01-25,95.49588090595114
2010-01-26,93.98998432243422
2010-01-27,93.10848388330237
2010-01-28,93.37477047429012
2010-01-29,90.69353997193072
2010-02-01,94.02671350739806
2010-02-02,96.07436556913142
2010-02-03,94.87148476156608
2010-02-04,90.79454523058124
2010-02-05,90.35379501101532
2010-02-08,89.24273716585954
2010-02-09,90.45480026966584
2010-02-10,90.49152945462967
2010-02-11,91.65768107723117
2010-02-12,91.43730596744822
2010-02-16,95.20204742624054
2010-02-17,95.10104216759
2010-02-18,95.11940676007193
2010-02-19,96.42329282628779
2010-02-22,95.51424549843306
2010-02-23,94.08180728484379
2010-02-24,93.90734365626561
2010-02-25,94.70620342922886
2010-02-26,95.1653182412767
2010-03-01,96.44165741876971
2010-03-02,97.49762148647974
2010-03-03,97.34152245038348
2010-03-04,96.2304646052277
2010-03-05,98.62704392411743
2010-03-08,97.35070474662443
2010-03-09,97.5251683752026
2010-03-10,97.87409563235897
2010-03-11,98.19547600079245
2010-03-12,98.11283533462384
2010-03-15,95.78971438566175
2010-03-16,96.09273016161335
2010-03-17,97.49762148647974
2010-03-18,94.99085461269853
2010-03-19,93.36558817804917
2010-03-22,93.2921298081215
2010-03-23,94.81639098412035
2010-03-24,93.95325513747039
2010-03-25,90.96900885915942
2010-03-26,90.2711543448467
2010-03-29,91.63931648474927
2010-03-30,91.56585811482162
2010-03-31,93.20030684571194
2010-04-01,95.3765110548187
2010-04-05,97.5251683752026
2010-04-06,97.82818415115419
2010-04-07,96.8456784533718
2010-04-08,97.59862674513028
2010-04-09,98.03019466845524
2010-04-12,98.35157503688872
2010-04-13,98.0577415571781
2010-04-14,99.22389317977962
2010-04-15,97.94755400228662
2010-04-16,96.81813156464892
2010-04-19,96.57939186238406
2010-04-20,99.13207021737007
2010-04-21,99.36194701501725
2010-04-22,99.52745830932322
2010-04-23,101.02625502998283
2010-04-26,100.67684229755912
2010-04-27,97.33903119572206
2010-04-28,98.00107637294595
2010-04-29,94.63568005539122
2010-04-30,93.56905171430832
2010-05-03,96.13447677605083
2010-05-04,92.79666567421378
2010-05-05,91.30706402546005
2010-05-06,88.23591000889371
2010-05-07,86.00150753576312
2010-05-10,90.35997161915367
2010-05-11,88.87956504230583
2010-05-12,90.51628784155375
2010-05-13,88.69566360418807
2010-05-14,86.69113792870466
2010-05-17,87.5278894721404
2010-05-18,86.47045620296338
2010-05-19,85.75324059430417
2010-05-20,80.88904755608984
2010-05-21,82.36945413293768
2010-05-24,80.31895309792482
2010-05-25,80.95341305943106
2010-05-26,80.74192640559563
2010-05-27,84.44754038366818
2010-05-28,82.33267384531413
2010-06-01,78.54430422008859
2010-06-02,81.87292025001977
2010-06-03,82.38784427674945
2010-06-04,80.52124467985433
2010-06-07,79.10520360634771
2010-06-08,81.73499417143145
2010-06-09,81.68901881190203
2010-06-10,85.75324059430417
2010-06-11,86.10265332672789
2010-06-14,87.66581555072871
2010-06-15,90.29560611581246
2010-06-16,89.762291945271
2010-06-17,89.36690385331785
2010-06-18,89.71631658574155
2010-06-21,87.85891206075235
2010-06-22,85.81760609764538
2010-06-23,84.787758044186
2010-06-24,82.45220978009067
2010-06-25,82.68208657773785
2010-06-28,80.64997568653676
2010-06-29,77.70755267665287
2010-06-30,77.41331037566447
2010-07-01,76.962751852276
2010-07-02,76.18117074027558
2010-07-06,76.21795102789913
2010-07-07,80.0431009407482
2010-07-08,80.36492845745427
2010-07-09,80.80629190893684
2010-07-12,78.22247670338254
2010-07-13,79.67529806451273
2010-07-14,79.84080935881869
2010-07-15,79.19715432540659
2010-07-16,76.0892200212167
2010-07-19,78.70062044248868
2010-07-20,81.31202086376065
2010-07-21,80.54753312795502
2010-07-22,82.23309042497226
2010-07-23,85.46604458482501
2010-07-26,87.96214309570846
2010-07-27,87.42792275020572
2010-07-28,86.92133449153934
2010-07-29,87.8700361395873
2010-07-30,88.03582866060539
2010-08-02,90.69771969250692
2010-08-03,90.2832383899617
2010-08-04,90.0437603040467
2010-08-05,89.85033569619225
2010-08-06,88.37662439825368
2010-08-09,88.62531317978082
2010-08-10,87.92530031325998
2010-08-11,85.04235258666766
2010-08-12,84.60023919728609
2010-08-13,84.05680815617124
2010-08-16,84.18575789474087
2010-08-17,85.65946919267944
2010-08-18,85.50288736727346
2010-08-19,84.50813224116493
2010-08-20,83.38442737648677
2010-08-23,82.39888294599035
2010-08-24,80.57516521479137
2010-08-25,79.81988817459785
2010-08-26,80.40016199816117
2010-08-27,82.86862842220827
2010-08-30,82.4817792064994
2010-08-31,82.75810007486287
2010-09-01,85.16209162962517
2010-09-02,84.0936509386197
2010-09-03,85.30946275941903
2010-09-07,83.22784555108079
2010-09-08,84.69234615340726
2010-09-09,85.39235901992807
2010-09-10,86.33184997236391
2010-09-13,87.133180490618
2010-09-14,87.22528744673917
2010-09-15,86.79238475296972
2010-09-16,86.85685962225453
2010-09-17,87.02265214327262
2010-09-20,88.45030996315062
2010-09-21,88.48715274559906
2010-09-22,87.88845753081154
2010-09-23,87.49239761949053
2010-09-24,90.38455604169498
2010-09-27,89.85954639180437
2010-09-28,89.43585439364702
2010-09-29,90.29244908557382
2010-09-30,90.0437603040467
2010-10-01,90.52271647587672
2010-10-04,89.35295813313799
2010-10-05,91.09377960382793
2010-10-06,91.8858994264699
2010-10-07,91.78458177473664
2010-10-08,93.51619254981445
2010-10-11,93.95830593919602
2010-10-12,93.55303533226291
2010-10-13,95.13727497754688
2010-10-14,95.08201080387418
2010-10-15,95.92018410457675
2010-10-18,97.95574783485439
2010-10-19,94.20699472072316
2010-10-20,95.37675306346189
2010-10-21,94.98011859714381
2010-10-22,93.4397010186527
2010-10-25,93.22754769945931
2010-10-26,92.58186368452293
2010-10-27,92.7110004875102
2010-10-28,92.57263962716668
2010-10-29,93.18142741267815
2010-11-01,93.16297929796568
2010-11-02,95.11847945748734
2010-11-03,94.62038036025068
2010-11-04,99.42611424284873
2010-11-05,100.25627940490979
2010-11-08,101.012652108121
2010-11-09,101.43695874650777
2010-11-10,101.69523235248234
2010-11-11,102.1195389908691
2010-11-12,101.012652108121
2010-11-15,99.27852932514897
2010-11-16,97.09242773172146
2010-11-17,97.58130277160187
2010-11-18,99.82274870916679
2010-11-19,100.64368981387163
2010-11-22,99.93343739744161
2010-11-23,97.29535699355861
2010-11-24,100.0441260857164
2010-11-26,98.87267080147465
2010-11-29,100.00722985629147
2010-11-30,99.2877533825052
2010-12-01,102.626862145462
2010-12-02,105.50476804060706
2010-12-03,106.17812422761217
2010-12-06,107.38647574127886
2010-12-07,107.29423516771651
2010-12-08,104.78529156682079
2010-12-09,105.60623267152565
2010-12-10,106.00286713784372
2010-12-13,107.73698992081574
2010-12-14,107.22966676622288
2010-12-15,107.01751344702949
2010-12-16,107.6170771751847
2010-12-17,107.41414791334756
2010-12-20,107.98603946943408
2010-12-21,108.9914617212636
2010-12-22,109.04680606540101
2010-12-23,109.28663155666311
2010-12-27,109.12982258160713
2010-12-28,109.26818344195063
2010-12-29,110.31972598056133
2010-12-30,110.61489581596084
2010-12-31,109.97843585838068
2011-01-03,111.63876618250283
2011-01-04,112.40436294307027
2011-01-05,115.2177004367217
2011-01-06,112.88401392559445
2011-01-07,113.61271445673695
2011-01-10,115.06089146166572
2011-01-11,115.42062969855886
2011-01-12,116.40760383567593
2011-01-13,115.46674998534004
2011-01-14,115.88183256637058
2011-01-18,117.66207563612379
2011-01-19,114.68270511006014
2011-01-20,114.66423471142748
2011-01-21,115.99410341297755
2011-01-24,114.44258992783581
2011-01-25,113.26048441534687
2011-01-26,112.76178365226559
2011-01-27,107.43307364674904
2011-01-28,106.05702894861737
2011-01-31,110.23133903959395
2011-02-01,109.8804014655738
2011-02-02,111.80132292336833
2011-02-03,109.27087831069667
2011-02-04,107.90406881188134
2011-02-07,108.76294234829909
2011-02-08,108.51359196675845
2011-02-09,107.26684005905528
2011-02-10,108.74447194966645
2011-02-11,110.57304141429779
2011-02-14,111.91214531516418
2011-02-15,110.21286864096132
2011-02-16,111.29338696097074
2011-02-17,111.39497415345026
2011-02-18,110.83162699515475
2011-02-22,108.1164783961567
2011-02-23,111.68126533225617
2011-02-24,111.28415176165441
2011-02-25,114.08241715449934
2011-02-28,115.08905387997821
2011-03-01,111.61661893704193
2011-03-02,111.8290285213173
2011-03-03,115.07981868066189
2011-03-04,113.24201401671424
2011-03-07,111.71820612952145
2011-03-08,112.07837890285792
2011-03-09,111.44115015003186
2011-03-10,107.07290087341255
2011-03-11,109.73263827651267
2011-03-14,110.00969425600228
2011-03-15,108.82758874351333
2011-03-16,105.06886262177115
2011-03-17,109.07693912505397
2011-03-18,110.92397898831794
2011-03-21,115.53234344716155
2011-03-22,116.2526889938345
2011-03-23,115.00593708613133
2011-03-24,115.33840426151885
2011-03-25,116.30810018973243
2011-03-28,116.59439136853834
2011-03-29,118.1551400529964
2011-03-30,120.45470468276005
2011-03-31,120.9072294492597
2011-04-01,120.03912071352565
2011-04-04,120.3346470916479
2011-04-05,121.21199102669827
2011-04-06,119.67894794018918
2011-04-07,118.94013199488359
2011-04-08,120.2053543012194
2011-04-11,116.59439136853834
2011-04-12,113.0388396317552
2011-04-13,112.90954684132672
2011-04-14,113.0480748310715
2011-04-15,113.0388396317552
2011-04-18,111.68126533225617
2011-04-19,112.70637245636769
2011-04-20,114.57417844834293
2011-04-21,114.02863115365709
2011-04-25,113.36287852285403
2011-04-26,116.69164167686932
2011-04-27,117.35739430767238
2011-04-28,120.20533611721879
2011-04-29,123.32142829194979
2011-05-02,121.07451316298945
2011-05-03,119.41937815029853
2011-05-04,117.0707508138544
2011-05-05,113.58479606645506
2011-05-06,114.8515753778442
2011-05-09,117.73650344465746
2011-05-10,118.30979043229343
2011-05-11,114.12109679682419
2011-05-12,114.12109679682419
2011-05-13,114.88856163511105
2011-05-16,113.05774190040263
2011-05-17,112.28103049779907
2011-05-18,114.00089146070697
2011-05-19,113.59404263077175
2011-05-20,113.7327410955224
2011-05-23,111.93890761808083
2011-05-24,112.78959153521807
2011-05-25,114.59267157697636
2011-05-26,114.57417844834293
2011-05-27,113.96390520344013
2011-05-31,115.21219138619585
2011-06-01,111.90192136081399
2011-06-02,111.55055191677904
2011-06-03,110.44096419877394
2011-06-06,108.34199409888097
2011-06-07,109.01699329400074
2011-06-08,110.48719702035748
2011-06-09,111.22692216569423
2011-06-10,108.87829482925011
2011-06-13,107.39884453857664
2011-06-14,109.38685586666911
2011-06-15,107.38959797425993
2011-06-16,108.18480250549692
2011-06-17,108.33274753456426
2011-06-20,107.99987121916273
2011-06-21,110.12658101200583
2011-06-22,109.38685586666911
2011-06-23,108.56391164248198
2011-06-24,107.24165294519258
2011-06-27,107.48206361742702
2011-06-28,110.76459394985878
2011-06-29,111.96664731103095
2011-06-30,114.09335710387406
2011-07-01,114.41698685495888
2011-07-05,115.11047917871205
2011-07-06,114.38924716200874
2011-07-07,116.85807983457009
2011-07-08,115.70225929498145
2011-07-11,112.13308546873172
2011-07-12,111.81870228196361
2011-07-13,112.17931829031527
2011-07-14,110.86630615734258
2011-07-15,114.21356243999128
2011-07-18,113.57554950213834
2011-07-19,116.2662997183007
2011-07-20,116.3402722328344
2011-07-21,118.69170289624968
2011-07-22,118.93240052321345
2011-07-25,118.55283888069366
2011-07-26,118.24733804647042
2011-07-27,115.27564811357155
2011-07-28,115.3774817249793
2011-07-29,114.53504003060611
2011-08-01,114.84979846586643
2011-08-02,111.10972764689093
2011-08-03,109.65628428407125
2011-08-04,101.07448812270916
2011-08-05,98.77860306551626
2011-08-08,91.07627900267563
2011-08-09,94.54787939157616
2011-08-10,91.51138625141783
2011-08-11,95.4643818942459
2011-08-12,95.51992750046831
2011-08-15,97.59363013277155
2011-08-16,96.59380922076821
2011-08-17,97.10297727780694
2011-08-18,90.63191415289637
2011-08-19,89.82650286267145
2011-08-22,89.02109157244652
2011-08-23,92.81670799764444
2011-08-24,93.00186001838578
2011-08-25,91.63173506489973
2011-08-26,92.84448080075565
2011-08-29,95.57547310669071
2011-08-30,95.06630504965197
2011-08-31,95.41809388906056
2011-09-01,94.2146057542417
2011-09-02,91.32623423067648
2011-09-06,88.41934750503711
2011-09-07,92.22422153127208
2011-09-08,90.92815738608255
2011-09-09,88.05830106459145
2011-09-12,87.62319381584925
2011-09-13,86.54931209554934
2011-09-14,87.40101139095961
2011-09-15,90.54859574356276
2011-09-16,90.90964218400842
2011-09-19,88.58598432370432
2011-09-20,87.50284500236735
2011-09-21,84.56818547361678
2011-09-22,77.47686307922264
2011-09-23,76.58813337966411
2011-09-26,79.20803447315437
2011-09-27,79.48576250426642
2011-09-28,76.44001176307101
2011-09-29,76.72699739522012
2011-09-30,74.28299072143416
2011-10-03,70.82064793357071
2011-10-04,72.96841137417049
2011-10-05,76.74551259729428
2011-10-06,79.82829374263794
2011-10-07,78.54148719848547
2011-10-10,82.00382998634893
2011-10-11,80.52261382041804
2011-10-12,81.4020859189395
2011-10-13,80.64296263389993
2011-10-14,84.57744307465386
2011-10-17,81.4020859189395
2011-10-18,83.69797097613238
2011-10-19,83.6053949657617
2011-10-20,84.653244303731
2011-10-21,87.84315733259325
2011-10-24,90.19850009227642
2011-10-25,87.65769727277568
2011-10-26,90.28195711919432
2011-10-27,94.5011734800441
2011-10-28,97.35725840123472
2011-10-31,92.38692879812376
2011-11-01,87.28677715314052
2011-11-02,91.20925741828219
2011-11-03,94.21371038732686
2011-11-04,92.91548996860385
2011-11-07,94.09316134844543
2011-11-08,97.02343029356308
2011-11-09,92.52602384298696
2011-11-10,94.1580723693816
2011-11-11,97.09761431749011
2011-11-14,95.62320684194042
2011-11-15,95.91066993465766
2011-11-16,95.08537266846946
2011-11-17,90.87542931061056
2011-11-18,91.39471747809976
2011-11-21,88.47372153597298
2011-11-22,85.74745865665467
2011-11-23,81.73224836160423
2011-11-25,80.51748496979913
2011-11-28,84.2637781781141
2011-11-29,86.20183580320773
2011-11-30,92.21074174129707
2011-12-01,91.32053345417273
2011-12-02,89.45665985300613
2011-12-05,89.86467198460478
2011-12-06,90.30050312517608
2011-12-07,90.19850009227642
2011-12-08,86.90658403051451
2011-12-09,90.39323315508487
2011-12-12,87.11059009631383
2011-12-13,85.61763661478237
2011-12-14,81.31496322701469
2011-12-15,81.74152136459512
2011-12-16,82.28862854105694
2011-12-19,79.52527364977512
2011-12-20,82.02898445731233
2011-12-21,83.11392580724514
2011-12-22,84.02268010035125
2011-12-23,84.54196826784046
2011-12-27,84.16177514521443
2011-12-28,82.08462247525762
2011-12-29,83.43848091192591
2011-12-30,83.99486109137861
2012-01-03,88.95591769149868
2012-01-04,89.41029483805174
2012-01-05,90.10577006236763
2012-01-06,89.98522102348622
2012-01-09,91.65436156184437
2012-01-10,90.95888633752847
2012-01-11,89.24338078421592
2012-01-12,87.44441820398546
2012-01-13,86.09055976731719
2012-01-17,87.78751931464798
2012-01-18,88.49226754195476
2012-01-19,90.23559210423993
2012-01-20,89.90124861764538
2012-01-23,91.36864503103257
2012-01-24,90.74639465320382
2012-01-25,92.71530629648284
2012-01-26,90.93214103464524
2012-01-27,91.01572690629388
2012-01-30,91.81443634649197
2012-01-31,91.8330109846361
2012-02-01,92.32523889545587
2012-02-02,92.45526136246485
2012-02-03,93.94123241399619
2012-02-06,95.58508788975271
2012-02-07,97.08034626035612
2012-02-08,97.61901076653622
2012-02-09,99.07711986085134
2012-02-10,97.63758540468037
2012-02-13,98.6777651407523
2012-02-14,99.6622209623918
2012-02-15,99.99656444898635
2012-02-16,99.94084053455393
2012-02-17,101.64970724381496
2012-02-21,102.12336051649056
2012-02-22,102.28124494071577
2012-02-23,102.08621124020229
2012-02-24,103.61861888709396
2012-02-27,102.18837174999506
2012-02-28,101.77972971082394
2012-02-29,100.2380347448602
2012-03-01,101.37108767165283
2012-03-02,98.86351152219372
2012-03-05,99.30930283765312
2012-03-06,95.94729333356348
2012-03-07,98.1019513582839
2012-03-08,99.83868002476115
2012-03-09,99.7922434294008
2012-03-12,98.81707492683336
2012-03-13,100.35876989279711
2012-03-14,99.36502675208553
2012-03-15,99.3464521139414
2012-03-16,101.21320324742763
2012-03-19,100.86028512268894
2012-03-20,98.08337672013977
2012-03-21,96.10517775778868
2012-03-22,93.70904943719442
2012-03-23,94.5077588773925
2012-03-26,93.83907190420341
2012-03-27,94.15484075265381
2012-03-28,91.92588417535683
2012-03-29,91.76799975113163
2012-03-30,93.28183275987915
2012-04-02,93.77406067069892
2012-04-03,92.1580671521586
2012-04-04,90.58851022897863
2012-04-05,89.0375279439428
2012-04-09,87.83946378364567
2012-04-10,86.83643332386202
2012-04-11,86.19560830788913
2012-04-12,88.13665799395194
2012-04-13,86.97574310994308
2012-04-16,85.69409307799731
2012-04-17,87.81160182642945
2012-04-18,85.72195503521353
2012-04-19,85.70338039706938
2012-04-20,85.10789496167556
2012-04-23,84.63336750534611
2012-04-24,84.91250130318697
2012-04-25,86.87574234800095
2012-04-26,88.196975657781
2012-04-27,88.30862917691732
2012-04-30,89.26698854950425
2012-05-01,90.96970471633344
2012-05-02,88.89481015238312
2012-05-03,85.56381349814895
2012-05-04,82.86552011902073
2012-05-07,81.73037600780127
2012-05-08,81.48846004967253
2012-05-09,81.10697719262336
2012-05-10,81.75828938758535
2012-05-11,81.19071733197562
2012-05-14,79.13443168788135
2012-05-15,76.77109886616215
2012-05-16,76.40822492896903
2012-05-17,75.98952423220776
2012-05-18,74.91951134048449
2012-05-21,76.96649252465073
2012-05-22,76.88275238529847
2012-05-23,77.12466834342722
2012-05-24,76.38031154918495
2012-05-25,76.65014088709776
2012-05-29,78.19468123515048
2012-05-30,75.86856625314338
2012-05-31,75.71969489429493
2012-06-01,73.84949844876122
2012-06-04,74.02628318739377
2012-06-05,75.50569231595028
2012-06-06,77.7759805383892
2012-06-07,77.6736314791809
2012-06-08,77.19910402285144
2012-06-11,76.13839559105621
2012-06-12,77.47823782069229
2012-06-13,77.19910402285144
2012-06-14,80.02765984097208
2012-06-15,81.69315816808914
2012-06-18,79.43217440557825
2012-06-19,79.52521900485854
2012-06-20,78.40868381349513
2012-06-21,75.67317259465479
2012-06-22,76.5291829080334
2012-06-25,75.8406528733593
2012-06-26,76.67805426688184
2012-06-27,79.07860492831317
2012-06-28,79.30191196658586
2012-06-29,81.7768983074414
2012-07-02,81.2186307117597
2012-07-03,83.91692409088793
2012-07-05,81.7768983074414
2012-07-06,79.5810457644267
2012-07-09,79.46939224529036
2012-07-10,77.85972067774146
2012-07-11,78.34355259399894
2012-07-12,76.96649252465073
2012-07-13,77.76667607846117
2012-07-16,77.57128241997258
2012-07-17,79.95322416154785
2012-07-18,79.72061266334714
2012-07-19,81.03254151319913
2012-07-20,79.31717247978581
2012-07-23,78.23574417611219
2012-07-24,77.07041195232595
2012-07-25,77.90945115345204
2012-07-26,79.39175374210812
2012-07-27,81.63851426956796
2012-07-30,81.67580490072913
2012-07-31,80.28672888997595
2012-08-01,80.9766055664574
2012-08-02,76.98650803221335
2012-08-03,79.10275135060914
2012-08-06,80.19350231207305
2012-08-07,82.0673565279213
2012-08-08,82.34703626163
2012-08-09,82.50552144406493
2012-08-10,81.90887134548638
2012-08-13,82.00209792338927
2012-08-14,82.08600184350188
2012-08-15,81.78767679421262
2012-08-16,82.62671599533869
2012-08-17,83.02759028032116
2012-08-20,83.02759028032116
2012-08-21,82.40297220837174
2012-08-22,82.69197459987073
2012-08-23,81.61986895398739
2012-08-24,81.57325566503594
2012-08-27,81.50799706050393
2012-08-28,81.12576809110203
2012-08-29,80.66895785937783
2012-08-30,79.3264951375761
2012-08-31,79.94179055173522
2012-09-04,78.65526377667524
2012-09-05,78.74849035457812
2012-09-06,80.68760317495841
2012-09-07,83.8106935347055
2012-09-10,83.51236848541623
2012-09-11,83.70814429901232
2012-09-12,84.37937565991318
2012-09-13,86.21593924460028
2012-09-14,86.21593924460028
2012-09-17,85.86167824856926
2012-09-18,84.50989286897725
2012-09-19,83.1674301471755
2012-09-20,83.13013951601435
2012-09-21,82.58942536417754
2012-09-24,81.06050948657001
2012-09-25,79.5036256355916
2012-09-26,79.46633500443043
2012-09-27,80.95796025087682
2012-09-28,80.61302191263609
2012-10-01,80.55708596589434
2012-10-02,80.68760317495841
2012-10-03,80.64098988600696
2012-10-04,80.65963520158753
2012-10-05,80.07230776079929
2012-10-08,80.57573128147494
2012-10-09,81.06050948657001
2012-10-10,79.6807561336071
2012-10-11,80.1468890231216
2012-10-12,79.55023892454305
2012-10-15,79.65278816023624
2012-10-16,81.19102669563406
2012-10-17,82.7199425732416
2012-10-18,82.86910509788623
2012-10-19,81.1411086547946
2012-10-22,79.88947879871742
2012-10-23,77.6477536833553
2012-10-24,76.82578780772253
2012-10-25,77.34885700130702
2012-10-26,76.92853354217662
2012-10-31,77.26385825734954
2012-11-01,76.45216695516217
2012-11-02,75.86371411237963
2012-11-05,75.61152003690138
2012-11-06,77.35819752262103
2012-11-07,74.62142477761645
2012-11-08,73.68737264621556
2012-11-09,73.37913544285328
2012-11-12,73.38847596416728
2012-11-13,72.2395918425442
2012-11-14,71.2868586685153
2012-11-15,70.66104374047671
2012-11-16,70.3341254944864
2012-11-19,72.01541933100799
2012-11-20,70.80115156018684
2012-11-21,71.26817762588728
2012-11-23,72.05278141626403
2012-11-26,71.43630700953945
2012-11-27,72.13684610809011
2012-11-28,72.48244539670843
2012-11-29,71.89399255392587
2012-11-30,72.00607880969399
2012-12-03,71.32422075377134
2012-12-04,71.23081554063126
2012-12-05,72.60387217379055
2012-12-06,71.33356127508534
2012-12-07,71.46432857348148
2012-12-10,70.11929350426419
2012-12-11,71.31488023245733
2012-12-12,72.67859634430262
2012-12-13,72.29563497042825
2012-12-14,71.94069516049592
2012-12-17,72.3516780983123
2012-12-18,74.87361885309468
2012-12-19,74.61208425630244
2012-12-20,74.69614894812852
2012-12-21,74.72417051207054
2012-12-24,73.49122169862139
2012-12-26,73.08023876080499
2012-12-27,73.08023876080499
2012-12-28,71.96871672443794
2012-12-31,73.32309231496923
2013-01-02,75.41536908930719
2013-01-03,76.42414539122015
2013-01-04,77.71313733255337
2013-01-07,75.05108875806086
2013-01-08,74.64010582024446
2013-01-09,74.3505496595102
2013-01-10,75.38734752536517
2013-01-11,75.25658022696905
2013-01-14,75.03240771543284
2013-01-15,75.09779136463091
2013-01-16,75.49943378113328
2013-01-17,76.11590818785785
2013-01-18,76.58391057464989
2013-01-22,77.29527420257381
2013-01-23,76.80855172031009
2013-01-24,77.9130373531393
2013-01-25,78.76480169710084
2013-01-28,78.37167969219551
2013-01-29,79.91608756860924
2013-01-30,78.96136269955348
2013-01-31,78.39975983540303
2013-02-01,79.89736747313756
2013-02-04,78.22191892842204
2013-02-05,79.78504690030748
2013-02-06,79.47616532502472
2013-02-07,78.38103973993134
2013-02-08,79.23280408389287
2013-02-11,78.44656007408224
2013-02-12,78.79288184030835
2013-02-13,78.93328255634596
2013-02-14,75.18926346200962
2013-02-15,71.931966849937
2013-02-19,72.35316899804984
2013-02-20,70.6496403101268
2013-02-21,70.30331854390069
2013-02-22,70.57475992824008
2013-02-25,68.56234966503429
2013-02-26,68.85251114484535
2013-02-27,69.6200350591843
2013-02-28,69.51707453409006
2013-03-01,69.03035205182633
2013-03-04,68.07562718277056
2013-03-05,68.18794775560065
2013-03-06,68.84315109710951
2013-03-07,70.8087611216361
2013-03-08,70.8087611216361
2013-03-11,70.67772045333433
2013-03-12,70.45307930767414
2013-03-13,70.46243935540998
2013-03-14,70.6496403101268
2013-03-15,70.83684126484363
2013-03-18,70.87428145578698
2013-03-19,69.88211639578785
2013-03-20,70.54667978503255
2013-03-21,69.40475396125997
2013-03-22,69.70427548880687
2013-03-25,69.85403625258033
2013-03-26,69.638755154656
2013-03-27,71.07084245823964
2013-03-28,72.22212832974806
2013-04-01,71.80092618163522
2013-04-02,71.28612355616397
2013-04-03,70.05995730276882
2013-04-04,70.20035801880644
2013-04-05,69.45155419993917
2013-04-08,69.86339630031617
2013-04-09,70.65900035786264
2013-04-10,70.7900410261644
2013-04-11,71.62308527465424
2013-04-12,70.28459844842901
2013-04-15,67.97266665767631
2013-04-16,67.43914393673339
2013-04-17,66.87754107258294
2013-04-18,66.47505901994177
2013-04-19,64.61653576578357
2013-04-22,64.96383556580302
2013-04-23,66.13714570100392
2013-04-24,66.96315603618535
2013-04-25,68.03321487948857
2013-04-26,67.83609877677482
2013-04-29,68.67149559303785
2013-04-30,69.34732223091356
2013-05-01,68.91554410115964
2013-05-02,69.2722303822607
2013-05-03,70.62388365801213
2013-05-06,71.35602918237748
2013-05-07,71.99430989592678
2013-05-08,72.98927689057714
2013-05-09,76.47166137185339
2013-05-10,78.21754685303232
2013-05-13,78.17061444762427
2013-05-14,77.9359524205841
2013-05-15,76.86589357728089
2013-05-16,75.92724546912017
2013-05-17,76.31209119346606
2013-05-20,78.92153293415285
2013-05-21,79.18435440443785
2013-05-22,78.25509277735874
2013-05-23,76.82834765295445
2013-05-24,76.65000451240392
2013-05-28,77.33521763136125
2013-05-29,79.1186490368666
2013-05-30,79.55042716662052
2013-05-31,77.09116912323945
2013-06-03,79.38147050715159
2013-06-04,79.17496792335623
2013-06-05,79.54104068553892
2013-06-06,80.53600768018927
2013-06-07,79.53165420445731
2013-06-10,80.35766453963875
2013-06-11,79.22190032876428
2013-06-12,79.26883273417232
2013-06-13,79.89772696664
2013-06-14,79.68183790176303
2013-06-17,81.21183431806499
2013-06-18,81.77502318296142
2013-06-19,81.25876672347302
2013-06-20,79.71938382608947
2013-06-21,79.82263511798715
2013-06-24,77.1381015286475
2013-06-25,77.56987965840142
2013-06-26,78.0673631557266
2013-06-27,78.90275997198964
2013-06-28,78.68687090711266
2013-07-01,78.18938740978749
2013-07-02,77.09116912323945
2013-07-03,75.3077377177341
2013-07-05,77.12871504756589
2013-07-08,76.45288840969017
2013-07-09,76.46227489077177
2013-07-10,75.40160252855017
2013-07-11,76.67816395564874
2013-07-12,77.35399059352446
2013-07-15,77.87963353409445
2013-07-16,76.99730431242338
2013-07-17,77.44785540434053
2013-07-18,78.65871146386785
2013-07-19,79.95714473922835
2013-07-22,78.9409795672071
2013-07-23,78.63048465353393
2013-07-24,77.63313735506863
2013-07-25,77.87776971129595
2013-07-26,77.20973520005977
2013-07-29,76.35352195326408
2013-07-30,75.81721255691951
2013-07-31,75.50671764324636
2013-08-01,76.85219560249674
2013-08-02,77.15328157939192
2013-08-05,77.44495861950912
2013-08-06,77.39791393561926
2013-08-07,77.09682795872406
2013-08-08,78.26353611919292
2013-08-09,78.28235399274887
2013-08-12,77.81190715385014
2013-08-13,77.63313735506863
2013-08-14,75.96775554536711
2013-08-15,75.5255355168023
2013-08-16,74.32119160922154
2013-08-19,70.91515649559474
2013-08-20,71.76196080561245
2013-08-21,72.65580979952004
2013-08-22,74.32119160922154
2013-08-23,75.08331548823749
2013-08-26,75.01745293079168
2013-08-27,73.92601626454662
2013-08-28,74.4905524712251
2013-08-29,73.99187882199244
2013-08-30,80.61577031368658
2013-09-03,79.77837494044684
2013-09-04,80.47463626201696
2013-09-05,81.09562608936328
2013-09-06,81.39671206625847
2013-09-09,81.53784611792808
2013-09-10,82.10238232460657
2013-09-11,81.88597677871314
2013-09-12,82.04592870393871
2013-09-13,81.67898016959771
2013-09-16,81.85774996837922
2013-09-17,83.03386706562605
2013-09-18,83.67367476652834
2013-09-19,83.24086367474149
2013-09-20,82.65750959450706
2013-09-23,82.20588062916428
2013-09-24,81.85774996837922
2013-09-25,81.50961930759416
2013-09-26,81.37789419270251
2013-09-27,81.15207971003113
2013-09-30,80.10768772767595
2013-10-01,81.35907631914657
2013-10-02,80.98271884802757
2013-10-03,80.5687256297967
2013-10-04,81.85774996837922
2013-10-07,81.68838910637568
2013-10-08,81.0109456583615
2013-10-09,80.84158479635796
2013-10-10,82.44110404861365
2013-10-11,82.75159896228682
2013-10-14,83.38199772641111
2013-10-15,83.48549603096883
2013-10-16,84.89683654766503
2013-10-17,85.21674039811616
2013-10-18,86.05413577135592
2013-10-21,84.4793997781698
2013-10-22,84.58312490346948
2013-10-23,83.6778874463086
2013-10-24,84.64913180138745
2013-10-25,85.29034166687642
2013-10-28,85.20547565526758
2013-10-29,85.66752394069344
2013-10-30,83.8570490263717
2013-10-31,83.73446478738116
2013-11-01,84.14936528857989
2013-11-04,85.19604609842216
2013-11-05,84.04564016328021
2013-11-06,83.40443029779125
2013-11-07,83.53644409362722
2013-11-08,84.67742047192374
2013-11-11,84.66799091507832
2013-11-12,84.5925544603149
2013-11-13,85.66752394069344
2013-11-14,86.87450721690794
2013-11-15,87.2234008201887
2013-11-18,86.74249342107198
2013-11-19,87.70430821930543
2013-11-20,87.86461068567766
2013-11-21,88.62840479015715
2013-11-22,89.03387573451046
2013-11-25,87.92118802675022
2013-11-26,88.3926658690215
2013-11-27,86.78964120529912
2013-11-29,86.2710155788007
2013-12-02,85.99755843028335
2013-12-03,85.3940667921761
2013-12-04,84.76228648353258
2013-12-05,84.71513869930544
2013-12-06,83.94191503798052
2013-12-09,83.90419681059883
2013-12-10,82.86694555760198
2013-12-11,81.49023025816982
2013-12-12,81.12247754119821
2013-12-13,81.24506178018875
2013-12-16,81.2262026664979
2013-12-17,80.41526077779127
2013-12-18,80.9716046316714
2013-12-19,81.65053272454206
2013-12-20,81.48080070132438
2013-12-23,81.05647064328022
2013-12-24,81.29220956441587
2013-12-26,81.38650513287014
2013-12-27,81.7353987361509
2013-12-30,81.24506178018875
2013-12-31,81.03761152958937
2014-01-02,80.60385191469979
2014-01-03,80.66042925577236
2014-01-06,81.38650513287014
2014-01-07,82.88580467129285
2014-01-08,81.70711006561461
2014-01-09,81.17905488227076
2014-01-10,81.28278000757045
2014-01-13,79.48173465009413
2014-01-14,80.80187260845373
2014-01-15,79.6231780027755
2014-01-16,80.99989330220768
2014-01-17,79.68918490069349
2014-01-21,79.85931956185023
2014-01-22,79.89712726432951
2014-01-23,79.00864625606653
2014-01-24,77.9027709585477
2014-01-27,76.73073218169017
2014-01-28,77.49633815689549
2014-01-29,76.57950137177305
2014-01-30,76.82525143788835
2014-01-31,75.86115502466681
2014-02-03,74.41501040483452
2014-02-04,74.19761611557868
2014-02-05,73.74392368582737
2014-02-06,75.53978955359297
2014-02-07,76.93867454532618
2014-02-10,76.32429938003794
2014-02-11,76.91977069408654
2014-02-12,76.82525143788835
2014-02-13,76.52278981805414
2014-02-14,78.81960774367015
2014-02-18,78.7534442643314
2014-02-19,79.46233868581783
2014-02-20,79.73644452879257
2014-02-21,79.92548304118897
2014-02-24,79.70808875193312
2014-02-25,78.53604997507558
2014-02-26,75.44527029739477
2014-02-27,75.22787600813895
2014-02-28,74.94431823954439
2014-03-03,75.48307799987406
2014-03-04,76.06909738830284
2014-03-05,74.67966432218945
2014-03-06,75.16171252880021
2014-03-07,75.66266458665062
2014-03-10,76.08800123954246
2014-03-11,75.19006830565966
2014-03-12,74.84979898334619
2014-03-13,74.66076047094981
2014-03-14,74.88760668582547
2014-03-17,75.01993364450294
2014-03-18,75.6532126610308
2014-03-19,74.98212594202366
2014-03-20,75.66266458665062
2014-03-21,76.28649167755866
2014-03-24,76.34320323127758
2014-03-25,77.43962660317659
2014-03-26,76.99538609904508
2014-03-27,77.58140548747386
2014-03-28,78.46988649573684
2014-03-31,78.40372301639812
2014-04-01,79.16932899160345
2014-04-02,79.61356949573494
2014-04-03,80.68163709077447
2014-04-04,80.78560827259248
2014-04-07,79.48124253705747
2014-04-08,80.51150242961774
2014-04-09,79.06535780978544
2014-04-10,78.18632872714228
2014-04-11,77.59085741309369
2014-04-14,78.04454984284499
2014-04-15,78.76289618995123
2014-04-16,79.55685794201602
2014-04-17,80.68163709077447
2014-04-21,81.33573566429855
2014-04-22,81.7149232431531
2014-04-23,83.02312039020126
2014-04-24,83.38334859011306
2014-04-25,82.73872970606035
2014-04-28,82.29318430090628
2014-04-29,83.26011262698535
2014-04-30,82.2837046114349
2014-05-01,82.51121715874763
2014-05-02,82.43537964297671
2014-05-05,82.43537964297671
2014-05-06,81.9234764115231
2014-05-07,83.19375480068581
2014-05-08,83.44970641641261
2014-05-09,84.26495971094987
2014-05-12,85.35512400015668
2014-05-13,85.33616462121394
2014-05-14,85.19396927914349
2014-05-15,84.29339877936397
2014-05-16,84.16068312676487
2014-05-19,84.68206604768986
2014-05-20,85.0612536265444
2014-05-21,85.59211623694077
2014-05-22,85.63951468429758
2014-05-23,85.48783965275577
2014-05-27,85.6584740632403
2014-05-28,86.98563058923119
2014-05-29,88.21799022050844
2014-05-30,88.36966525205025
2014-06-02,87.81984326271117
2014-06-03,87.2131431365439
2014-06-04,87.68712761011209
2014-06-05,88.32226680469344
2014-06-06,89.40295140442888
2014-06-09,89.72526084645523
2014-06-10,90.10444842530977
2014-06-11,90.44571724627885
2014-06-12,91.29888929870157
2014-06-13,92.57864737733563
2014-06-16,93.09055060878926
2014-06-17,92.900956819362
2014-06-18,94.41770713478014
2014-06-19,94.81585409257741
2014-06-20,95.45099328715877
2014-06-23,96.31364502905284
2014-06-24,93.70673042442787
2014-06-25,94.20915396641014
2014-06-26,94.5030243400224
2014-06-27,94.56938216632196
2014-06-30,95.38463546085923
2014-07-01,95.28035887667423
2014-07-02,94.65469937156422
2014-07-03,94.82533378204877
2014-07-07,93.89632421385515
2014-07-08,93.3370225350447
2014-07-09,94.46510558213697
2014-07-10,94.05747893486833
2014-07-11,92.33217545108019
2014-07-14,93.42233974028697
2014-07-15,92.8440786825338
2014-07-16,94.67365875050696
2014-07-17,93.76360856125606
2014-07-18,93.68777104548515
2014-07-21,93.66876358534202
2014-07-22,98.00246449797555
2014-07-23,98.34459878055188
2014-07-24,97.50827053425417
2014-07-25,96.79549077888682
2014-07-28,96.24427443473606
2014-07-29,96.29179308509389
2014-07-30,96.2632818948792
2014-07-31,97.56529291468355
2014-08-01,97.21365490203567
2014-08-04,97.21365490203567
2014-08-05,94.44806945121033
2014-08-06,94.98978206528952
2014-08-07,93.67826731541358
2014-08-08,95.3984424583668
2014-08-11,94.913752224717
2014-08-12,93.58323001469793
2014-08-13,93.70677850562828
2014-08-14,93.079532320905
2014-08-15,93.78280834620081
2014-08-18,93.61174120491263
2014-08-19,94.34352842042311
2014-08-20,95.36042753808054
2014-08-21,96.11122221373415
2014-08-22,94.86623357435917
2014-08-25,96.3963341158811
2014-08-26,96.51037887673988
2014-08-27,96.49137141659675
2014-08-28,96.33931173545172
2014-08-29,96.77648331874369
2014-09-02,95.18936039679238
2014-09-03,95.37943499822367
2014-09-04,93.85883818677333
2014-09-05,94.5906254022838
2014-09-08,93.07002859083345
2014-09-09,92.29072272496514
2014-09-10,92.45228613618174
2014-09-11,92.7849166886865
2014-09-12,91.463898208739
2014-09-15,92.30022645503671
2014-09-16,92.96548756004623
2014-09-17,92.66136819775616
2014-09-18,92.19568542424949
2014-09-19,91.72049892067126
2014-09-22,89.82925663642986
2014-09-23,90.34245806029436
2014-09-24,90.1428797287915
2014-09-25,88.67930529777054
2014-09-26,89.92429393714552
2014-09-29,89.98131631757491
2014-09-30,89.21151418177817
2014-10-01,86.5314623015969
2014-10-02,84.33610065506545
2014-10-03,82.63493297225537
2014-10-06,81.91264948681645
2014-10-07,80.03091093264662
2014-10-08,81.19036600137753
2014-10-09,77.81654182597204
2014-10-10,75.9443070018738
2014-10-13,72.16182243339104
2014-10-14,70.70775173244162
2014-10-15,69.06360643006093
2014-10-16,69.59581531406856
2014-10-17,69.23467357134909
2014-10-20,69.54829666371073
2014-10-21,72.02773682997493
2014-10-22,70.44470964689856
2014-10-23,72.55223378822312
2014-10-24,72.29475346326493
2014-10-27,69.66273236369216
2014-10-28,71.75118388835314
2014-10-29,72.84785934650847
2014-10-30,72.29475346326493
2014-10-31,73.62030032138308
2014-11-03,72.85739565484026
2014-11-04,70.76894413017925
2014-11-05,72.05634575497028
2014-11-06,71.94191005498885
2014-11-07,72.97183135482167
2014-11-10,71.61767557170815
2014-11-11,71.9133011299935
2014-11-12,70.2825924052582
2014-11-13,68.72817414717719
2014-11-14,69.9488216136457
2014-11-17,68.74724676384076
2014-11-18,68.72817414717719
2014-11-19,68.70910153051362
2014-11-20,70.7975530551746
2014-11-21,72.18985407161529
2014-11-24,72.29475346326493
2014-11-25,69.9583579219775
2014-11-26,68.89029138881753
2014-11-28,61.118200098412466
2014-12-01,60.851183465122475
2014-12-02,60.18364188189749
2014-12-03,61.318462573379946
2014-12-04,60.317150198542485
2014-12-05,58.78180455712504
2014-12-08,54.7670187494434
2014-12-09,56.11163822422514
2014-12-10,55.10078954105589
2014-12-11,54.39510272450377
2014-12-12,53.82292422459665
2014-12-15,52.64042199145526
2014-12-16,54.080404549554856
2014-12-17,57.40857615734795
2014-12-18,59.26815628204609
2014-12-19,61.814350606632786
2014-12-22,60.78442930679997
2014-12-23,62.39606541487171
2014-12-24,61.080054865085316
2014-12-26,60.99422809009925
2014-12-29,60.689066223482115
2014-12-30,60.050133565252494
2014-12-31,59.76404431529894
2015-01-02,60.87025608178604
2015-01-05,57.13202321572617
2015-01-06,56.51216317416012
2015-01-07,55.88276682426229
2015-01-08,58.047508815577565
2015-01-09,57.87585526560543
2015-01-12,55.74925850761729
2015-01-13,55.74925850761729
2015-01-14,56.76964349911833
2015-01-15,57.21784999071224
2015-01-16,59.36351936536395
2015-01-20,57.60883863231545
2015-01-21,59.67724108320975
2015-01-22,61.05617605047262
2015-01-23,60.21349357047865
2015-01-26,61.7360675968314
2015-01-27,61.85097884410331
2015-01-28,58.52812861049069
2015-01-29,58.63346392048994
2015-01-30,59.91663951502622
2015-02-02,63.421432556819354
2015-02-03,65.17382907771592
2015-02-04,64.4556337822665
2015-02-05,65.47068313316834
2015-02-06,65.4323793840777
2015-02-09,64.36945034681257
2015-02-10,63.44058443136467
2015-02-11,62.004193840465845
2015-02-12,61.841402906830645
2015-02-13,64.20665941317736
2015-02-17,63.95768504408825
2015-02-18,62.961787567731726
2015-02-19,63.8044700477257
2015-02-20,63.41185661954669
2015-02-23,63.41185661954669
2015-02-24,64.07259629136014
2015-02-25,64.95358252044475
2015-02-26,62.95221163045906
2015-02-27,63.04797100318566
2015-03-02,63.00009131682237
2015-03-03,63.890653483179634
2015-03-04,63.70871067499912
2015-03-05,62.65535757500665
2015-03-06,60.452892002295116
2015-03-09,58.805830791397796
2015-03-10,57.59926269504279
2015-03-11,58.56643235958133
2015-03-12,57.618414569588104
2015-03-13,56.84276365050274
2015-03-16,57.2928327023177
2015-03-17,56.584213344140956
2015-03-18,58.89201422685173
2015-03-19,57.340712388681006
2015-03-20,57.024706458683255
2015-03-23,56.191599915961945
2015-03-24,56.526757720505
2015-03-25,57.2928327023177
2015-03-26,57.27368082777239
2015-03-27,56.890643336866034
2015-03-30,58.250426429583584
2015-03-31,57.77162956595065
2015-04-01,58.05890768413041
2015-04-02,58.834558603215775
2015-04-06,62.09037727591978
2015-04-07,62.6649335122793
2015-04-08,62.48299070409878
2015-04-09,63.65125505136316
2015-04-10,64.96315845771743
2015-04-13,64.64715252771968
2015-04-14,66.84961810043121
2015-04-15,68.37219212678396
2015-04-16,67.80721182769709
2015-04-17,67.39544652497275
2015-04-20,67.91254713769634
2015-04-21,65.70229019108955
2015-04-22,65.15453086084351
2015-04-23,65.68307056546688
2015-04-24,63.7322785647661
2015-04-27,64.11667107721946
2015-04-28,64.1839397668988
2015-04-29,65.88487663450489
2015-04-30,65.73111962952355
2015-05-01,65.80799813201422
2015-05-04,65.87526682169356
2015-05-05,65.28906824020218
2015-05-06,64.71247947152216
2015-05-07,62.54066177616071
2015-05-08,62.982713165482075
2015-05-11,60.66674827795061
2015-05-12,61.15684873132864
2015-05-13,60.253526327063256
2015-05-14,60.18625763738392
2015-05-15,60.94543284947929
2015-05-18,61.29138611068731
2015-05-19,59.74420624806256
2015-05-20,59.206056730627864
2015-05-21,59.74420624806256
2015-05-22,60.09015950927058
2015-05-26,59.013860474401184
2015-05-27,58.39883245447582
2015-05-28,57.4570707989651
2015-05-29,57.505119863021775
2015-06-01,56.572968020322385
2015-06-02,57.27448435554976
2015-06-03,56.649846522813064
2015-06-04,55.97715962601969
2015-06-05,57.03423903526642
2015-06-08,55.938720374774356
2015-06-09,56.28467363598237
2015-06-10,56.65945633562439
2015-06-11,55.88106149790635
2015-06-12,55.909890936340354
2015-06-15,55.70808486730234
2015-06-16,56.7459446509264
2015-06-17,55.41979048296233
2015-06-18,54.99695871926363
2015-06-19,54.3338816352816
2015-06-22,55.28525310360365
2015-06-23,56.553748394699724
2015-06-24,56.41921101534105
2015-06-25,55.54471804950966
2015-06-26,56.198185320680366
2015-06-29,54.97773909364097
2015-06-30,55.38135123171699
2015-07-01,53.89183024596024
2015-07-02,54.564517142753616
2015-07-06,53.33446110290288
2015-07-07,53.52665735912956
2015-07-08,51.37405928939077
2015-07-09,51.72962236341012
2015-07-10,50.87434902320141
2015-07-13,51.18186303316409
2015-07-14,52.26777188084482
2015-07-15,51.39327891501344
2015-07-16,50.6148840772954
2015-07-17,48.66409207659463
2015-07-20,46.96315520898854
2015-07-21,45.91029961092607
2015-07-22,45.70745587184981
2015-07-23,45.7364335488607
2015-07-24,43.543789321703066
2015-07-27,42.993213458496086
2015-07-28,44.88642168987448
2015-07-29,45.19551691132402
2015-07-30,44.89608091554478
2015-07-31,44.29720892398631
2015-08-03,43.727314609438736
2015-08-04,43.80458841480112
2015-08-05,42.925598878804
2015-08-06,45.01199162358836
2015-08-07,44.53868956574376
2015-08-10,46.79894837259348
2015-08-11,46.06484722165083
2015-08-12,47.533049523536114
2015-08-13,46.26769096072709
2015-08-14,45.39836065040027
2015-08-17,46.2193948323756
2015-08-18,46.431897797122154
2015-08-19,44.24891279563482
2015-08-20,43.04150958684758
2015-08-21,41.75683257269795
2015-08-24,39.11020473903632
2015-08-25,37.57438785745895
2015-08-26,38.182919074687725
2015-08-27,41.33182664320484
2015-08-28,43.33128635695652
2015-08-31,43.69833693242784
2015-09-01,41.660240315994976
2015-09-02,41.747173347027655
2015-09-03,41.747173347027655
2015-09-04,41.0517090987662
2015-09-08,41.76649179836826
2015-09-09,39.88294279266015
2015-09-10,39.44827763749675
2015-09-11,38.83008719459768
2015-09-14,38.86872409727887
2015-09-15,39.052249385014534
2015-09-16,41.57330728496229
2015-09-17,40.559088589581016
2015-09-18,38.298829782731296
2015-09-21,37.99939378695206
2015-09-22,37.31358876436091
2015-09-23,35.99993407320039
2015-09-24,36.58914683908856
2015-09-25,36.898242060538095
2015-09-28,34.96639692647851
2015-09-29,35.855045688145914
2015-09-30,37.82552772488669
2015-10-01,38.36644436242338
2015-10-02,41.157960581139484
2015-10-05,42.4812744979703
2015-10-06,44.54834879141406
2015-10-07,44.364823503678394
2015-10-08,45.54324903545474
2015-10-09,44.88642168987448
2015-10-12,43.418219387989204
2015-10-13,43.070487263858475
2015-10-14,44.133002087591244
2015-10-15,45.15688000864282
2015-10-16,44.93471781822598
2015-10-19,43.78526996346052
2015-10-20,44.596644919765545
2015-10-21,43.78085263464788
2015-10-22,44.64520398435588
2015-10-23,45.150218256095386
2015-10-26,44.07220702218991
2015-10-27,42.86794222034955
2015-10-28,44.72289848770042
2015-10-29,45.237624572357994
2015-10-30,45.7717742828517
2015-11-02,46.55843112921516
2015-11-03,48.43281102240217
2015-11-04,47.96664400233494
2015-11-05,47.85010224731813
2015-11-06,46.29621218042734
2015-11-09,52.385518880055606
2015-11-10,51.77367466621736
2015-11-11,47.976355815253
2015-11-12,47.49076516934963
2015-11-13,47.558747859776105
2015-11-16,49.03494342332235
2015-11-17,48.27742201571309
2015-11-18,48.65618271951772
2015-11-19,48.112321196105945
2015-11-20,47.68500142771098
2015-11-23,47.4422061047593
2015-11-24,49.44283956588118
2015-11-25,48.89897804246941
2015-11-27,47.99577944108914
2015-11-30,47.76269593105552
2015-12-01,47.733560492301315
2015-12-02,45.95629872829498
2015-12-03,44.44125591307646
2015-12-04,44.47039135183067
2015-12-07,42.945636723694086
2015-12-08,43.576904563368466
2015-12-09,43.65459906671301
2015-12-10,44.858863868553364
2015-12-11,41.68310104434532
2015-12-14,42.23667438067517
2015-12-15,43.965377080091166
2015-12-16,43.50892187294199
2015-12-17,41.712236483099524
2015-12-18,41.45972934722977
2015-12-21,41.30434034054069
2015-12-22,41.54713566349238
2015-12-23,44.39269684848613
2015-12-24,44.48010316474873
2015-12-28,43.62546362795881
2015-12-29,44.140189712616376
2015-12-30,43.51863368586007
2015-12-31,43.18843204664577
2016-01-04,43.1495847949735
2016-01-05,42.275521632347434
2016-01-06,37.41961517331373
2016-01-07,35.49667621553638
2016-01-08,35.593794344717054
2016-01-11,34.04961609074434
2016-01-12,34.399241355794764
2016-01-13,34.57405398831998
2016-01-14,35.96284323560362
2016-01-15,34.311835039532156
2016-01-19,33.486330941496426
2016-01-20,33.85537983238299
2016-01-21,36.42803654891484
2016-01-22,38.52137699506623
2016-01-25,36.61389387824603
2016-01-26,37.20081176034456
2016-01-27,37.787729642443075
2016-01-28,39.714776688666554
2016-01-29,41.6124778407851
2016-02-01,39.929979912102674
2016-02-02,37.709473924829936
2016-02-03,40.34082242957164
2016-02-04,39.85172419448954
2016-02-05,38.19857215991204
2016-02-08,36.760623348770665
2016-02-09,34.80423040844226
2016-02-10,34.55968129090121
2016-02-11,33.63039464424522
2016-02-12,35.733517055098254
2016-02-16,36.6530217370526
2016-02-17,39.186550594777884
2016-02-18,37.954023042370984
2016-02-19,36.51607423122961
2016-02-22,38.74636218320399
2016-02-23,37.054082289819924
2016-02-24,37.75838374833815
2016-02-25,36.96604460750515
2016-02-26,38.609414677381004
2016-02-29,37.445360877885605
2016-03-01,37.77794767774143
2016-03-02,41.05490585279151
2016-03-03,44.10687883970382
2016-03-04,46.992558426688205
2016-03-07,49.90758390777753
2016-03-08,45.16333102748115
2016-03-09,45.222022815691
2016-03-10,45.24158674509428
2016-03-11,47.90228114394091
2016-03-14,47.13928789721283
2016-03-15,46.88495681497014
2016-03-16,48.17617615558689
2016-03-17,49.369575849187214
2016-03-18,48.547890814249286
2016-03-21,48.792439931790334
2016-03-22,49.17393655515438
2016-03-23,46.816483062058644
2016-03-24,47.784897567521206
2016-03-28,47.35449112064895
2016-03-29,47.50122059117359
2016-03-30,47.579476308786724
2016-03-31,47.74576970871464
2016-04-01,46.464332332799536
2016-04-04,45.79915873308788
2016-04-05,46.29803893287162
2016-04-06,48.67505635537063
2016-04-07,48.11748436737703
2016-04-08,49.555433178518406
2016-04-11,48.86091368470183
2016-04-12,52.12808989505026
2016-04-13,51.316186824813975
2016-04-14,51.81506702459771
2016-04-15,50.91512627204665
2016-04-18,52.274819365574885
2016-04-19,53.82036978843433
2016-04-20,53.73233210611954
2016-04-21,53.830598990000524
2016-04-22,55.225988741110434
2016-04-25,53.4670115196409
2016-04-26,54.9115347126913
2016-04-27,56.542764985115554
2016-04-28,54.46933373522689
2016-04-29,53.4571848312528
2016-05-02,53.299957817043236
2016-05-03,51.22652656715457
2016-05-04,49.85079019282085
2016-05-05,53.86990574355292
2016-05-06,52.906890281519324
2016-05-09,51.21669987876647
2016-05-10,52.16988865241198
2016-05-11,53.07394398411698
2016-05-12,53.35891794737182
2016-05-13,52.10110183369529
2016-05-16,53.850252366776715
2016-05-17,54.16470639519585
2016-05-18,55.62888296502245
2016-05-19,55.99247043538207
2016-05-20,56.12021738442734
2016-05-23,56.60172511544415
2016-05-24,57.24045986067051
2016-05-25,56.90635245547518
2016-05-26,57.02427271613236
2016-05-27,57.2797666142229
2016-05-31,56.14969744959164
2016-06-01,55.19650867594614
2016-06-02,54.87222795913891
2016-06-03,53.63406522223856
2016-06-06,54.65604081460075
2016-06-07,57.20115310711812
2016-06-08,56.012123812158265
2016-06-09,54.86240127075081
2016-06-10,52.59243625310019
2016-06-13,52.906890281519324
2016-06-14,53.81094561322433
2016-06-15,53.58493178029808
2016-06-16,52.08144845691909
2016-06-17,52.93637034668361
2016-06-20,54.36124016295781
2016-06-21,55.648536341798646
2016-06-22,55.45200257403668
2016-06-23,57.152019665177626
2016-06-24,53.90921249710531
2016-06-27,51.0987796181093
2016-06-28,53.24099768671465
2016-06-29,54.84274789397462
2016-06-30,54.70517425654124
2016-07-01,55.687843095351035
2016-07-05,53.72250541773145
2016-07-06,54.341586786181615
2016-07-07,53.9485192506577
2016-07-08,54.21383983713635
2016-07-11,54.154879706807755
2016-07-12,56.542764985115554
2016-07-13,55.56009614630576
2016-07-14,55.89420355150109
2016-07-15,56.13004407281544
2016-07-18,55.3537356901557
2016-07-19,54.154879706807755
2016-07-20,53.89938580871721
2016-07-21,52.714783922811336
2016-07-22,52.96157598237506
2016-07-25,51.30313334210684
2016-07-26,52.073124567945655
2016-07-27,51.09582801207331
2016-07-28,51.174801471133705
2016-07-29,51.82633250838193
2016-08-01,49.23008004177156
2016-08-02,49.299181818449405
2016-08-03,51.06621296492566
2016-08-04,49.536102195630576
2016-08-05,49.00303134697294
2016-08-08,50.01981463237548
2016-08-09,49.58546060754332
2016-08-10,48.15406666207373
2016-08-11,48.9536729350602
2016-08-12,48.38111535687235
2016-08-15,49.23995172415411
2016-08-16,50.315965103851944
2016-08-17,50.96749614110018
2016-08-18,52.91221757046232
2016-08-19,52.80362906425428
2016-08-22,52.46799186324761
2016-08-23,52.70491224042879
2016-08-24,52.06325288556311
2016-08-25,51.836204190764484
2016-08-26,51.6782572726437
2016-08-29,52.15209802700605
2016-08-30,51.75723073170409
2016-08-31,49.062261441268234
2016-09-01,49.15110658271117
2016-09-02,50.63185894009351
2016-09-06,51.006982870630374
2016-09-07,54.422584974992304
2016-09-08,58.292284468951486
2016-09-09,58.6377933523407
2016-09-12,59.13137747146815
2016-09-13,56.772045382038954
2016-09-14,56.02179752096523
2016-09-15,57.94677558556228
2016-09-16,57.80857203220659
2016-09-19,57.107682583045616
2016-09-20,56.752302017273855
2016-09-21,60.10867402734049
2016-09-22,60.217262533548535
2016-09-23,59.24983766005874
2016-09-26,59.170864200998345
2016-09-27,58.82535531760914
2016-09-28,62.88261677683675
2016-09-29,62.922103506366945
2016-09-30,63.05043537734007
2016-10-03,63.12940883640047
2016-10-04,62.97146191827969
2016-10-05,63.8204266031789
2016-10-06,63.26761238975616
2016-10-07,62.517364528682435
2016-10-10,63.33671416643399
2016-10-11,62.063267139085184
2016-10-12,61.9053202209644
2016-10-13,61.27353254848127
2016-10-14,60.977382077004805
2016-10-17,61.05635553606519
2016-10-18,62.02378040955499
2016-10-19,63.741453144118495
2016-10-20,62.90900879335576
2016-10-21,61.63061211182726
2016-10-24,61.026098952344796
2016-10-25,60.02518372107055
2016-10-26,61.12519947029274
2016-10-27,61.14501957388234
2016-10-28,60.173834497992466
2016-10-31,58.94498807543794
2016-11-01,58.994538334411914
2016-11-02,58.92516797184835
2016-11-03,55.020607564699304
2016-11-04,55.63503077597657
2016-11-07,56.93324756109465
2016-11-08,56.417924867765336
2016-11-09,57.49812051339794
2016-11-10,57.79542206724177
2016-11-11,57.200818959554105
2016-11-14,58.399935226724246
2016-11-15,62.81981832720261
2016-11-16,61.88827345849192
2016-11-17,60.84771802003849
2016-11-18,61.521601542084525
2016-11-21,62.70089770566508
2016-11-22,61.90809356208151
2016-11-23,63.077479673867266
2016-11-25,62.274765478488916
2016-11-28,60.798167761064526
2016-11-29,60.19365460158206
2016-11-30,65.35679158667001
2016-12-01,64.55407739129166
2016-12-02,64.52434723590727
2016-12-05,65.81265396923055
2016-12-06,65.75319365846178
2016-12-07,65.79283386564097
2016-12-08,65.90184443538371
2016-12-09,65.96130474615248
2016-12-12,66.18923593743276
2016-12-13,66.74419883794124
2016-12-14,65.14868049897932
2016-12-15,66.13968567845878
2016-12-16,65.79283386564097
2016-12-19,66.1000454712796
2016-12-20,66.14959573025358
2016-12-21,66.04058516051083
2016-12-22,66.13968567845878
2016-12-23,65.80274391743578
2016-12-27,65.743283606667
2016-12-28,64.00902454257796
2016-12-29,63.295500813352746
2016-12-30,62.89909874156096
2017-01-03,63.2063103471996
2017-01-04,63.0180193630985
2017-01-05,62.68107760207548
2017-01-06,62.55224692874315
2017-01-09,61.79908299233877
2017-01-10,62.30449563387329
2017-01-11,63.19640029540481
2017-01-12,62.45314641079521
2017-01-13,62.215305167720146
2017-01-17,62.53242682515357
2017-01-18,62.59188713592233
2017-01-19,61.905376213592234
2017-01-20,61.49744943365696
2017-01-23,60.46270833333334
2017-01-24,60.65174757281554
2017-01-25,61.119370954692556
2017-01-26,62.23370752427184
2017-01-27,61.766084142394824
2017-01-30,59.646854773462785
2017-01-31,59.51751213592233
2017-02-01,57.48782766990291
2017-02-02,58.791203478964405
2017-02-03,59.33842233009709
2017-02-06,57.577372572815534
2017-02-07,56.74162014563107
2017-02-08,56.64212580906149
2017-02-09,56.63217637540453
2017-02-10,57.089850323624596
2017-02-13,56.89086165048544
2017-02-14,55.21935679611651
2017-02-15,55.30890169902913
2017-02-16,54.970620954692556
2017-02-17,55.159660194174755
2017-02-21,55.60738470873787
2017-02-22,54.632340210355984
2017-02-23,52.71209951456311
2017-02-24,53.13992516181229
2017-02-27,52.66235234627832
2017-02-28,52.32407160194175
2017-03-01,52.68225121359224
2017-03-02,51.657459546925566
2017-03-03,51.82659991909386
2017-03-06,51.92609425566343
2017-03-07,51.02069579288026
2017-03-08,49.16015169902912
2017-03-09,50.373982605178
2017-03-10,49.976005258899676
2017-03-13,49.90635922330097
2017-03-14,50.07549959546925
2017-03-15,50.81175768608414
2017-03-16,50.8217071197411
2017-03-17,50.96099919093851
2017-03-20,50.67246561488673
2017-03-21,50.04565129449838
2017-03-22,50.28443770226537
2017-03-23,49.83671318770227
2017-03-24,49.98595469255664
2017-03-27,49.468584142394825
2017-03-28,50.96099919093851
2017-03-29,52.91108818770227
2017-03-30,51.82659991909386
2017-03-31,51.130139563106795
2017-04-03,50.781909385113266
2017-04-04,51.6276112459547
2017-04-05,51.4385720064725
2017-04-06,52.692200647249194
2017-04-07,52.373818770226535
2017-04-10,53.71699231391586
2017-04-11,53.59759911003236
2017-04-12,53.53790250809062
2017-04-13,52.10518406148867
2017-04-17,52.234526699029125
2017-04-18,50.19489279935276
2017-04-19,49.19
2017-04-20,49.02
2017-04-21,49.02
2017-04-24,48.74
2017-04-25,50.24
2017-04-26,50.01
2017-04-27,48.32
2017-04-28,48.64
2017-05-01,48.79
2017-05-02,48.47
2017-05-03,48.8
2017-05-04,47.9
2017-05-05,49.29
2017-05-08,50.25
2017-05-09,50.45
2017-05-10,51.21
2017-05-11,51.07
2017-05-12,51.45
2017-05-15,50.97
2017-05-16,50.97
2017-05-17,50.19
2017-05-18,49.92
2017-05-19,51.16
2017-05-22,50.02
2017-05-23,50.0
2017-05-24,49.87
2017-05-25,47.71
2017-05-26,48.19
2017-05-30,47.56
2017-05-31,46.76
2017-06-01,47.3
2017-06-02,46.99
2017-06-05,46.73
2017-06-06,48.04
2017-06-07,46.78
2017-06-08,47.0
2017-06-09,48.34
2017-06-12,48.42
2017-06-13,49.22
2017-06-14,47.72
2017-06-15,47.8
2017-06-16,49.54
2017-06-19,49.82
2017-06-20,47.72
2017-06-21,45.66
2017-06-22,45.63
2017-06-23,46.08
2017-06-26,46.21
2017-06-27,46.21
2017-06-28,47.14
2017-06-29,47.45
2017-06-30,47.93
2017-07-03,49.33
2017-07-05,47.65
2017-07-06,45.77
2017-07-07,45.11
2017-07-10,47.11
2017-07-11,47.2
2017-07-12,47.58
2017-07-13,48.24
2017-07-14,48.56
2017-07-17,48.68
2017-07-18,47.73
2017-07-19,49.86
2017-07-20,49.35
2017-07-21,48.41
2017-07-24,47.96
2017-07-25,48.86
2017-07-26,48.86
2017-07-27,50.22
2017-07-28,50.01
2017-07-31,49.48
2017-08-01,48.66
2017-08-02,47.91
2017-08-03,44.06
2017-08-04,45.22
2017-08-07,44.39
2017-08-08,44.12
2017-08-09,43.58
2017-08-10,42.61
2017-08-11,42.39
2017-08-14,41.57
2017-08-15,41.54
2017-08-16,40.63
2017-08-17,39.89
2017-08-18,40.31
2017-08-21,39.52
2017-08-22,39.89
2017-08-23,40.24
2017-08-24,40.03
2017-08-25,40.06
2017-08-28,39.35
2017-08-29,38.87
2017-08-30,38.37
2017-08-31,38.84
2017-09-01,39.48
2017-09-05,39.42
2017-09-06,40.13
2017-09-07,40.73
2017-09-08,39.3
2017-09-11,39.76
2017-09-12,40.52
2017-09-13,42.34
2017-09-14,42.22
2017-09-15,42.52
2017-09-18,42.3
2017-09-19,41.75
2017-09-20,43.05
2017-09-21,43.36
2017-09-22,43.57
2017-09-25,45.06
2017-09-26,45.96
2017-09-27,46.26
2017-09-28,45.8
2017-09-29,45.8
2017-10-02,45.72
2017-10-03,45.44
2017-10-04,45.14
2017-10-05,45.82
2017-10-06,45.17
2017-10-09,45.85
2017-10-10,42.46
2017-10-11,41.96
2017-10-12,41.41
2017-10-13,41.6
2017-10-16,42.73
2017-10-17,42.76
2017-10-18,42.65
2017-10-19,42.15
2017-10-20,41.53
2017-10-23,40.3
2017-10-24,40.14
2017-10-25,39.505
2017-10-26,39.59
2017-10-27,40.74
2017-10-30,40.81
2017-10-31,41.37
2017-11-01,42.23
2017-11-02,41.68
2017-11-03,42.75
2017-11-06,45.74
2017-11-07,45.19
2017-11-09,45.24
2017-11-10,44.13
2017-11-13,43.49
2017-11-14,41.88
2017-11-15,41.03
2017-11-16,40.49
2017-11-17,41.18
2017-11-20,41.07
2017-11-21,41.44
2017-11-22,41.54
2017-11-24,41.14
2017-11-27,39.86
2017-11-28,40.27
2017-11-29,40.74
2017-11-30,41.83
2017-12-01,44.22
2017-12-04,43.21
2017-12-05,42.15
2017-12-06,40.57
2017-12-07,40.63
2017-12-08,40.7
2017-12-11,40.19
2017-12-12,39.72
2017-12-13,39.8
2017-12-14,39.42
2017-12-15,39.47
2017-12-18,39.92
2017-12-19,40.25
2017-12-20,41.26
2017-12-21,43.31
2017-12-22,42.91
2017-12-26,43.36
2017-12-27,42.89
2017-12-28,42.87
2017-12-29,42.22
2018-01-02,44.3
2018-01-03,45.33
2018-01-04,46.84
2018-01-05,46.39
2018-01-08,45.92
2018-01-09,44.55
2018-01-10,43.99
2018-01-11,46.0
2018-01-12,47.16
2018-01-16,46.27
2018-01-17,46.53
2018-01-18,46.7
2018-01-19,46.05
2018-01-22,47.66
2018-01-23,47.77
2018-01-24,48.12
2018-01-25,47.45
2018-01-26,48.08
2018-01-29,46.65
2018-01-30,44.57
2018-01-31,44.87
2018-02-01,44.69
2018-02-02,42.82
2018-02-05,40.93
2018-02-06,41.12
2018-02-07,39.55
2018-02-08,37.73
2018-02-09,37.23
2018-02-12,38.11
2018-02-13,37.7
2018-02-14,38.2
2018-02-15,38.1
2018-02-16,38.11
2018-02-20,38.3
2018-02-21,37.2
2018-02-22,34.85
2018-02-23,36.13
2018-02-26,35.98
2018-02-27,34.8
2018-02-28,34.15
2018-03-01,34.27
2018-03-02,34.78
2018-03-05,35.21
2018-03-06,35.36
2018-03-07,34.65
2018-03-08,34.97
2018-03-09,35.32
2018-03-12,35.41
2018-03-13,35.46
2018-03-14,35.65
2018-03-15,35.34
2018-03-16,36.14
2018-03-19,35.57
2018-03-20,36.27
2018-03-21,38.1
2018-03-22,37.28
2018-03-23,37.01
2018-03-26,37.28
2018-03-27,37.48
