Date,APC
2010-01-04,61.270944500836
2010-01-05,62.993420852266
2010-01-06,63.542341887336
2010-01-07,63.438236173789
2010-01-08,63.46662864112
2010-01-11,62.756816957839
2010-01-12,60.703095154211
2010-01-13,62.908243450272
2010-01-14,63.192168123584
2010-01-15,62.359322415201
2010-01-19,63.334130460241
2010-01-20,62.245752545876
2010-01-21,60.712559309989
2010-01-22,59.747215420726
2010-01-25,61.450763460601
2010-01-26,60.466491259784
2010-01-27,61.498084239486
2010-01-28,61.87665047057
2010-01-29,60.362385546236
2010-02-01,61.611654108811
2010-02-02,62.78520942517
2010-02-03,62.851458515609
2010-02-04,59.425434124305
2010-02-05,59.576860616739
2010-02-08,58.990082958559
2010-02-09,60.135245807586
2010-02-10,60.608453596441
2010-02-11,62.018612807226
2010-02-12,61.819865535907
2010-02-16,64.280546037949
2010-02-17,65.122855902109
2010-02-18,66.618192514888
2010-02-19,66.41944524357
2010-02-22,65.482493821638
2010-02-23,65.473029665861
2010-02-24,65.908380831607
2010-02-25,65.96516576627
2010-02-26,66.372124464684
2010-03-01,66.637120826443
2010-03-02,67.081936147966
2010-03-03,66.409981087793
2010-03-04,66.362660308907
2010-03-05,68.246027308547
2010-03-08,67.413181600163
2010-03-09,67.49846676103
2010-03-10,67.55532353494
2010-03-11,68.531364820408
2010-03-12,68.27550933781
2010-03-15,67.564799663925
2010-03-16,68.123891274048
2010-03-17,69.308407397188
2010-03-18,67.223659020461
2010-03-19,66.323426766874
2010-03-22,66.825661603086
2010-03-23,67.062564827714
2010-03-24,66.674043539324
2010-03-25,65.148386772719
2010-03-26,65.764335156752
2010-03-29,67.782750630583
2010-03-30,68.559793207363
2010-03-31,69.014647398649
2010-04-01,70.417114488447
2010-04-05,70.824588034808
2010-04-06,70.075973844983
2010-04-07,68.692459013155
2010-04-08,69.251550623277
2010-04-09,69.46002546095
2010-04-12,69.09045643053
2010-04-13,68.739839658081
2010-04-14,70.189687392804
2010-04-15,70.824588034808
2010-04-16,69.649548040652
2010-04-19,69.47897771892
2010-04-20,70.066497715998
2010-04-21,68.777744174021
2010-04-22,69.526358363846
2010-04-23,70.227591908745
2010-04-26,69.346311913129
2010-04-27,66.427664185711
2010-04-28,66.522425475562
2010-04-29,63.802776456832
2010-04-30,58.903617771523
2010-05-03,60.675653891741
2010-05-04,61.026270664191
2010-05-05,58.590905515014
2010-05-06,57.757006164323
2010-05-07,55.795447464403
2010-05-10,54.610931341263
2010-05-11,52.914704252926
2010-05-12,53.976030699259
2010-05-13,54.819406178935
2010-05-14,54.317171342724
2010-05-17,54.184505536932
2010-05-18,54.999452629653
2010-05-19,53.710699087676
2010-05-20,50.55514813563
2010-05-21,51.957615225428
2010-05-24,50.403530071868
2010-05-25,50.033961041448
2010-05-26,50.545672006645
2010-05-27,52.658848770327
2010-05-28,49.588582979147
2010-06-01,39.894503027367
2010-06-02,42.036108178005
2010-06-03,43.647050105476
2010-06-04,42.756293980874
2010-06-07,42.557295272186
2010-06-08,40.639273486157
2010-06-09,33.071633072964
2010-06-10,37.173541051006
2010-06-11,39.680262593143
2010-06-14,39.879660897631
2010-06-15,42.452848541264
2010-06-16,40.886147577429
2010-06-17,39.499854603368
2010-06-18,40.420884866956
2010-06-21,41.256458714335
2010-06-22,39.594806176934
2010-06-23,37.847697223323
2010-06-24,35.863209335798
2010-06-25,35.777752919589
2010-06-28,35.834723863729
2010-06-29,34.818742026575
2010-06-30,34.268022899893
2010-07-01,35.293499894404
2010-07-02,36.148064056496
2010-07-06,36.689288025821
2010-07-07,39.490359446011
2010-07-08,42.310421180915
2010-07-09,43.117509556225
2010-07-12,44.389860642006
2010-07-13,45.215939332028
2010-07-14,45.177958702602
2010-07-15,46.602232306089
2010-07-16,45.064016814323
2010-07-19,43.221956287147
2010-07-20,43.810656043255
2010-07-21,43.65873352555
2010-07-22,45.671706885144
2010-07-23,46.307882428035
2010-07-26,47.979030122793
2010-07-27,47.770136660948
2010-07-28,46.355358214818
2010-07-29,47.428310996111
2010-07-30,46.678193564942
2010-08-02,50.580703238496
2010-08-03,50.45726619286
2010-08-04,52.62216207016
2010-08-05,54.046435673647
2010-08-06,52.869036161431
2010-08-09,53.505211704322
2010-08-10,51.359306141735
2010-08-11,49.935032538248
2010-08-12,49.222895736505
2010-08-13,49.726139076403
2010-08-16,49.317847310071
2010-08-17,50.371809776651
2010-08-18,49.574216558698
2010-08-19,47.475786782894
2010-08-20,46.241416326539
2010-08-23,44.627239575921
2010-08-24,43.93409308889
2010-08-25,44.389860642006
2010-08-26,44.589258946494
2010-08-27,45.01654102754
2010-08-30,44.0195495051
2010-08-31,43.668228682906
2010-09-01,46.326872742748
2010-09-02,47.703670559452
2010-09-03,49.517245614559
2010-09-07,47.814674165268
2010-09-08,49.831127501858
2010-09-09,49.726500206092
2010-09-10,50.325729263663
2010-09-13,50.715703729702
2010-09-14,50.078428382761
2010-09-15,51.467117944752
2010-09-16,51.467117944752
2010-09-17,51.495652661779
2010-09-20,52.694110776922
2010-09-21,53.055550525933
2010-09-22,52.304136310883
2010-09-23,52.751180210976
2010-09-24,54.234985496391
2010-09-27,54.86274927099
2010-09-28,54.158892917652
2010-09-29,54.729587258196
2010-09-30,54.263520213419
2010-10-01,54.273031785761
2010-10-04,53.550152287738
2010-10-05,54.6630062518
2010-10-06,54.567890528376
2010-10-07,54.025730904859
2010-10-08,55.347839460453
2010-10-11,55.909022228655
2010-10-12,55.452466756219
2010-10-13,55.585628769013
2010-10-14,54.434728515582
2010-10-15,54.824702981621
2010-10-18,55.623675058382
2010-10-19,53.312362979178
2010-10-20,54.58691367306
2010-10-21,55.918533800997
2010-10-22,59.456838712372
2010-10-25,59.713651165617
2010-10-26,60.341414940215
2010-10-27,59.504396574084
2010-10-28,58.752982359034
2010-10-29,58.562750912186
2010-11-01,60.075090914628
2010-11-02,60.702854689227
2010-11-03,60.531646387063
2010-11-04,62.738331170501
2010-11-05,64.307740606998
2010-11-08,61.549384627701
2010-11-09,60.246299216791
2010-11-10,62.367379849147
2010-11-11,62.053497961848
2010-11-12,60.855039846705
2010-11-15,61.444757331934
2010-11-16,59.951440474177
2010-11-17,59.057352673991
2010-11-18,60.579204248775
2010-11-19,60.522134814721
2010-11-22,61.711081357521
2010-11-23,60.008509908231
2010-11-24,61.140387016977
2010-11-26,60.455553808324
2010-11-29,60.91210928076
2010-11-30,61.026248148868
2010-12-01,63.993858719699
2010-12-02,66.466867528724
2010-12-03,65.705941741331
2010-12-06,66.904399856474
2010-12-07,65.723453866125
2010-12-08,65.371074820618
2010-12-09,65.780596414045
2010-12-10,65.732977624112
2010-12-13,66.390116925193
2010-12-14,65.685358834179
2010-12-15,64.199652588255
2010-12-16,64.123462524362
2010-12-17,62.856802712133
2010-12-20,63.256800547573
2010-12-21,64.866315647323
2010-12-22,64.523460359803
2010-12-23,65.275837240751
2010-12-27,65.485359916458
2010-12-28,65.866310235926
2010-12-29,67.361540239835
2010-12-30,71.990086621365
2010-12-31,72.532940826606
2011-01-03,72.980557451981
2011-01-04,72.485322036673
2011-01-05,72.647225922447
2011-01-06,70.91390196887
2011-01-07,71.11390088659
2011-01-10,71.31389980431
2011-01-11,73.828171912796
2011-01-12,74.790071469451
2011-01-13,73.466269109302
2011-01-14,75.694828478186
2011-01-18,75.85673236396
2011-01-19,72.80912980822
2011-01-20,72.69484471238
2011-01-21,73.523411657222
2011-01-24,73.580554205142
2011-01-25,72.094847959219
2011-01-26,73.132937579768
2011-01-27,71.771040187671
2011-01-28,70.647236745242
2011-01-31,73.409126561381
2011-02-01,74.799595227438
2011-02-02,76.218635167454
2011-02-03,73.799600638836
2011-02-04,74.590072551731
2011-02-07,75.494829560466
2011-02-08,74.942451597238
2011-02-09,73.685315542995
2011-02-10,74.009123314543
2011-02-11,74.751976437504
2011-02-14,76.161492619534
2011-02-15,74.228169748237
2011-02-16,73.723410574942
2011-02-17,77.428152431763
2011-02-18,77.104344660216
2011-02-22,74.142455926356
2011-02-23,75.875779879933
2011-02-24,74.41864490797
2011-02-25,77.35196236787
2011-02-28,77.932911605058
2011-03-01,76.199587651481
2011-03-02,76.828155678602
2011-03-03,78.409099504392
2011-03-04,77.161487208136
2011-03-07,76.228158925441
2011-03-08,75.961193515821
2011-03-09,75.598883317051
2011-03-10,72.442970796185
2011-03-11,73.65384961839
2011-03-14,73.587108265985
2011-03-15,72.33809152812
2011-03-16,70.86978177521
2011-03-17,73.472694519005
2011-03-18,73.67291857622
2011-03-21,76.256762362186
2011-03-22,77.029055154301
2011-03-23,78.421089075891
2011-03-24,78.163658145186
2011-03-25,79.021761247536
2011-03-28,78.239933976506
2011-03-29,79.298261136071
2011-03-30,78.573640738531
2011-03-31,78.106451271696
2011-04-01,79.021761247536
2011-04-04,78.916881979471
2011-04-05,78.640382090936
2011-04-06,78.545037301786
2011-04-07,79.460347277626
2011-04-08,80.766570888982
2011-04-11,77.334158479581
2011-04-12,73.82547023886
2011-04-13,74.693107820125
2011-04-14,75.684693627286
2011-04-15,76.676279434446
2011-04-18,73.777797844285
2011-04-19,75.112624892386
2011-04-20,76.418848503741
2011-04-21,75.389124780921
2011-04-25,75.322383428516
2011-04-26,75.675159148371
2011-04-27,74.445211368335
2011-04-28,74.979142187576
2011-04-29,75.265176555026
2011-05-02,76.609538082041
2011-05-03,74.85519396168
2011-05-04,72.538315585335
2011-05-05,70.841178338465
2011-05-06,71.642074567325
2011-05-09,72.81481547387
2011-05-10,73.548970350325
2011-05-11,71.19395405832
2011-05-12,70.86978177521
2011-05-13,70.612350844505
2011-05-16,69.983075236114
2011-05-17,69.172644528339
2011-05-18,69.563558163854
2011-05-19,68.305006947074
2011-05-20,71.108143748085
2011-05-23,70.81257490172
2011-05-24,72.33809152812
2011-05-25,73.625246181645
2011-05-26,74.26405626895
2011-05-27,74.998211145406
2011-05-31,75.818176332096
2011-06-01,73.53943587141
2011-06-02,73.396418687685
2011-06-03,73.396418687685
2011-06-06,71.356040199875
2011-06-07,70.391898385803
2011-06-08,70.640093308237
2011-06-09,71.279672531433
2011-06-10,69.485032323062
2011-06-13,68.625896053097
2011-06-14,69.590037867169
2011-06-15,68.301333462221
2011-06-16,66.754888176284
2011-06-17,67.251278021153
2011-06-20,66.48760133674
2011-06-21,68.874090975531
2011-06-22,69.294113151959
2011-06-23,69.198653566407
2011-06-24,69.170015690741
2011-06-27,68.740447555759
2011-06-28,71.375132116985
2011-06-29,72.176992635619
2011-06-30,73.274777869463
2011-07-01,74.372563103308
2011-07-05,75.708997301031
2011-07-06,75.203061497607
2011-07-07,76.577679529551
2011-07-08,75.737635176697
2011-07-11,73.408421289236
2011-07-12,73.055220822695
2011-07-13,73.274777869463
2011-07-14,73.217502118132
2011-07-15,76.549041653886
2011-07-18,75.63262963259
2011-07-19,78.591876784692
2011-07-20,78.630060618912
2011-07-21,79.431921137546
2011-07-22,79.517834764543
2011-07-25,78.830525748571
2011-07-26,80.453338702949
2011-07-27,78.649152536023
2011-07-28,79.718299894201
2011-07-29,78.81143383146
2011-08-01,79.097812588115
2011-08-02,77.112253208641
2011-08-03,76.644501239437
2011-08-04,69.217745483517
2011-08-05,68.263149628001
2011-08-08,61.208686255732
2011-08-09,65.160713097571
2011-08-10,62.640580039007
2011-08-11,70.038697919262
2011-08-12,68.454068799104
2011-08-15,70.945563982003
2011-08-16,68.559074343211
2011-08-17,69.475486364507
2011-08-18,63.910192526844
2011-08-19,63.0892400911
2011-08-22,62.459206826459
2011-08-23,65.695286776661
2011-08-24,65.599827191109
2011-08-25,64.425674288823
2011-08-26,66.124854911643
2011-08-29,68.492252633325
2011-08-30,69.35138890329
2011-08-31,70.401444344358
2011-09-01,68.749993514314
2011-09-02,66.54487708807
2011-09-06,67.241732062598
2011-09-07,70.086427712038
2011-09-08,69.007734395304
2011-09-09,66.707158383508
2011-09-12,67.203548228377
2011-09-13,68.197598721301
2011-09-14,68.933578413178
2011-09-15,71.246657444791
2011-09-16,71.466495534572
2011-09-19,70.950353932477
2011-09-20,72.871547673609
2011-09-21,69.507069082173
2011-09-22,65.702914311174
2011-09-23,63.638347902793
2011-09-26,66.725639337548
2011-09-27,68.159366010035
2011-09-28,64.689747462616
2011-09-29,64.183164038338
2011-09-30,60.26431113354
2011-10-03,57.855650323761
2011-10-04,58.840142638869
2011-10-05,62.586948342969
2011-10-06,63.542766124627
2011-10-07,62.242853941572
2011-10-10,64.594165684451
2011-10-11,63.647906080609
2011-10-12,64.336094883403
2011-10-13,64.078024082355
2011-10-14,67.452060851608
2011-10-17,71.151075666625
2011-10-18,75.423581150636
2011-10-19,74.26704163483
2011-10-20,73.550178298586
2011-10-21,75.547837462252
2011-10-24,75.6912101295
2011-10-25,74.123668967581
2011-10-26,75.519162928802
2011-10-27,78.061638228012
2011-10-28,80.040181036045
2011-10-31,75.031695860156
2011-11-01,73.951621766883
2011-11-02,77.239634935786
2011-11-03,79.07480507657
2011-11-04,78.816734275522
2011-11-07,78.902757875871
2011-11-08,80.240902770193
2011-11-09,74.372181590812
2011-11-10,75.977955463998
2011-11-11,77.153611335437
2011-11-14,75.77723372985
2011-11-15,76.408073465744
2011-11-16,75.461813861903
2011-11-17,73.062711229941
2011-11-18,73.311223853172
2011-11-21,72.355406071514
2011-11-22,71.237099266974
2011-11-23,68.771089390296
2011-11-25,68.665949434314
2011-11-28,72.42231331623
2011-11-29,73.368572920071
2011-11-30,77.679311115349
2011-12-01,76.828633289674
2011-12-02,76.924215067839
2011-12-05,78.118987294912
2011-12-06,77.937381916397
2011-12-07,77.048471379455
2011-12-08,73.884714522167
2011-12-09,76.704376978058
2011-12-12,74.458205191162
2011-12-13,73.195066380567
2011-12-14,70.544388725002
2011-12-15,69.539619216575
2011-12-16,69.797988518742
2011-12-19,68.324326573049
2011-12-20,71.386481265398
2011-12-21,72.525220041616
2011-12-22,72.888850911332
2011-12-23,73.367312582012
2011-12-27,73.903189653173
2011-12-28,72.352973840171
2011-12-29,72.90798937816
2011-12-30,73.04195864595
2012-01-03,75.262020797903
2012-01-04,76.333774940226
2012-01-05,77.319405981826
2012-01-06,76.812236610905
2012-01-09,77.290698281585
2012-01-10,77.395959849134
2012-01-11,76.285928773158
2012-01-12,75.348143898626
2012-01-13,74.649589859433
2012-01-17,75.788328635651
2012-01-18,76.783528910665
2012-01-19,76.352913407053
2012-01-20,75.616082434206
2012-01-23,76.075405638059
2012-01-24,75.587374733965
2012-01-25,77.587344517406
2012-01-26,75.8935902032
2012-01-27,75.903159436614
2012-01-30,76.582575008979
2012-01-31,77.242852114517
2012-02-01,77.041898212832
2012-02-02,78.620821726074
2012-02-03,80.706914610237
2012-02-06,79.300237298439
2012-02-07,83.453284599938
2012-02-08,83.080084496808
2012-02-09,83.692515435278
2012-02-10,83.290607631907
2012-02-13,83.577684634315
2012-02-14,83.300176865321
2012-02-15,83.740361602346
2012-02-16,83.970023204272
2012-02-17,84.25710020668
2012-02-21,82.04660728814
2012-02-22,83.558546167488
2012-02-23,83.730792368933
2012-02-24,83.539407700661
2012-02-27,82.7930074944
2012-02-28,82.190145789344
2012-02-29,80.496391475138
2012-03-01,82.113591922035
2012-03-02,78.994021829204
2012-03-05,79.577745067433
2012-03-06,78.34331395708
2012-03-07,79.19497573089
2012-03-08,80.008360571045
2012-03-09,81.577714850874
2012-03-12,81.194945514331
2012-03-13,80.122053360295
2012-03-14,79.59518667751
2012-03-15,80.371117610339
2012-03-16,81.118310360471
2012-03-19,80.706396408475
2012-03-20,78.579770888869
2012-03-21,77.631410859855
2012-03-22,74.939601080534
2012-03-23,76.069969599964
2012-03-26,76.117866571127
2012-03-27,75.035395022859
2012-03-28,74.125352570775
2012-03-29,74.077455599613
2012-03-30,75.044974417091
2012-04-02,75.782587772991
2012-04-03,75.878381715315
2012-04-04,74.834227743977
2012-04-05,74.968339263232
2012-04-09,72.640546464744
2012-04-10,71.491019156849
2012-04-11,71.241954906805
2012-04-12,73.368580426411
2012-04-13,71.80713916652
2012-04-16,70.284015483559
2012-04-17,70.648032464392
2012-04-18,69.488925762265
2012-04-19,69.249440906453
2012-04-20,68.712994829435
2012-04-23,68.013699050466
2012-04-24,69.057853021804
2012-04-25,69.709251829611
2012-04-26,71.021628839458
2012-04-27,70.686350041322
2012-04-30,70.130745175839
2012-05-01,71.902933108844
2012-05-02,69.833783954633
2012-05-03,68.435192396694
2012-05-04,66.107399598206
2012-05-07,66.069082021276
2012-05-08,66.193614146298
2012-05-09,65.73380322314
2012-05-10,66.35646384825
2012-05-11,65.436842001934
2012-05-14,63.94245650167
2012-05-15,63.588018915069
2012-05-16,62.342697664849
2012-05-17,60.953685501143
2012-05-18,60.235230933708
2012-05-21,62.016998260946
2012-05-22,61.413496424301
2012-05-23,61.269805510814
2012-05-24,60.972844289608
2012-05-25,60.426818818357
2012-05-29,61.739195828204
2012-05-30,59.622149702831
2012-05-31,58.434304818006
2012-06-01,55.68501867329
2012-06-04,54.717499855811
2012-06-05,56.384314452259
2012-06-06,59.545514548971
2012-06-07,60.541771549147
2012-06-08,61.154852780024
2012-06-11,59.296450298927
2012-06-12,61.004065272752
2012-06-13,60.438058062327
2012-06-14,61.359018947086
2012-06-15,62.711680246576
2012-06-18,62.001772897907
2012-06-19,63.124193976208
2012-06-20,61.598852510825
2012-06-21,58.09728248023
2012-06-22,59.411570409522
2012-06-25,57.627208695301
2012-06-26,57.991755712185
2012-06-27,59.670590658361
2012-06-28,60.677891626066
2012-06-29,63.507927678191
2012-07-02,62.989887180514
2012-07-03,66.24203030482
2012-07-05,64.400108535301
2012-07-06,62.84598704227
2012-07-09,63.632641131335
2012-07-10,62.136079693602
2012-07-11,63.872474695075
2012-07-12,65.349849447709
2012-07-13,66.01179008363
2012-07-16,67.805745140401
2012-07-17,68.899386191052
2012-07-18,69.676446937568
2012-07-19,69.63807356737
2012-07-20,69.129626412242
2012-07-23,67.431604780967
2012-07-24,66.107723509126
2012-07-25,66.69291740465
2012-07-26,68.26622558278
2012-07-27,68.50605914652
2012-07-30,68.832232793205
2012-07-31,66.616170664253
2012-08-01,65.839109917738
2012-08-02,63.52711436329
2012-08-03,65.628056381647
2012-08-06,65.445782873205
2012-08-07,67.661845002157
2012-08-08,66.942344310939
2012-08-09,66.827224200344
2012-08-10,66.846410885443
2012-08-13,65.714396464593
2012-08-14,66.23243696227
2012-08-15,66.251623647369
2012-08-16,68.083952074338
2012-08-17,67.479571493715
2012-08-20,66.769664145047
2012-08-21,66.721697432299
2012-08-22,67.086244449183
2012-08-23,66.117316851675
2012-08-24,66.740884117398
2012-08-27,65.973416713432
2012-08-28,66.453083840911
2012-08-29,66.884784255641
2012-08-30,65.484156243403
2012-08-31,66.453083840911
2012-09-04,66.318777045217
2012-09-05,65.887076630486
2012-09-06,68.179885499834
2012-09-07,69.350273290882
2012-09-10,67.623471631959
2012-09-11,68.795355657399
2012-09-12,69.573409805437
2012-09-13,71.167940528577
2012-09-14,72.608781543463
2012-09-17,71.244785382704
2012-09-18,70.524364875262
2012-09-19,69.688677086628
2012-09-20,69.169974321269
2012-09-21,69.093129467142
2012-09-24,67.402542676343
2012-09-25,66.432376392987
2012-09-26,66.048152122351
2012-09-27,67.460176316938
2012-09-28,67.162402507195
2012-10-01,67.834794980809
2012-10-02,67.69071087932
2012-10-03,66.317109111796
2012-10-04,67.056740832771
2012-10-05,66.326714718562
2012-10-08,66.134602583244
2012-10-09,66.634094135071
2012-10-10,65.596688604353
2012-10-11,66.249869864435
2012-10-12,66.451587606519
2012-10-15,66.413165179455
2012-10-16,68.026907116127
2012-10-17,69.342875243055
2012-10-18,69.045101433312
2012-10-19,67.565837991363
2012-10-22,66.499615640348
2012-10-23,64.299931690956
2012-10-24,63.569905576748
2012-10-25,63.925313027086
2012-10-26,63.867679386491
2012-10-31,66.09618015618
2012-11-01,67.565837991363
2012-11-02,67.488993137236
2012-11-05,67.911639834936
2012-11-06,70.188168638455
2012-11-07,67.633077238725
2012-11-08,66.89344551775
2012-11-09,67.863611801106
2012-11-12,67.959667868765
2012-11-13,67.469781923704
2012-11-14,66.595671708007
2012-11-15,67.604260418427
2012-11-16,67.325697822216
2012-11-19,69.275635995694
2012-11-20,69.054707040078
2012-11-21,69.650254659564
2012-11-23,71.609798439809
2012-11-26,71.331235843597
2012-11-27,70.4571256279
2012-11-28,70.793321864707
2012-11-29,70.476336841432
2012-11-30,70.303435919646
2012-12-03,70.8797723256
2012-12-04,70.610815336155
2012-12-05,71.792304968361
2012-12-06,71.417686304491
2012-12-07,73.309990837374
2012-12-10,72.89694974644
2012-12-11,72.406482142605
2012-12-12,72.646907438602
2012-12-13,71.88716350325
2012-12-14,71.733291313812
2012-12-17,72.012184657169
2012-12-18,73.233545160836
2012-12-19,71.598653148053
2012-12-20,73.397034362114
2012-12-21,72.89694974644
2012-12-24,71.819844420371
2012-12-26,70.848526224541
2012-12-27,70.94469634294
2012-12-28,69.540612614315
2012-12-31,71.464014982295
2013-01-02,73.146992054277
2013-01-03,73.406651373954
2013-01-04,75.272351670895
2013-01-07,75.253117647215
2013-01-08,75.349287765614
2013-01-09,75.012692351218
2013-01-10,74.685713948661
2013-01-11,74.858820161779
2013-01-14,74.887671197299
2013-01-15,75.108862469617
2013-01-16,74.060608179068
2013-01-17,74.127927261947
2013-01-18,74.579926818422
2013-01-22,76.445627115363
2013-01-23,75.77243628657
2013-01-24,76.955328742877
2013-01-25,77.897795903188
2013-01-28,76.368691020643
2013-01-29,77.474647382232
2013-01-30,77.166903003355
2013-01-31,76.955328742877
2013-02-01,78.070902116306
2013-02-04,77.416945311193
2013-02-05,79.436517797571
2013-02-06,80.49438909996
2013-02-07,80.879069573556
2013-02-08,81.215664987953
2013-02-11,80.273197827643
2013-02-12,80.253963803963
2013-02-13,80.907920609076
2013-02-14,80.782899455157
2013-02-15,78.936433181897
2013-02-19,80.907920609076
2013-02-20,77.291924157274
2013-02-21,77.138051967835
2013-02-22,78.61907179118
2013-02-25,75.560862026092
2013-02-26,75.570479037932
2013-02-27,76.974562766557
2013-02-28,76.532180221922
2013-03-01,76.762988506079
2013-03-04,77.263073121754
2013-03-05,79.56153895149
2013-03-06,78.60945477934
2013-03-07,79.638475046209
2013-03-08,79.907751377727
2013-03-11,80.465538064441
2013-03-12,81.120199058504
2013-03-13,80.812123296592
2013-03-14,82.015544241561
2013-03-15,82.169582122518
2013-03-18,81.466784290655
2013-03-19,80.176717037648
2013-03-20,83.180455716292
2013-03-21,82.304365268354
2013-03-22,83.353748332368
2013-03-25,84.03729142911
2013-03-26,85.568042871111
2013-03-27,85.452514460394
2013-03-28,84.191329310066
2013-04-01,83.141946246053
2013-04-02,82.44877578175
2013-04-03,80.88914223707
2013-04-04,81.129826426064
2013-04-05,81.861506360605
2013-04-08,83.324866229688
2013-04-09,83.575177786242
2013-04-10,83.161200981172
2013-04-11,84.095055634469
2013-04-12,82.111817917159
2013-04-15,76.508689997381
2013-04-16,79.098451870955
2013-04-17,76.489435262262
2013-04-18,77.635092001872
2013-04-19,77.009313110488
2013-04-22,78.029814071822
2013-04-23,78.53043718493
2013-04-24,80.215226507887
2013-04-25,80.985415912668
2013-04-26,80.715849620994
2013-04-29,81.360883247498
2013-04-30,81.601567436492
2013-05-01,80.128580199849
2013-05-02,81.630449539171
2013-05-03,83.373003067487
2013-05-06,84.354994558582
2013-05-07,83.507786213324
2013-05-08,84.403131396381
2013-05-09,83.748470402318
2013-05-10,83.228592554091
2013-05-13,83.575177786242
2013-05-14,85.462141827954
2013-05-15,84.884499774369
2013-05-16,84.537914542218
2013-05-17,86.675190140483
2013-05-20,87.830474247654
2013-05-21,87.965257393491
2013-05-22,85.885746000583
2013-05-23,86.299722805653
2013-05-24,86.01090177886
2013-05-28,88.051903701528
2013-05-29,87.127676415792
2013-05-30,86.752209080961
2013-05-31,84.210584045186
2013-06-03,85.250339741639
2013-06-04,84.258720882985
2013-06-05,83.045672570455
2013-06-06,83.66182409428
2013-06-07,84.701579790733
2013-06-10,84.884499774369
2013-06-11,83.072705274189
2013-06-12,82.764314720967
2013-06-13,84.277355872713
2013-06-14,82.985970431096
2013-06-17,83.891867681185
2013-06-18,83.843681657244
2013-06-19,83.130528502918
2013-06-20,80.094808994639
2013-06-21,80.412836752649
2013-06-24,79.959888127604
2013-06-25,81.993338337912
2013-06-26,83.207626141224
2013-06-27,82.90887279279
2013-06-28,82.812500744908
2013-07-01,83.641300356692
2013-07-02,83.622025947116
2013-07-03,83.776221223727
2013-07-05,85.173615918014
2013-07-08,85.096518279709
2013-07-09,85.154341508438
2013-07-10,85.404908832931
2013-07-11,87.322712585781
2013-07-12,87.409447428874
2013-07-15,85.877131867552
2013-07-16,85.03869505098
2013-07-17,85.655476157424
2013-07-18,86.985410418194
2013-07-19,89.481446458335
2013-07-22,87.746749596461
2013-07-23,87.843121644343
2013-07-24,86.281894468656
2013-07-25,86.243345649503
2013-07-26,85.298899580261
2013-07-29,85.433820447296
2013-07-30,85.578378519118
2013-07-31,85.308536785049
2013-08-01,87.120331285229
2013-08-02,87.178154513958
2013-08-05,87.554005500697
2013-08-06,85.88676907234
2013-08-07,85.99277832501
2013-08-08,87.197428923534
2013-08-09,86.542098997937
2013-08-12,85.906043481917
2013-08-13,85.877131867552
2013-08-14,85.751848205306
2013-08-15,85.963866710646
2013-08-16,88.199698221506
2013-08-19,85.722936590941
2013-08-20,86.532461793149
2013-08-21,85.327811194625
2013-08-22,86.021689939375
2013-08-23,86.542098997937
2013-08-26,87.717837982096
2013-08-27,87.582917115062
2013-08-28,89.221241929054
2013-08-29,88.324981883752
2013-08-30,88.103326173624
2013-09-03,89.3465255913
2013-09-04,88.81647932795
2013-09-05,89.385074410453
2013-09-06,89.635641734946
2013-09-09,90.78246910474
2013-09-10,90.1838184895
2013-09-11,91.410086685235
2013-09-12,92.240473022504
2013-09-13,91.439053650488
2013-09-16,90.145195869162
2013-09-17,90.444521176782
2013-09-18,91.690100682686
2013-09-19,91.535610201334
2013-09-20,90.463832486951
2013-09-23,90.869370000501
2013-09-24,91.448709305573
2013-09-25,91.564577166587
2013-09-26,91.226629238629
2013-09-27,91.274907514051
2013-09-30,89.787936631034
2013-10-01,90.222441109838
2013-10-02,91.419742340319
2013-10-03,89.778280975949
2013-10-04,90.666601243726
2013-10-07,90.37693159119
2013-10-08,88.94789463868
2013-10-09,88.938238983595
2013-10-10,91.159039653037
2013-10-11,92.172883436913
2013-10-14,92.452897434364
2013-10-15,92.53014267504
2013-10-16,94.17160403941
2013-10-17,93.418462942817
2013-10-18,94.06539183348
2013-10-21,92.723255776731
2013-10-22,92.076326886067
2013-10-23,89.102385120032
2013-10-24,91.043171792023
2013-10-25,92.839123637745
2013-10-28,93.25431680638
2013-10-29,94.393684106354
2013-10-30,92.703944466562
2013-10-31,92.008737300476
2013-11-01,91.139728342868
2013-11-04,92.626699225885
2013-11-05,89.662413114935
2013-11-06,88.851338087835
2013-11-07,86.852617485337
2013-11-08,87.837494303959
2013-11-11,88.011296095481
2013-11-12,86.833306175168
2013-11-13,88.078885681072
2013-11-14,87.943706509889
2013-11-15,87.798871683621
2013-11-18,87.267810653972
2013-11-19,87.576791616677
2013-11-20,87.422301135324
2013-11-21,89.092729464948
2013-11-22,88.870649398004
2013-11-25,87.402989825155
2013-11-26,87.451268100578
2013-11-27,85.549104048926
2013-11-29,85.761528460785
2013-12-02,85.462203153165
2013-12-03,86.418113006533
2013-12-04,85.55875970401
2013-12-05,84.960109088769
2013-12-06,83.666251307443
2013-12-09,83.395892965076
2013-12-10,82.496041700921
2013-12-11,80.88017975346
2013-12-12,80.957586313817
2013-12-13,75.761670949825
2013-12-16,76.506709093265
2013-12-17,76.545412373444
2013-12-18,77.067906655857
2013-12-19,76.458329993042
2013-12-20,76.216434491925
2013-12-23,75.945511530674
2013-12-24,75.858429150272
2013-12-26,75.684264389468
2013-12-27,76.82601115474
2013-12-30,76.526060733355
2013-12-31,76.748604594382
2014-01-02,76.013242270987
2014-01-03,75.77134676987
2014-01-06,75.800374230004
2014-01-07,77.251747236706
2014-01-08,76.477681633131
2014-01-09,76.51638491331
2014-01-10,77.242071416661
2014-01-13,75.829401690138
2014-01-14,78.219329241173
2014-01-15,79.070801405105
2014-01-16,78.683768603318
2014-01-17,77.464615277689
2014-01-21,78.557982942737
2014-01-22,81.00596541404
2014-01-23,80.193196530288
2014-01-24,78.46122474229
2014-01-27,77.841972259431
2014-01-28,78.48057638238
2014-01-29,78.654741143184
2014-01-30,78.809554263899
2014-01-31,78.074191940503
2014-02-03,75.635885289244
2014-02-04,77.435587817554
2014-02-05,76.564764013533
2014-02-06,76.342220152506
2014-02-07,77.57104929818
2014-02-10,78.306411621575
2014-02-11,79.351400186401
2014-02-12,79.041773944971
2014-02-13,78.877285004211
2014-02-14,78.896636644301
2014-02-18,80.86082811337
2014-02-19,81.015641234085
2014-02-20,80.512498591762
2014-02-21,79.641674787741
2014-02-24,80.686663352566
2014-02-25,80.802773193102
2014-02-26,79.564268227384
2014-02-27,80.348009651002
2014-02-28,81.431701496006
2014-03-03,81.663921177079
2014-03-04,83.241079844361
2014-03-05,82.641179001591
2014-03-06,83.71519502655
2014-03-07,82.496041700921
2014-03-10,82.292849479983
2014-03-11,80.324492175348
2014-03-12,79.733015349817
2014-03-13,79.093056817276
2014-03-14,79.509999497568
2014-03-17,79.723319008415
2014-03-18,80.770523879846
2014-03-19,79.897853153653
2014-03-20,81.206859242943
2014-03-21,81.051717780508
2014-03-24,80.266314126935
2014-03-25,80.595989734608
2014-03-26,80.625078758814
2014-03-27,80.954754366487
2014-03-28,82.360723869798
2014-03-31,82.186189724559
2014-04-01,83.931531176945
2014-04-02,83.844264104325
2014-04-03,96.013172564014
2014-04-04,97.981529868649
2014-04-07,93.947851845358
2014-04-08,95.411999397081
2014-04-09,96.459204268513
2014-04-10,93.647265261891
2014-04-11,93.55030184787
2014-04-14,94.355098184248
2014-04-15,94.965967692583
2014-04-16,95.266554276049
2014-04-17,95.954994515601
2014-04-21,96.013172564014
2014-04-22,95.964690857003
2014-04-23,95.974387198406
2014-04-24,97.147644508065
2014-04-25,96.478596951317
2014-04-28,96.342848171687
2014-04-29,97.07977011825
2014-04-30,96.013172564014
2014-05-01,96.527078658328
2014-05-02,96.546471341132
2014-05-05,96.468900609915
2014-05-06,99.610515224209
2014-05-07,98.805718887831
2014-05-08,96.973110362826
2014-05-09,97.525801822748
2014-05-12,97.991226210051
2014-05-13,97.816692064813
2014-05-14,98.446954255952
2014-05-15,96.527078658328
2014-05-16,96.061654271025
2014-05-19,97.002199387033
2014-05-20,96.022868905416
2014-05-21,97.613068895368
2014-05-22,98.495435962963
2014-05-23,98.272420110713
2014-05-27,98.253027427909
2014-05-28,98.902682301853
2014-05-29,100.17290302553
2014-05-30,99.736567662437
2014-06-02,99.397195713362
2014-06-03,98.747540839418
2014-06-04,98.941467667461
2014-06-05,99.106305471298
2014-06-06,99.222661568123
2014-06-09,100.20199204974
2014-06-10,101.02834009711
2014-06-11,105.30590645996
2014-06-12,104.73232369767
2014-06-13,106.326689342
2014-06-16,105.34479342689
2014-06-17,104.42122796219
2014-06-18,106.53084591841
2014-06-19,107.15303738937
2014-06-20,108.44602903996
2014-06-23,108.00855066194
2014-06-24,104.40178447872
2014-06-25,106.52112417668
2014-06-26,106.05448057346
2014-06-27,106.45307198454
2014-06-30,106.42390675934
2014-07-01,106.28780237507
2014-07-02,104.63510628033
2014-07-03,104.58649757166
2014-07-07,103.81847997469
2014-07-08,104.49900189606
2014-07-09,104.50872363779
2014-07-10,103.186566762
2014-07-11,101.86440988621
2014-07-14,102.97268844386
2014-07-15,106.66695030268
2014-07-16,109.39875972987
2014-07-17,105.10174988355
2014-07-18,105.31562820169
2014-07-21,105.84060225531
2014-07-22,105.30590645996
2014-07-23,107.72662015166
2014-07-24,107.9113332446
2014-07-25,106.17114147426
2014-07-28,104.6545497638
2014-07-29,106.19058495773
2014-07-30,106.81277642869
2014-07-31,103.8768104251
2014-08-01,102.68103619185
2014-08-04,107.64884621779
2014-08-05,105.09202814181
2014-08-06,103.92541913377
2014-08-07,104.13929745191
2014-08-08,106.19058495773
2014-08-11,105.4906195529
2014-08-12,103.10879282813
2014-08-13,103.54627120615
2014-08-14,102.94352321866
2014-08-15,105.19896730089
2014-08-18,105.82115877185
2014-08-19,106.83221991216
2014-08-20,106.95860255469
2014-08-21,107.64884621779
2014-08-22,106.68639378615
2014-08-25,108.85434219278
2014-08-26,108.93211612665
2014-08-27,107.42524615791
2014-08-28,107.98910717847
2014-08-29,109.55430759761
2014-09-02,108.46547252343
2014-09-03,108.37797684782
2014-09-04,105.4906195529
2014-09-05,106.81277642869
2014-09-08,104.30456706138
2014-09-09,103.65156706202
2014-09-10,103.99268646467
2014-09-11,104.66517900132
2014-09-12,102.78414915243
2014-09-15,103.54435810691
2014-09-16,104.29482079273
2014-09-17,103.93420885279
2014-09-18,103.11552228643
2014-09-19,102.46252228708
2014-09-22,100.91286557219
2014-09-23,100.40605960254
2014-09-24,102.16038795902
2014-09-25,99.684835722651
2014-09-26,101.32220885537
2014-09-29,101.60485064613
2014-09-30,98.866149156293
2014-10-01,96.741462591223
2014-10-02,96.166432741044
2014-10-03,96.195671546985
2014-10-06,94.723984981271
2014-10-07,92.959910356144
2014-10-08,93.495955131735
2014-10-09,87.716417823998
2014-10-10,86.127776034519
2014-10-13,83.086940216621
2014-10-14,82.511910366441
2014-10-15,83.29161185821
2014-10-16,87.297328272173
2014-10-17,86.273970064226
2014-10-20,88.369417823355
2014-10-21,89.753387971245
2014-10-22,87.687179018057
2014-10-23,89.831358120422
2014-10-24,88.671552151415
2014-10-27,86.079044691284
2014-10-28,88.057537226647
2014-10-29,89.002925285417
2014-10-30,87.190119317054
2014-10-31,89.451253643184
2014-11-03,88.437641703885
2014-11-04,86.858746183053
2014-11-05,89.002925285417
2014-11-06,91.137358119134
2014-11-07,91.917059610903
2014-11-10,89.997044687422
2014-11-11,90.650044686779
2014-11-12,89.100387971888
2014-11-13,87.190119317054
2014-11-14,87.901596928294
2014-11-17,86.712552153346
2014-11-18,87.121895436525
2014-11-19,87.969820808823
2014-11-20,90.123746179835
2014-11-21,90.913193940251
2014-11-24,90.133492448482
2014-11-25,87.696925286704
2014-11-26,86.215492452343
2014-11-28,77.141716341883
2014-12-01,76.732373058704
2014-12-02,77.141716341883
2014-12-03,78.623149176244
2014-12-04,77.365880520767
2014-12-05,77.063746192706
2014-12-08,74.987790970872
2014-12-09,76.68961379974
2014-12-10,73.970609509939
2014-12-11,73.59894705306
2014-12-12,71.730854177693
2014-12-15,70.430035578616
2014-12-16,72.073174861661
2014-12-17,76.875445028179
2014-12-18,79.232567452071
2014-12-19,82.998094975716
2014-12-22,81.814643468285
2014-12-23,82.391698335545
2014-12-24,81.257149782966
2014-12-26,81.364736283642
2014-12-29,81.990694105754
2014-12-30,81.707056967609
2014-12-31,80.689875506677
2015-01-02,80.484483096296
2015-01-05,74.136879556437
2015-01-06,73.589166462089
2015-01-07,74.76283737855
2015-01-08,77.178643348265
2015-01-09,77.403596940587
2015-01-12,73.40333523365
2015-01-13,74.136879556437
2015-01-14,75.652871156866
2015-01-15,73.823900645381
2015-01-16,76.728736163622
2015-01-20,76.063655977627
2015-01-21,78.968491495868
2015-01-22,79.731377591567
2015-01-23,79.653132863803
2015-01-26,80.846364962205
2015-01-27,80.836584371234
2015-01-28,77.442719304469
2015-01-29,78.381656037637
2015-01-30,79.956331183889
2015-02-02,80.95395146288
2015-02-03,83.721858707534
2015-02-04,81.247369191996
2015-02-05,81.843985241196
2015-02-06,80.885487326087
2015-02-09,81.628812239845
2015-02-10,82.48950424525
2015-02-11,83.731639298504
2015-02-12,85.39433976349
2015-02-13,87.477605640208
2015-02-17,86.724500135479
2015-02-18,84.963993760788
2015-02-19,84.210888256059
2015-02-20,83.575149842976
2015-02-23,83.64361397977
2015-02-24,84.005495845678
2015-02-25,84.514086576145
2015-02-26,83.369757432595
2015-02-27,82.381917744574
2015-03-02,80.220407140092
2015-03-03,80.963732053851
2015-03-04,81.52122573917
2015-03-05,81.022415599674
2015-03-06,79.936770001948
2015-03-09,79.261909224983
2015-03-10,77.515144356585
2015-03-11,78.005808645461
2015-03-12,76.730081494384
2015-03-13,76.955787067267
2015-03-16,79.134336509875
2015-03-17,78.938070794325
2015-03-18,81.04792723649
2015-03-19,78.928257508547
2015-03-20,80.419876946729
2015-03-23,79.526867940976
2015-03-24,79.889959514744
2015-03-25,80.802595092053
2015-03-26,81.646537668919
2015-03-27,80.65539580539
2015-03-30,82.284401244457
2015-03-31,81.263819523596
2015-04-01,82.294214530235
2015-04-02,82.971331248883
2015-04-06,84.256871685738
2015-04-07,83.844713683082
2015-04-08,84.512017115953
2015-04-09,87.240110562102
2015-04-10,88.417704855404
2015-04-13,87.024218274997
2015-04-14,89.134074717162
2015-04-15,92.77480374062
2015-04-16,92.186006593969
2015-04-17,91.930861163754
2015-04-20,91.911234592199
2015-04-21,90.831773156672
2015-04-22,91.302810873993
2015-04-23,91.714968876648
2015-04-24,90.92009272867
2015-04-27,91.420570303323
2015-04-28,91.911234592199
2015-04-29,92.146753450859
2015-04-30,92.343019166409
2015-05-01,92.166380022414
2015-05-04,91.979927592641
2015-05-05,87.652268564757
2015-05-06,87.985920281193
2015-05-07,87.112537846994
2015-05-08,86.906458845666
2015-05-11,84.708282831503
2015-05-12,84.580710116396
2015-05-13,83.520875252424
2015-05-14,82.912451534218
2015-05-15,83.089090678213
2015-05-18,83.393302537316
2015-05-19,81.999815956909
2015-05-20,81.842803384469
2015-05-21,84.001726255522
2015-05-22,84.56108354484
2015-05-26,82.608239675115
2015-05-27,82.578799817783
2015-05-28,82.3530942449
2015-05-29,82.048882385797
2015-06-01,82.27458795868
2015-06-02,83.206850107544
2015-06-03,82.3530942449
2015-06-04,81.842803384469
2015-06-05,82.912451534218
2015-06-08,81.675977526251
2015-06-09,81.931953347814
2015-06-10,83.300439470783
2015-06-11,82.630964245158
2015-06-12,81.833501108751
2015-06-15,81.39046603297
2015-06-16,82.315917080158
2015-06-17,81.744894093595
2015-06-18,81.607060958908
2015-06-19,80.553622000939
2015-06-22,80.701300359533
2015-06-23,80.947430957189
2015-06-24,80.189348716408
2015-06-25,79.480492595158
2015-06-26,80.100741701251
2015-06-29,77.37361467922
2015-06-30,76.851817812189
2015-07-01,75.985438108439
2015-07-02,75.591629152189
2015-07-06,75.197820195939
2015-07-07,76.713984677501
2015-07-08,74.30190482047
2015-07-09,74.902463478751
2015-07-10,74.53819019422
2015-07-13,74.528344970314
2015-07-14,75.187974972032
2015-07-15,74.036083775001
2015-07-16,73.533977355782
2015-07-17,72.736514219376
2015-07-20,71.496016007189
2015-07-21,72.234407800157
2015-07-22,71.535396902814
2015-07-23,71.417254215939
2015-07-24,70.501648392657
2015-07-27,68.906722119845
2015-07-28,71.722456157032
2015-07-29,75.099367956876
2015-07-30,75.443950793595
2015-07-31,73.19923974297
2015-08-03,72.086729441564
2015-08-04,73.150013623439
2015-08-05,72.864502130157
2015-08-06,74.971380046095
2015-08-07,71.919360635157
2015-08-10,74.528344970314
2015-08-11,74.30190482047
2015-08-12,76.891198707814
2015-08-13,75.059987061251
2015-08-14,75.069832285157
2015-08-17,75.355343778439
2015-08-18,75.453796017501
2015-08-19,71.259730633439
2015-08-20,69.950315853907
2015-08-21,67.715450027189
2015-08-24,64.53544270547
2015-08-25,62.999587776095
2015-08-26,64.151478973126
2015-08-27,67.941890177032
2015-08-28,69.842018390939
2015-08-31,70.472112720939
2015-09-01,67.233034055782
2015-09-02,68.453841820157
2015-09-03,68.434151372345
2015-09-04,67.548081220782
2015-09-08,68.892321643086
2015-09-09,66.421291455027
2015-09-10,66.43117557578
2015-09-11,64.889252738431
2015-09-14,64.246784889535
2015-09-15,64.958441583696
2015-09-16,68.338810880961
2015-09-17,67.775415998084
2015-09-18,64.711338564891
2015-09-21,65.096819274228
2015-09-22,64.058986595243
2015-09-23,62.447874912628
2015-09-24,62.961849191745
2015-09-25,61.943784754264
2015-09-28,58.74132963054
2015-09-29,58.355848921203
2015-09-30,59.690205222755
2015-10-01,60.24371598488
2015-10-02,63.367098142586
2015-10-05,65.719518881619
2015-10-06,67.854488964102
2015-10-07,68.338810880961
2015-10-08,71.491845400925
2015-10-09,71.56103424619
2015-10-12,70.266214427647
2015-10-13,69.762124269283
2015-10-14,70.740652223755
2015-10-15,72.114545008315
2015-10-16,72.539562200662
2015-10-19,71.47207715942
2015-10-20,72.440720993139
2015-10-21,70.72088398225
2015-10-22,72.154081491324
2015-10-23,71.195321778357
2015-10-26,68.20043319043
2015-10-27,64.53342439135
2015-10-28,64.790411530908
2015-10-29,66.796888043612
2015-10-30,66.104999590956
2015-11-02,66.599205628568
2015-11-03,70.019111408841
2015-11-04,69.406295922203
2015-11-05,69.287686473176
2015-11-06,67.80506836034
2015-11-09,67.113179907684
2015-11-10,62.685093810682
2015-11-11,60.303020709393
2015-11-12,57.822106400582
2015-11-13,59.354145117178
2015-11-16,61.390273992139
2015-11-17,60.411746037668
2015-11-18,61.024561524306
2015-11-19,58.948896166337
2015-11-20,58.059325298636
2015-11-23,59.650668739746
2015-11-24,61.301316905369
2015-11-25,60.42163015842
2015-11-27,60.006497086826
2015-11-30,59.205883305895
2015-12-01,59.798930551029
2015-12-02,58.088977660892
2015-12-03,57.466278053501
2015-12-04,56.151689993454
2015-12-07,53.324831458314
2015-12-08,51.477137968887
2015-12-09,50.493688208385
2015-12-10,50.891041646972
2015-12-11,49.222157204908
2015-12-14,47.275125355834
2015-12-15,48.477119507559
2015-12-16,47.354596043552
2015-12-17,46.420815462873
2015-12-18,45.367828850619
2015-12-21,46.242006415509
2015-12-22,48.228773608442
2015-12-23,51.159255218018
2015-12-24,50.881107811007
2015-12-28,49.361230908414
2015-12-29,49.400966252272
2015-12-30,48.059898397043
2015-12-31,48.258575116336
2016-01-04,48.804936094392
2016-01-05,48.198972100548
2016-01-06,43.480400017333
2016-01-07,39.844616054266
2016-01-08,40.291638672676
2016-01-11,37.500230766605
2016-01-12,37.083009656089
2016-01-13,34.629352172817
2016-01-14,34.768425876323
2016-01-15,31.808142758853
2016-01-19,30.645883950987
2016-01-20,30.337935036083
2016-01-21,33.328019661446
2016-01-22,35.245250002627
2016-01-25,32.096224001828
2016-01-26,34.361138601772
2016-01-27,35.29491918245
2016-01-28,37.003538968372
2016-01-29,38.83136478587
2016-02-01,37.996922564838
2016-02-02,39.000239997269
2016-02-03,42.208869013856
2016-02-04,41.086345549849
2016-02-05,40.500249227934
2016-02-08,39.785013038478
2016-02-09,36.993605132407
2016-02-10,37.142612671877
2016-02-11,35.44392672192
2016-02-12,37.559833782393
2016-02-16,38.83136478587
2016-02-17,40.232035656888
2016-02-18,36.784994577149
2016-02-19,35.116110135086
2016-02-22,37.102877328019
2016-02-23,35.066440955263
2016-02-24,35.970420028047
2016-02-25,37.390958570994
2016-02-26,37.768444337651
2016-02-29,37.698907485899
2016-03-01,39.844616054266
2016-03-02,42.36781038929
2016-03-03,42.695626976124
2016-03-04,44.960541576068
2016-03-07,44.851269380456
2016-03-08,40.913109142172
2016-03-09,42.086601334388
2016-03-10,42.265608617947
2016-03-11,46.034706421759
2016-03-14,46.054596119932
2016-03-15,46.760680405079
2016-03-16,48.44135990071
2016-03-17,48.988326600472
2016-03-18,48.491084146143
2016-03-21,48.341911409844
2016-03-22,47.74522046465
2016-03-23,46.034706421759
2016-03-24,46.014816723586
2016-03-28,45.378346382045
2016-03-29,45.975037327239
2016-03-30,46.134154912625
2016-03-31,46.313162196183
2016-04-01,45.557353665603
2016-04-04,44.344082077041
2016-04-05,43.856784471799
2016-04-06,45.457905174737
2016-04-07,45.497684571084
2016-04-08,48.023676239074
2016-04-11,47.267867708494
2016-04-12,49.833638772831
2016-04-13,49.047995694991
2016-04-14,49.187223582203
2016-04-15,48.640256882442
2016-04-18,49.853528471004
2016-04-19,50.251322434467
2016-04-20,50.380605472592
2016-04-21,49.754079980138
2016-04-22,52.260181949955
2016-04-25,50.808233983315
2016-04-26,52.07122981731
2016-04-27,54.477883296262
2016-04-28,52.906597140583
2016-04-29,52.469023780773
2016-05-02,51.663491004761
2016-05-03,49.823693923744
2016-05-04,46.760680405079
2016-05-05,45.845754289114
2016-05-06,46.303217347096
2016-05-09,44.741876040504
2016-05-10,46.750735555992
2016-05-11,47.655716822871
2016-05-12,47.983896842728
2016-05-13,47.456819841139
2016-05-16,48.898822958693
2016-05-17,49.465679356627
2016-05-18,48.670091429701
2016-05-19,48.948547204125
2016-05-20,49.028105996818
2016-05-23,48.928657505952
2016-05-24,49.962921810956
2016-05-25,51.802718891973
2016-05-26,51.991671024618
2016-05-27,51.245807343124
2016-05-31,51.573987362981
2016-06-01,52.111009213657
2016-06-02,51.40492492851
2016-06-03,51.156303701345
2016-06-06,53.035880178708
2016-06-07,54.966991431461
2016-06-08,54.9271747046
2016-06-09,54.230381984535
2016-06-10,52.757163090682
2016-06-13,52.836796544404
2016-06-14,53.453955810747
2016-06-15,53.13542199586
2016-06-16,53.055788542139
2016-06-17,54.608640889713
2016-06-20,54.598686707998
2016-06-21,55.255662701203
2016-06-22,54.140794349098
2016-06-23,55.265616882918
2016-06-24,52.587942001523
2016-06-27,49.273199490354
2016-06-28,50.895731109935
2016-06-29,52.946292543271
2016-06-30,53.006017633562
2016-07-01,54.638503434859
2016-07-05,53.36436817531
2016-07-06,54.937128886316
2016-07-07,54.966991431461
2016-07-08,55.653829969812
2016-07-11,55.604059061236
2016-07-12,57.15691140881
2016-07-13,55.842959422401
2016-07-14,55.265616882918
2016-07-15,54.757953615442
2016-07-18,54.847541250879
2016-07-19,53.603268536476
2016-07-20,54.270198711396
2016-07-21,53.921802351363
2016-07-22,54.389648891978
2016-07-25,53.623176899906
2016-07-26,54.489190709131
2016-07-27,53.5534976279
2016-07-28,53.11551363243
2016-07-29,54.280152893111
2016-08-01,51.612432193431
2016-08-02,51.393440195696
2016-08-03,52.438629275795
2016-08-04,51.035089653948
2016-08-05,52.528216911232
2016-08-08,52.806933999258
2016-08-09,52.508308547801
2016-08-10,52.388858367219
2016-08-11,53.762535443919
2016-08-12,54.03129835023
2016-08-15,54.349832165118
2016-08-16,53.901893987932
2016-08-17,54.130840167383
2016-08-18,55.683692514957
2016-08-19,54.578778344568
2016-08-22,54.021344168515
2016-08-23,55.793188513825
2016-08-24,53.911848169648
2016-08-25,54.897312159455
2016-08-26,55.006808158322
2016-08-29,55.962409602984
2016-08-30,55.524425607514
2016-08-31,53.225009631297
2016-09-01,53.294688903304
2016-09-02,56.231172509295
2016-09-06,56.92796522936
2016-09-07,56.918011047645
2016-09-08,58.789397210107
2016-09-09,57.505307768843
2016-09-12,57.57498704085
2016-09-13,57.375731159068
2016-09-14,55.413060723517
2016-09-15,56.718186749188
2016-09-16,57.305991600444
2016-09-19,57.305991600444
2016-09-20,58.063163951215
2016-09-21,60.832820707982
2016-09-22,60.982262619318
2016-09-23,59.278624830084
2016-09-26,58.322196597532
2016-09-27,58.053201157126
2016-09-28,61.042039383853
2016-09-29,62.347165409524
2016-09-30,63.124263348473
2016-10-03,63.184040113007
2016-10-04,63.233854083453
2016-10-05,63.901361287422
2016-10-06,63.612440258838
2016-10-07,63.223891289364
2016-10-10,64.150431139649
2016-10-11,63.48292393568
2016-10-12,63.692142611551
2016-10-13,63.831621728798
2016-10-14,63.134226142562
2016-10-17,62.2774258509
2016-10-18,62.735714378998
2016-10-19,63.692142611551
2016-10-20,63.522775112036
2016-10-21,63.303593642076
2016-10-24,62.755639967176
2016-10-25,60.822857913893
2016-10-26,60.673416002557
2016-10-27,61.191481295189
2016-10-28,61.231332471546
2016-10-31,59.21884806555
2016-11-01,59.726950564093
2016-11-02,59.916243651786
2016-11-03,60.025834386766
2016-11-04,58.401898950244
2016-11-07,59.98598321041
2016-11-08,59.507769094133
2016-11-09,60.96233703114
2016-11-10,61.639807029198
2016-11-11,60.812895119804
2016-11-14,60.274904238993
2016-11-15,62.327239821346
2016-11-16,61.709546587822
2016-11-17,61.221369677457
2016-11-18,61.281146441991
2016-11-21,63.791770552442
2016-11-22,63.81169614062
2016-11-23,64.758161579084
2016-11-25,63.512812317947
2016-11-28,61.769323352357
2016-11-29,59.936169239964
2016-11-30,68.892721126056
2016-12-01,68.334804657067
2016-12-02,68.304916274799
2016-12-05,68.035920834394
2016-12-06,67.956218481681
2016-12-07,69.012274655125
2016-12-08,69.998591269945
2016-12-09,70.207809945816
2016-12-12,70.576433327112
2016-12-13,72.470701208472
2016-12-14,70.466765186612
2016-12-15,70.117821103204
2016-12-16,70.39697636993
2016-12-19,71.154683522475
2016-12-20,70.755890284293
2016-12-21,70.536554003294
2016-12-22,70.556493665203
2016-12-23,71.03504555102
2016-12-27,71.324170648702
2016-12-28,70.426885862794
2016-12-29,69.898484822204
2016-12-30,69.519631245932
2017-01-03,70.038062455567
2017-01-04,70.596372989021
2017-01-05,71.393959465383
2017-01-06,71.523567267792
2017-01-09,69.768877019795
2017-01-10,69.370083781614
2017-01-11,71.383989634429
2017-01-12,71.274321493929
2017-01-13,71.025075720066
2017-01-17,70.50664451043
2017-01-18,69.679148541204
2017-01-19,69.968273638886
2017-01-20,69.818726174568
2017-01-23,69.649239048341
2017-01-24,70.965256734339
2017-01-25,70.456795355658
2017-01-26,70.92537741052
2017-01-27,69.798786512659
2017-01-30,68.622346460024
2017-01-31,69.320234626841
2017-02-01,68.153764405161
2017-02-02,68.891531895796
2017-02-03,70.187609919885
2017-02-06,68.891531895796
2017-02-07,66.937445028709
2017-02-08,66.947414859663
2017-02-09,68.213583390889
2017-02-10,69.130807838705
2017-02-13,67.934428124162
2017-02-14,68.123854912298
2017-02-15,67.316298604981
2017-02-16,66.399074157164
2017-02-17,66.568561283391
2017-02-21,67.00723384539
2017-02-22,65.64136700462
2017-02-23,65.780944637983
2017-02-24,64.574595092485
2017-02-27,64.704202894894
2017-02-28,64.454957121031
2017-03-01,65.820823961802
2017-03-02,63.896646587577
2017-03-03,63.019301463579
2017-03-06,63.10902994217
2017-03-07,63.019230531975
2017-03-08,61.263153177063
2017-03-09,61.801949638229
2017-03-10,61.75206107701
2017-03-13,62.679988315685
2017-03-14,61.672239379059
2017-03-15,63.937180058407
2017-03-16,63.258695625827
2017-03-17,63.10902994217
2017-03-20,62.699943740173
2017-03-21,61.682217091303
2017-03-22,61.492640558671
2017-03-23,60.65451273019
2017-03-24,60.205515679218
2017-03-27,59.806407189465
2017-03-28,61.003732658723
2017-03-29,62.310812962664
2017-03-30,62.031437019837
2017-03-31,61.861815911692
2017-04-03,61.652283954572
2017-04-04,62.570233481003
2017-04-05,62.709921452417
2017-04-06,62.749832301392
2017-04-07,62.290857538176
2017-04-10,62.749832301392
2017-04-11,62.759810013636
2017-04-12,62.400612372858
2017-04-13,60.953844097504
2017-04-17,61.07357664443
2017-04-18,60.275359664924
2017-04-19,58.998212497715
2017-04-20,58.868502238546
2017-04-21,59.157855893616
2017-04-24,59.237677591567
2017-04-25,59.946095160878
2017-04-26,59.826362613952
2017-04-27,56.992692336707
2017-04-28,56.892915214269
2017-05-01,56.543695285735
2017-05-02,56.154564508226
2017-05-03,51.834215106652
2017-05-04,51.824237394408
2017-05-05,52.472788690256
2017-05-08,52.193412747429
2017-05-09,51.215596947535
2017-05-10,51.963925365821
2017-05-11,51.425128904655
2017-05-12,51.514928314849
2017-05-15,51.764371120945
2017-05-16,51.634660861775
2017-05-17,51.624683149531
2017-05-18,51.963925365821
2017-05-19,53.181206259567
2017-05-22,53.231094820787
2017-05-23,53.450604490151
2017-05-24,53.231094820787
2017-05-25,51.953947653577
2017-05-26,51.72446027197
2017-05-30,50.656845061881
2017-05-31,50.417379968029
2017-06-01,50.996087278171
2017-06-02,49.948427492569
2017-06-05,49.529363578329
2017-06-06,49.988338341545
2017-06-07,47.064868654105
2017-06-08,46.526072192939
2017-06-09,47.873063345854
2017-06-12,48.242238698876
2017-06-13,49.161138483616
2017-06-14,47.223458502751
2017-06-15,46.054857689548
2017-06-16,46.983745515427
2017-06-19,46.644152116718
2017-06-20,46.234642430041
2017-06-21,45.295766563023
2017-06-22,45.036077493423
2017-06-23,45.4455871801
2017-06-26,44.866280794068
2017-06-27,43.747620186558
2017-06-28,43.73763214542
2017-06-29,45.195886151638
2017-06-30,45.285778521885
2017-07-03,46.044869648409
2017-07-05,44.756412341545
2017-07-06,43.567835446066
2017-07-07,43.308146376465
2017-07-10,43.53787132265
2017-07-11,43.587811528343
2017-07-12,43.767596268835
2017-07-13,44.39684286056
2017-07-14,44.676508012437
2017-07-17,45.165922028223
2017-07-18,43.717656063143
2017-07-19,44.85629275293
2017-07-20,43.787572351112
2017-07-21,44.007309256159
2017-07-24,44.157129873236
2017-07-25,45.665324085147
2017-07-26,45.115981822531
2017-07-27,47.263410667304
2017-07-28,46.264606553456
2017-07-31,45.615383879455
2017-08-01,44.646543889022
2017-08-02,44.606591724468
2017-08-03,43.717656063143
2017-08-04,44.836316670653
2017-08-07,44.316938531452
2017-08-08,44.157129873236
2017-08-09,44.047261420713
2017-08-10,43.647739775173
2017-08-11,43.487931116958
2017-08-14,42.968552977757
2017-08-15,43.188289882803
2017-08-16,42.479138961971
2017-08-17,41.670107629754
2017-08-18,42.119569480985
2017-08-21,41.999712987324
2017-08-22,42.21944989237
2017-08-23,42.928600813203
2017-08-24,42.598995455633
2017-08-25,42.309342262617
2017-08-28,41.220645778522
2017-08-29,40.661315474767
2017-08-30,40.471542693136
2017-08-31,40.881052379813
2017-09-01,41.440382683569
2017-09-05,41.43039464243
2017-09-06,42.299354221478
2017-09-07,42.119569480985
2017-09-08,40.871064338675
2017-09-11,40.97094475006
2017-09-12,41.76
2017-09-13,43.13
2017-09-14,43.53
2017-09-15,43.55
2017-09-18,43.76
2017-09-19,43.76
2017-09-20,44.81
2017-09-21,48.49
2017-09-22,48.83
2017-09-25,49.93
2017-09-26,49.88
2017-09-27,49.06
2017-09-28,48.88
2017-09-29,48.85
2017-10-02,49.38
2017-10-03,49.27
2017-10-04,49.42
2017-10-05,49.05
2017-10-06,48.64
2017-10-09,48.86
2017-10-10,48.41
2017-10-11,48.39
2017-10-12,47.73
2017-10-13,47.79
2017-10-16,48.45
2017-10-17,48.9
2017-10-18,48.77
2017-10-19,48.67
2017-10-20,49.01
2017-10-23,48.1
2017-10-24,48.05
2017-10-25,47.7
2017-10-26,47.69
2017-10-27,48.81
2017-10-30,48.69
2017-10-31,49.37
2017-11-01,50.14
2017-11-02,49.39
2017-11-03,49.51
2017-11-06,51.83
2017-11-07,51.08
2017-11-09,51.4
2017-11-10,51.11
2017-11-13,50.23
2017-11-14,48.05
2017-11-15,47.62
2017-11-16,47.5
2017-11-17,48.15
2017-11-20,48.31
2017-11-21,48.02
2017-11-22,48.35
2017-11-24,48.11
2017-11-27,47.69
2017-11-28,47.77
2017-11-29,47.88
2017-11-30,48.09
2017-12-01,48.72
2017-12-04,48.59
2017-12-05,48.26
2017-12-06,47.11
2017-12-07,47.32
2017-12-08,47.92
2017-12-11,48.3
2017-12-12,48.54
2017-12-13,48.26
2017-12-14,47.89
2017-12-15,47.52
2017-12-18,48.53
2017-12-19,49.39
2017-12-20,50.73
2017-12-21,51.96
2017-12-22,52.93
2017-12-26,54.1
2017-12-27,53.78
2017-12-28,53.76
2017-12-29,53.64
2018-01-02,54.77
2018-01-03,54.77
2018-01-04,55.65
2018-01-05,55.02
2018-01-08,55.39
2018-01-09,55.52
2018-01-10,55.41
2018-01-11,58.5
2018-01-12,58.98
2018-01-16,58.55
2018-01-17,58.97
2018-01-18,58.29
2018-01-19,58.2
2018-01-22,60.72
2018-01-23,60.94
2018-01-24,61.43
2018-01-25,61.49
2018-01-26,61.84
2018-01-29,60.96
2018-01-30,59.75
2018-01-31,60.05
2018-02-01,61.37
2018-02-02,59.11
2018-02-05,56.85
2018-02-06,57.49
2018-02-07,58.72
2018-02-08,56.2
2018-02-09,56.13
2018-02-12,57.82
2018-02-13,57.18
2018-02-14,59.78
2018-02-15,59.62
2018-02-16,59.18
2018-02-20,59.25
2018-02-21,57.27
2018-02-22,58.28
2018-02-23,60.82
2018-02-26,60.4
2018-02-27,58.47
2018-02-28,57.04
2018-03-01,57.12
2018-03-02,57.45
2018-03-05,58.95
2018-03-06,58.81
2018-03-07,57.72
2018-03-08,57.08
2018-03-09,58.03
2018-03-12,58.98
2018-03-13,58.55
2018-03-14,58.92
2018-03-15,57.91
2018-03-16,58.53
2018-03-19,57.02
2018-03-20,58.48
2018-03-21,61.5
2018-03-22,60.66
2018-03-23,61.56
2018-03-26,62.59
2018-03-27,60.8
