Date,APH
2010-01-04,21.79972693642
2010-01-05,21.344181924253
2010-01-06,21.424851353491
2010-01-07,21.282493537188
2010-01-08,21.439087135121
2010-01-11,21.491285001098
2010-01-12,21.021504207301
2010-01-13,21.35367244534
2010-01-14,21.491285001098
2010-01-15,20.803222222304
2010-01-19,20.917108475346
2010-01-20,20.926598996433
2010-01-21,20.167357309487
2010-01-22,19.237286242979
2010-01-25,19.384389319825
2010-01-26,19.550473438844
2010-01-27,19.355917756565
2010-01-28,18.990532694722
2010-01-29,18.905118004941
2010-02-01,19.25152202461
2010-02-02,19.25152202461
2010-02-03,19.185088377002
2010-02-04,18.278743613211
2010-02-05,18.440082471687
2010-02-08,18.487535077121
2010-02-09,18.800722272986
2010-02-10,18.767505449182
2010-02-11,19.009513736896
2010-02-12,18.924099047114
2010-02-16,19.597926044278
2010-02-17,19.782991205471
2010-02-18,19.911113240143
2010-02-19,20.304969865246
2010-02-22,19.816208029275
2010-02-23,19.564709220474
2010-02-24,19.754519642211
2010-02-25,19.678595473516
2010-02-26,19.764010163298
2010-03-01,20.167357309487
2010-03-02,20.138885746227
2010-03-03,20.665609666545
2010-03-04,20.523251850243
2010-03-05,20.836439046108
2010-03-08,20.765260137957
2010-03-09,21.016758946758
2010-03-10,21.420106092947
2010-03-11,21.035739988931
2010-03-12,20.95032529915
2010-03-15,20.834066415836
2010-03-16,21.066663648549
2010-03-17,21.156854412254
2010-03-18,21.009701060946
2010-03-19,20.644191123826
2010-03-22,20.392606361912
2010-03-23,20.055577718594
2010-03-24,19.927411896487
2010-03-25,19.913171249586
2010-03-26,19.680574016873
2010-03-29,20.136274717698
2010-03-30,20.041337071693
2010-03-31,20.027096424792
2010-04-01,20.122034070798
2010-04-05,20.397353244213
2010-04-06,20.397353244213
2010-04-07,20.311909362808
2010-04-08,20.316656245108
2010-04-09,20.554000360121
2010-04-12,20.639444241526
2010-04-13,20.663178653027
2010-04-14,21.218563882157
2010-04-15,21.09039806005
2010-04-16,20.800838239735
2010-04-19,20.89577588574
2010-04-20,22.519209632428
2010-04-21,22.18692787141
2010-04-22,22.18218098911
2010-04-23,22.296106164316
2010-04-26,22.495475220927
2010-04-27,21.792936640489
2010-04-28,22.006546344
2010-04-29,22.18218098911
2010-04-30,21.935343109496
2010-05-03,22.36256251652
2010-05-04,21.251792058259
2010-05-05,20.938497826442
2010-05-06,20.582481653923
2010-05-07,20.1600091292
2010-05-10,21.479642408672
2010-05-11,21.356223468865
2010-05-12,21.569833172376
2010-05-13,21.370464115766
2010-05-14,20.886282121139
2010-05-17,21.27077958746
2010-05-18,20.962232237943
2010-05-19,20.406847008813
2010-05-20,19.552408194766
2010-05-21,19.898930602685
2010-05-24,19.732789722176
2010-05-25,19.718549075276
2010-05-26,19.566648841667
2010-05-27,20.406847008813
2010-05-28,20.126780953098
2010-06-01,19.485951842563
2010-06-02,19.913171249586
2010-06-03,20.055577718594
2010-06-04,19.362532902756
2010-06-07,18.89259155503
2010-06-08,18.588791087814
2010-06-09,18.69796938072
2010-06-10,19.296076550552
2010-06-11,19.466964313362
2010-06-14,19.497819048313
2010-06-15,20.419050635107
2010-06-16,20.257597676597
2010-06-17,20.262346293023
2010-06-18,20.248100443743
2010-06-21,20.214860128756
2010-06-22,19.877708362455
2010-06-23,19.815976348907
2010-06-24,19.440835651192
2010-06-25,19.66402062325
2010-06-28,19.697260938238
2010-06-29,19.013460172783
2010-06-30,18.652565324349
2010-07-01,18.771280735018
2010-07-02,18.500609598692
2010-07-06,18.462620667278
2010-07-07,19.127426967025
2010-07-08,19.345863322657
2010-07-09,19.298377158389
2010-07-12,19.255639610548
2010-07-13,19.934691759576
2010-07-14,20.10564195094
2010-07-15,20.229105978036
2010-07-16,19.540556596154
2010-07-19,19.754244335359
2010-07-20,20.162625348061
2010-07-21,20.181619813768
2010-07-22,20.851174729943
2010-07-23,21.416260084728
2010-07-26,21.767657700309
2010-07-27,21.392517002594
2010-07-28,21.311790523339
2010-07-29,21.264304359072
2010-07-30,21.273801591925
2010-08-02,21.705925686761
2010-08-03,21.477992098276
2010-08-04,21.6774339882
2010-08-05,21.482740714703
2010-08-06,21.36877392046
2010-08-09,21.705925686761
2010-08-10,21.364025304034
2010-08-11,20.243351827316
2010-08-12,19.773238801066
2010-08-13,19.388600870498
2010-08-16,19.611785842556
2010-08-17,20.100893334513
2010-08-18,20.10564195094
2010-08-19,19.697260938238
2010-08-20,19.78273603392
2010-08-23,19.35536055551
2010-08-24,19.170164514866
2010-08-25,19.255639610548
2010-08-26,19.48832181546
2010-08-27,19.910948677442
2010-08-30,19.578545527569
2010-08-31,19.336366089803
2010-09-01,20.846426113516
2010-09-02,21.20732096195
2010-09-03,21.753411851029
2010-09-07,21.948105124526
2010-09-08,22.26626242512
2010-09-09,21.967099590233
2010-09-10,21.791400782443
2010-09-13,22.515564787525
2010-09-14,22.529815144986
2010-09-15,22.487064072604
2010-09-16,22.273308710697
2010-09-17,22.491814191758
2010-09-20,22.924075034725
2010-09-21,22.67231871959
2010-09-22,22.202056923395
2010-09-23,22.24955811493
2010-09-24,23.142580515785
2010-09-27,23.019077417795
2010-09-28,23.237582898855
2010-09-29,23.361085996846
2010-09-30,23.266083613776
2010-10-01,23.304084567004
2010-10-04,22.919324915571
2010-10-05,23.821847554734
2010-10-06,23.484589094836
2010-10-07,23.475088856529
2010-10-08,23.39433683092
2010-10-11,23.427587664995
2010-10-12,23.408587188381
2010-10-13,23.688844218436
2010-10-14,23.484589094836
2010-10-15,23.821847554734
2010-10-18,23.698344456743
2010-10-19,23.166331111553
2010-10-20,23.118829920018
2010-10-21,23.465588618222
2010-10-22,23.332585281925
2010-10-25,23.769596244046
2010-10-26,23.69359433759
2010-10-27,23.498839452297
2010-10-28,23.460838499069
2010-10-29,23.812347316427
2010-11-01,23.741095529125
2010-11-02,24.282609112622
2010-11-03,24.463113640455
2010-11-04,25.15188091771
2010-11-05,25.118630083636
2010-11-08,24.928625317496
2010-11-09,24.781371623738
2010-11-10,24.94762579411
2010-11-11,24.344360661617
2010-11-12,24.02135255918
2010-11-15,23.91209981865
2010-11-16,23.261333494623
2010-11-17,23.308834686157
2010-11-18,23.959601010185
2010-11-19,24.339610542464
2010-11-22,24.258858516855
2010-11-23,23.593841835367
2010-11-24,24.258858516855
2010-11-26,24.054603393255
2010-11-29,24.040353035794
2010-11-30,23.764846124892
2010-12-01,24.562866142678
2010-12-02,25.090129368715
2010-12-03,25.142380679403
2010-12-06,25.199382109245
2010-12-07,25.156631036864
2010-12-08,24.976126509031
2010-12-09,25.26113365824
2010-12-10,25.318135088082
2010-12-13,25.325260266812
2010-12-14,25.277745707212
2010-12-15,25.068681644972
2010-12-16,25.258739883372
2010-12-17,25.253988427412
2010-12-20,25.035421453252
2010-12-21,25.068681644972
2010-12-22,25.182716588012
2010-12-23,24.954646701932
2010-12-27,25.139953484372
2010-12-28,25.139953484372
2010-12-29,25.206473867812
2010-12-30,25.135202028412
2010-12-31,25.078184556892
2011-01-03,25.377526282372
2011-01-04,24.873871950612
2011-01-05,24.674310800292
2011-01-06,24.555524401292
2011-01-07,24.631547696652
2011-01-10,24.664807888372
2011-01-11,24.892877774452
2011-01-12,25.097190380732
2011-01-13,24.992658349612
2011-01-14,24.831108846972
2011-01-18,25.130450572452
2011-01-19,25.130450572452
2011-01-20,24.897629230412
2011-01-21,25.320508810852
2011-01-24,26.004718469093
2011-01-25,26.175770883653
2011-01-26,26.289805826693
2011-01-27,26.974015484933
2011-01-28,26.142510691933
2011-01-31,26.294557282653
2011-02-01,27.031032956453
2011-02-02,27.154570811413
2011-02-03,26.974015484933
2011-02-04,27.330374681933
2011-02-07,27.358883417693
2011-02-08,27.092801883933
2011-02-09,27.273357210413
2011-02-10,27.563196023973
2011-02-11,27.805520277934
2011-02-14,27.615462039533
2011-02-15,27.325623225973
2011-02-16,27.306617402133
2011-02-17,27.301865946173
2011-02-18,27.268605754453
2011-02-22,26.878986365733
2011-02-23,26.817217438253
2011-02-24,26.945506749173
2011-02-25,27.012027132613
2011-02-28,27.311368858093
2011-03-01,26.736442686933
2011-03-02,27.069044604133
2011-03-03,27.843531925614
2011-03-04,27.781762998134
2011-03-07,27.472918360733
2011-03-08,27.591704759733
2011-03-09,27.430155257093
2011-03-10,26.817217438253
2011-03-11,26.741194142893
2011-03-14,26.767327150673
2011-03-15,26.501174750027
2011-03-16,25.897579127134
2011-03-17,26.049666213217
2011-03-18,26.216011463621
2011-03-21,26.696036329071
2011-03-22,26.17323697066
2011-03-23,25.935600898655
2011-03-24,25.788266534011
2011-03-25,25.850051912733
2011-03-28,25.650437612248
2011-03-29,26.078182541858
2011-03-30,26.263538678022
2011-03-31,25.850051912733
2011-04-01,24.909013067592
2011-04-04,24.851980410311
2011-04-05,24.81871136023
2011-04-06,24.985056610634
2011-04-07,24.975551167753
2011-04-08,24.999314774954
2011-04-11,24.81395863879
2011-04-12,24.747420538628
2011-04-13,25.061100153675
2011-04-14,24.928023953352
2011-04-15,25.203681796878
2011-04-18,24.609591616865
2011-04-19,24.514537188063
2011-04-20,26.101946149058
2011-04-21,26.044913491777
2011-04-25,26.011644441696
2011-04-26,26.425131206985
2011-04-27,26.65326183611
2011-04-28,26.61999278603
2011-04-29,26.572465571629
2011-05-02,26.61999278603
2011-05-03,26.387109435465
2011-05-04,26.082935263298
2011-05-05,26.19700057786
2011-05-06,26.444142092746
2011-05-09,26.562960128748
2011-05-10,27.07625404428
2011-05-11,26.401367599785
2011-05-12,26.249280513702
2011-05-13,26.15897880634
2011-05-16,26.16373152778
2011-05-17,25.949859062975
2011-05-18,26.244527792261
2011-05-19,26.092440706178
2011-05-20,25.973622670175
2011-05-23,25.479339640404
2011-05-24,25.065852875115
2011-05-25,25.246456289839
2011-05-26,25.417554261683
2011-05-27,25.612415840727
2011-05-31,25.693212105209
2011-06-01,25.2654671756
2011-06-02,25.27972533992
2011-06-03,24.956540281993
2011-06-06,24.771184145829
2011-06-07,24.714151488548
2011-06-08,24.215115737336
2011-06-09,24.414730037821
2011-06-10,24.409977316381
2011-06-13,24.089168619174
2011-06-14,24.388678708577
2011-06-15,24.11293926119
2011-06-16,23.77539614456
2011-06-17,23.846708070609
2011-06-20,23.832445685399
2011-06-21,24.184251187238
2011-06-22,24.341137424545
2011-06-23,24.488515405045
2011-06-24,24.165234673625
2011-06-27,24.227038342867
2011-06-28,24.5693355879
2011-06-29,24.811796136465
2011-06-30,25.667539249047
2011-07-01,26.081148420128
2011-07-05,25.876720898789
2011-07-06,25.829179614756
2011-07-07,26.409183279951
2011-07-08,25.767375945514
2011-07-11,25.044748428223
2011-07-12,24.307858525722
2011-07-13,24.398186965384
2011-07-14,23.956053023883
2011-07-15,24.136709903206
2011-07-18,23.841953942206
2011-07-19,24.5693355879
2011-07-20,23.841953942206
2011-07-21,24.036873206738
2011-07-22,24.26031724169
2011-07-25,24.155726416819
2011-07-26,24.179497058835
2011-07-27,23.380803487092
2011-07-28,23.33326220306
2011-07-29,23.242933763398
2011-08-01,23.000473214834
2011-08-02,22.111451203429
2011-08-03,22.349157623591
2011-08-04,20.708983324476
2011-08-05,20.623409013218
2011-08-08,19.572746636104
2011-08-09,20.960952129847
2011-08-10,20.247832869363
2011-08-11,21.902269553687
2011-08-12,22.106697075026
2011-08-15,22.448994320059
2011-08-16,22.139975973849
2011-08-17,21.778662215203
2011-08-18,20.181275071717
2011-08-19,20.029142962814
2011-08-22,20.133733787685
2011-08-23,20.989476900267
2011-08-24,20.97996864346
2011-08-25,20.571113600782
2011-08-26,21.151117265977
2011-08-29,21.930794324107
2011-08-30,22.054401662591
2011-08-31,22.334895238381
2011-09-01,21.78817047201
2011-09-02,20.399964978266
2011-09-06,20.609146628008
2011-09-07,21.431610841767
2011-09-08,21.070297083122
2011-09-09,20.433243877089
2011-09-12,20.635294334226
2011-09-13,20.7637001759
2011-09-14,21.329637033649
2011-09-15,21.458042875323
2011-09-16,21.139406157095
2011-09-19,20.64005010614
2011-09-20,20.387994194705
2011-09-21,20.216786405807
2011-09-22,19.988509353941
2011-09-23,19.845836196526
2011-09-26,20.364215335136
2011-09-27,20.806502123125
2011-09-28,20.212030633893
2011-09-29,20.544934667863
2011-09-30,19.389282092795
2011-10-03,18.927972217151
2011-10-04,19.51768793447
2011-10-05,19.874370828009
2011-10-06,20.24532103729
2011-10-07,20.15971714284
2011-10-10,20.925396420971
2011-10-11,20.373726878964
2011-10-12,20.573469299346
2011-10-13,20.559201983604
2011-10-14,20.996732999679
2011-10-17,20.349948019395
2011-10-18,20.97295414011
2011-10-19,19.926684319061
2011-10-20,20.064601704563
2011-10-21,21.695831471016
2011-10-24,22.295058732162
2011-10-25,21.933620066709
2011-10-26,22.494801152544
2011-10-27,23.441199763402
2011-10-28,23.431688219574
2011-10-31,22.585160818907
2011-11-01,22.138118259005
2011-11-02,22.523335784027
2011-11-03,22.927576396705
2011-11-04,22.756368607806
2011-11-07,22.775391695462
2011-11-08,22.756368607806
2011-11-09,21.610227576567
2011-11-10,21.57693717317
2011-11-11,22.280791416421
2011-11-14,22.176164434316
2011-11-15,22.55187041551
2011-11-16,22.390174170439
2011-11-17,21.719610330585
2011-11-18,21.396217840443
2011-11-21,20.739921316331
2011-11-22,20.549690439777
2011-11-23,19.836324652698
2011-11-25,19.774499617818
2011-11-28,20.397505738533
2011-11-29,20.326169159825
2011-11-30,21.557914085514
2011-12-01,21.51511213829
2011-12-02,21.434264015754
2011-12-05,21.795702681207
2011-12-06,21.63876220805
2011-12-07,21.548402541687
2011-12-08,20.896861789488
2011-12-09,21.386706296615
2011-12-12,20.747054974202
2011-12-13,20.252284573533
2011-12-14,19.88596418073
2011-12-15,19.819360472948
2011-12-16,19.800330842153
2011-12-19,19.548188234119
2011-12-20,20.775599420394
2011-12-21,20.956380912946
2011-12-22,21.413092052025
2011-12-23,21.741353183238
2011-12-27,21.803199483322
2011-12-28,21.517755021397
2011-12-29,21.807956891021
2011-12-30,21.593873544577
2012-01-03,21.865045783405
2012-01-04,21.798442075623
2012-01-05,21.983980975874
2012-01-06,21.993495791271
2012-01-09,22.369330999472
2012-01-10,22.826042138551
2012-01-11,22.75468102307
2012-01-12,22.935462515622
2012-01-13,22.906918069429
2012-01-17,22.964006961814
2012-01-18,25.480675634447
2012-01-19,26.11341085838
2012-01-20,26.33700902022
2012-01-23,26.203801604656
2012-01-24,26.046807150597
2012-01-25,26.023020112103
2012-01-26,26.027777519802
2012-01-27,25.88505528884
2012-01-30,25.780392319468
2012-01-31,25.894570104238
2012-02-01,26.070594189091
2012-02-02,25.804179357961
2012-02-03,26.199044196957
2012-02-06,26.094381227585
2012-02-07,26.103896042982
2012-02-08,26.003990481309
2012-02-09,26.308464574028
2012-02-10,26.080109004488
2012-02-13,26.237103458547
2012-02-14,26.194286789258
2012-02-15,26.103896042982
2012-02-16,26.807992382395
2012-02-17,26.7889627516
2012-02-21,26.836536828588
2012-02-22,26.722359043818
2012-02-23,26.684299782228
2012-02-24,26.784205343902
2012-02-27,26.708086820722
2012-02-28,26.884110905575
2012-02-29,26.622453482145
2012-03-01,26.855566459383
2012-03-02,26.750903490011
2012-03-05,26.541577551266
2012-03-06,26.208559012354
2012-03-07,26.646240520638
2012-03-08,26.807992382395
2012-03-09,27.036347951935
2012-03-12,27.029211840387
2012-03-13,27.644053724959
2012-03-14,27.319951026115
2012-03-15,27.515365888653
2012-03-16,27.515365888653
2012-03-19,27.45340507858
2012-03-20,26.986315894952
2012-03-21,27.105471298938
2012-03-22,27.095938866619
2012-03-23,27.072107785822
2012-03-26,27.610690211843
2012-03-27,28.149272637864
2012-03-28,27.934792910687
2012-03-29,28.144506421704
2012-03-30,28.487673985186
2012-04-02,29.231203706065
2012-04-03,28.930932088018
2012-04-04,28.425713175113
2012-04-05,28.277960474169
2012-04-09,27.887130749092
2012-04-10,27.238925351404
2012-04-11,27.472469943218
2012-04-12,28.173103718661
2012-04-13,28.020584801558
2012-04-16,28.154038854023
2012-04-17,28.573465876057
2012-04-18,27.686949670394
2012-04-19,27.467703727059
2012-04-20,27.491534807856
2012-04-23,27.053042921184
2012-04-24,26.938653733357
2012-04-25,27.319951026115
2012-04-26,27.877598316773
2012-04-27,27.968156423804
2012-04-30,27.710780751192
2012-05-01,27.596391563364
2012-05-02,27.624988860321
2012-05-03,27.024445624227
2012-05-04,26.381006442698
2012-05-07,26.123630770086
2012-05-08,25.990176717621
2012-05-09,26.09503347313
2012-05-10,25.842424016677
2012-05-11,25.756632125807
2012-05-14,25.480191588557
2012-05-15,25.346737536092
2012-05-16,25.113192944278
2012-05-17,24.90824564942
2012-05-18,24.398260520356
2012-05-21,25.00356997261
2012-05-22,25.251413212902
2012-05-23,25.470659156238
2012-05-24,25.384867265368
2012-05-25,25.36580240073
2012-05-29,25.770930774285
2012-05-30,25.389633481527
2012-05-31,25.351503752251
2012-06-01,24.593675382895
2012-06-04,24.889180784782
2012-06-05,25.389633481527
2012-06-06,25.809060503561
2012-06-07,25.99970914994
2012-06-08,26.147461850884
2012-06-11,25.787612530843
2012-06-12,26.117120913182
2012-06-13,26.226957040628
2012-06-14,25.983407366726
2012-06-15,26.608995744789
2012-06-18,26.952830578533
2012-06-19,27.377848636912
2012-06-20,27.091319608792
2012-06-21,26.169651235004
2012-06-22,26.317691232866
2012-06-25,25.558389308347
2012-06-26,25.529736405535
2012-06-27,25.668225435793
2012-06-28,25.419900278089
2012-06-29,26.226957040628
2012-07-02,26.117120913182
2012-07-03,26.355895103282
2012-07-05,26.32724220047
2012-07-06,25.558389308347
2012-07-09,25.429451245693
2012-07-10,25.061738992938
2012-07-11,24.751332545808
2012-07-12,24.579415128935
2012-07-13,24.870719640858
2012-07-16,24.698802223986
2012-07-17,24.526884807113
2012-07-18,28.146701529035
2012-07-19,28.180129915649
2012-07-20,27.783764760083
2012-07-23,27.745560889667
2012-07-24,27.554541537586
2012-07-25,28.012987982579
2012-07-26,28.619474425434
2012-07-27,28.648127328246
2012-07-30,28.500087330384
2012-07-31,28.118048626223
2012-08-01,28.060742820599
2012-08-02,27.726458954459
2012-08-03,28.552617652206
2012-08-06,28.815269261316
2012-08-07,29.302368609121
2012-08-08,29.116124740843
2012-08-09,29.068369902823
2012-08-10,29.149553127457
2012-08-13,29.517265380212
2012-08-14,29.550693766826
2012-08-15,29.469510542192
2012-08-16,29.765590537916
2012-08-17,29.794243440728
2012-08-20,29.684407313282
2012-08-21,29.579346669638
2012-08-22,29.111349257041
2012-08-23,29.106573773239
2012-08-24,29.445633123182
2012-08-27,29.431306671776
2012-08-28,29.025390548605
2012-08-29,29.034941516209
2012-08-30,28.805718293712
2012-08-31,29.068369902823
2012-09-04,29.302368609121
2012-09-05,28.834371196525
2012-09-06,29.4886124774
2012-09-07,29.622326023856
2012-09-10,29.433694413677
2012-09-11,29.381074449667
2012-09-12,29.30931995329
2012-09-13,29.864221391936
2012-09-14,30.222993873819
2012-09-17,30.179941175993
2012-09-18,29.95511042068
2012-09-19,29.854654125753
2012-09-20,29.60590520498
2012-09-21,29.60590520498
2012-09-24,29.041436500151
2012-09-25,28.787903946287
2012-09-26,28.319107903294
2012-09-27,28.357376968028
2012-09-28,28.166031644357
2012-10-01,27.63504837117
2012-10-02,27.730721033005
2012-10-03,27.855095493392
2012-10-04,27.721153766822
2012-10-05,28.108628047256
2012-10-08,27.898148191218
2012-10-09,27.984253586869
2012-10-10,27.912499090493
2012-10-11,27.984253586869
2012-10-12,28.017739018512
2012-10-15,28.223435241458
2012-10-16,28.783120313195
2012-10-17,29.433694413677
2012-10-18,29.548501607879
2012-10-19,29.232781823822
2012-10-22,29.448045312952
2012-10-23,29.180161859813
2012-10-24,28.663529485901
2012-10-25,28.749634881553
2012-10-26,28.763985780828
2012-10-31,28.763985780828
2012-11-01,29.204080025271
2012-11-02,29.098840097252
2012-11-05,29.538934341696
2012-11-06,29.706361499908
2012-11-07,29.132325528895
2012-11-08,28.869225708847
2012-11-09,29.19929639218
2012-11-12,29.366723550392
2012-11-13,29.003167435417
2012-11-14,28.333458802569
2012-11-15,28.089493514888
2012-11-16,28.280838838559
2012-11-19,28.940980205224
2012-11-20,28.90271114049
2012-11-21,29.060571032518
2012-11-23,29.428910780585
2012-11-26,29.558068874063
2012-11-27,29.208863658363
2012-11-28,29.448045312952
2012-11-29,29.65852516899
2012-11-30,29.620256104256
2012-12-03,29.204080025271
2012-12-04,29.161027327445
2012-12-05,29.165810960537
2012-12-06,29.232781823822
2012-12-07,29.481530744594
2012-12-10,29.660916985536
2012-12-11,30.096966007456
2012-12-12,30.135299987405
2012-12-13,30.001131057583
2012-12-14,29.967588825128
2012-12-17,30.55218201935
2012-12-18,30.997814536257
2012-12-19,31.074482496155
2012-12-20,31.151150456053
2012-12-21,31.122399971091
2012-12-24,31.007398031244
2012-12-26,30.916354828865
2012-12-27,30.954688808814
2012-12-28,30.470722311958
2012-12-31,31.002606283751
2013-01-02,32.622216936596
2013-01-03,32.20533490465
2013-01-04,32.075957722322
2013-01-07,32.119083449765
2013-01-08,31.956164034982
2013-01-09,32.349087329459
2013-01-10,32.512006744242
2013-01-11,32.761177613911
2013-01-14,32.670134411532
2013-01-15,32.751594118924
2013-01-16,32.708468391481
2013-01-17,32.502423249255
2013-01-18,32.377837814421
2013-01-22,32.492839754268
2013-01-23,32.420963541863
2013-01-24,32.464089269306
2013-01-25,32.440130531838
2013-01-28,32.25804412708
2013-01-29,32.478464511787
2013-01-30,32.483256259281
2013-01-31,32.377837814421
2013-02-01,32.809095088847
2013-02-04,32.344295581965
2013-02-05,33.010348483579
2013-02-06,33.326603818158
2013-02-07,33.297853333197
2013-02-08,33.753069345091
2013-02-11,33.73869410261
2013-02-12,33.733902355117
2013-02-13,33.594941677801
2013-02-14,33.590149930308
2013-02-15,33.743485850104
2013-02-19,33.968697982304
2013-02-20,33.297853333197
2013-02-21,33.197226635831
2013-02-22,33.925572254862
2013-02-25,33.144517413401
2013-02-26,33.585358182814
2013-02-27,33.868071284938
2013-02-28,33.954322739823
2013-03-01,34.361621276781
2013-03-04,34.486206711616
2013-03-05,34.778503308727
2013-03-06,34.879130006093
2013-03-07,34.749752823765
2013-03-08,35.094758643306
2013-03-11,35.092362769559
2013-03-12,34.866827277946
2013-03-13,34.981994337493
2013-03-14,35.149946299333
2013-03-15,34.737264335955
2013-03-18,34.775653355804
2013-03-19,34.71806982603
2013-03-20,35.106758652003
2013-03-21,34.910014925276
2013-03-22,35.135550416889
2013-03-25,34.838035513059
2013-03-26,35.121154534446
2013-03-27,35.101960024521
2013-03-28,35.821754146692
2013-04-01,35.279509241323
2013-04-02,35.370683163465
2013-04-03,35.183536691701
2013-04-04,35.14034904437
2013-04-05,34.574111001596
2013-04-08,35.049175122229
2013-04-09,35.029980612304
2013-04-10,35.682593949739
2013-04-11,35.879337676466
2013-04-12,35.26511335888
2013-04-15,34.310186490134
2013-04-16,35.274710613842
2013-04-17,34.6748821787
2013-04-18,34.660486296257
2013-04-19,34.924410807719
2013-04-22,35.413870810795
2013-04-23,35.500246105456
2013-04-24,35.68739257722
2013-04-25,36.128866305485
2013-04-26,35.653802184852
2013-04-29,35.94171983372
2013-04-30,36.239234737551
2013-05-01,36.244033365032
2013-05-02,36.368797679542
2013-05-03,37.026209644458
2013-05-06,37.026209644458
2013-05-07,37.376509450581
2013-05-08,37.419697097911
2013-05-09,37.549260039902
2013-05-10,38.528180046054
2013-05-13,38.312241809402
2013-05-14,38.782507302554
2013-05-15,39.041633186535
2013-05-16,39.070424951422
2013-05-17,39.967768290395
2013-05-20,39.31515495296
2013-05-21,38.868882597214
2013-05-22,37.256543763552
2013-05-23,37.429294352873
2013-05-24,37.592447687232
2013-05-28,37.741205139147
2013-05-29,37.539662784939
2013-05-30,37.645232589524
2013-05-31,37.381308078062
2013-06-03,37.765198276553
2013-06-04,37.294932783401
2013-06-05,36.82466729025
2013-06-06,37.07899454675
2013-06-07,37.294932783401
2013-06-10,37.393304646765
2013-06-11,36.879158720627
2013-06-12,36.56202198114
2013-06-13,37.018506681917
2013-06-14,36.614878104388
2013-06-17,37.96030669615
2013-06-18,38.094849555326
2013-06-19,37.609534241869
2013-06-20,36.331377079695
2013-06-21,36.706175044543
2013-06-24,36.019045442322
2013-06-25,36.706175044543
2013-06-26,37.249151583361
2013-06-27,38.162120984914
2013-06-28,37.450965872126
2013-07-01,37.720051590478
2013-07-02,37.705636284138
2013-07-03,37.912255675016
2013-07-05,38.56094446033
2013-07-08,38.671461808939
2013-07-09,39.281709777345
2013-07-10,39.752609784462
2013-07-11,40.905834291687
2013-07-12,41.025961844523
2013-07-15,40.804927147305
2013-07-16,40.497400612045
2013-07-17,40.636748573334
2013-07-18,36.686954636089
2013-07-19,36.893574026967
2013-07-22,37.724856692592
2013-07-23,37.441355667899
2013-07-24,37.436550565785
2013-07-25,37.253956685475
2013-07-26,37.244346481248
2013-07-29,37.17707505166
2013-07-30,37.465381178466
2013-07-31,37.748882203159
2013-08-01,38.378350580019
2013-08-02,38.003552615171
2013-08-05,38.138095474347
2013-08-06,37.840179143314
2013-08-07,37.215515868567
2013-08-08,37.220320970681
2013-08-09,37.273177093929
2013-08-12,37.234736277021
2013-08-13,37.186685255887
2013-08-14,36.903184231194
2013-08-15,36.081511769796
2013-08-16,35.937358706393
2013-08-19,35.615416864793
2013-08-20,36.292936262788
2013-08-21,36.312156671241
2013-08-22,37.393304646765
2013-08-23,37.383694442538
2013-08-26,37.018506681917
2013-08-27,36.119952586704
2013-08-28,36.56202198114
2013-08-29,36.686954636089
2013-08-30,36.40825871351
2013-09-03,36.206444424746
2013-09-04,36.691759738203
2013-09-05,36.340987283922
2013-09-06,36.110342382477
2013-09-09,36.710980146657
2013-09-10,37.587804081918
2013-09-11,37.631163507288
2013-09-12,37.448090377948
2013-09-13,37.236110965027
2013-09-16,37.616710365498
2013-09-17,37.635981221218
2013-09-18,37.741970927678
2013-09-19,37.905773201298
2013-09-20,36.980772126737
2013-09-23,37.289105818257
2013-09-24,37.255381820747
2013-09-25,37.476996661528
2013-09-26,37.568533226198
2013-09-27,37.356553813278
2013-09-30,37.279470390397
2013-10-01,37.395095524718
2013-10-02,37.361371527208
2013-10-03,36.735068716307
2013-10-04,36.850693850627
2013-10-07,36.523089303386
2013-10-08,36.050953338246
2013-10-09,36.465276736226
2013-10-10,36.701344718797
2013-10-11,37.120485830707
2013-10-14,37.144574400357
2013-10-15,37.313194387907
2013-10-16,38.084028616709
2013-10-17,39.08129540022
2013-10-18,39.664238785751
2013-10-21,39.669056499681
2013-10-22,39.500436512131
2013-10-23,39.293274813141
2013-10-24,39.16319653703
2013-10-25,39.15356110917
2013-10-28,38.89340455695
2013-10-29,38.99457654948
2013-10-30,38.74405542512
2013-10-31,38.68142514403
2013-11-01,38.507987442549
2013-11-04,38.68142514403
2013-11-05,38.445357161459
2013-11-06,38.9656702659
2013-11-07,38.67178971617
2013-11-08,39.18728510668
2013-11-11,39.06684225843
2013-11-12,39.20173824847
2013-11-13,39.355905094231
2013-11-14,39.852129629021
2013-11-15,40.516974151362
2013-11-18,40.844578698603
2013-11-19,40.777130703583
2013-11-20,40.907208979693
2013-11-21,40.945750691133
2013-11-22,41.003563258293
2013-11-25,40.974656974713
2013-11-26,40.950568405063
2013-11-27,40.955386118993
2013-11-29,40.950568405063
2013-12-02,40.974656974713
2013-12-03,41.114370678683
2013-12-04,41.027651827943
2013-12-05,40.965021546853
2013-12-06,41.485334651294
2013-12-09,41.812939198534
2013-12-10,41.759821941209
2013-12-11,41.021009180223
2013-12-12,41.074126437549
2013-12-13,41.122414853299
2013-12-16,41.552181753481
2013-12-17,41.682560476008
2013-12-18,42.112327376189
2013-12-19,42.025408227838
2013-12-20,42.397229029118
2013-12-23,42.440688603294
2013-12-24,42.585553850546
2013-12-26,42.701446048347
2013-12-27,42.624184583146
2013-12-30,42.836653612449
2013-12-31,43.063609166478
2014-01-02,42.368255979668
2014-01-03,42.52277891007
2014-01-06,42.131642742489
2014-01-07,42.416544395418
2014-01-08,42.653157632597
2014-01-09,43.179501364279
2014-01-10,43.140870631679
2014-01-13,43.068438008053
2014-01-14,44.623324995225
2014-01-15,44.449486698523
2014-01-16,44.362567550172
2014-01-17,44.463973223248
2014-01-21,43.961773699441
2014-01-22,43.976260224166
2014-01-23,42.730419097798
2014-01-24,41.474920288279
2014-01-27,41.209334001651
2014-01-28,41.571497119781
2014-01-29,41.349370407328
2014-01-30,41.851569931135
2014-01-31,41.952975604211
2014-02-03,40.890630457696
2014-02-04,41.025838021798
2014-02-05,41.204505160076
2014-02-06,41.86605645586
2014-02-07,42.184759999815
2014-02-10,42.025408227838
2014-02-11,42.474490494319
2014-02-12,42.629013424721
2014-02-13,42.754563305673
2014-02-14,42.624184583146
2014-02-18,42.9042573945
2014-02-19,42.759392147248
2014-02-20,42.952545810251
2014-02-21,42.57106732582
2014-02-24,42.933230443951
2014-02-25,42.653157632597
2014-02-26,42.049552435713
2014-02-27,42.295823356041
2014-02-28,42.503463543769
2014-03-03,42.387571345968
2014-03-04,43.449916492483
2014-03-05,43.121555265378
2014-03-06,43.58029521501
2014-03-07,43.657556680211
2014-03-10,43.792764244313
2014-03-11,43.478195819528
2014-03-12,43.826640843906
2014-03-13,43.666936874399
2014-03-14,43.792764244313
2014-03-17,44.155727811373
2014-03-18,44.402543036974
2014-03-19,44.107332669098
2014-03-20,44.363826923154
2014-03-21,45.128470171093
2014-03-24,44.765506604033
2014-03-25,44.871975917038
2014-03-26,44.267036638605
2014-03-27,43.93311015691
2014-03-28,44.339629352017
2014-03-31,44.354147894699
2014-04-01,44.630000205664
2014-04-02,45.491433738153
2014-04-03,45.365606368239
2014-04-04,44.871975917038
2014-04-07,44.267036638605
2014-04-08,44.388024494291
2014-04-09,45.075235514591
2014-04-10,44.063777041051
2014-04-11,43.812122301223
2014-04-14,44.146048782918
2014-04-15,44.213801982103
2014-04-16,45.19138385605
2014-04-17,45.549507908882
2014-04-21,45.665656250341
2014-04-22,45.980224675127
2014-04-23,46.231879414955
2014-04-24,46.614201038924
2014-04-25,45.835039248303
2014-04-28,45.844718276758
2014-04-29,45.970545646672
2014-04-30,46.14476815886
2014-05-01,46.619040553152
2014-05-02,46.333509213731
2014-05-05,46.720670351928
2014-05-06,46.130249616178
2014-05-07,46.299632614139
2014-05-08,46.2222003865
2014-05-09,46.459336583645
2014-05-12,46.764225979976
2014-05-13,46.517410754375
2014-05-14,46.251237471865
2014-05-15,45.87859487635
2014-05-16,46.212521358045
2014-05-19,46.348027756414
2014-05-20,45.781804591801
2014-05-21,46.047977874311
2014-05-22,46.18348427268
2014-05-23,46.318990671049
2014-05-27,46.217360872272
2014-05-28,46.12541010195
2014-05-29,46.420620469826
2014-05-30,46.362546299096
2014-06-02,46.861016264525
2014-06-03,46.686793752336
2014-06-04,46.50773172592
2014-06-05,46.880374321435
2014-06-06,47.228819345812
2014-06-09,47.620819998237
2014-06-10,47.358953981953
2014-06-11,47.55292880883
2014-06-12,47.043744888278
2014-06-13,46.951606845512
2014-06-16,46.786728242667
2014-06-17,46.917661250808
2014-06-18,47.038895517606
2014-06-19,47.237719715155
2014-06-20,47.271665309858
2014-06-23,47.087389224326
2014-06-24,46.636397751837
2014-06-25,46.61700026915
2014-06-26,46.345435511522
2014-06-27,46.684891458556
2014-06-30,46.71883705326
2014-07-01,47.208623491124
2014-07-02,47.135882931045
2014-07-03,47.436543912704
2014-07-07,47.441393283376
2014-07-08,47.368652723297
2014-07-09,47.17467789642
2014-07-10,46.874016914761
2014-07-11,46.840071320058
2014-07-14,47.019498034919
2014-07-15,46.79642698401
2014-07-16,46.79642698401
2014-07-17,46.733385165276
2014-07-18,46.733385165276
2014-07-21,46.71883705326
2014-07-22,47.140732301717
2014-07-23,47.029196776263
2014-07-24,47.383200835313
2014-07-25,47.329857757921
2014-07-28,47.334707128593
2014-07-29,47.121334819029
2014-07-30,47.237719715155
2014-07-31,46.636397751837
2014-08-01,47.116485448357
2014-08-04,47.116485448357
2014-08-05,47.218322232467
2014-08-06,47.436543912704
2014-08-07,47.252267827171
2014-08-08,47.809945454441
2014-08-11,48.120305177444
2014-08-12,48.420966159103
2014-08-13,48.508254831198
2014-08-14,48.930150079654
2014-08-15,48.682832175387
2014-08-18,49.361744069455
2014-08-19,49.555718896332
2014-08-20,49.584815120363
2014-08-21,50.617731073482
2014-08-22,50.36071442787
2014-08-25,50.58863484945
2014-08-26,50.326768833167
2014-08-27,50.195835825025
2014-08-28,50.137643376962
2014-08-29,49.953367291429
2014-09-02,50.578936108107
2014-09-03,50.506195548028
2014-09-04,50.399509393246
2014-09-05,50.491647436012
2014-09-08,50.593484220122
2014-09-09,50.282379013542
2014-09-10,50.262934938131
2014-09-11,50.768480898824
2014-09-12,50.661538484062
2014-09-15,50.369877352893
2014-09-16,50.549735050447
2014-09-17,50.778202936529
2014-09-18,51.196250557872
2014-09-19,50.515707918477
2014-09-22,50.345572258629
2014-09-23,49.490032940533
2014-09-24,49.650446562676
2014-09-25,48.955320866723
2014-09-26,49.494893959386
2014-09-29,49.504615997091
2014-09-30,48.542134264234
2014-10-01,47.686594946138
2014-10-02,47.987978115012
2014-10-03,48.308805359298
2014-10-06,48.124086642891
2014-10-07,47.511598267436
2014-10-08,48.517829169969
2014-10-09,47.968534039601
2014-10-10,44.42971231475
2014-10-13,44.293603786871
2014-10-14,45.149143104967
2014-10-15,45.761631480422
2014-10-16,45.888017970595
2014-10-17,46.694947100163
2014-10-20,46.918553967393
2014-10-21,48.289361283887
2014-10-22,45.81024166895
2014-10-23,46.675503024752
2014-10-24,47.472710116614
2014-10-27,47.025496382155
2014-10-28,47.861591624839
2014-10-29,47.822703474017
2014-10-30,48.114364605186
2014-10-31,49.1740667151
2014-11-03,48.999070036398
2014-11-04,48.590744452762
2014-11-05,49.212954865922
2014-11-06,49.621280449559
2014-11-07,49.543504147914
2014-11-10,49.271287092156
2014-11-11,49.397673582329
2014-11-12,49.844887316789
2014-11-13,49.300453205273
2014-11-14,49.446283770858
2014-11-17,49.417117657741
2014-11-18,50.117104372546
2014-11-19,50.097660297135
2014-11-20,49.922663618434
2014-11-21,50.603206257828
2014-11-24,50.992087766053
2014-11-25,51.147640369344
2014-11-26,51.507355764452
2014-11-28,52.139288215318
2014-12-01,51.46846761363
2014-12-02,51.721240593976
2014-12-03,52.328867950578
2014-12-04,52.319123282431
2014-12-05,52.348357286873
2014-12-08,52.231421269106
2014-12-09,52.504271977228
2014-12-10,52.445803968345
2014-12-11,52.406825295756
2014-12-12,50.993848414409
2014-12-15,50.574827684078
2014-12-16,50.311721644103
2014-12-17,51.295933126973
2014-12-18,53.001250052736
2014-12-19,53.615164146011
2014-12-22,53.819802177103
2014-12-23,54.034184876342
2014-12-24,53.849036181545
2014-12-26,53.810057508956
2014-12-29,53.576185473423
2014-12-30,53.088952066061
2014-12-31,52.436059300198
2015-01-02,52.270399941695
2015-01-05,51.315422463267
2015-01-06,50.662529697403
2015-01-07,51.529805162506
2015-01-08,52.53350598167
2015-01-09,52.231421269106
2015-01-12,51.598017839537
2015-01-13,51.48108182177
2015-01-14,51.110784432176
2015-01-15,50.60406168852
2015-01-16,51.081550427734
2015-01-20,51.013337750703
2015-01-21,52.552995317964
2015-01-22,53.361802774184
2015-01-23,53.507972796392
2015-01-26,53.391036778625
2015-01-27,52.933037375706
2015-01-28,52.591973990553
2015-01-29,53.556696137128
2015-01-30,52.338612618725
2015-02-02,52.855080030528
2015-02-03,53.186398747534
2015-02-04,53.176654079386
2015-02-05,53.82954684525
2015-02-06,53.644398150453
2015-02-09,53.400781446773
2015-02-10,54.316780252611
2015-02-11,54.131631557814
2015-02-12,54.570141624439
2015-02-13,54.950183682181
2015-02-17,54.570141624439
2015-02-18,54.81375832812
2015-02-19,54.784524323678
2015-02-20,55.466651093983
2015-02-23,55.271757731039
2015-02-24,55.369204412511
2015-02-25,55.398438416953
2015-02-26,55.349715076217
2015-02-27,55.018396359211
2015-03-02,55.7589911384
2015-03-03,55.856437819872
2015-03-04,56.752947289417
2015-03-05,57.220691360483
2015-03-06,56.294947886497
2015-03-09,56.358288229454
2015-03-10,55.918828348961
2015-03-11,55.948125674327
2015-03-12,56.924703186534
2015-03-13,56.592666832384
2015-03-16,57.920812248985
2015-03-17,57.618073220201
2015-03-18,58.789966234849
2015-03-19,58.565353407042
2015-03-20,58.643479608018
2015-03-23,58.340740579234
2015-03-24,57.7059651963
2015-03-25,56.260630478234
2015-03-26,56.153206951891
2015-03-27,56.2899278036
2015-03-30,57.393460392393
2015-03-31,57.549712794346
2015-04-01,56.914937411412
2015-04-02,57.42275771776
2015-04-06,57.588775894835
2015-04-07,57.461820818248
2015-04-08,57.823154497764
2015-04-09,57.911046473863
2015-04-10,58.145425076793
2015-04-13,57.627838995323
2015-04-14,57.549712794346
2015-04-15,57.832920272886
2015-04-16,57.383694617271
2015-04-17,56.602432607506
2015-04-20,57.071189813365
2015-04-21,56.797748109947
2015-04-22,55.479368468468
2015-04-23,55.371944942125
2015-04-24,54.854358860656
2015-04-27,54.903187736266
2015-04-28,54.678574908458
2015-04-29,54.483259406017
2015-04-30,54.07309685089
2015-05-01,55.166863664562
2015-05-04,55.498900018712
2015-05-05,54.610214482604
2015-05-06,54.395367429919
2015-05-07,54.444196305529
2015-05-08,55.479368468468
2015-05-11,55.811404822618
2015-05-12,55.44030536798
2015-05-13,55.616089320177
2015-05-14,56.719621908971
2015-05-15,56.426648655309
2015-05-18,56.797748109947
2015-05-19,56.700090358727
2015-05-20,56.90517163629
2015-05-21,56.612198382628
2015-05-22,56.57313528214
2015-05-26,55.840702147985
2015-05-27,56.299693578722
2015-05-28,56.280162028478
2015-05-29,55.713747071398
2015-06-01,55.860233698229
2015-06-02,56.309459353844
2015-06-03,56.524306406529
2015-06-04,55.616089320177
2015-06-05,55.801639047496
2015-06-08,55.650269533104
2015-06-09,55.483886384658
2015-06-10,56.168993466494
2015-06-11,56.276653150783
2015-06-12,56.462610787281
2015-06-15,55.777503705445
2015-06-16,55.934099609865
2015-06-17,55.81665268155
2015-06-18,56.961760232618
2015-06-19,56.462610787281
2015-06-22,56.69750464391
2015-06-23,56.501759763386
2015-06-24,55.581758824921
2015-06-25,54.984736939321
2015-06-26,54.49537473801
2015-06-29,55.630695045052
2015-06-30,56.736653620015
2015-07-01,56.227716930651
2015-07-02,55.777503705445
2015-07-06,54.828141034902
2015-07-07,54.700906862561
2015-07-08,53.046862622129
2015-07-09,53.134947818365
2015-07-10,53.350267186942
2015-07-13,54.201757417223
2015-07-14,53.97665080462
2015-07-15,53.829842144227
2015-07-16,53.780905924096
2015-07-17,53.164309550444
2015-07-20,53.193671282522
2015-07-21,52.93920293784
2015-07-22,55.571971580894
2015-07-23,55.063034891531
2015-07-24,54.671545130482
2015-07-27,53.585161043571
2015-07-28,55.346864968291
2015-07-29,55.836227169602
2015-07-30,55.699205753235
2015-07-31,55.209843551924
2015-08-03,54.749843082692
2015-08-04,54.4170767858
2015-08-05,54.896651743085
2015-08-06,54.554098202167
2015-08-07,54.377927809695
2015-08-10,55.425162920501
2015-08-11,54.730268594639
2015-08-12,54.563885446193
2015-08-13,54.270268125407
2015-08-14,54.387715053721
2015-08-17,54.603034422298
2015-08-18,54.025587024751
2015-08-19,54.05494875683
2015-08-20,52.968564669919
2015-08-21,50.73707303194
2015-08-24,48.01621919265
2015-08-25,48.53494312604
2015-08-26,49.513667528662
2015-08-27,52.087712707559
2015-08-28,51.754946410667
2015-08-31,51.246009721304
2015-09-01,49.308135404112
2015-09-02,50.834945472203
2015-09-03,50.874094448307
2015-09-04,49.807284849449
2015-09-08,50.651309774977
2015-09-09,49.669885442968
2015-09-10,50.445210665255
2015-09-11,50.592424315056
2015-09-14,50.553167341776
2015-09-15,51.308864077423
2015-09-16,51.730876540186
2015-09-17,51.868275946668
2015-09-18,50.97517980454
2015-09-21,51.04387950778
2015-09-22,49.748399389529
2015-09-23,49.542300279807
2015-09-24,49.130102060363
2015-09-25,49.679699686288
2015-09-28,48.551061704478
2015-09-29,48.79641778748
2015-09-30,50.013383959171
2015-10-01,49.100659330403
2015-10-02,49.571743009767
2015-10-05,50.818151911418
2015-10-06,50.288182772133
2015-10-07,50.700380991577
2015-10-08,51.142021940981
2015-10-09,50.96536556122
2015-10-12,51.06350799442
2015-10-13,50.729823721537
2015-10-14,50.935922831259
2015-10-15,51.838833216707
2015-10-16,52.319731139392
2015-10-19,52.09400354303
2015-10-20,52.417873572593
2015-10-21,49.493229063206
2015-10-22,51.112579211021
2015-10-23,52.535644492434
2015-10-26,52.830071792036
2015-10-27,52.987099685158
2015-10-28,53.418926391242
2015-10-29,53.389483661281
2015-10-30,53.21282728152
2015-11-02,54.047037963727
2015-11-03,53.860567340646
2015-11-04,53.909638557246
2015-11-05,53.683910960884
2015-11-06,54.145180396928
2015-11-09,53.880195827286
2015-11-10,53.428740634562
2015-11-11,53.713353690844
2015-11-12,52.908585738597
2015-11-13,52.015489596469
2015-11-16,53.517068824443
2015-11-17,52.869328765317
2015-11-18,53.782053394085
2015-11-19,53.566140041043
2015-11-20,53.713353690844
2015-11-23,54.35127950665
2015-11-24,53.674096717564
2015-11-25,53.742796420805
2015-11-27,53.939081287206
2015-11-30,54.027409477087
2015-12-01,54.459236183171
2015-12-02,53.575954284363
2015-12-03,52.623972682314
2015-12-04,53.772239150765
2015-12-07,53.693725204204
2015-12-08,53.320783958041
2015-12-09,52.888957251957
2015-12-10,52.565087222394
2015-12-11,51.770133513467
2015-12-14,51.9866214316
2015-12-15,51.593007034995
2015-12-16,52.02598287126
2015-12-17,51.888217832448
2015-12-18,50.8156186017
2015-12-21,51.268275157795
2015-12-22,52.183428629902
2015-12-23,52.685286985573
2015-12-24,52.567202666592
2015-12-28,52.321193668714
2015-12-29,52.596723746337
2015-12-30,52.085025030751
2015-12-31,51.396199836692
2016-01-04,50.057910888235
2016-01-05,49.497010373073
2016-01-06,48.326007543173
2016-01-07,46.584263838196
2016-01-08,45.885598284223
2016-01-11,45.531345327278
2016-01-12,46.672827077433
2016-01-13,45.806875404902
2016-01-14,45.964321163544
2016-01-15,44.763797253899
2016-01-19,44.694914734493
2016-01-20,45.767513965241
2016-01-21,47.017239674462
2016-01-22,47.922552786653
2016-01-25,47.410854071067
2016-01-26,47.804468467672
2016-01-27,47.617501629285
2016-01-28,47.68638414869
2016-01-29,48.778664099269
2016-02-01,49.073874896723
2016-02-02,48.41457078241
2016-02-03,48.266965383683
2016-02-04,48.778664099269
2016-02-05,48.758983379439
2016-02-08,48.198082864277
2016-02-09,48.257125023768
2016-02-10,48.926269497996
2016-02-11,48.227603944022
2016-02-12,48.749143019524
2016-02-16,49.920145849423
2016-02-17,51.189552278474
2016-02-18,51.268275157795
2016-02-19,51.268275157795
2016-02-22,51.6618895544
2016-02-23,51.317476957371
2016-02-24,51.593007034995
2016-02-25,51.878377472533
2016-02-26,52.094865390666
2016-02-29,52.222790069562
2016-03-01,53.98421449437
2016-03-02,54.308946371569
2016-03-03,54.938729406137
2016-03-04,55.302822722996
2016-03-07,55.824361798498
2016-03-08,54.79112400741
2016-03-09,54.889527606561
2016-03-10,54.535274649617
2016-03-11,55.411066682063
2016-03-14,54.917822364081
2016-03-15,54.769849068686
2016-03-16,55.647823954694
2016-03-17,56.338365999868
2016-03-18,56.861204976929
2016-03-21,56.417285090745
2016-03-22,56.496204181622
2016-03-23,56.091743840877
2016-03-24,56.397555318026
2016-03-28,56.446879749824
2016-03-29,57.009178272323
2016-03-30,56.930259181446
2016-03-31,57.038772931402
2016-04-01,57.689855431138
2016-04-04,57.433368385788
2016-04-05,57.423503499428
2016-04-06,57.610936340261
2016-04-07,56.999313385964
2016-04-08,57.581341681182
2016-04-11,57.64053099934
2016-04-12,57.492557703945
2016-04-13,58.252153953637
2016-04-14,57.975937135567
2016-04-15,57.946342476488
2016-04-18,57.709585203857
2016-04-19,57.522152363024
2016-04-20,57.048637817762
2016-04-21,56.072014068158
2016-04-22,56.190392704474
2016-04-25,55.983230090921
2016-04-26,56.269311795351
2016-04-27,56.239717136272
2016-04-28,55.647823954694
2016-04-29,55.075660545835
2016-05-02,55.499850659299
2016-05-03,54.986876568598
2016-05-04,54.631740659652
2016-05-05,54.898092591362
2016-05-06,55.105255204914
2016-05-09,55.411066682063
2016-05-10,55.707013272852
2016-05-11,55.411066682063
2016-05-12,55.046065886756
2016-05-13,54.335794068863
2016-05-16,54.888227705002
2016-05-17,54.67120020509
2016-05-18,54.907957477721
2016-05-19,54.572551341494
2016-05-20,55.282823159387
2016-05-23,55.608364409255
2016-05-24,56.84147520421
2016-05-25,56.880934749648
2016-05-26,57.206475999516
2016-05-27,57.36431418127
2016-05-31,57.926612703769
2016-06-01,58.015396681006
2016-06-02,58.291613499076
2016-06-03,58.459316567189
2016-06-06,58.607289862584
2016-06-07,58.873641794294
2016-06-08,59.297831907758
2016-06-09,59.169588385083
2016-06-10,58.804587589777
2016-06-13,57.993762605354
2016-06-14,57.904769619259
2016-06-15,57.855329071428
2016-06-16,57.657566880106
2016-06-17,57.21260194963
2016-06-20,57.608126332275
2016-06-21,57.627902551407
2016-06-22,57.558685784444
2016-06-23,58.87380435674
2016-06-24,56.609427266096
2016-06-27,54.898784311155
2016-06-28,55.215203817271
2016-06-29,55.749161733842
2016-06-30,56.688532142625
2016-07-01,56.609427266096
2016-07-05,55.343749241631
2016-07-06,55.412966008594
2016-07-07,55.482182775557
2016-07-08,56.718196471323
2016-07-11,56.925846772212
2016-07-12,57.064280306138
2016-07-13,57.351035483555
2016-07-14,57.746559866201
2016-07-15,58.428839426264
2016-07-18,58.418951316698
2016-07-19,57.904769619259
2016-07-20,58.517832412359
2016-07-21,58.577161069756
2016-07-22,58.320070221036
2016-07-25,57.993762605354
2016-07-26,58.735370822814
2016-07-27,58.468391864528
2016-07-28,58.507944302793
2016-07-29,58.854028137607
2016-08-01,58.784811370644
2016-08-02,58.062979372317
2016-08-03,58.369510768867
2016-08-04,58.537608631491
2016-08-05,59.249552520253
2016-08-08,59.22977630112
2016-08-09,59.476979040273
2016-08-10,59.437426602009
2016-08-11,59.704405560294
2016-08-12,59.724181779427
2016-08-15,59.84283909422
2016-08-16,59.170447643723
2016-08-17,59.289104958517
2016-08-18,59.832950984654
2016-08-19,60.505342435151
2016-08-22,60.811873831701
2016-08-23,60.792097612569
2016-08-24,60.742657064738
2016-08-25,60.752545174304
2016-08-26,60.821761941267
2016-08-29,61.385384186537
2016-08-30,61.573258268293
2016-08-31,61.612810706558
2016-09-01,61.63258692569
2016-09-02,61.879789664843
2016-09-06,61.958894541372
2016-09-07,62.166544842261
2016-09-08,62.186321061393
2016-09-09,60.742657064738
2016-09-12,61.614798331127
2016-09-13,61.059799343425
2016-09-14,61.228281178977
2016-09-15,62.229261496083
2016-09-16,62.387832635426
2016-09-19,63.190599028352
2016-09-20,63.557294788084
2016-09-21,64.320418396174
2016-09-22,65.093452700473
2016-09-23,63.844704978144
2016-09-26,63.468098522203
2016-09-27,63.923990547815
2016-09-28,64.399703965846
2016-09-29,64.102383079577
2016-09-30,64.340239788592
2016-10-03,63.824883585726
2016-10-04,63.725776623636
2016-10-05,64.320418396174
2016-10-06,64.93488156113
2016-10-07,64.786221117995
2016-10-10,64.280775611338
2016-10-11,63.428455737367
2016-10-12,63.388812952531
2016-10-13,62.73470700274
2016-10-14,62.992385104173
2016-10-17,62.486939597516
2016-10-18,62.645510736859
2016-10-19,64.132115168204
2016-10-20,65.836754916145
2016-10-21,65.370952194324
2016-10-24,65.400684282951
2016-10-25,64.607828586234
2016-10-26,64.944792257339
2016-10-27,64.786221117995
2016-10-28,64.905149472503
2016-10-31,65.341220105697
2016-11-01,65.430416371578
2016-11-02,64.528543016562
2016-11-03,64.310507699965
2016-11-04,64.330329092383
2016-11-07,65.945772574444
2016-11-08,66.213361372086
2016-11-09,66.74853896737
2016-11-10,65.876397700981
2016-11-11,66.034968840325
2016-11-14,66.034968840325
2016-11-15,66.530503650773
2016-11-16,67.194520296773
2016-11-17,67.402644917162
2016-11-18,67.432377005789
2016-11-21,67.363002132326
2016-11-22,67.412555613371
2016-11-23,67.432377005789
2016-11-25,68.056750866953
2016-11-28,67.878358335192
2016-11-29,67.818894157938
2016-11-30,67.650412322386
2016-12-01,66.143986498623
2016-12-02,66.738628271161
2016-12-05,67.244073777818
2016-12-06,66.996306372594
2016-12-07,67.462109094416
2016-12-08,68.215322006297
2016-12-09,68.056750866953
2016-12-12,67.212374305329
2016-12-13,67.460720352865
2016-12-14,67.311712724343
2016-12-15,67.530257246176
2016-12-16,66.95409441589
2016-12-19,67.550124929978
2016-12-20,67.877941712727
2016-12-21,67.768669451811
2016-12-22,67.82827250322
2016-12-23,67.848140187023
2016-12-27,67.887875554628
2016-12-28,67.122969728215
2016-12-29,67.15277125392
2016-12-30,66.755417577861
2017-01-03,66.983895941595
2017-01-04,67.480588036668
2017-01-05,67.122969728215
2017-01-06,67.62959566519
2017-01-09,66.934226732088
2017-01-10,67.341514250048
2017-01-11,67.371315775752
2017-01-12,67.520323404274
2017-01-13,67.659397190895
2017-01-17,67.252109672934
2017-01-18,67.82827250322
2017-01-19,67.758735609909
2017-01-20,68.146155444067
2017-01-23,67.530257246176
2017-01-24,68.30509691449
2017-01-25,66.586542265536
2017-01-26,66.199122431379
2017-01-27,66.47727000462
2017-01-30,66.536873056029
2017-01-31,67.043498993004
2017-02-01,66.159387063773
2017-02-02,66.705748368354
2017-02-03,67.013697467299
2017-02-06,66.626277633142
2017-02-07,66.844822154974
2017-02-08,67.569992613781
2017-02-09,67.838206345121
2017-02-10,68.315030756391
2017-02-13,68.513707594421
2017-02-14,68.672649064844
2017-02-15,68.563376803928
2017-02-16,68.920995112381
2017-02-17,69.000465847593
2017-02-21,69.11967195041
2017-02-22,69.358084156046
2017-02-23,69.507091784568
2017-02-24,69.715702464498
2017-02-27,69.010399689494
2017-02-28,68.752119800056
2017-03-01,70.411071397601
2017-03-02,70.013717721542
2017-03-03,70.003783879641
2017-03-06,69.666033254991
2017-03-07,69.805107041612
2017-03-08,69.914379302528
2017-03-09,69.675967096893
2017-03-10,70.083254614853
2017-03-13,70.917697334576
2017-03-14,70.480608290911
2017-03-15,71.384587903945
2017-03-16,71.126308014507
2017-03-17,71.026747113031
2017-03-20,71.026747113031
2017-03-21,70.100830729303
2017-03-22,70.648415687422
2017-03-23,70.588679146536
2017-03-24,70.658371777569
2017-03-27,70.668327867717
2017-03-28,71.006834932735
2017-03-29,70.996878842588
2017-03-30,71.574332071149
2017-03-31,70.857493580521
2017-04-03,69.981357647532
2017-04-04,69.593070131775
2017-04-05,69.264519156904
2017-04-06,69.622938402218
2017-04-07,69.463640959856
2017-04-10,69.334211787937
2017-04-11,69.433772689414
2017-04-12,68.537724576129
2017-04-13,68.348558863324
2017-04-17,69.224694796314
2017-04-18,69.652806672661
2017-04-19,69.812104115023
2017-04-20,70.509030425355
2017-04-21,70.160567270189
2017-04-24,71.61415643174
2017-04-25,71.882970865725
2017-04-26,71.415034628787
2017-04-27,72.460424094286
2017-04-28,71.992487857349
2017-05-01,71.574332071149
2017-05-02,71.186044555392
2017-05-03,70.976966662293
2017-05-04,71.524551620411
2017-05-05,71.813278234692
2017-05-08,72.211521840596
2017-05-09,72.340951012515
2017-05-10,72.659545897238
2017-05-11,72.301126651924
2017-05-12,72.530116725319
2017-05-15,72.848711610043
2017-05-16,73.416208748456
2017-05-17,72.241390111039
2017-05-18,72.131873119415
2017-05-19,72.579897176057
2017-05-22,73.27682348639
2017-05-23,73.047833412995
2017-05-24,73.605374461261
2017-05-25,74.242564230708
2017-05-26,74.471554304103
2017-05-30,74.551203025284
2017-05-31,74.272432501151
2017-06-01,74.800105278974
2017-06-02,75.228217155321
2017-06-05,75.258085425764
2017-06-06,75.218261065173
2017-06-07,75.586636400635
2017-06-08,75.845494744473
2017-06-09,75.427338958273
2017-06-12,75.088831893254
2017-06-13,75.586636400635
2017-06-14,75.60654858093
2017-06-15,75.845494744473
2017-06-16,75.456389996375
2017-06-19,75.476344086022
2017-06-20,74.777950948411
2017-06-21,74.558455962305
2017-06-22,74.199282348677
2017-06-23,74.90765253111
2017-06-26,74.588387096774
2017-06-27,74.059603721155
2017-06-28,74.937583665579
2017-06-29,73.590682614474
2017-06-30,73.650544883412
2017-07-03,72.932197656156
2017-07-05,73.600659659297
2017-07-06,72.313620877129
2017-07-07,73.221531956023
2017-07-10,73.600659659297
2017-07-11,73.490912166244
2017-07-12,74.40880028996
2017-07-13,74.418777334783
2017-07-14,74.378869155491
2017-07-17,74.668203455358
2017-07-18,74.738042769119
2017-07-19,75.40650477226
2017-07-20,75.486321130845
2017-07-21,75.396527727437
2017-07-24,75.466367041198
2017-07-25,75.665907937659
2017-07-26,74.767973903588
2017-07-27,75.665907937659
2017-07-28,75.955242237526
2017-07-31,76.444117433853
2017-08-01,77.202372840401
2017-08-02,77.661316902259
2017-08-03,77.651339857436
2017-08-04,77.481730095445
2017-08-07,77.800995529781
2017-08-08,77.791018484958
2017-08-09,78.309824815754
2017-08-10,77.591477588498
2017-08-11,77.791018484958
2017-08-14,78.918424549958
2017-08-15,78.728860698321
2017-08-16,79.137919536064
2017-08-17,78.768768877613
2017-08-18,78.239985501993
2017-08-21,78.529319801861
2017-08-22,79.517047239338
2017-08-23,79.217735894648
2017-08-24,79.207758849825
2017-08-25,79.606840642745
2017-08-28,79.566932463453
2017-08-29,79.975991301196
2017-08-30,80.125646973541
2017-08-31,80.75420079739
2017-09-01,80.684361483629
2017-09-05,80.165555152833
2017-09-06,80.395027183762
2017-09-07,80.325187870001
2017-09-08,80.335164914824
2017-09-11,81.751905279691
2017-09-12,81.931492086505
2017-09-13,81.532410293585
2017-09-14,82.021285489912
2017-09-15,82.58
2017-09-18,82.8
2017-09-19,83.07
2017-09-20,82.99
2017-09-21,83.14
2017-09-22,82.94
2017-09-25,81.92
2017-09-26,81.62
2017-09-27,81.97
2017-09-28,82.28
2017-09-29,84.64
2017-10-02,84.77
2017-10-03,85.0
2017-10-04,85.76
2017-10-05,86.3
2017-10-06,86.58
2017-10-09,86.55
2017-10-10,87.02
2017-10-11,86.78
2017-10-12,87.77
2017-10-13,87.2
2017-10-16,86.94
2017-10-17,86.7
2017-10-18,86.62
2017-10-19,86.1
2017-10-20,86.57
2017-10-23,86.35
2017-10-24,86.65
2017-10-25,87.25
2017-10-26,85.5
2017-10-27,86.6
2017-10-30,85.76
2017-10-31,87.0
2017-11-01,86.87
2017-11-02,87.59
2017-11-03,87.33
2017-11-06,87.24
2017-11-07,87.37
2017-11-09,86.72
2017-11-10,88.21
2017-11-13,88.48
2017-11-14,88.98
2017-11-15,88.41
2017-11-16,89.31
2017-11-17,89.52
2017-11-20,89.88
2017-11-21,90.84
2017-11-22,89.9
2017-11-24,90.91
2017-11-27,90.38
2017-11-28,91.04
2017-11-29,89.77
2017-11-30,90.59
2017-12-01,89.8
2017-12-04,88.46
2017-12-05,88.18
2017-12-06,87.78
2017-12-07,88.14
2017-12-08,89.34
2017-12-11,89.24
2017-12-12,89.67
2017-12-13,89.5
2017-12-14,89.23
2017-12-15,89.13
2017-12-18,89.45
2017-12-19,88.8
2017-12-20,88.64
2017-12-21,88.45
2017-12-22,88.14
2017-12-26,87.79
2017-12-27,88.09
2017-12-28,88.6
2017-12-29,87.8
2018-01-02,87.8
2018-01-03,88.94
2018-01-04,88.63
2018-01-05,89.71
2018-01-08,90.67
2018-01-09,90.81
2018-01-10,89.51
2018-01-11,90.79
2018-01-12,91.83
2018-01-16,91.28
2018-01-17,92.85
2018-01-18,92.29
2018-01-19,93.13
2018-01-22,91.98
2018-01-23,91.82
2018-01-24,91.2
2018-01-25,91.2
2018-01-26,92.73
2018-01-29,92.13
2018-01-30,92.55
2018-01-31,92.77
2018-02-01,92.82
2018-02-02,91.25
2018-02-05,88.41
2018-02-06,88.56
2018-02-07,88.28
2018-02-08,84.44
2018-02-09,84.78
2018-02-12,86.41
2018-02-13,86.88
2018-02-14,87.34
2018-02-15,89.14
2018-02-16,89.99
2018-02-20,90.36
2018-02-21,90.42
2018-02-22,90.23
2018-02-23,90.83
2018-02-26,92.41
2018-02-27,91.94
2018-02-28,91.39
2018-03-01,88.95
2018-03-02,89.65
2018-03-05,89.18
2018-03-06,89.75
2018-03-07,90.26
2018-03-08,90.58
2018-03-09,92.44
2018-03-12,92.66
2018-03-13,92.51
2018-03-14,91.37
2018-03-15,91.95
2018-03-16,92.0
2018-03-19,91.34
2018-03-20,91.7
2018-03-21,91.03
2018-03-22,88.17
2018-03-23,85.33
2018-03-26,87.09
2018-03-27,85.59
