Date,ARE
2010-01-04,49.928630131934
2010-01-05,49.402238594745
2010-01-06,49.142971121204
2010-01-07,49.598653347427
2010-01-08,49.433664955174
2010-01-11,49.692932428715
2010-01-12,49.763641739681
2010-01-13,49.897203771505
2010-01-14,49.88149059129
2010-01-15,49.268676562921
2010-01-19,49.850064230861
2010-01-20,50.274320096656
2010-01-21,48.946556368521
2010-01-22,48.616579584014
2010-01-25,48.750141615838
2010-01-26,47.815207393069
2010-01-27,47.823063983176
2010-01-28,47.34381198663
2010-01-29,46.927412710943
2010-02-01,47.705215131566
2010-02-02,48.318029159936
2010-02-03,48.208036898434
2010-02-04,46.094614159569
2010-02-05,46.573866156114
2010-02-08,45.073257445619
2010-02-09,44.978978364331
2010-02-10,45.049687675297
2010-02-11,44.696141120468
2010-02-12,45.866773046457
2010-02-16,48.082331456717
2010-02-17,47.980195785322
2010-02-18,48.467304371975
2010-02-19,48.388738470902
2010-02-22,48.200180308327
2010-02-23,48.522300502726
2010-02-24,48.459447781868
2010-02-25,48.710858665302
2010-02-26,48.412308241224
2010-03-01,48.632292764229
2010-03-02,49.025122269594
2010-03-03,49.048692039916
2010-03-04,48.860133877341
2010-03-05,49.716502199037
2010-03-08,50.651436421807
2010-03-09,50.769285273416
2010-03-10,50.926417075562
2010-03-11,50.989269796421
2010-03-12,51.075692287601
2010-03-15,51.272107040284
2010-03-16,52.576300998097
2010-03-17,52.906277782604
2010-03-18,52.992700273784
2010-03-19,52.317033524556
2010-03-22,53.03198322432
2010-03-23,52.631297128848
2010-03-24,52.953417323247
2010-03-25,53.322677058291
2010-03-26,53.605514302154
2010-03-29,53.896208136124
2010-03-30,53.833355415266
2010-03-31,53.383230542349
2010-04-01,53.722798428935
2010-04-05,55.096863830469
2010-04-06,56.731527842639
2010-04-07,56.083979779847
2010-04-08,56.226124476557
2010-04-09,57.30010662948
2010-04-12,56.463032304408
2010-04-13,57.458045181381
2010-04-14,56.739424770234
2010-04-15,55.468019427435
2010-04-16,54.804677509453
2010-04-19,54.907337568189
2010-04-20,55.744411893261
2010-04-21,55.712824182881
2010-04-22,56.036598214277
2010-04-23,58.587305827469
2010-04-26,58.911079858865
2010-04-27,56.98422952568
2010-04-28,56.873672539349
2010-04-29,58.366191854808
2010-04-30,55.918144300352
2010-05-03,57.663365298851
2010-05-04,56.091876707442
2010-05-05,55.41274093427
2010-05-06,52.885724103863
2010-05-07,51.337926295239
2010-05-10,55.088966902874
2010-05-11,55.231111599585
2010-05-12,56.044495141872
2010-05-13,55.128451540849
2010-05-14,52.885724103863
2010-05-17,52.814651755508
2010-05-18,51.527452557519
2010-05-19,51.416895571189
2010-05-20,48.984641871922
2010-05-21,50.224459504341
2010-05-24,49.916479328135
2010-05-25,49.86120083497
2010-05-26,49.687468427879
2010-05-27,52.593537782847
2010-05-28,51.788051168155
2010-06-01,50.737759798017
2010-06-02,51.977577430436
2010-06-03,51.914402009675
2010-06-04,49.245240482558
2010-06-07,49.395282106863
2010-06-08,51.487967919544
2010-06-09,52.009165140816
2010-06-10,54.867852930214
2010-06-11,56.194536766177
2010-06-14,56.786806335804
2010-06-15,57.489632891761
2010-06-16,57.039508018845
2010-06-17,57.955551619867
2010-06-18,57.789716140372
2010-06-21,56.755218625424
2010-06-22,54.401934202107
2010-06-23,54.709914378313
2010-06-24,53.6201383702
2010-06-25,54.086057098306
2010-06-28,53.406921325135
2010-06-29,50.642996666877
2010-06-30,50.31744588868
2010-07-01,50.349206940211
2010-07-02,49.031123301656
2010-07-06,48.300619116433
2010-07-07,51.365560589217
2010-07-08,51.611708738586
2010-07-09,51.778454259126
2010-07-12,51.659350315883
2010-07-13,53.382387361463
2010-07-14,53.09653789768
2010-07-15,52.675703964889
2010-07-16,51.103531914083
2010-07-19,51.889617939486
2010-07-20,53.914384974615
2010-07-21,52.588361073177
2010-07-22,55.367453082178
2010-07-23,56.304404102355
2010-07-26,57.638368266676
2010-07-27,57.241355122533
2010-07-28,56.717297772264
2010-07-29,55.526258339835
2010-07-30,56.018554638573
2010-08-02,57.828934575864
2010-08-03,57.169892756587
2010-08-04,57.312817488479
2010-08-05,56.884043292804
2010-08-06,57.439861694604
2010-08-09,58.162425616945
2010-08-10,56.518791200193
2010-08-11,55.240408876052
2010-08-12,54.192294175515
2010-08-13,53.477670516058
2010-08-16,53.572953670652
2010-08-17,54.946619149387
2010-08-18,55.859749380915
2010-08-19,54.446382587766
2010-08-20,53.882623923083
2010-08-23,53.795281031372
2010-08-24,53.890564185966
2010-08-25,54.994260726684
2010-08-26,54.756052840198
2010-08-27,55.62154149443
2010-08-30,55.232468613169
2010-08-31,55.081603618395
2010-09-01,55.430975185241
2010-09-02,56.137658581815
2010-09-03,57.058729076227
2010-09-07,56.296463839473
2010-09-08,56.590253566138
2010-09-09,55.827988329384
2010-09-10,55.859749380915
2010-09-13,56.971386184516
2010-09-14,57.090490127759
2010-09-15,57.217534333884
2010-09-16,56.95550565875
2010-09-17,57.304877225596
2010-09-20,58.249768508656
2010-09-21,57.892456678927
2010-09-22,55.978853324158
2010-09-23,54.430502062001
2010-09-24,55.589780442898
2010-09-27,55.335692030647
2010-09-28,55.708884386141
2010-09-29,55.558019391367
2010-09-30,55.861266265379
2010-10-01,56.699185259359
2010-10-04,57.010412314267
2010-10-05,57.736608775716
2010-10-06,56.81090779189
2010-10-07,56.332096938187
2010-10-08,56.739086163835
2010-10-11,57.122134846797
2010-10-12,56.890709600841
2010-10-13,57.999954745253
2010-10-14,58.598468312382
2010-10-15,58.462805237166
2010-10-18,59.907217979171
2010-10-19,58.837873739234
2010-10-20,59.619931466949
2010-10-21,59.635891828739
2010-10-22,59.803475627536
2010-10-25,59.66781255232
2010-10-26,58.97353681445
2010-10-27,59.101219708771
2010-10-28,58.598468312382
2010-10-29,58.638369216858
2010-11-01,58.686250302228
2010-11-02,59.691753095005
2010-11-03,59.117180070561
2010-11-04,59.101219708771
2010-11-05,59.109199889666
2010-11-08,59.220922422197
2010-11-09,57.106174485007
2010-11-10,57.792470041982
2010-11-11,57.50518352976
2010-11-12,56.739086163835
2010-11-15,55.669741923897
2010-11-16,54.129567011152
2010-11-17,54.60039768396
2010-11-18,54.225329181893
2010-11-19,53.969963393251
2010-11-22,53.618835433869
2010-11-23,52.756975897203
2010-11-24,54.273210267263
2010-11-26,53.84228049893
2010-11-29,54.025824659516
2010-11-30,53.267707474486
2010-12-01,54.169467915627
2010-12-02,54.879704015287
2010-12-03,55.159010346614
2010-12-06,55.31063378362
2010-12-07,56.300176214607
2010-12-08,55.430336497046
2010-12-09,54.680199492911
2010-12-10,55.063248175873
2010-12-13,55.35851486899
2010-12-14,55.406395954361
2010-12-15,55.206891431984
2010-12-16,55.446296858836
2010-12-17,55.398415773466
2010-12-20,56.188453682076
2010-12-21,56.411898747138
2010-12-22,57.433361901704
2010-12-23,57.393460997229
2010-12-27,58.18349890584
2010-12-28,58.622408855067
2010-12-29,58.582507950592
2010-12-30,58.807331171894
2010-12-31,58.823389973415
2011-01-03,59.827065068512
2011-01-04,58.879595778741
2011-01-05,59.329242221344
2011-01-06,58.670831358961
2011-01-07,60.630005144589
2011-01-10,60.469417129374
2011-01-11,60.075976492096
2011-01-12,60.710299152197
2011-01-13,60.1161234959
2011-01-14,60.397152522527
2011-01-18,61.914709266313
2011-01-19,60.766504957522
2011-01-20,60.501534732417
2011-01-21,60.421240724809
2011-01-24,61.208121999365
2011-01-25,62.50888492261
2011-01-26,62.115444285332
2011-01-27,62.549031926414
2011-01-28,61.465062823709
2011-01-31,61.858503460987
2011-02-01,62.30814990359
2011-02-02,61.810327056423
2011-02-03,61.762150651858
2011-02-04,60.74241675524
2011-02-07,62.372385109677
2011-02-08,62.436620315763
2011-02-09,62.380414510437
2011-02-10,63.006707769778
2011-02-11,63.416207208577
2011-02-14,63.528618819228
2011-02-15,63.368030804012
2011-02-16,64.082647471721
2011-02-17,64.106735674003
2011-02-18,64.026441666396
2011-02-22,63.560736422271
2011-02-23,62.685531739347
2011-02-24,61.697915445772
2011-02-25,62.894296159127
2011-02-28,64.395794101391
2011-03-01,62.396473311959
2011-03-02,61.529298029796
2011-03-03,62.340267506634
2011-03-04,61.78623885414
2011-03-07,61.697915445772
2011-03-08,62.557061327174
2011-03-09,62.211797094461
2011-03-10,61.553386232078
2011-03-11,61.978944472399
2011-03-14,61.312504209255
2011-03-15,61.609592037403
2011-03-16,60.509564133177
2011-03-17,60.268682110354
2011-03-18,60.397152522527
2011-03-21,61.649739041207
2011-03-22,60.710299152197
2011-03-23,60.268682110354
2011-03-24,60.774534358283
2011-03-25,61.440974621427
2011-03-28,60.959210575781
2011-03-29,61.722003648054
2011-03-30,62.408521615875
2011-03-31,62.97388935408
2011-04-01,63.3454167249
2011-04-04,63.482720318464
2011-04-05,63.385800134772
2011-04-06,63.393876816746
2011-04-07,61.827000513721
2011-04-08,61.221249365644
2011-04-11,61.293939503413
2011-04-12,61.512009916721
2011-04-13,61.366629641182
2011-04-14,62.521595163516
2011-04-15,62.828509078541
2011-04-18,61.697773602131
2011-04-19,62.036994245054
2011-04-20,62.796202350644
2011-04-21,63.111192947644
2011-04-25,63.3454167249
2011-04-26,64.379232017618
2011-04-27,65.122286759259
2011-04-28,65.784574681157
2011-04-29,66.349942419362
2011-05-02,66.026875140388
2011-05-03,65.841111454977
2011-05-04,64.742682706464
2011-05-05,63.571563820182
2011-05-06,61.205096001695
2011-05-09,62.707358848926
2011-05-10,63.910784463105
2011-05-11,63.006196081977
2011-05-12,63.022349445926
2011-05-13,63.062732855798
2011-05-16,63.256573223182
2011-05-17,63.426183544644
2011-05-18,64.274235151952
2011-05-19,64.468075519336
2011-05-20,63.587717184131
2011-05-23,62.65889875708
2011-05-24,63.006196081977
2011-05-25,63.878477735208
2011-05-26,64.928446391875
2011-05-27,65.655347769567
2011-05-31,66.664933016362
2011-06-01,64.476152201311
2011-06-02,63.943091191003
2011-06-03,63.838094325336
2011-06-06,62.626592029182
2011-06-07,63.539257092285
2011-06-08,63.183883085413
2011-06-09,62.634668711157
2011-06-10,61.253556093541
2011-06-13,62.351984842054
2011-06-14,62.707358848926
2011-06-15,61.503933234746
2011-06-16,61.802770467798
2011-06-17,62.481211753644
2011-06-20,63.143499675541
2011-06-21,64.080394784567
2011-06-22,64.23385174208
2011-06-23,62.158144474669
2011-06-24,61.95622742531
2011-06-27,61.95622742531
2011-06-28,62.351984842054
2011-06-29,62.798806883268
2011-06-30,62.896295328623
2011-07-01,64.188017229586
2011-07-05,65.366002610966
2011-07-06,65.820948689293
2011-07-07,66.600856252138
2011-07-08,66.381507250088
2011-07-11,65.374126648079
2011-07-12,66.405879361427
2011-07-13,65.341630499628
2011-07-14,65.008544977996
2011-07-15,66.275894767619
2011-07-18,65.885940986197
2011-07-19,67.291399406741
2011-07-20,68.079431006699
2011-07-21,68.648113604607
2011-07-22,68.997447200465
2011-07-25,68.380020379879
2011-07-26,68.323152120088
2011-07-27,66.722716808833
2011-07-28,66.657724511929
2011-07-29,66.617104326364
2011-08-01,66.129662099586
2011-08-02,63.058776070883
2011-08-03,62.205752174021
2011-08-04,58.980509440171
2011-08-05,57.217593386656
2011-08-08,50.880844438539
2011-08-09,56.063980116614
2011-08-10,54.496040953811
2011-08-11,56.185840673309
2011-08-12,56.2427089331
2011-08-15,58.663671992765
2011-08-16,58.696168141217
2011-08-17,58.6230518072
2011-08-18,55.365312924899
2011-08-19,53.781125687869
2011-08-22,54.390428471342
2011-08-23,55.365312924899
2011-08-24,56.299577192891
2011-08-25,55.219080256865
2011-08-26,56.047732042388
2011-08-29,58.509315287619
2011-08-30,58.476819139167
2011-08-31,59.151114219543
2011-09-01,57.956880763937
2011-09-02,56.145220487744
2011-09-06,56.258957007326
2011-09-07,59.00488155151
2011-09-08,58.371206656698
2011-09-09,55.950243597033
2011-09-12,55.154087959962
2011-09-13,55.105343737284
2011-09-14,55.357188887786
2011-09-15,55.893375337242
2011-09-16,55.698398446531
2011-09-19,53.748629539418
2011-09-20,53.691761279627
2011-09-21,50.758983881844
2011-09-22,48.817339011844
2011-09-23,48.987943791216
2011-09-26,49.459137943769
2011-09-27,50.295913766405
2011-09-28,49.507882166447
2011-09-29,51.390933745458
2011-09-30,50.261102798051
2011-10-03,46.822486871161
2011-10-04,49.466946262555
2011-10-05,48.680976907837
2011-10-06,50.809643910198
2011-10-07,48.852907704182
2011-10-10,50.531279763735
2011-10-11,49.221330839206
2011-10-12,49.769871951353
2011-10-13,50.523092582957
2011-10-14,52.700882669988
2011-10-17,52.266962088737
2011-10-18,54.223698294754
2011-10-19,53.503226386262
2011-10-20,54.141826486971
2011-10-21,55.533647219283
2011-10-24,57.817870656432
2011-10-25,56.335990935558
2011-10-26,54.182762390862
2011-10-27,55.681016473293
2011-10-28,55.631893388623
2011-10-31,54.109077763857
2011-11-01,51.939474857605
2011-11-02,54.403816271877
2011-11-03,56.172247319992
2011-11-04,56.417862743341
2011-11-07,56.524296093459
2011-11-08,57.056462844049
2011-11-09,55.034229191807
2011-11-10,54.682180418339
2011-11-11,55.992129342869
2011-11-14,54.673993237561
2011-11-15,55.69739083485
2011-11-16,55.083352276476
2011-11-17,54.068141859966
2011-11-18,54.371067548763
2011-11-21,52.602636500648
2011-11-22,52.176903100176
2011-11-23,50.760520825528
2011-11-25,50.948825983429
2011-11-28,52.226026184846
2011-11-29,51.824854326709
2011-11-30,53.675157182607
2011-12-01,54.035393136853
2011-12-02,54.109077763857
2011-12-05,55.787449823411
2011-12-06,55.296218976712
2011-12-07,55.959380619756
2011-12-08,54.53481116433
2011-12-09,55.476336953835
2011-12-12,53.773403351947
2011-12-13,53.17573915513
2011-12-14,52.725444212323
2011-12-15,53.519600747819
2011-12-16,54.248259837089
2011-12-19,54.035393136853
2011-12-20,55.713765196406
2011-12-21,56.098562692987
2011-12-22,56.843596143813
2011-12-23,56.819034601478
2011-12-27,57.203832098059
2011-12-28,56.344178116336
2011-12-29,57.119291937928
2011-12-30,56.871915186356
2012-01-03,56.74822681057
2012-01-04,55.651523211935
2012-01-05,56.583308976189
2012-01-06,56.236981523988
2012-01-09,56.443128816965
2012-01-10,57.440881714971
2012-01-11,58.026340027024
2012-01-12,57.416144039814
2012-01-13,57.457373498409
2012-01-17,58.001602351867
2012-01-18,58.718994931426
2012-01-19,58.364421587506
2012-01-20,58.949879899559
2012-01-23,59.156027192536
2012-01-24,58.793207956897
2012-01-25,59.024092925031
2012-01-26,59.411649835827
2012-01-27,59.856927988656
2012-01-30,59.419895727546
2012-01-31,59.708501937713
2012-02-01,60.582566459933
2012-02-02,60.450632192428
2012-02-03,61.233991905739
2012-02-06,61.283467256053
2012-02-07,60.747484294314
2012-02-08,59.988862256161
2012-02-09,59.782714963184
2012-02-10,59.180764867693
2012-02-13,59.881665663813
2012-02-14,59.180764867693
2012-02-15,59.123043625659
2012-02-16,60.178517765699
2012-02-17,60.046583498194
2012-02-21,58.826191523773
2012-02-22,57.97686467671
2012-02-23,58.578814772202
2012-02-24,58.339683912349
2012-02-27,58.281962670315
2012-02-28,59.040584708469
2012-02-29,59.11479773394
2012-03-01,59.518846428174
2012-03-02,59.015847033312
2012-03-05,59.510600536455
2012-03-06,58.265470886877
2012-03-07,58.479864071573
2012-03-08,58.224241428282
2012-03-09,59.03233881675
2012-03-12,59.03233881675
2012-03-13,60.417648625552
2012-03-14,60.038337606475
2012-03-15,59.90640333897
2012-03-16,59.955878689285
2012-03-19,60.640287701966
2012-03-20,60.673271268843
2012-03-21,60.442386300709
2012-03-22,59.659026587398
2012-03-23,59.749731396308
2012-03-26,59.914649230689
2012-03-27,59.99710814788
2012-03-28,60.137288307104
2012-03-29,60.311623350512
2012-03-30,60.710103449731
2012-04-02,60.942550174275
2012-04-03,60.726706787198
2012-04-04,60.26181333811
2012-04-05,59.796919889021
2012-04-09,59.091278046654
2012-04-10,58.028664448738
2012-04-11,58.277714510749
2012-04-12,59.473154808406
2012-04-13,59.066373040453
2012-04-16,60.477656725187
2012-04-17,61.291220261092
2012-04-18,60.560673412524
2012-04-19,60.278416675577
2012-04-20,61.33272860476
2012-04-23,60.461053387719
2012-04-24,60.768215130867
2012-04-25,61.789320385115
2012-04-26,61.95535375979
2012-04-27,62.071577122062
2012-04-30,62.196102153068
2012-05-01,62.793822301896
2012-05-02,62.777218964428
2012-05-03,62.212705490535
2012-05-04,61.706303697778
2012-05-07,62.054973784594
2012-05-08,62.279118840405
2012-05-09,62.254213834204
2012-05-10,61.847432066251
2012-05-11,62.387040533943
2012-05-14,61.490460310701
2012-05-15,60.643690099861
2012-05-16,60.037668282299
2012-05-17,57.821122730395
2012-05-18,56.567570751602
2012-05-21,57.472452643578
2012-05-22,57.738106043057
2012-05-23,58.269412842016
2012-05-24,58.543367910229
2012-05-25,57.970552767602
2012-05-29,58.335826191885
2012-05-30,56.800017476146
2012-05-31,56.833224151081
2012-06-01,56.434744051862
2012-06-04,56.708699120075
2012-06-05,57.555469330915
2012-06-06,58.56827291643
2012-06-07,58.443747885424
2012-06-08,58.950149678181
2012-06-11,57.248307587768
2012-06-12,57.580374337117
2012-06-13,57.36453095004
2012-06-14,58.56827291643
2012-06-15,58.261111173282
2012-06-18,58.85883132211
2012-06-19,59.298819764998
2012-06-20,59.28221642753
2012-06-21,57.937346092667
2012-06-22,58.020362780004
2012-06-25,57.381134287507
2012-06-26,57.713201036856
2012-06-27,58.070172792406
2012-06-28,59.023513762789
2012-06-29,60.813118742278
2012-07-02,60.82984402246
2012-07-03,61.699558591932
2012-07-05,61.540668430201
2012-07-06,61.381778268471
2012-07-09,61.239613386923
2012-07-10,60.687679140912
2012-07-11,60.679316500821
2012-07-12,60.353173537269
2012-07-13,61.306514507651
2012-07-16,61.189437546376
2012-07-17,62.008976275301
2012-07-18,61.557393710383
2012-07-19,61.005459464373
2012-07-20,60.512063698999
2012-07-23,60.328085616996
2012-07-24,59.993580013353
2012-07-25,59.73433817053
2012-07-26,59.985217373262
2012-07-27,60.629140660274
2012-07-30,60.629140660274
2012-07-31,61.4486793892
2012-08-01,60.846569302642
2012-08-02,61.030547384646
2012-08-03,61.507217869837
2012-08-06,61.68283331175
2012-08-07,61.256338667105
2012-08-08,61.047272664828
2012-08-09,60.82984402246
2012-08-10,61.423591468926
2012-08-13,61.967163074846
2012-08-14,61.624294831112
2012-08-15,61.84172347348
2012-08-16,62.084240036121
2012-08-17,61.37341562838
2012-08-20,61.289789227469
2012-08-21,61.741371792387
2012-08-22,61.716283872114
2012-08-23,61.256338667105
2012-08-24,61.323239787833
2012-08-27,61.147624345921
2012-08-28,61.758097072569
2012-08-29,61.967163074846
2012-08-30,61.933712514482
2012-08-31,61.799910273025
2012-09-04,62.251492837942
2012-09-05,62.335119238853
2012-09-06,62.686350122678
2012-09-07,62.803427083953
2012-09-10,62.31003131858
2012-09-11,62.435470919946
2012-09-12,62.402020359582
2012-09-13,63.204833808325
2012-09-14,64.099636298069
2012-09-17,63.547702052059
2012-09-18,62.987405165957
2012-09-19,62.644536922223
2012-09-20,62.201316997396
2012-09-21,62.31003131858
2012-09-24,62.644536922223
2012-09-25,61.716283872114
2012-09-26,61.632657471203
2012-09-27,61.969586034665
2012-09-28,61.927469964232
2012-10-01,61.278882479568
2012-10-02,61.236766409136
2012-10-03,61.455769975386
2012-10-04,61.354691406347
2012-10-05,61.219919980963
2012-10-08,61.15253426827
2012-10-09,61.043032485145
2012-10-10,61.379961048607
2012-10-11,61.514732473992
2012-10-12,61.295728907742
2012-10-15,62.205436029088
2012-10-16,62.213859243174
2012-10-17,62.365477096732
2012-10-18,62.542364592549
2012-10-19,61.80954496702
2012-10-22,61.253612837309
2012-10-23,60.411291428655
2012-10-24,60.234403932838
2012-10-25,59.88905215529
2012-10-26,59.021461104376
2012-10-31,59.324696811492
2012-11-01,58.684532540915
2012-11-02,58.861420036732
2012-11-05,58.667686112742
2012-11-06,58.33075754928
2012-11-07,57.505282568799
2012-11-08,56.671384374232
2012-11-09,56.814579013703
2012-11-12,55.72798439654
2012-11-13,55.786946895145
2012-11-14,54.540311210338
2012-11-15,54.843546917453
2012-11-16,56.081759388174
2012-11-19,56.688230802405
2012-11-20,56.82300222779
2012-11-21,56.705077230578
2012-11-23,57.294702216636
2012-11-26,57.092545078559
2012-11-27,56.82300222779
2012-11-28,57.033582579953
2012-11-29,57.227316503943
2012-11-30,57.21047007577
2012-12-03,57.64847720827
2012-12-04,57.665323636443
2012-12-05,57.89275041678
2012-12-06,58.751918253607
2012-12-07,59.072000388895
2012-12-10,59.248887884713
2012-12-11,59.147809315674
2012-12-12,59.072000388895
2012-12-13,58.735071825434
2012-12-14,58.33075754928
2012-12-17,58.760341467693
2012-12-18,58.869843250818
2012-12-19,58.600300400049
2012-12-20,59.341543239665
2012-12-21,58.57503075779
2012-12-24,58.583453971876
2012-12-26,58.238102194328
2012-12-27,58.08648434077
2012-12-28,57.882672115013
2012-12-31,58.867764539506
2013-01-02,59.980239605097
2013-01-03,60.277465767659
2013-01-04,60.837949388491
2013-01-07,61.109699022834
2013-01-08,60.88890244493
2013-01-09,61.220097311786
2013-01-10,61.075730318541
2013-01-11,61.381448657177
2013-01-14,61.474862593982
2013-01-15,61.738120052252
2013-01-16,61.449386065762
2013-01-17,61.483354770055
2013-01-18,61.695659171885
2013-01-22,62.060822743034
2013-01-23,61.789073108691
2013-01-24,61.975900982301
2013-01-25,62.281619320937
2013-01-28,62.154236679839
2013-01-29,62.392017609889
2013-01-30,62.171221031985
2013-01-31,61.568276530787
2013-02-01,61.907963573716
2013-02-04,61.237081663932
2013-02-05,61.245573840005
2013-02-06,61.806057460837
2013-02-07,61.542800002568
2013-02-08,61.670182643666
2013-02-11,61.763596580471
2013-02-12,61.81454963691
2013-02-13,61.449386065762
2013-02-14,60.770011979905
2013-02-15,60.820965036345
2013-02-19,61.075730318541
2013-02-20,61.024777262102
2013-02-21,60.659613690954
2013-02-22,61.245573840005
2013-02-25,59.937778724731
2013-02-26,60.192544006927
2013-02-27,60.498262345563
2013-02-28,60.41334058483
2013-03-01,60.302942295879
2013-03-04,61.016285086029
2013-03-05,61.585260882934
2013-03-06,61.38994083325
2013-03-07,61.355972128957
2013-03-08,61.118191198907
2013-03-11,61.38994083325
2013-03-12,61.169144255346
2013-03-13,60.990808557809
2013-03-14,60.727551099539
2013-03-15,60.642629338807
2013-03-18,60.218020535147
2013-03-19,60.294450119805
2013-03-20,60.319926648025
2013-03-21,60.583184106295
2013-03-22,60.812472860271
2013-03-25,60.659613690954
2013-03-26,61.220097311786
2013-03-27,60.680600021166
2013-03-28,60.783361409855
2013-04-01,60.689163470223
2013-04-02,60.517894489074
2013-04-03,60.123975832431
2013-04-04,60.466513794729
2013-04-05,60.449386896614
2013-04-08,61.357112496705
2013-04-09,61.160153168383
2013-04-10,61.30573180236
2013-04-11,61.733904255233
2013-04-12,61.862355991095
2013-04-15,60.706290368338
2013-04-16,61.185843515556
2013-04-17,60.312371711695
2013-04-18,60.22673722112
2013-04-19,61.006011085349
2013-04-22,60.629219326821
2013-04-23,61.297168353303
2013-04-24,61.297168353303
2013-04-25,60.80048830797
2013-04-26,60.415133100384
2013-04-29,61.220097311786
2013-04-30,62.316218791141
2013-05-01,62.196330504336
2013-05-02,62.641629855324
2013-05-03,62.872842979875
2013-05-06,63.052675410082
2013-05-07,63.609299598817
2013-05-08,64.482771402678
2013-05-09,64.457081055506
2013-05-10,64.568405893253
2013-05-13,64.765365221574
2013-05-14,66.281095704745
2013-05-15,66.87197368971
2013-05-16,66.623633667043
2013-05-17,66.204024663228
2013-05-20,66.109826723596
2013-05-21,65.972811538676
2013-05-22,63.515101659185
2013-05-23,63.052675410082
2013-05-24,63.112619553484
2013-05-28,61.84522909298
2013-05-29,60.29524481358
2013-05-30,59.747184073902
2013-05-31,58.659626043605
2013-06-03,58.830895024754
2013-06-04,58.1372556511
2013-06-05,57.623448707652
2013-06-06,58.265707386962
2013-06-07,57.59775836048
2013-06-10,57.760463892572
2013-06-11,56.784230700021
2013-06-12,55.8422513037
2013-06-13,57.580631462365
2013-06-14,58.017367364295
2013-06-17,57.743336994457
2013-06-18,58.308524632249
2013-06-19,56.004956835792
2013-06-20,54.18950563561
2013-06-21,53.85553112237
2013-06-24,53.658571794048
2013-06-25,54.078180797863
2013-06-26,55.251373318736
2013-06-27,56.972842442022
2013-06-28,56.851734061489
2013-07-01,57.111252019773
2013-07-02,58.339637022319
2013-07-03,57.889805894626
2013-07-05,57.708143323827
2013-07-08,58.235829839005
2013-07-09,59.074937904125
2013-07-10,59.204696883267
2013-07-11,60.493636076079
2013-07-12,59.507467834599
2013-07-15,60.095708540043
2013-07-16,59.965949560901
2013-07-17,60.1476121317
2013-07-18,60.882913013506
2013-07-19,60.623395055221
2013-07-22,60.865611816287
2013-07-23,61.514406711998
2013-07-24,60.277371110842
2013-07-25,60.588792660783
2013-07-26,60.225467519185
2013-07-29,59.455564242942
2013-07-30,60.000551955339
2013-07-31,59.256600474924
2013-08-01,59.204696883267
2013-08-02,58.720263361136
2013-08-05,58.910576530545
2013-08-06,59.386359454066
2013-08-07,58.953829523592
2013-08-08,58.573203184775
2013-08-09,59.213347481876
2013-08-12,58.313685226491
2013-08-13,57.223709801697
2013-08-14,56.964191843412
2013-08-15,55.424385290925
2013-08-16,53.763470357905
2013-08-19,52.785952715034
2013-08-20,54.031638914799
2013-08-21,53.529904195449
2013-08-22,53.668313773201
2013-08-23,53.607759582935
2013-08-26,53.849976344
2013-08-27,53.893229337048
2013-08-28,53.564506589887
2013-08-29,53.772120956515
2013-08-30,53.34824162465
2013-09-03,53.201181448289
2013-09-04,53.434747610745
2013-09-05,53.140627258023
2013-09-06,53.564506589887
2013-09-09,54.758289197995
2013-09-10,54.740988000776
2013-09-11,54.836144585481
2013-09-12,54.490120641102
2013-09-13,54.585277225806
2013-09-16,54.957252966013
2013-09-17,55.363831100659
2013-09-18,57.915757690455
2013-09-19,58.305034627881
2013-09-20,56.99879423785
2013-09-23,57.310215787791
2013-09-24,56.609517300424
2013-09-25,56.566264307376
2013-09-26,56.721975082347
2013-09-27,56.197500046911
2013-09-30,55.812885020925
2013-10-01,56.389807559904
2013-10-02,56.433513812857
2013-10-03,55.471976247892
2013-10-04,55.384563741986
2013-10-07,55.506941250255
2013-10-08,55.489458749073
2013-10-09,55.358339990215
2013-10-10,56.354842557542
2013-10-11,55.821626271516
2013-10-14,55.559388753798
2013-10-15,55.235962481946
2013-10-16,56.040157536281
2013-10-17,57.674771396721
2013-10-18,57.700995148493
2013-10-21,57.464981382547
2013-10-22,57.980715167392
2013-10-23,58.216728933338
2013-10-24,58.068127673298
2013-10-25,59.309385257162
2013-10-28,58.69749771582
2013-10-29,58.435260198103
2013-10-30,58.225470183929
2013-10-31,57.499946384909
2013-11-01,58.059386422707
2013-11-04,58.015680169754
2013-11-05,57.054142604789
2013-11-06,56.888058843568
2013-11-07,56.293653803408
2013-11-08,55.655542510295
2013-11-11,55.620577507932
2013-11-12,55.14854997604
2013-11-13,55.603095006751
2013-11-14,56.153793793958
2013-11-15,56.756940084709
2013-11-18,56.494702566991
2013-11-19,55.891556276241
2013-11-20,55.515682500845
2013-11-21,56.450996314038
2013-11-22,56.46847881522
2013-11-25,56.17127629514
2013-11-26,56.03141628569
2013-11-27,56.075122538643
2013-11-29,55.29715123608
2013-12-02,55.200997479584
2013-12-03,55.244703732537
2013-12-04,54.475473680565
2013-12-05,54.763934950054
2013-12-06,55.323374987852
2013-12-09,55.594353756161
2013-12-10,55.375822491396
2013-12-11,54.055893652216
2013-12-12,53.426523609694
2013-12-13,53.714984879183
2013-12-16,53.872327389814
2013-12-17,55.332116238443
2013-12-18,56.18001754573
2013-12-19,54.746452448873
2013-12-20,56.118828791596
2013-12-23,56.136311292777
2013-12-24,56.206241297502
2013-12-26,55.926521278603
2013-12-27,56.162535044549
2013-12-30,56.339230136714
2013-12-31,56.20670881759
2014-01-02,56.303891118281
2014-01-03,56.895819677032
2014-01-06,56.683785566435
2014-01-07,56.842811149383
2014-01-08,56.719124584868
2014-01-09,56.648446548002
2014-01-10,57.205036088321
2014-01-13,56.913489186249
2014-01-14,57.46124397196
2014-01-15,58.168024340618
2014-01-16,58.318215168958
2014-01-17,58.503745015731
2014-01-21,59.678767378626
2014-01-22,60.376712992677
2014-01-23,60.694764158573
2014-01-24,60.129339863646
2014-01-27,59.864297225399
2014-01-28,60.518069066409
2014-01-29,60.518069066409
2014-01-30,61.180675662026
2014-01-31,61.958134067551
2014-02-03,61.401544527232
2014-02-04,61.975803576768
2014-02-05,62.046481613633
2014-02-06,62.797435755333
2014-02-07,62.488219344045
2014-02-10,63.309851522611
2014-02-11,62.859279037591
2014-02-12,62.938791829065
2014-02-13,63.292182013395
2014-02-14,63.619067933899
2014-02-18,64.078475173527
2014-02-19,64.122648946569
2014-02-20,63.689745970765
2014-02-21,64.405361094032
2014-02-24,63.910614835971
2014-02-25,64.31701354795
2014-02-26,64.149153210393
2014-02-27,64.078475173527
2014-02-28,64.007797136662
2014-03-03,64.352352566383
2014-03-04,65.456696892412
2014-03-05,65.103306708083
2014-03-06,64.758751278362
2014-03-07,64.01663189127
2014-03-10,63.601398424683
2014-03-11,64.741081769145
2014-03-12,64.679238486887
2014-03-13,64.555551922372
2014-03-14,64.46720437629
2014-03-17,64.997289652784
2014-03-18,65.129810971907
2014-03-19,63.557224651642
2014-03-20,63.769258762239
2014-03-21,64.635064713846
2014-03-24,64.051970909703
2014-03-25,64.122648946569
2014-03-26,63.133156430446
2014-03-27,63.592563670075
2014-03-28,64.252755829388
2014-03-31,64.734517675373
2014-04-01,64.145697641391
2014-04-02,64.565008877712
2014-04-03,64.600694940377
2014-04-04,64.707753128374
2014-04-07,65.448238928685
2014-04-08,65.144907396028
2014-04-09,64.975398598366
2014-04-10,63.770993983402
2014-04-11,63.476583966411
2014-04-14,64.645302518709
2014-04-15,65.73372743001
2014-04-16,66.001372900002
2014-04-17,65.376866803354
2014-04-21,65.51068953835
2014-04-22,65.671276820345
2014-04-23,65.653433789012
2014-04-24,66.028137447001
2014-04-25,65.457160444351
2014-04-28,65.73372743001
2014-04-29,65.555297116682
2014-04-30,65.858628649339
2014-05-01,65.635590757679
2014-05-02,66.286861401326
2014-05-05,66.242253822994
2014-05-06,66.625878996649
2014-05-07,66.706172637647
2014-05-08,66.679408090648
2014-05-09,66.884602950975
2014-05-12,67.1700914523
2014-05-13,66.911367497974
2014-05-14,67.125483873968
2014-05-15,67.294992671629
2014-05-16,67.785676033281
2014-05-19,67.500187531956
2014-05-20,67.063033264303
2014-05-21,66.893524466641
2014-05-22,66.563428386985
2014-05-23,67.089797811302
2014-05-27,66.777544762978
2014-05-28,66.786466278644
2014-05-29,67.330678734295
2014-05-30,67.883812705611
2014-06-02,68.597533958923
2014-06-03,68.686749115587
2014-06-04,68.713513662586
2014-06-05,69.855467667885
2014-06-06,69.391548853232
2014-06-09,68.856257913248
2014-06-10,68.383417582929
2014-06-11,68.16037969127
2014-06-12,68.615376990256
2014-06-13,68.454789708261
2014-06-16,68.303123941932
2014-06-17,68.570769411924
2014-06-18,69.02576671091
2014-06-19,69.141746414573
2014-06-20,68.642141537255
2014-06-23,68.499397286593
2014-06-24,68.642141537255
2014-06-25,68.811650334916
2014-06-26,68.731356693919
2014-06-27,69.39777708115
2014-06-30,69.920106573845
2014-07-01,70.091214511107
2014-07-02,70.154254277467
2014-07-03,69.667947508406
2014-07-07,69.658941827498
2014-07-08,69.83004976476
2014-07-09,69.785021360217
2014-07-10,70.127237234741
2014-07-11,70.226299724735
2014-07-14,70.388401981089
2014-07-15,70.44243606654
2014-07-16,70.424424704723
2014-07-17,70.847691707424
2014-07-18,70.847691707424
2014-07-21,70.865703069241
2014-07-22,71.505106413747
2014-07-23,71.370021200119
2014-07-24,71.433060966479
2014-07-25,71.027805325595
2014-07-28,71.397038242844
2014-07-29,70.694595131979
2014-07-30,70.676583770162
2014-07-31,70.784651941064
2014-08-01,70.307350852912
2014-08-04,70.07320314929
2014-08-05,69.451811166602
2014-08-06,69.857066807485
2014-08-07,69.595902061138
2014-08-08,69.911100892937
2014-08-11,69.929112254754
2014-08-12,70.13624291565
2014-08-13,70.775646260156
2014-08-14,70.595532641985
2014-08-15,70.316356533821
2014-08-18,71.640191627375
2014-08-19,71.820305245546
2014-08-20,72.315617695515
2014-08-21,72.225560886429
2014-08-22,71.42405528557
2014-08-25,71.099850772863
2014-08-26,71.099850772863
2014-08-27,71.081839411046
2014-08-28,70.982776921052
2014-08-29,71.198913262857
2014-09-02,71.252947348308
2014-09-03,71.676214351009
2014-09-04,71.523117775564
2014-09-05,71.937379097356
2014-09-08,71.838316607363
2014-09-09,71.171896220131
2014-09-10,70.44243606654
2014-09-11,70.964765559235
2014-09-12,68.992521440266
2014-09-15,68.659311246651
2014-09-16,68.78539077937
2014-09-17,68.695333970285
2014-09-18,67.821782922157
2014-09-19,67.704709070346
2014-09-22,66.984254597664
2014-09-23,66.101697868627
2014-09-24,66.470930785877
2014-09-25,66.642038723139
2014-09-26,67.596640899444
2014-09-29,67.814870571436
2014-09-30,67.060159622464
2014-10-01,67.43296864545
2014-10-02,67.214738973458
2014-10-03,67.405689936451
2014-10-06,67.69666283244
2014-10-07,67.478433160448
2014-10-08,69.387942790376
2014-10-09,69.924424067356
2014-10-10,70.506369859334
2014-10-13,71.206523390307
2014-10-14,72.697759482251
2014-10-15,72.73413109425
2014-10-16,73.006918184239
2014-10-17,72.797781415247
2014-10-20,73.416098819224
2014-10-21,74.279924604191
2014-10-22,74.461782664184
2014-10-23,75.034635553163
2014-10-24,74.752755560173
2014-10-27,74.916427814167
2014-10-28,74.852777493169
2014-10-29,74.443596858185
2014-10-30,75.007356844164
2014-10-31,75.471094897146
2014-11-03,76.189434234119
2014-11-04,75.807532308133
2014-11-05,75.571116830142
2014-11-06,74.989171038164
2014-11-07,74.907334911167
2014-11-10,76.143969719121
2014-11-11,75.90755424113
2014-11-12,75.243772322155
2014-11-13,75.716603278137
2014-11-14,74.852777493169
2014-11-17,75.416537479148
2014-11-18,75.580209733142
2014-11-19,75.080100068161
2014-11-20,74.179902671195
2014-11-21,74.743662657174
2014-11-24,76.380385197112
2014-11-25,76.371292294112
2014-11-26,77.907992901054
2014-11-28,78.126222573046
2014-12-01,78.089850961047
2014-12-02,78.717261268023
2014-12-03,78.553589014029
2014-12-04,80.12666123297
2014-12-05,80.13575413597
2014-12-08,81.563339906916
2014-12-09,82.008892153899
2014-12-10,80.899557987941
2014-12-11,81.063230241935
2014-12-12,79.962988978976
2014-12-15,78.890026425017
2014-12-16,79.353764477999
2014-12-17,80.39944832296
2014-12-18,80.799536054945
2014-12-19,80.426727031959
2014-12-22,81.745197966909
2014-12-23,81.345110234924
2014-12-24,81.135973465932
2014-12-26,81.636083130913
2014-12-29,82.308957952887
2014-12-30,82.244783002378
2014-12-31,81.355501545325
2015-01-02,82.31812580296
2015-01-05,83.308253610814
2015-01-06,83.729974714159
2015-01-07,84.866788123177
2015-01-08,85.838580230885
2015-01-09,85.591048278922
2015-01-12,86.150287133358
2015-01-13,86.434490485612
2015-01-14,86.947890089684
2015-01-15,87.323771942666
2015-01-16,88.65311020321
2015-01-20,87.580471744702
2015-01-21,87.974689297829
2015-01-22,89.991616313828
2015-01-23,90.211644715573
2015-01-26,91.761011377863
2015-01-27,91.027583372045
2015-01-28,90.715876469572
2015-01-29,91.055086922263
2015-01-30,89.404873909173
2015-02-02,88.882306455028
2015-02-03,88.946481405537
2015-02-04,88.185549849502
2015-02-05,88.827299354592
2015-02-06,86.425322635539
2015-02-09,86.498665436121
2015-02-10,86.883715139175
2015-02-11,86.938722239611
2015-02-12,88.185549849502
2015-02-13,87.002897190121
2015-02-17,86.782868788375
2015-02-18,88.268060500156
2015-02-19,86.874547289102
2015-02-20,88.093871348774
2015-02-23,89.294859708301
2015-02-24,87.736325195938
2015-02-25,88.139710599138
2015-02-26,87.131247091139
2015-02-27,87.928850047465
2015-03-02,89.304027558373
2015-03-03,89.404873909173
2015-03-04,89.010656356046
2015-03-05,89.689077261428
2015-03-06,86.856211588957
2015-03-09,87.452121843684
2015-03-10,86.306140584594
2015-03-11,87.039568590411
2015-03-12,89.349866808737
2015-03-13,88.717285153719
2015-03-16,89.322363258519
2015-03-17,89.56072736041
2015-03-18,91.128429722845
2015-03-19,91.201772523427
2015-03-20,93.897120444807
2015-03-23,93.447895791243
2015-03-24,92.677796385135
2015-03-25,90.972576271609
2015-03-26,89.450713159537
2015-03-27,89.973280613682
2015-03-30,91.349668582002
2015-03-31,90.56448081484
2015-04-01,89.400555418811
2015-04-02,89.5483554691
2015-04-06,90.194980689116
2015-04-07,88.449092595072
2015-04-08,88.781642708224
2015-04-09,87.081942129895
2015-04-10,87.765517362484
2015-04-13,87.220504677042
2015-04-14,86.444554413022
2015-04-15,86.010391765297
2015-04-16,86.056579281013
2015-04-17,85.797929193006
2015-04-20,85.918016733866
2015-04-21,86.629304475884
2015-04-22,86.40760440045
2015-04-23,86.841767048175
2015-04-24,87.072704626752
2015-04-27,86.472266922452
2015-04-28,86.79557953246
2015-04-29,85.03121643213
2015-04-30,85.336054035852
2015-05-01,86.25980435016
2015-05-04,86.176666821873
2015-05-05,83.996616080104
2015-05-06,83.608640948094
2015-05-07,84.948078903842
2015-05-08,86.518454438167
2015-05-11,84.52315375926
2015-05-12,85.576229117572
2015-05-13,84.430778727829
2015-05-14,86.195141828159
2015-05-15,87.118892142468
2015-05-18,87.322117211616
2015-05-19,87.322117211616
2015-05-20,87.414492243047
2015-05-21,86.592354463312
2015-05-22,86.352179381591
2015-05-26,86.213616834445
2015-05-27,87.2759296959
2015-05-28,87.229742180185
2015-05-29,85.65936664586
2015-06-01,86.463029419308
2015-06-02,85.834879205578
2015-06-03,84.504678752974
2015-06-04,84.64324130012
2015-06-05,83.11905328151
2015-06-08,83.710253482668
2015-06-09,83.045153256366
2015-06-10,83.405415878946
2015-06-11,84.892653884983
2015-06-12,84.25526616811
2015-06-15,84.264503671253
2015-06-16,84.827991362982
2015-06-17,85.63165413643
2015-06-18,86.185904325016
2015-06-19,86.121241803014
2015-06-22,85.446904073569
2015-06-23,84.634003796977
2015-06-24,83.313040847515
2015-06-25,82.139877948343
2015-06-26,82.620228111784
2015-06-29,81.38097127871
2015-06-30,81.492783925303
2015-07-01,82.83453568442
2015-07-02,82.797264802223
2015-07-06,83.617224210572
2015-07-07,84.80057472035
2015-07-08,84.772621558702
2015-07-09,83.934026709253
2015-07-10,84.46513678057
2015-07-13,84.660808912108
2015-07-14,85.052153175184
2015-07-15,85.238507586173
2015-07-16,86.10505559727
2015-07-17,85.555310084854
2015-07-20,85.750982216392
2015-07-21,85.872112583534
2015-07-22,86.766613756279
2015-07-23,85.601898687601
2015-07-24,86.198232802764
2015-07-27,86.319363169907
2015-07-28,86.319363169907
2015-07-29,87.204546622103
2015-07-30,86.282092287709
2015-07-31,86.384587213753
2015-08-03,87.763609855068
2015-08-04,86.990239049466
2015-08-05,86.235503684962
2015-08-06,85.928018906831
2015-08-07,86.291410008258
2015-08-10,85.872112583534
2015-08-11,86.133008758918
2015-08-12,85.909383465732
2015-08-13,85.974607509578
2015-08-14,87.362947871443
2015-08-17,88.322673088034
2015-08-18,88.397214852429
2015-08-19,88.108365515397
2015-08-20,88.015188309903
2015-08-21,85.93733662738
2015-08-24,82.163659804862
2015-08-25,80.011266357944
2015-08-26,81.576643410248
2015-08-27,82.256837010356
2015-08-28,82.405920539147
2015-08-31,80.123079004537
2015-09-01,78.492477908387
2015-09-02,79.517427168824
2015-09-03,79.57333349212
2015-09-04,77.709789382235
2015-09-08,78.688150039925
2015-09-09,78.473842467288
2015-09-10,78.622925996079
2015-09-11,80.346704297723
2015-09-14,80.672824516953
2015-09-15,81.679138336291
2015-09-16,82.732040758377
2015-09-17,83.440187520133
2015-09-18,82.853171125519
2015-09-21,83.253833109145
2015-09-22,81.353018117061
2015-09-23,83.440187520133
2015-09-24,82.68545215563
2015-09-25,81.912081350027
2015-09-28,80.337386577174
2015-09-29,80.497215198802
2015-09-30,79.604055254409
2015-10-01,79.434824949156
2015-10-02,80.534821933302
2015-10-05,82.415158658339
2015-10-06,82.386953607463
2015-10-07,83.092079879352
2015-10-08,85.301475531269
2015-10-09,84.55874252488
2015-10-12,84.991219971638
2015-10-13,86.730531442297
2015-10-14,86.448480933541
2015-10-15,86.89976174755
2015-10-16,87.473264448686
2015-10-19,88.761295105336
2015-10-20,88.71428668721
2015-10-21,88.366424393078
2015-10-22,85.226262062268
2015-10-23,84.991219971638
2015-10-26,83.853616252991
2015-10-27,84.173273496248
2015-10-28,85.010023338889
2015-10-29,84.906604819012
2015-10-30,84.370708852376
2015-11-02,85.940790017782
2015-11-03,85.780961396154
2015-11-04,85.705747927152
2015-11-05,87.144205521805
2015-11-06,84.041649925495
2015-11-09,82.358748556588
2015-11-10,83.496352275234
2015-11-11,83.77840278399
2015-11-12,83.439942173483
2015-11-13,82.255330036711
2015-11-16,83.364728704482
2015-11-17,83.148489981103
2015-11-18,83.966436456494
2015-11-19,85.000621655264
2015-11-20,85.649337825401
2015-11-23,86.016003486783
2015-11-24,85.968995068657
2015-11-25,86.034806854033
2015-11-27,86.937368482051
2015-11-30,86.580104504294
2015-12-01,87.482666132311
2015-12-02,85.5741243564
2015-12-03,83.994641507369
2015-12-04,85.35788563302
2015-12-07,84.643357677507
2015-12-08,85.019425022514
2015-12-09,83.891222987492
2015-12-10,83.402335438983
2015-12-11,83.439942173483
2015-12-14,83.421138806233
2015-12-15,84.28609369975
2015-12-16,85.517714254648
2015-12-17,85.423697418397
2015-12-18,85.08523680789
2015-12-21,85.780961396154
2015-12-22,85.508312571023
2015-12-23,85.724551294402
2015-12-24,85.536517621899
2015-12-28,86.269848944663
2015-12-29,87.219418990806
2015-12-30,86.641116321411
2015-12-31,85.664638043579
2016-01-04,84.479591589899
2016-01-05,85.64567730032
2016-01-06,85.067374630924
2016-01-07,82.251704256982
2016-01-08,81.123540033079
2016-01-11,80.10914026873
2016-01-12,79.199024592304
2016-01-13,77.056460604051
2016-01-14,76.800490570057
2016-01-15,75.994658981555
2016-01-19,76.193746785773
2016-01-20,72.477441107034
2016-01-21,72.448999992146
2016-01-22,74.23130985848
2016-01-25,73.444439013237
2016-01-26,74.582083608769
2016-01-27,73.776252020267
2016-01-28,73.624566074196
2016-01-29,75.06558256187
2016-02-01,74.089104284038
2016-02-02,72.297314046075
2016-02-03,72.240431816298
2016-02-04,72.913538201988
2016-02-05,72.572244823328
2016-02-08,70.733052727218
2016-02-09,68.35347944823
2016-02-10,69.064507320437
2016-02-11,67.926862724905
2016-02-12,68.116470157494
2016-02-16,70.154750057822
2016-02-17,70.477082693223
2016-02-18,70.87525830166
2016-02-19,71.074346105878
2016-02-22,72.335235532593
2016-02-23,72.335235532593
2016-02-24,72.335235532593
2016-02-25,74.420917291068
2016-02-26,74.648446210175
2016-02-29,75.046621818611
2016-03-01,77.065940975681
2016-03-02,76.923735401239
2016-03-03,78.43111449032
2016-03-04,79.322269423487
2016-03-07,79.037858274603
2016-03-08,78.76292749735
2016-03-09,79.303308680228
2016-03-10,79.59720020074
2016-03-11,80.962373715379
2016-03-14,81.303667094039
2016-03-15,82.46027243283
2016-03-16,83.019614358966
2016-03-17,84.697640137376
2016-03-18,83.730642231174
2016-03-21,83.427270339032
2016-03-22,83.977131893539
2016-03-23,83.901288920504
2016-03-24,83.920249663763
2016-03-28,85.389707266325
2016-03-29,86.916047098664
2016-03-30,86.409164341597
2016-03-31,86.925610924269
2016-04-01,86.610004679303
2016-04-04,87.049940657135
2016-04-05,87.030813005925
2016-04-06,86.399600515992
2016-04-07,85.873590107714
2016-04-08,87.00212152911
2016-04-11,86.829972668219
2016-04-12,88.494078323497
2016-04-13,88.035014694455
2016-04-14,88.379312416236
2016-04-15,89.766067128968
2016-04-18,89.699120349733
2016-04-19,89.718248000943
2016-04-20,87.996759392035
2016-04-21,87.11688743637
2016-04-22,88.656663358783
2016-04-25,89.14441846464
2016-04-26,89.402641755976
2016-04-27,89.641737396103
2016-04-28,89.746939477758
2016-04-29,88.895758998909
2016-05-02,90.05298189712
2016-05-03,89.603482093682
2016-05-04,91.238896272145
2016-05-05,91.439736609851
2016-05-06,91.477991912272
2016-05-09,92.25266178628
2016-05-10,91.841417285263
2016-05-11,89.880833036229
2016-05-12,89.632173570498
2016-05-13,90.712885863868
2016-05-16,92.109204402205
2016-05-17,90.703322038263
2016-05-18,90.177311629985
2016-05-19,89.450460884002
2016-05-20,91.458864261061
2016-05-23,91.544938691507
2016-05-24,93.725490929458
2016-05-25,93.974150395189
2016-05-26,92.262225611885
2016-05-27,92.367427693541
2016-05-31,92.673470112902
2016-06-01,92.262225611885
2016-06-02,93.046459311499
2016-06-03,93.400320858886
2016-06-06,92.300480914306
2016-06-07,92.329172391121
2016-06-08,92.855182799398
2016-06-09,93.878512139138
2016-06-10,94.29932046576
2016-06-13,94.22280986092
2016-06-14,93.620288847802
2016-06-15,94.16542690729
2016-06-16,94.308884291365
2016-06-17,93.830693011113
2016-06-20,93.648980324617
2016-06-21,93.648980324617
2016-06-22,94.16542690729
2016-06-23,94.911405304483
2016-06-24,95.026171211744
2016-06-27,94.806203222828
2016-06-28,96.2694685404
2016-06-29,98.130074131057
2016-06-30,99.797870852215
2016-07-01,100.49198278241
2016-07-05,101.25357781693
2016-07-06,101.54279112117
2016-07-07,97.628771070362
2016-07-08,99.094118478547
2016-07-11,100.00032016519
2016-07-12,99.383331782794
2016-07-13,100.66551076496
2016-07-14,100.02924149561
2016-07-15,99.942477504339
2016-07-18,100.77155564318
2016-07-19,101.1475329387
2016-07-20,102.48755458171
2016-07-21,103.33591360751
2016-07-22,104.89766545044
2016-07-25,105.36040673724
2016-07-26,105.33148540681
2016-07-27,104.88802500696
2016-07-28,107.03784390187
2016-07-29,108.26218022318
2016-08-01,108.50319131005
2016-08-02,105.54357516326
2016-08-03,106.78719237152
2016-08-04,108.33930377098
2016-08-05,107.40418075392
2016-08-08,108.10793312758
2016-08-09,108.65743840565
2016-08-10,107.12460789314
2016-08-11,106.73899015415
2016-08-12,108.40678687531
2016-08-15,106.76791148457
2016-08-16,105.89063112836
2016-08-17,105.60141782411
2016-08-18,106.23768709345
2016-08-19,105.35076629376
2016-08-22,105.9484737892
2016-08-23,105.73638403276
2016-08-24,105.09047431994
2016-08-25,105.31220451986
2016-08-26,104.37708150279
2016-08-29,105.79422669361
2016-08-30,106.32445108473
2016-08-31,106.13164221523
2016-09-01,106.03523778048
2016-09-02,107.82836026681
2016-09-06,108.36822510141
2016-09-07,110.40235867461
2016-09-08,109.50579743144
2016-09-09,102.48755458171
2016-09-12,104.90730589391
2016-09-13,100.67515120843
2016-09-14,101.39818446905
2016-09-15,101.87056619932
2016-09-16,102.42971192086
2016-09-19,104.11678952897
2016-09-20,104.17463218982
2016-09-21,106.39193418905
2016-09-22,108.96593259685
2016-09-23,109.31298856195
2016-09-26,109.71788718789
2016-09-27,108.49355086658
2016-09-28,109.51543787492
2016-09-29,106.59308443517
2016-09-30,105.6027852629
2016-10-03,103.21441667095
2016-10-04,102.45712906862
2016-10-05,100.427986647
2016-10-06,101.00080675645
2016-10-07,100.85517452524
2016-10-10,101.1658566185
2016-10-11,98.952246704005
2016-10-12,100.24351915413
2016-10-13,100.87459215606
2016-10-14,100.84546570982
2016-10-17,101.12702135684
2016-10-18,101.99110592873
2016-10-19,102.21440868326
2016-10-20,103.22412548636
2016-10-21,103.64160454918
2016-10-24,103.61247810294
2016-10-25,104.21442465863
2016-10-26,103.06878443973
2016-10-27,102.05906763663
2016-10-28,101.85518251292
2016-10-31,104.67073898311
2016-11-01,104.22413347405
2016-11-02,101.505665158
2016-11-03,99.515357998043
2016-11-04,100.00079876876
2016-11-07,102.94256983934
2016-11-08,103.96199545786
2016-11-09,105.88434090992
2016-11-10,102.8454816852
2016-11-11,101.41828581927
2016-11-14,103.14645496304
2016-11-15,103.49597231796
2016-11-16,103.7872367804
2016-11-17,104.18529821239
2016-11-18,104.27267755112
2016-11-21,105.38919132378
2016-11-22,107.83581280822
2016-11-23,107.39891611457
2016-11-25,108.69989738011
2016-11-28,108.85523842674
2016-11-29,108.46688581016
2016-11-30,106.39890812688
2016-12-01,104.03966598117
2016-12-02,105.76783512494
2016-12-05,106.86493126678
2016-12-06,107.76785110032
2016-12-07,107.76785110032
2016-12-08,107.39891611457
2016-12-09,106.71929903556
2016-12-12,106.53483154269
2016-12-13,105.81637920202
2016-12-14,103.75811033415
2016-12-15,102.9134433931
2016-12-16,104.82608002974
2016-12-19,106.45716101937
2016-12-20,107.77755991573
2016-12-21,105.85521446367
2016-12-22,105.36006487754
2016-12-23,106.11735247986
2016-12-27,106.43774338854
2016-12-28,106.18531418777
2016-12-29,108.0538783125
2016-12-30,108.71912627314
2017-01-03,108.18105806968
2017-01-04,110.92031437819
2017-01-05,110.51920899016
2017-01-06,109.77569656356
2017-01-09,108.64086180718
2017-01-10,108.44520064229
2017-01-11,107.23210141995
2017-01-12,106.93860967261
2017-01-13,107.17340307048
2017-01-17,108.12235972021
2017-01-18,108.61151263245
2017-01-19,107.52559316729
2017-01-20,108.73869238963
2017-01-23,110.96922966941
2017-01-24,111.6442606883
2017-01-25,110.93988049468
2017-01-26,110.84204991223
2017-01-27,110.34311394175
2017-01-30,109.72678127234
2017-01-31,108.41585146755
2017-02-01,105.9309546734
2017-02-02,106.69403321649
2017-02-03,108.23975641915
2017-02-06,110.24528335931
2017-02-07,110.78335156277
2017-02-08,112.05514913457
2017-02-09,112.48560369734
2017-02-10,111.88883714441
2017-02-13,111.78122350372
2017-02-14,112.48560369734
2017-02-15,112.73018015346
2017-02-16,113.30738058989
2017-02-17,113.85523185159
2017-02-21,115.89989102473
2017-02-22,115.91945714122
2017-02-23,116.29121335452
2017-02-24,117.59236010106
2017-02-27,117.85650267367
2017-02-28,116.72166791729
2017-03-01,115.61618233564
2017-03-02,114.47156452101
2017-03-03,115.0389818992
2017-03-06,114.96071743324
2017-03-07,114.61831039468
2017-03-08,113.18020083271
2017-03-09,111.23337224202
2017-03-10,106.44945676037
2017-03-13,106.72338239122
2017-03-14,105.83312409096
2017-03-15,108.01474607952
2017-03-16,107.48646093431
2017-03-17,107.8777832641
2017-03-20,107.58429151675
2017-03-21,108.29845476862
2017-03-22,108.96370272925
2017-03-23,109.65829986463
2017-03-24,108.94413661277
2017-03-27,108.01474607952
2017-03-28,108.26910559388
2017-03-29,108.24953947739
2017-03-30,108.24953947739
2017-03-31,108.93952925734
2017-04-03,109.16624018504
2017-04-04,109.64923303101
2017-04-05,109.37323711903
2017-04-06,110.57579073551
2017-04-07,110.07308389583
2017-04-10,111.15735355004
2017-04-11,112.0050552797
2017-04-12,112.0050552797
2017-04-13,111.91634230799
2017-04-17,113.42446282702
2017-04-18,113.69060174215
2017-04-19,114.00602564155
2017-04-20,114.28202155353
2017-04-21,113.77931471385
2017-04-24,111.58120441487
2017-04-25,112.64576007536
2017-04-26,111.96562729227
2017-04-27,111.34463649031
2017-04-28,110.90107163177
2017-05-01,111.20663853432
2017-05-02,112.92175598734
2017-05-03,111.69948837715
2017-05-04,112.64576007536
2017-05-05,113.18789490247
2017-05-08,113.07946793705
2017-05-09,111.89662831427
2017-05-10,112.89218499677
2017-05-11,113.42446282702
2017-05-12,114.19330858182
2017-05-15,114.19330858182
2017-05-16,114.18345158497
2017-05-17,114.86358436806
2017-05-18,115.41557619202
2017-05-19,115.9872820097
2017-05-22,116.21399293739
2017-05-23,116.9138397142
2017-05-24,116.58855881794
2017-05-25,115.68171510715
2017-05-26,115.59300213544
2017-05-30,115.32686322031
2017-05-31,115.01143932091
2017-06-01,116.25342092482
2017-06-02,118.32339026467
2017-06-05,118.61910017036
2017-06-06,116.87441172678
2017-06-07,117.17997862932
2017-06-08,116.85469773306
2017-06-09,116.93355370791
2017-06-12,116.9138397142
2017-06-13,116.99269568905
2017-06-14,117.26869160103
2017-06-15,117.20954961989
2017-06-16,116.19427894368
2017-06-19,117.41654655388
2017-06-20,117.55454450987
2017-06-21,117.34754757588
2017-06-22,119.0626650289
2017-06-23,118.87538208863
2017-06-26,119.54565787487
2017-06-27,119.86108177428
2017-06-28,119.65408484029
2017-06-29,118.12527632246
2017-06-30,119.59452087206
2017-07-03,120.07103261788
2017-07-05,119.47539293561
2017-07-06,117.29138076728
2017-07-07,117.66861923272
2017-07-10,116.35821193172
2017-07-11,116.99356092614
2017-07-12,118.19476761873
2017-07-13,117.86716579348
2017-07-14,119.16764576644
2017-07-17,120.24972452256
2017-07-18,119.82284941693
2017-07-19,121.2027480142
2017-07-20,121.18289335812
2017-07-21,120.12066925807
2017-07-24,119.64415751225
2017-07-25,119.26691904681
2017-07-26,119.94197735339
2017-07-27,119.9717593375
2017-07-28,119.5250295758
2017-07-31,120.36885245902
2017-08-01,120.13059658611
2017-08-02,119.64415751225
2017-08-03,119.90226804124
2017-08-04,119.73350346459
2017-08-07,119.70372148048
2017-08-08,119.74343079263
2017-08-09,119.95190468143
2017-08-10,119.01873584587
2017-08-11,118.68120669258
2017-08-14,120.85529153287
2017-08-15,120.59718100389
2017-08-16,121.01412878148
2017-08-17,120.78580023661
2017-08-18,119.13786378232
2017-08-21,120.21001521041
2017-08-22,119.18750042251
2017-08-23,120.07103261788
2017-08-24,120.38870711509
2017-08-25,119.61437552814
2017-08-28,118.43302349163
2017-08-29,117.78774716917
2017-08-30,118.53229677201
2017-08-31,120.42841642724
2017-09-01,120.41848909921
2017-09-05,119.57466621599
2017-09-06,119.51510224776
2017-09-07,119.22720973466
2017-09-08,118.49258745986
2017-09-11,119.48532026365
2017-09-12,119.12793645428
2017-09-13,118.57200608416
2017-09-14,119.95190468143
2017-09-15,119.64415751225
2017-09-18,119.54488423187
2017-09-19,119.12793645428
2017-09-20,118.48266013182
2017-09-21,118.47273280379
2017-09-22,117.20203481494
2017-09-25,117.93665708974
2017-09-26,118.2940408991
2017-09-27,116.70566841305
2017-09-28,117.48
2017-09-29,118.97
2017-10-02,118.74
2017-10-03,118.92
2017-10-04,120.01
2017-10-05,120.38
2017-10-06,120.45
2017-10-09,120.96
2017-10-10,121.81
2017-10-11,122.51
2017-10-12,123.62
2017-10-13,123.66
2017-10-16,123.5
2017-10-17,124.1
2017-10-18,123.17
2017-10-19,123.36
2017-10-20,122.26
2017-10-23,121.96
2017-10-24,122.07
2017-10-25,122.01
2017-10-26,121.73
2017-10-27,122.16
2017-10-30,121.72
2017-10-31,123.96
2017-11-01,125.21
2017-11-02,124.56
2017-11-03,125.3
2017-11-06,125.67
2017-11-07,126.06
2017-11-09,126.1
2017-11-10,126.64
2017-11-13,126.61
2017-11-14,126.28
2017-11-15,123.89
2017-11-16,126.19
2017-11-17,126.21
2017-11-20,126.25
2017-11-21,127.96
2017-11-22,126.95
2017-11-24,126.79
2017-11-27,127.23
2017-11-28,125.87
2017-11-29,126.97
2017-11-30,127.06
2017-12-01,128.69
2017-12-04,129.03
2017-12-05,126.02
2017-12-06,126.85
2017-12-07,128.17
2017-12-08,130.0
2017-12-11,130.19
2017-12-12,131.4
2017-12-13,131.16
2017-12-14,131.89
2017-12-15,132.84
2017-12-18,134.03
2017-12-19,131.6
2017-12-20,128.63
2017-12-21,128.83
2017-12-22,129.46
2017-12-26,130.39
2017-12-27,131.23
2017-12-28,130.67
2017-12-29,130.59
2018-01-02,129.93
2018-01-03,129.32
2018-01-04,126.74
2018-01-05,127.0
2018-01-08,127.28
2018-01-09,126.32
2018-01-10,125.28
2018-01-11,125.1
2018-01-12,125.12
2018-01-16,124.93
2018-01-17,125.5
2018-01-18,125.38
2018-01-19,125.95
2018-01-22,127.32
2018-01-23,127.67
2018-01-24,126.62
2018-01-25,126.97
2018-01-26,126.47
2018-01-29,124.51
2018-01-30,125.75
2018-01-31,129.7
2018-02-01,125.22
2018-02-02,124.12
2018-02-05,119.88
2018-02-06,118.54
2018-02-07,118.96
2018-02-08,114.58
2018-02-09,118.04
2018-02-12,119.08
2018-02-13,120.36
2018-02-14,120.06
2018-02-15,121.74
2018-02-16,122.66
2018-02-20,120.97
2018-02-21,118.43
2018-02-22,119.97
2018-02-23,122.65
2018-02-26,123.38
2018-02-27,120.84
2018-02-28,121.31
2018-03-01,122.6
2018-03-02,123.49
2018-03-05,124.99
2018-03-06,125.41
2018-03-07,125.78
2018-03-08,125.64
2018-03-09,125.98
2018-03-12,126.03
2018-03-13,126.56
2018-03-14,126.4
2018-03-15,127.08
2018-03-16,128.24
2018-03-19,127.24
2018-03-20,126.39
2018-03-21,125.36
2018-03-22,122.18
2018-03-23,118.6
2018-03-26,121.11
2018-03-27,121.98
