Date,ARNC
2010-01-04,34.357533361405
2010-01-05,33.28450529246
2010-01-06,35.01785832691
2010-01-07,34.274992740717
2010-01-08,35.12103410277
2010-01-11,36.008345775166
2010-01-12,32.025760826967
2010-01-13,32.97497796488
2010-01-14,32.624180326956
2010-01-15,32.25274753386
2010-01-19,32.232112378688
2010-01-20,31.427341326979
2010-01-21,29.405096120122
2010-01-22,27.6511079305
2010-01-25,27.630472775328
2010-01-26,27.940000102908
2010-01-27,27.44475637878
2010-01-28,26.660620482244
2010-01-29,26.268552533975
2010-02-01,27.568567309812
2010-02-02,28.146351654629
2010-02-03,27.898729792564
2010-02-04,26.6992291788
2010-02-05,27.257617395552
2010-02-08,27.009444854773
2010-02-09,27.464427846201
2010-02-10,27.216255305422
2010-02-11,28.084859198149
2010-02-12,27.464427846201
2010-02-16,28.415755919187
2010-02-17,28.126221288278
2010-02-18,28.146902333343
2010-02-19,27.981453972824
2010-02-22,28.002135017889
2010-02-23,27.257617395552
2010-02-24,27.009444854773
2010-02-25,27.526470981396
2010-02-26,27.505789936331
2010-03-01,27.526470981396
2010-03-02,27.381703665942
2010-03-03,27.588514116591
2010-03-04,27.774643522175
2010-03-05,28.622566369836
2010-03-08,28.498480099447
2010-03-09,28.270988603733
2010-03-10,28.064178153084
2010-03-11,28.208945468538
2010-03-12,28.126221288278
2010-03-15,27.940091882694
2010-03-16,28.539842189577
2010-03-17,29.904791163861
2010-03-18,29.573894442822
2010-03-19,29.491170262563
2010-03-22,29.656618623082
2010-03-23,29.98751534412
2010-03-24,29.615256532952
2010-03-25,29.180954586589
2010-03-26,29.511851307627
2010-03-29,29.863429073731
2010-03-30,29.780704893471
2010-03-31,29.449808172433
2010-04-01,30.401136245419
2010-04-05,30.463179380613
2010-04-06,31.083610732561
2010-04-07,30.483860425678
2010-04-08,30.752714011522
2010-04-09,29.760023848406
2010-04-12,30.132282659575
2010-04-13,29.656618623082
2010-04-14,29.842748028666
2010-04-15,29.594575487887
2010-04-16,28.767333685291
2010-04-19,28.374393829057
2010-04-20,28.436436964252
2010-04-21,28.353712783992
2010-04-22,28.643247414901
2010-04-23,29.180954586589
2010-04-26,29.056868316199
2010-04-27,27.79532456724
2010-04-28,28.064178153084
2010-04-29,28.374393829057
2010-04-30,27.774643522175
2010-05-03,27.195574260357
2010-05-04,25.954711556463
2010-05-05,25.830625286073
2010-05-06,24.752621662578
2010-05-07,24.877006696058
2010-05-10,26.100126191947
2010-05-11,25.146507601932
2010-05-12,25.830625286073
2010-05-13,26.535473809128
2010-05-14,25.62331689694
2010-05-17,25.084315085192
2010-05-18,24.503851595617
2010-05-19,24.420928239963
2010-05-20,22.949038677113
2010-05-21,23.529502166688
2010-05-24,22.99050035494
2010-05-25,23.425847972121
2010-05-26,23.322193777554
2010-05-27,24.503851595617
2010-05-28,24.130696495176
2010-06-01,23.197808744074
2010-06-02,23.799003072562
2010-06-03,23.570963844515
2010-06-04,22.472229382106
2010-06-07,21.788111697964
2010-06-08,22.306382670799
2010-06-09,22.389306026452
2010-06-10,23.322193777554
2010-06-11,23.550233005601
2010-06-14,23.508771327775
2010-06-15,24.027042300609
2010-06-16,23.653887200168
2010-06-17,23.177077905161
2010-06-18,23.031962032767
2010-06-21,24.296543206483
2010-06-22,23.405117133208
2010-06-23,23.695348877995
2010-06-24,23.031962032767
2010-06-25,23.280732099727
2010-06-28,22.86611532146
2010-06-29,21.435687436437
2010-06-30,20.855223946862
2010-07-01,20.834493107948
2010-07-02,20.730838913382
2010-07-06,21.166186530563
2010-07-07,21.871035053618
2010-07-08,22.223459315145
2010-07-09,22.679537771239
2010-07-12,22.534421898846
2010-07-13,22.80392280472
2010-07-14,22.617345254499
2010-07-15,22.472229382106
2010-07-16,21.58080330883
2010-07-19,21.933227570358
2010-07-20,22.492960221019
2010-07-21,21.953958409271
2010-07-22,22.430767704279
2010-07-23,22.907576999287
2010-07-26,23.280732099727
2010-07-27,23.239270421901
2010-07-28,22.886846160373
2010-07-29,22.845384482546
2010-07-30,23.156347066247
2010-08-02,24.27581236757
2010-08-03,23.964849783869
2010-08-04,23.944118944956
2010-08-05,24.068827897794
2010-08-06,24.089612723267
2010-08-09,24.235106501578
2010-08-10,23.590776911914
2010-08-11,22.156623954273
2010-08-12,22.301078491311
2010-08-13,22.115054303327
2010-08-16,22.031915001435
2010-08-17,22.759383892992
2010-08-18,22.717814242046
2010-08-19,22.156623954273
2010-08-20,21.969560525016
2010-08-23,21.553864015555
2010-08-24,20.90953442589
2010-08-25,21.013458553255
2010-08-26,20.805610298525
2010-08-27,21.449939888189
2010-08-30,21.304446109878
2010-08-31,21.236895427091
2010-09-01,21.86563639765
2010-09-02,22.509965987315
2010-09-03,22.61389011468
2010-09-07,22.572320463734
2010-09-08,23.008801798668
2010-09-09,23.341359006237
2010-09-10,23.216650053399
2010-09-13,23.944118944956
2010-09-14,23.881764468537
2010-09-15,23.757055515698
2010-09-16,23.403713482656
2010-09-17,23.21976777722
2010-09-20,23.65520987088
2010-09-21,23.216650053399
2010-09-22,24.318245803471
2010-09-23,24.401385105363
2010-09-24,25.357487077123
2010-09-27,25.087284345974
2010-09-28,25.399056728069
2010-09-29,25.108069171447
2010-09-30,25.170423647866
2010-10-01,25.419841553542
2010-10-04,24.775511963878
2010-10-05,25.232778124285
2010-10-06,25.710829110165
2010-10-07,25.357487077123
2010-10-08,26.791640034764
2010-10-11,26.874779336656
2010-10-12,27.435969624428
2010-10-13,27.78931165747
2010-10-14,27.290475846117
2010-10-15,27.290475846117
2010-10-18,27.31126067159
2010-10-19,26.334373874357
2010-10-20,26.916348987602
2010-10-21,26.56300695456
2010-10-22,26.438298001722
2010-10-25,26.770855209291
2010-10-26,26.750070383818
2010-10-27,26.396728350776
2010-10-28,26.292804223411
2010-10-29,27.31126067159
2010-11-01,27.124197242333
2010-11-02,27.519108926321
2010-11-03,27.373615148009
2010-11-04,28.331900000984
2010-11-05,29.165191177483
2010-11-08,29.083945287774
2010-11-09,28.644384192171
2010-11-10,28.915203824533
2010-11-11,28.769377868646
2010-11-12,28.102744927446
2010-11-15,27.915254412734
2010-11-16,27.144460074472
2010-11-17,26.956969559759
2010-11-18,27.873589853909
2010-11-19,27.873589853909
2010-11-22,27.686099339197
2010-11-23,27.352782868597
2010-11-24,27.727763898022
2010-11-26,27.436111986247
2010-11-29,27.686099339197
2010-11-30,27.34236672889
2010-12-01,28.269403162746
2010-12-02,29.352681692196
2010-12-03,29.64433360397
2010-12-06,29.654749743677
2010-12-07,29.47767536867
2010-12-08,29.456843089258
2010-12-09,29.467259228964
2010-12-10,29.685998162795
2010-12-13,29.915153236333
2010-12-14,29.581836765733
2010-12-15,29.081862059833
2010-12-16,30.123476030458
2010-12-17,30.331798824583
2010-12-20,30.769276692245
2010-12-21,31.019264045195
2010-12-22,31.540071030507
2010-12-23,31.956716618757
2010-12-27,31.727561545219
2010-12-28,31.769226104044
2010-12-29,31.519238751094
2010-12-30,31.685896986394
2010-12-31,32.060878015819
2011-01-03,32.915001471731
2011-01-04,34.41492558943
2011-01-05,34.49825470708
2011-01-06,34.08160911883
2011-01-07,34.206602795305
2011-01-10,34.352428751193
2011-01-11,34.019112280593
2011-01-12,33.83162176588
2011-01-13,32.810840074669
2011-01-14,33.269150221743
2011-01-18,33.896201832059
2011-01-19,33.456640736456
2011-01-20,33.289982501156
2011-01-21,32.894169192319
2011-01-24,34.227435074718
2011-01-25,33.83162176588
2011-01-26,34.58158382473
2011-01-27,34.310764192368
2011-01-28,33.602466692343
2011-01-31,34.519086986493
2011-02-01,36.081507942429
2011-02-02,35.914849707129
2011-02-03,35.914849707129
2011-02-04,35.768769551435
2011-02-07,36.144404237506
2011-02-08,36.311352986871
2011-02-09,35.810506738776
2011-02-10,35.727032364094
2011-02-11,36.248747205859
2011-02-14,36.707856266613
2011-02-15,36.311352986871
2011-02-16,36.707856266613
2011-02-17,36.561776110918
2011-02-18,36.060929862824
2011-02-22,34.516653931198
2011-02-23,34.307967994492
2011-02-24,34.537522524869
2011-02-25,34.808814242587
2011-02-28,35.163580334987
2011-03-01,33.869727527409
2011-03-02,33.765384559056
2011-03-03,34.704471274234
2011-03-04,34.589694009045
2011-03-07,33.91146471475
2011-03-08,34.412310962845
2011-03-09,34.015807683103
2011-03-10,32.972377999573
2011-03-11,33.452355653997
2011-03-14,33.640172997032
2011-03-15,33.473224247667
2011-03-16,32.669783391349
2011-03-17,33.410618466655
2011-03-18,33.619304403362
2011-03-21,34.539609384236
2011-03-22,34.328836588163
2011-03-23,35.372266271693
2011-03-24,35.706163770423
2011-03-25,35.664426583082
2011-03-28,35.977455488141
2011-03-29,36.499170329907
2011-03-30,36.812199234966
2011-03-31,36.853936422307
2011-04-01,36.457433142565
2011-04-04,36.645250485601
2011-04-05,37.667811575461
2011-04-06,37.834760324826
2011-04-07,37.813891731155
2011-04-08,37.396519857743
2011-04-11,37.083490952684
2011-04-12,34.850551429928
2011-04-13,34.537522524869
2011-04-14,34.537522524869
2011-04-15,34.474916743857
2011-04-18,33.661041590703
2011-04-19,34.307967994492
2011-04-20,34.725339867904
2011-04-21,35.414003459035
2011-04-25,35.24705470967
2011-04-26,35.541301880425
2011-04-27,35.852243926117
2011-04-28,35.664426583082
2011-04-29,35.476609240046
2011-05-02,35.9357183008
2011-05-03,36.874805015978
2011-05-04,36.457433142565
2011-05-05,35.497477833717
2011-05-06,35.789638145106
2011-05-09,36.582644704589
2011-05-10,36.561776110918
2011-05-11,35.580952208399
2011-05-12,35.852243926117
2011-05-13,35.747718433621
2011-05-16,35.371426660636
2011-05-17,34.388887031174
2011-05-18,34.890609395155
2011-05-19,34.848799198156
2011-05-20,33.991690159689
2011-05-23,33.406347401712
2011-05-24,33.678113682201
2011-05-25,34.138025849184
2011-05-26,34.22164624318
2011-05-27,34.451602326671
2011-05-31,35.141470577145
2011-06-01,33.636303485203
2011-06-02,33.866259568694
2011-06-03,33.280916810717
2011-06-06,32.632858757242
2011-06-07,32.800099545235
2011-06-08,32.214756787258
2011-06-09,32.40290267375
2011-06-10,31.942990506768
2011-06-13,31.566698733783
2011-06-14,32.214756787258
2011-06-15,31.274027354794
2011-06-16,30.918640680308
2011-06-17,30.772304990813
2011-06-20,30.897735581808
2011-06-21,32.131136393261
2011-06-22,31.963895605267
2011-06-23,31.942990506768
2011-06-24,31.838465014272
2011-06-27,31.942990506768
2011-06-28,32.716479151238
2011-06-29,33.071865825725
2011-06-30,33.155486219721
2011-07-01,34.096215652185
2011-07-05,34.263456440179
2011-07-06,33.949879962691
2011-07-07,34.472507425171
2011-07-08,34.24255134168
2011-07-11,33.260011712217
2011-07-12,32.841909742234
2011-07-13,33.134581121222
2011-07-14,32.319282279754
2011-07-15,32.361092476752
2011-07-18,31.713034423277
2011-07-19,32.277472082755
2011-07-20,32.42380777225
2011-07-21,32.967340333229
2011-07-22,33.092770924224
2011-07-25,32.716479151238
2011-07-26,32.361092476752
2011-07-27,31.211312059296
2011-07-28,31.002261074304
2011-07-29,30.793210089313
2011-08-01,30.835020286311
2011-08-02,29.601619474858
2011-08-03,29.873385755348
2011-08-04,27.108107410533
2011-08-05,26.793871234986
2011-08-08,23.735305792994
2011-08-09,25.641671924647
2011-08-10,24.300930908979
2011-08-11,25.662621003016
2011-08-12,25.683570081386
2011-08-15,26.31204243248
2011-08-16,25.683570081386
2011-08-17,25.683570081386
2011-08-18,24.11238920365
2011-08-19,23.483916852556
2011-08-22,23.525815009296
2011-08-23,24.468523535937
2011-08-24,24.866556024964
2011-08-25,24.279981830609
2011-08-26,24.845606946594
2011-08-29,26.018755335303
2011-08-30,25.893060865084
2011-08-31,26.814820313356
2011-09-01,26.165398883892
2011-09-02,25.22269035725
2011-09-06,24.657065241265
2011-09-07,25.662621003016
2011-09-08,25.201741278881
2011-09-09,24.259032752239
2011-09-12,24.19618551713
2011-09-13,24.363778144088
2011-09-14,24.573268927786
2011-09-15,25.096995887031
2011-09-16,25.076046808662
2011-09-19,24.259032752239
2011-09-20,23.567713166035
2011-09-21,22.708800952873
2011-09-22,21.179518231877
2011-09-23,21.095721918398
2011-09-26,21.891786896451
2011-09-27,21.95463413156
2011-09-28,20.875756595515
2011-09-29,21.074772840028
2011-09-30,20.048267999907
2011-10-03,18.64467974913
2011-10-04,19.105559473266
2011-10-05,19.629286432511
2011-10-06,20.697689429372
2011-10-07,20.341555097085
2011-10-10,21.137620075138
2011-10-11,21.577550720904
2011-10-12,21.053823761658
2011-10-13,21.158569153507
2011-10-14,21.493754407424
2011-10-17,20.069217078277
2011-10-18,21.242365466987
2011-10-19,20.467249567304
2011-10-20,20.84433297796
2011-10-21,21.430907172315
2011-10-24,22.164124915258
2011-10-25,21.242365466987
2011-10-26,21.703245191122
2011-10-27,23.462967774186
2011-10-28,24.238083673869
2011-10-31,22.541208325915
2011-11-01,21.787041504602
2011-11-02,22.478361090805
2011-11-03,22.835493930566
2011-11-04,22.961540815187
2011-11-07,22.583400161323
2011-11-08,22.646423603634
2011-11-09,21.427970385628
2011-11-10,21.533009456145
2011-11-11,22.26828294977
2011-11-14,21.806111039492
2011-11-15,21.764095411284
2011-11-16,20.944790661246
2011-11-17,20.209517167621
2011-11-18,20.356571866346
2011-11-21,19.894399956068
2011-11-22,19.453235859893
2011-11-23,18.654938923958
2011-11-25,18.801993622683
2011-11-28,19.873392141964
2011-11-29,19.558274930411
2011-11-30,21.049829731763
2011-12-01,20.608665635589
2011-12-02,20.818743776624
2011-12-05,21.007814103556
2011-12-06,20.839751590728
2011-12-07,20.797735962521
2011-12-08,19.894399956068
2011-12-09,20.251532795828
2011-12-12,19.642306186825
2011-12-13,18.991063949615
2011-12-14,18.780985808579
2011-12-15,18.444860782923
2011-12-16,18.507884225233
2011-12-19,17.919665430334
2011-12-20,18.654938923958
2011-12-21,18.591915481647
2011-12-22,18.707458459217
2011-12-23,18.612923295751
2011-12-27,18.465868597026
2011-12-28,17.89865761623
2011-12-29,18.129743571369
2011-12-30,18.171759199576
2012-01-03,19.390212417583
2012-01-04,19.852384327861
2012-01-05,19.663314000929
2012-01-06,19.243157718858
2012-01-09,19.799864792602
2012-01-10,19.831376513757
2012-01-11,20.230524981725
2012-01-12,20.860759404831
2012-01-13,20.587657821485
2012-01-17,20.503626565071
2012-01-18,21.049829731763
2012-01-19,21.38595475742
2012-01-20,21.364946943317
2012-01-23,21.533009456145
2012-01-24,21.575025084352
2012-01-25,22.016189180527
2012-01-26,21.764095411284
2012-01-27,21.911150110009
2012-01-30,21.68006415487
2012-01-31,21.343939129213
2012-02-01,21.490993827938
2012-02-02,21.954525067364
2012-02-03,22.670891528296
2012-02-06,22.618217523815
2012-02-07,22.481265112167
2012-02-08,22.481265112167
2012-02-09,22.41805630679
2012-02-10,21.680620244067
2012-02-13,21.764898651235
2012-02-14,21.51206342973
2012-02-15,21.280297810017
2012-02-16,21.659550642275
2012-02-17,21.385645818978
2012-02-21,21.933455465572
2012-02-22,21.870246660196
2012-02-23,22.038803474533
2012-02-24,21.975594669156
2012-02-27,21.743829049443
2012-02-28,21.849177058404
2012-02-29,21.427785022562
2012-03-01,21.638481040483
2012-03-02,21.575272235107
2012-03-05,20.795696968799
2012-03-06,19.952912897115
2012-03-07,20.121469711452
2012-03-08,20.585000950878
2012-03-09,20.669279358046
2012-03-12,20.795696968799
2012-03-13,21.722759447651
2012-03-14,21.659550642275
2012-03-15,21.80703785482
2012-03-16,22.207360288869
2012-03-19,22.333777899622
2012-03-20,21.996664270948
2012-03-21,21.638481040483
2012-03-22,21.090671393888
2012-03-23,21.301367411809
2012-03-26,21.533133031522
2012-03-27,21.196019402849
2012-03-28,20.711418561631
2012-03-29,21.132810597473
2012-03-30,21.11174099568
2012-04-02,21.427785022562
2012-04-03,21.196019402849
2012-04-04,20.669279358046
2012-04-05,20.290026525789
2012-04-09,20.226817720412
2012-04-10,19.637079566252
2012-04-11,20.858905774175
2012-04-12,21.427785022562
2012-04-13,20.753557765215
2012-04-16,20.774627367007
2012-04-17,21.048532190304
2012-04-18,20.964253783136
2012-04-19,20.563931349086
2012-04-20,20.437513738333
2012-04-23,20.290026525789
2012-04-24,20.353235331165
2012-04-25,20.690348959839
2012-04-26,20.774627367007
2012-04-27,20.542861747294
2012-04-30,20.50072254371
2012-05-01,21.00639298672
2012-05-02,20.50072254371
2012-05-03,20.184678516828
2012-05-04,19.742216879194
2012-05-07,19.657938472026
2012-05-08,19.405103250521
2012-05-09,19.278685639768
2012-05-10,19.236546436184
2012-05-11,19.151990188113
2012-05-14,18.856043319864
2012-05-15,18.41212301749
2012-05-16,17.947063653099
2012-05-17,17.968202715117
2012-05-18,17.820229280992
2012-05-21,18.179593335295
2012-05-22,17.947063653099
2012-05-23,18.200732397312
2012-05-24,18.243010521348
2012-05-25,18.243010521348
2012-05-29,18.79262613381
2012-05-30,18.137315211259
2012-05-31,18.073898025206
2012-06-01,17.545421474761
2012-06-04,17.735673032921
2012-06-05,17.862507405028
2012-06-06,18.253580052357
2012-06-07,18.073898025206
2012-06-08,18.010480839152
2012-06-11,17.577130067788
2012-06-12,18.010480839152
2012-06-13,17.925924591081
2012-06-14,18.285288645384
2012-06-15,18.644652699686
2012-06-18,18.369844893455
2012-06-19,18.813765195828
2012-06-20,18.856043319864
2012-06-21,18.073898025206
2012-06-22,18.22187145933
2012-06-25,17.735673032921
2012-06-26,17.735673032921
2012-06-27,18.03161990117
2012-06-28,17.989341777135
2012-06-29,18.496679265561
2012-07-02,18.232440990339
2012-07-03,18.813765195828
2012-07-05,18.856043319864
2012-07-06,18.443831610517
2012-07-09,18.517818327579
2012-07-10,17.756812094939
2012-07-11,17.65111678485
2012-07-12,17.545421474761
2012-07-13,17.799090218975
2012-07-16,17.608838660814
2012-07-17,17.503143350726
2012-07-18,17.608838660814
2012-07-19,17.714533970903
2012-07-20,17.46086522669
2012-07-23,17.207196482477
2012-07-24,16.953527738263
2012-07-25,16.953527738263
2012-07-26,17.312891792565
2012-07-27,17.862507405028
2012-07-30,17.862507405028
2012-07-31,17.904785529063
2012-08-01,17.883646467046
2012-08-02,17.353289217133
2012-08-03,17.756360727067
2012-08-06,18.032146497021
2012-08-07,18.244289396986
2012-08-08,18.668575196916
2012-08-09,18.795860936895
2012-08-10,19.050432416853
2012-08-13,18.732218066905
2012-08-14,18.435218006955
2012-08-15,18.520075166941
2012-08-16,18.604932326927
2012-08-17,18.562503746934
2012-08-20,18.668575196916
2012-08-21,18.711003776909
2012-08-22,18.817075226891
2012-08-23,18.307932266976
2012-08-24,18.307932266976
2012-08-27,17.989717917028
2012-08-28,18.032146497021
2012-08-29,18.117003657007
2012-08-30,17.904860757042
2012-08-31,18.159432237
2012-09-04,17.862432177049
2012-09-05,18.074575077014
2012-09-06,18.58371803693
2012-09-07,19.305003896811
2012-09-10,19.198932446828
2012-09-11,19.79293256673
2012-09-12,19.835361146723
2012-09-13,20.429361266625
2012-09-14,20.874861356552
2012-09-17,20.323289816643
2012-09-18,20.132361206674
2012-09-19,20.089932626681
2012-09-20,19.623218246758
2012-09-21,19.3686467668
2012-09-24,19.220146736825
2012-09-25,18.753432356902
2012-09-26,18.859503806884
2012-09-27,19.061039561851
2012-09-28,18.785253791897
2012-10-01,18.901932386877
2012-10-02,18.774646646898
2012-10-03,18.626146616923
2012-10-04,19.241361026821
2012-10-05,19.283789606814
2012-10-08,19.347432476804
2012-10-09,19.3686467668
2012-10-10,18.477646586948
2012-10-11,18.604932326927
2012-10-12,18.435218006955
2012-10-15,18.668575196916
2012-10-16,18.965575256867
2012-10-17,19.474718216783
2012-10-18,19.538361086772
2012-10-19,19.114075286842
2012-10-22,19.305003896811
2012-10-23,18.626146616923
2012-10-24,18.456432296951
2012-10-25,18.520075166941
2012-10-26,18.350360846969
2012-10-31,18.244289396986
2012-11-01,18.62748333998
2012-11-02,18.414810701618
2012-11-05,18.32944360654
2012-11-06,18.606194787591
2012-11-07,18.052692425489
2012-11-08,17.861095453992
2012-11-09,17.946249663546
2012-11-12,17.946249663546
2012-11-13,17.690787034884
2012-11-14,17.30759309189
2012-11-15,17.137284672782
2012-11-16,17.414035853833
2012-11-19,17.754652692049
2012-11-20,17.563055720553
2012-11-21,17.60563282533
2012-11-23,17.775941244438
2012-11-26,17.68014275869
2012-11-27,17.626921377718
2012-11-28,17.882384006381
2012-11-29,17.882384006381
2012-11-30,17.903672558769
2012-12-03,17.903672558769
2012-12-04,17.924961111158
2012-12-05,18.244289396986
2012-12-06,18.244289396986
2012-12-07,18.095269530266
2012-12-10,18.244289396986
2012-12-11,18.47846347326
2012-12-12,18.414597816094
2012-12-13,18.286866501763
2012-12-14,18.606194787591
2012-12-17,18.62748333998
2012-12-18,18.968100178197
2012-12-19,18.393309263706
2012-12-20,18.521040578037
2012-12-21,18.244289396986
2012-12-24,18.350732158929
2012-12-26,18.584906235203
2012-12-27,18.350732158929
2012-12-28,18.095269530266
2012-12-31,18.47846347326
2013-01-02,19.138408597305
2013-01-03,19.308717016414
2013-01-04,19.713199511796
2013-01-07,19.372582673579
2013-01-08,19.372582673579
2013-01-09,19.330005568802
2013-01-10,19.095831492528
2013-01-11,19.031965835362
2013-01-14,18.989388730585
2013-01-15,18.989388730585
2013-01-16,18.904234521031
2013-01-17,19.031965835362
2013-01-18,19.159697149694
2013-01-22,19.585468197465
2013-01-23,19.479025435522
2013-01-24,19.244851359248
2013-01-25,19.223562806859
2013-01-28,18.946811625808
2013-01-29,18.904234521031
2013-01-30,18.733926101923
2013-01-31,18.819080311477
2013-02-01,19.159697149694
2013-02-04,18.861657416254
2013-02-05,19.031965835362
2013-02-06,19.138408597305
2013-02-07,19.010249611162
2013-02-08,19.095688935258
2013-02-11,18.946170118091
2013-02-12,19.287927414472
2013-02-13,19.437446231638
2013-02-14,19.84328302109
2013-02-15,19.907362514161
2013-02-19,19.352006907543
2013-02-20,18.71121197683
2013-02-21,18.497613666592
2013-02-22,18.454894004544
2013-02-25,17.984977722021
2013-02-26,17.963617890997
2013-02-27,18.241295694306
2013-02-28,18.198576032259
2013-03-01,18.027697384069
2013-03-04,17.835458904855
2013-03-05,17.835458904855
2013-03-06,18.305375187378
2013-03-07,18.454894004544
2013-03-08,18.390814511473
2013-03-11,18.518973497616
2013-03-12,18.412174342497
2013-03-13,18.241295694306
2013-03-14,18.26265552533
2013-03-15,18.43353417352
2013-03-18,18.284015356354
2013-03-19,18.113136708164
2013-03-20,18.241295694306
2013-03-21,18.049057215092
2013-03-22,18.049057215092
2013-03-25,17.984977722021
2013-03-26,17.984977722021
2013-03-27,18.134496539188
2013-03-28,18.198576032259
2013-04-01,17.92089822895
2013-04-02,17.728659749736
2013-04-03,17.664580256664
2013-04-04,17.557781101546
2013-04-05,17.600500763593
2013-04-08,17.92089822895
2013-04-09,17.92089822895
2013-04-10,17.75001958076
2013-04-11,17.771379411783
2013-04-12,17.557781101546
2013-04-15,17.173304143118
2013-04-16,17.30146312926
2013-04-17,17.002425494927
2013-04-18,17.151944312094
2013-04-19,17.258743467213
2013-04-22,17.322822960284
2013-04-23,17.344182791308
2013-04-24,17.963617890997
2013-04-25,17.92089822895
2013-04-26,17.664580256664
2013-04-29,17.984977722021
2013-04-30,18.155856370211
2013-05-01,18.006337553045
2013-05-02,18.070417046116
2013-05-03,18.412174342497
2013-05-06,18.561693159663
2013-05-07,18.454894004544
2013-05-08,18.946170118091
2013-05-09,18.839370962972
2013-05-10,18.646476379734
2013-05-13,18.282119944727
2013-05-14,18.34641813914
2013-05-15,18.217821750314
2013-05-16,18.217821750314
2013-05-17,18.453581796495
2013-05-20,18.775072768559
2013-05-21,18.775072768559
2013-05-22,18.625043648263
2013-05-23,18.303552676198
2013-05-24,18.174956287373
2013-05-28,18.410716333553
2013-05-29,18.389283602082
2013-05-30,18.196389018843
2013-05-31,18.217821750314
2013-06-03,18.260687213256
2013-06-04,17.960628972663
2013-06-05,17.574839806186
2013-06-06,17.703436195011
2013-06-07,17.853465315308
2013-06-10,17.917763509721
2013-06-11,17.639138000599
2013-06-12,17.531974343244
2013-06-13,17.574839806186
2013-06-14,17.403377954418
2013-06-17,17.381945222947
2013-06-18,17.596272537657
2013-06-19,17.381945222947
2013-06-20,17.178334273973
2013-06-21,17.103319713825
2013-06-24,16.696097815876
2013-06-25,16.974723324999
2013-06-26,16.610366889993
2013-06-27,16.867559667644
2013-06-28,16.760396010289
2013-07-01,16.846126936173
2013-07-02,16.717530547347
2013-07-03,16.524635964109
2013-07-05,16.738963278818
2013-07-08,16.974723324999
2013-07-09,16.953290593528
2013-07-10,16.974723324999
2013-07-11,17.360512491476
2013-07-12,17.360512491476
2013-07-15,17.510541611773
2013-07-16,17.381945222947
2013-07-17,17.553407074715
2013-07-18,17.596272537657
2013-07-19,17.296214297063
2013-07-22,17.403377954418
2013-07-23,17.44624341736
2013-07-24,17.253348834121
2013-07-25,17.210483371179
2013-07-26,17.296214297063
2013-07-29,17.23191610265
2013-07-30,17.210483371179
2013-07-31,17.039021519412
2013-08-01,17.039021519412
2013-08-02,17.081886982354
2013-08-05,17.146185176767
2013-08-06,16.953290593528
2013-08-07,16.760396010289
2013-08-08,17.018579260769
2013-08-09,17.685552657841
2013-08-12,17.771613741334
2013-08-13,17.534945761728
2013-08-14,17.556461032601
2013-08-15,17.556461032601
2013-08-16,17.470399949108
2013-08-19,17.083125073389
2013-08-20,17.212216698628
2013-08-21,16.867972364656
2013-08-22,17.276762511248
2013-08-23,17.319793052995
2013-08-26,17.341308323868
2013-08-27,17.029336896205
2013-08-28,17.061609802515
2013-08-29,16.803426552036
2013-08-30,16.56675857243
2013-09-03,16.609789114176
2013-09-04,16.867972364656
2013-09-05,16.932518177276
2013-09-06,17.040094531642
2013-09-09,17.384338865615
2013-09-10,17.330550688431
2013-09-11,17.621006845221
2013-09-12,17.556461032601
2013-09-13,17.384338865615
2013-09-16,17.427369407361
2013-09-17,17.771613741334
2013-09-18,18.406314232096
2013-09-19,18.158888617053
2013-09-20,17.836159553954
2013-09-23,17.81464428308
2013-09-24,17.857674824827
2013-09-25,17.922220637447
2013-09-26,17.793129012207
2013-09-27,17.642522116094
2013-09-30,17.470399949108
2013-10-01,17.577976303474
2013-10-02,17.255247240375
2013-10-03,16.911002906402
2013-10-04,17.126155615135
2013-10-07,17.147670886008
2013-10-08,17.083125073389
2013-10-09,17.427369407361
2013-10-10,17.965251179193
2013-10-11,17.900705366573
2013-10-14,18.180403887926
2013-10-15,18.029796991813
2013-10-16,18.352526054912
2013-10-17,18.481617680152
2013-10-18,18.567678763645
2013-10-21,18.503132951025
2013-10-22,20.138293537395
2013-10-23,19.944656099536
2013-10-24,19.901625557789
2013-10-25,19.880110286916
2013-10-28,20.568598954861
2013-10-29,20.525568413114
2013-10-30,20.353446246128
2013-10-31,19.944656099536
2013-11-01,19.944656099536
2013-11-04,21.343148706299
2013-11-05,21.041934914073
2013-11-06,20.848297476214
2013-11-07,19.3159691938
2013-11-08,19.553372167132
2013-11-11,19.488625901678
2013-11-12,19.251222928346
2013-11-13,19.402297547739
2013-11-14,19.380715459254
2013-11-15,19.488625901678
2013-11-18,19.3159691938
2013-11-19,19.704446786525
2013-11-20,19.531790078647
2013-11-21,19.68286469804
2013-11-22,19.941849759856
2013-11-25,20.697222856821
2013-11-26,20.826715387729
2013-11-27,20.805133299244
2013-11-29,20.74038703379
2013-12-02,20.610894502882
2013-12-03,20.330327352581
2013-12-04,20.200834821673
2013-12-05,20.179252733188
2013-12-06,20.200834821673
2013-12-09,20.459819883489
2013-12-10,20.632476591367
2013-12-11,20.157670644703
2013-12-12,20.222416910157
2013-12-13,20.524566148943
2013-12-16,20.654058679851
2013-12-17,20.934625830152
2013-12-18,21.215192980453
2013-12-19,21.517342219239
2013-12-20,21.452595953785
2013-12-23,21.862655634994
2013-12-24,22.359043670142
2013-12-26,22.510118289535
2013-12-27,23.071252590137
2013-12-30,22.725939174382
2013-12-31,22.941760059229
2014-01-02,22.725939174382
2014-01-03,22.812267528321
2014-01-06,22.725939174382
2014-01-07,22.747521262866
2014-01-08,23.373401828923
2014-01-09,23.071252590137
2014-01-10,21.819491458025
2014-01-13,21.79790936954
2014-01-14,22.272715316203
2014-01-15,22.85543170529
2014-01-16,23.826625687101
2014-01-17,24.517252518611
2014-01-21,26.179073331933
2014-01-22,26.373312128295
2014-01-23,26.049580801025
2014-01-24,24.689909226489
2014-01-27,25.121550996183
2014-01-28,25.574774854361
2014-01-29,25.876924093147
2014-01-30,25.790595739208
2014-01-31,24.840983845882
2014-02-03,24.23668536831
2014-02-04,24.711491314974
2014-02-05,23.891371952555
2014-02-06,23.913012688019
2014-02-07,24.215982984519
2014-02-10,23.934653423484
2014-02-11,24.518953281019
2014-02-12,24.389108868233
2014-02-13,24.670438429269
2014-02-14,24.605516222876
2014-02-18,24.670438429269
2014-02-19,25.449504905983
2014-02-20,25.492786376911
2014-02-21,25.38458269959
2014-02-24,25.471145641447
2014-02-25,25.146534609483
2014-02-26,26.077086234447
2014-02-27,26.033804763518
2014-02-28,25.406223435054
2014-03-03,25.146534609483
2014-03-04,25.53606784784
2014-03-05,26.185289911768
2014-03-06,26.098726969911
2014-03-07,26.315134324554
2014-03-10,25.83903814434
2014-03-11,26.380056530946
2014-03-12,26.336775060018
2014-03-13,25.665912260625
2014-03-14,25.622630789697
2014-03-17,25.752475202483
2014-03-18,25.968882557125
2014-03-19,25.622630789697
2014-03-20,25.774115937947
2014-03-21,25.99052329259
2014-03-24,25.99052329259
2014-03-25,26.012164028054
2014-03-26,25.665912260625
2014-03-27,27.245685949517
2014-03-28,27.00763785941
2014-03-31,27.851626542517
2014-04-01,28.219519045409
2014-04-02,27.808345071588
2014-04-03,27.570296981481
2014-04-04,27.332248891374
2014-04-07,26.985997123946
2014-04-08,27.115841536732
2014-04-09,28.132956103552
2014-04-10,27.483734039624
2014-04-11,27.137482272196
2014-04-14,27.829985807053
2014-04-15,28.241159780874
2014-04-16,29.041866993052
2014-04-17,29.344837289552
2014-04-21,29.193352141302
2014-04-22,29.23663361223
2014-04-23,29.496322437801
2014-04-24,29.38811876048
2014-04-25,28.847100373873
2014-04-28,28.652333754695
2014-04-29,29.08514846398
2014-04-30,29.150070670373
2014-05-01,29.517963173266
2014-05-02,29.69108905698
2014-05-05,29.279915083159
2014-05-06,28.803818902945
2014-05-07,28.825459638409
2014-05-08,28.803818902945
2014-05-09,28.738750034941
2014-05-12,29.953368904342
2014-05-13,29.909989659007
2014-05-14,29.411128337645
2014-05-15,28.890577393616
2014-05-16,29.172542488299
2014-05-19,29.302680224306
2014-05-20,28.521853808262
2014-05-21,28.456784940259
2014-05-22,28.695370789605
2014-05-23,29.324369846974
2014-05-27,29.237611356302
2014-05-28,28.999025506956
2014-05-29,29.454507582981
2014-05-30,29.519576450985
2014-06-02,29.996748149678
2014-06-03,29.606334941656
2014-06-04,29.97505852701
2014-06-05,30.365471735032
2014-06-06,31.124608528408
2014-06-09,31.124608528408
2014-06-10,30.864333056393
2014-06-11,30.755884943054
2014-06-12,30.3871613577
2014-06-13,31.493332113762
2014-06-16,31.124608528408
2014-06-17,31.40657362309
2014-06-18,31.753607585776
2014-06-19,31.363194377755
2014-06-20,31.710228340441
2014-06-23,32.035572680459
2014-06-24,31.384884000422
2014-06-25,31.558400981766
2014-06-26,32.404296265813
2014-06-27,32.382606643145
2014-06-30,32.295848152473
2014-07-01,32.100641548463
2014-07-02,32.209089661802
2014-07-03,32.491054756484
2014-07-07,31.970503812455
2014-07-08,32.209089661802
2014-07-09,34.031017965904
2014-07-10,33.879190607229
2014-07-11,34.638327400604
2014-07-14,34.941982117955
2014-07-15,34.963671740623
2014-07-16,36.004773628681
2014-07-17,35.419153816648
2014-07-18,35.766187779334
2014-07-21,36.048152874017
2014-07-22,37.067565139407
2014-07-23,36.980806648736
2014-07-24,36.872358535396
2014-07-25,35.918015138009
2014-07-28,36.894048158064
2014-07-29,36.677151931385
2014-07-30,36.265049100695
2014-07-31,35.549291552655
2014-08-01,35.657739665995
2014-08-04,36.243359478028
2014-08-05,35.657739665995
2014-08-06,35.722808533999
2014-08-07,34.766723634062
2014-08-08,34.984015656775
2014-08-11,35.179578477216
2014-08-12,35.179578477216
2014-08-13,35.288224488573
2014-08-14,35.266495286301
2014-08-15,35.005744859046
2014-08-18,35.462058106743
2014-08-19,35.701079331727
2014-08-20,35.853183747626
2014-08-21,35.527245713557
2014-08-22,35.74453773627
2014-08-25,35.809725343084
2014-08-26,36.048746568068
2014-08-27,36.309496995323
2014-08-28,36.005288163525
2014-08-29,36.09220497261
2014-09-02,36.222580186238
2014-09-03,36.787539445292
2014-09-04,37.156935883904
2014-09-05,37.548061524787
2014-09-08,36.961373063462
2014-09-09,37.178665086175
2014-09-10,37.374227906616
2014-09-11,36.722351838478
2014-09-12,36.331226197595
2014-09-15,35.614162522642
2014-09-16,35.114390870402
2014-09-17,35.375141297658
2014-09-18,35.201307679488
2014-09-19,35.223036881759
2014-09-22,34.39732719545
2014-09-23,34.114847565923
2014-09-24,34.549431611349
2014-09-25,33.962743150024
2014-09-26,35.179578477216
2014-09-29,34.614619218163
2014-09-30,34.962286454503
2014-10-01,34.114847565923
2014-10-02,33.376054688699
2014-10-03,33.89755554321
2014-10-06,34.744994431791
2014-10-07,34.658077622705
2014-10-08,34.918828049961
2014-10-09,33.441242295513
2014-10-10,31.963656541066
2014-10-13,31.485614091097
2014-10-14,31.051030045671
2014-10-15,31.507343293369
2014-10-16,31.724635316081
2014-10-17,33.941013947753
2014-10-20,34.093118363652
2014-10-21,35.527245713557
2014-10-22,35.027474061317
2014-10-23,35.288224488573
2014-10-24,35.961829758983
2014-10-27,35.592433320371
2014-10-28,36.070475770339
2014-10-29,35.353412095387
2014-10-30,35.24476608403
2014-10-31,36.41814300668
2014-11-03,36.787539445292
2014-11-04,35.983558961254
2014-11-05,35.396870499929
2014-11-06,35.636332723483
2014-11-07,35.549255551282
2014-11-10,35.527486258231
2014-11-11,35.810487067887
2014-11-12,36.746566669053
2014-11-13,36.441796566348
2014-11-14,36.877182427355
2014-11-17,36.637720203801
2014-11-18,37.356106874464
2014-11-19,36.332950101096
2014-11-20,37.269029702262
2014-11-21,37.987416372925
2014-11-24,37.486722632766
2014-11-25,37.813262028522
2014-11-26,38.313955768681
2014-11-28,37.639107684119
2014-12-01,37.312568288363
2014-12-02,37.660876977169
2014-12-03,37.464953339716
2014-12-04,37.530261218867
2014-12-05,36.898951720406
2014-12-08,35.46217837908
2014-12-09,34.917946052821
2014-12-10,34.025405037755
2014-12-11,33.002248264387
2014-12-12,32.370938765925
2014-12-15,32.501554524228
2014-12-16,31.413089871708
2014-12-17,32.762786040832
2014-12-18,34.351944433511
2014-12-19,34.700253122317
2014-12-22,34.264867261309
2014-12-23,34.243097968259
2014-12-24,34.33017514046
2014-12-26,34.439021605712
2014-12-29,34.439021605712
2014-12-30,34.504329484863
2014-12-31,34.373713726561
2015-01-02,34.569637364014
2015-01-05,32.566862403379
2015-01-06,32.806324626933
2015-01-07,33.655327055898
2015-01-08,34.613175950115
2015-01-09,35.070331104173
2015-01-12,35.200946862476
2015-01-13,34.395483019611
2015-01-14,32.545093110328
2015-01-15,32.588631696429
2015-01-16,33.263479780991
2015-01-20,33.851250693352
2015-01-21,34.656714536216
2015-01-22,34.917946052821
2015-01-23,34.30840584741
2015-01-26,35.005023225022
2015-01-27,34.656714536216
2015-01-28,34.395483019611
2015-01-29,34.787330294518
2015-01-30,34.068943623856
2015-02-02,34.983253931972
2015-02-03,36.158795756693
2015-02-04,35.810487067887
2015-02-05,37.228076385434
2015-02-06,36.137623064244
2015-02-09,34.131188953254
2015-02-10,34.698224680273
2015-02-11,33.716816691201
2015-02-12,34.131188953254
2015-02-13,34.480134016034
2015-02-17,34.349279617492
2015-02-18,34.56737028173
2015-02-19,34.894506278087
2015-02-20,34.436515883187
2015-02-23,33.82586202332
2015-02-24,34.327470551068
2015-02-25,32.713599635706
2015-02-26,32.953499366368
2015-02-27,32.255609240806
2015-03-02,32.604554303587
2015-03-03,33.106162831335
2015-03-04,31.81942791233
2015-03-05,31.36143751743
2015-03-06,31.579528181669
2015-03-09,29.878421000612
2015-03-10,29.442239672136
2015-03-11,29.63852126995
2015-03-12,30.09651166485
2015-03-13,29.594903137102
2015-03-16,28.984249277236
2015-03-17,28.482640749488
2015-03-18,28.962440210812
2015-03-19,28.26455008525
2015-03-20,28.286359151674
2015-03-23,28.351786350945
2015-03-24,28.54806794876
2015-03-25,28.286359151674
2015-03-26,28.09007755386
2015-03-27,27.697514358231
2015-03-30,28.26455008525
2015-03-31,28.177313819555
2015-04-01,28.351786350945
2015-04-02,28.657113280879
2015-04-06,29.136912742202
2015-04-07,29.289576207169
2015-04-08,29.81299380134
2015-04-09,28.809776745845
2015-04-10,28.678922347303
2015-04-13,28.984249277236
2015-04-14,29.158721808626
2015-04-15,29.093294609355
2015-04-16,29.333194340017
2015-04-17,29.35500340644
2015-04-20,29.616712203526
2015-04-21,29.485857804983
2015-04-22,29.594903137102
2015-04-23,28.766158612998
2015-04-24,28.831585812269
2015-04-27,29.333194340017
2015-04-28,29.398621539288
2015-04-29,29.660330336374
2015-04-30,29.267767140745
2015-05-01,30.859828989683
2015-05-04,30.55450205975
2015-05-05,30.140129797697
2015-05-06,29.878421000612
2015-05-07,29.965657266307
2015-05-08,30.206081941675
2015-05-11,29.834516534288
2015-05-12,29.61594864759
2015-05-13,29.790802956949
2015-05-14,29.812659745618
2015-05-15,29.59409185892
2015-05-18,29.288096817543
2015-05-19,28.588679580109
2015-05-20,28.566822791439
2015-05-21,28.413825270751
2015-05-22,28.282684538732
2015-05-26,27.889262342675
2015-05-27,27.954832708685
2015-05-28,27.714408033317
2015-05-29,27.32098583726
2015-06-01,27.146131527902
2015-06-02,27.583267301298
2015-06-03,27.561410512628
2015-06-04,27.32098583726
2015-06-05,27.146131527902
2015-06-08,26.774566120515
2015-06-09,26.643425388496
2015-06-10,26.599711811157
2015-06-11,26.424857501798
2015-06-12,26.359287135789
2015-06-15,26.22814640377
2015-06-16,26.271859981109
2015-06-17,26.140719249091
2015-06-18,26.053292094411
2015-06-19,26.075148883081
2015-06-22,25.703583475694
2015-06-23,25.659869898355
2015-06-24,25.659869898355
2015-06-25,25.288304490968
2015-06-26,25.550585955006
2015-06-29,24.807455140232
2015-06-30,24.370319366836
2015-07-01,24.195465057478
2015-07-02,24.261035423487
2015-07-06,24.108037902798
2015-07-07,24.173608268808
2015-07-08,22.949628103299
2015-07-09,23.146339201327
2015-07-10,23.233766356006
2015-07-13,23.649045340732
2015-07-14,23.539761397383
2015-07-15,23.102625623987
2015-07-16,22.971484891968
2015-07-17,22.927771314629
2015-07-20,22.293924443204
2015-07-21,22.359494809214
2015-07-22,21.834931881138
2015-07-23,21.769361515129
2015-07-24,21.441509685082
2015-07-27,21.026230700355
2015-07-28,21.572650417101
2015-07-29,22.206497288525
2015-07-30,21.813075092469
2015-07-31,21.572650417101
2015-08-03,21.069944277695
2015-08-04,21.266655375723
2015-08-05,21.397796107742
2015-08-06,21.72665567907
2015-08-07,20.630457107977
2015-08-10,22.099363193242
2015-08-11,20.78392490793
2015-08-12,20.849696822196
2015-08-13,20.411217393758
2015-08-14,20.630457107977
2015-08-17,20.674305050821
2015-08-18,20.323521508071
2015-08-19,19.972737965321
2015-08-20,19.797346193946
2015-08-21,19.13962705129
2015-08-24,17.977656565931
2015-08-25,17.780340823134
2015-08-26,18.109200394462
2015-08-27,19.424638679774
2015-08-28,20.630457107977
2015-08-31,20.718152993664
2015-09-01,20.213901650961
2015-09-02,20.43314136518
2015-09-03,20.981240650727
2015-09-04,20.805848879352
2015-09-08,21.310100222055
2015-09-09,20.981240650727
2015-09-10,21.112784479258
2015-09-11,21.156632422102
2015-09-14,20.564685193711
2015-09-15,21.112784479258
2015-09-16,21.617035821961
2015-09-17,21.814351564758
2015-09-18,21.858199507601
2015-09-21,21.704731707648
2015-09-22,20.827772850774
2015-09-23,20.170053708118
2015-09-24,20.126205765274
2015-09-25,19.885042079633
2015-09-28,21.02508859357
2015-09-29,20.718152993664
2015-09-30,21.178556393524
2015-10-01,20.301597536649
2015-10-02,20.871620793617
2015-10-05,22.822854250164
2015-10-06,24.07252062121
2015-10-07,23.984824735523
2015-10-08,24.138292535476
2015-10-09,22.493994678836
2015-10-12,22.099363193242
2015-10-13,21.989743336133
2015-10-14,21.814351564758
2015-10-15,21.266252279211
2015-10-16,20.937392707883
2015-10-19,20.652381079399
2015-10-20,20.630457107977
2015-10-21,19.972737965321
2015-10-22,19.928890022477
2015-10-23,20.038509879586
2015-10-26,19.227322936977
2015-10-27,19.13962705129
2015-10-28,19.709650308258
2015-10-29,19.621954422571
2015-10-30,19.578106479727
2015-11-02,20.104281793852
2015-11-03,20.564685193711
2015-11-04,20.630457107977
2015-11-05,20.234563474775
2015-11-06,19.992628476707
2015-11-09,18.936912121501
2015-11-10,18.365065762431
2015-11-11,17.771225312628
2015-11-12,17.199378953559
2015-11-13,17.573278496027
2015-11-16,18.233101218031
2015-11-17,18.189113036564
2015-11-18,18.497030306832
2015-11-19,19.266823482503
2015-11-20,19.112864847369
2015-11-23,19.94864029524
2015-11-24,19.992628476707
2015-11-25,20.696439380177
2015-11-27,20.498492563576
2015-11-30,20.58646892651
2015-12-01,20.850398015311
2015-12-02,20.564474835776
2015-12-03,19.772687569372
2015-12-04,20.542480745043
2015-12-07,19.88265802304
2015-12-08,18.7389653049
2015-12-09,19.222835301036
2015-12-10,20.168581202574
2015-12-11,19.486764389837
2015-12-14,19.794681660106
2015-12-15,20.058610748907
2015-12-16,20.322539837709
2015-12-17,20.124593021107
2015-12-18,20.300545746975
2015-12-21,20.498492563576
2015-12-22,21.026350741179
2015-12-23,22.411978457386
2015-12-24,22.258019822252
2015-12-28,21.950102551984
2015-12-29,22.280013912986
2015-12-30,21.906114370517
2015-12-31,21.708167553916
2016-01-04,21.356262102181
2016-01-05,20.388522109909
2016-01-06,18.936912121501
2016-01-07,18.189113036564
2016-01-08,17.749231221895
2016-01-11,17.595272586761
2016-01-12,16.011698053952
2016-01-13,15.68178669295
2016-01-14,15.923721691018
2016-01-15,15.175922606081
2016-01-19,14.824017154346
2016-01-20,14.824017154346
2016-01-21,15.593810330017
2016-01-22,15.109940333881
2016-01-25,14.955981698747
2016-01-26,15.703780783684
2016-01-27,15.307887150482
2016-01-28,15.395863513416
2016-01-29,16.033692144686
2016-02-01,15.857739418818
2016-02-02,15.329881241215
2016-02-03,16.671520775956
2016-02-04,18.349713595787
2016-02-05,17.930165390829
2016-02-08,17.444372732457
2016-02-09,17.245639372214
2016-02-10,16.649439291484
2016-02-11,16.185728117583
2016-02-12,16.980661558556
2016-02-16,17.930165390829
2016-02-17,18.813424769688
2016-02-18,17.930165390829
2016-02-19,17.378128279043
2016-02-22,19.674602664075
2016-02-23,18.835506254159
2016-02-24,19.343380397003
2016-02-25,19.586276726189
2016-02-26,19.586276726189
2016-02-29,19.718765633018
2016-03-01,20.116232353504
2016-03-02,21.242388061549
2016-03-03,20.911165794477
2016-03-04,21.131980639192
2016-03-07,22.16981040935
2016-03-08,20.602025011876
2016-03-09,20.80075837212
2016-03-10,21.176143608134
2016-03-11,21.021573216834
2016-03-14,21.352795483906
2016-03-15,20.226639775861
2016-03-16,21.507365875206
2016-03-17,21.948995564636
2016-03-18,22.147728924879
2016-03-21,21.838588142278
2016-03-22,21.750262204393
2016-03-23,20.579943527405
2016-03-24,21.131980639192
2016-03-28,21.419039937321
2016-03-29,21.463202906264
2016-03-30,21.374876968378
2016-03-31,21.154062123663
2016-04-01,21.26446954602
2016-04-04,20.756595403177
2016-04-05,20.778676887648
2016-04-06,20.977410247891
2016-04-07,20.933247278948
2016-04-08,20.690350949762
2016-04-11,21.507365875206
2016-04-12,20.933247278948
2016-04-13,21.617773297564
2016-04-14,22.103565955936
2016-04-15,22.103565955936
2016-04-18,22.280217831708
2016-04-19,23.251803148452
2016-04-20,23.384292055281
2016-04-21,23.008906819266
2016-04-22,22.964743850323
2016-04-25,22.434788223008
2016-04-26,23.538862446581
2016-04-27,24.974158937226
2016-04-28,24.620855185683
2016-04-29,24.665018154626
2016-05-02,24.201306980725
2016-05-03,22.854336427966
2016-05-04,22.677684552194
2016-05-05,22.190468673143
2016-05-06,22.234761025784
2016-05-09,20.950282799195
2016-05-10,21.415352501925
2016-05-11,21.127452209759
2016-05-12,20.905990446554
2016-05-13,20.374482214862
2016-05-16,20.551651625426
2016-05-17,20.595943978067
2016-05-18,19.975851041093
2016-05-19,20.197312804298
2016-05-20,20.175166627977
2016-05-23,20.551651625426
2016-05-24,20.861698093913
2016-05-25,21.260329267682
2016-05-26,21.061013680797
2016-05-27,20.706674859669
2016-05-31,20.529505449105
2016-06-01,20.595943978067
2016-06-02,20.662382507028
2016-06-03,21.083159857118
2016-06-06,21.791837499374
2016-06-07,21.681106617771
2016-06-08,21.902568380976
2016-06-09,21.791837499374
2016-06-10,21.016721328156
2016-06-13,20.640236330708
2016-06-14,20.153020451657
2016-06-15,20.928136622874
2016-06-16,20.795259564951
2016-06-17,21.216036915041
2016-06-20,21.61466808881
2016-06-21,21.836129852015
2016-06-22,21.902568380976
2016-06-23,22.47836896531
2016-06-24,20.773113388631
2016-06-27,20.153020451657
2016-06-28,20.662382507028
2016-06-29,20.153020451657
2016-06-30,20.529505449105
2016-07-01,21.149598386079
2016-07-05,20.507359272785
2016-07-06,20.352336038541
2016-07-07,20.684528683349
2016-07-08,21.747545146733
2016-07-11,22.456222788989
2016-07-12,23.674262486617
2016-07-13,23.718554839258
2016-07-14,23.718554839258
2016-07-15,24.183624541988
2016-07-18,24.183624541988
2016-07-19,23.541385428694
2016-07-20,23.497093076053
2016-07-21,23.474946899732
2016-07-22,23.408508370771
2016-07-25,23.231338960207
2016-07-26,23.629970133976
2016-07-27,23.784993368219
2016-07-28,23.652116310296
2016-07-29,23.519239252373
2016-08-01,23.187046607566
2016-08-02,22.854853962758
2016-08-03,23.120608078604
2016-08-04,23.09839808045
2016-08-05,23.320498061993
2016-08-08,23.209448071221
2016-08-09,22.987348089678
2016-08-10,22.94292809337
2016-08-11,23.142818076758
2016-08-12,22.587568122901
2016-08-15,23.364918058301
2016-08-16,22.854088100753
2016-08-17,23.009558087833
2016-08-18,23.209448071221
2016-08-19,22.809668104444
2016-08-22,22.920718095216
2016-08-23,23.320498061993
2016-08-24,22.298838146896
2016-08-25,22.387678139513
2016-08-26,22.209998154279
2016-08-29,22.78745810629
2016-08-30,22.587568122901
2016-08-31,22.387678139513
2016-09-01,22.498728130284
2016-09-02,22.498728130284
2016-09-06,22.920718095216
2016-09-07,22.676408115519
2016-09-08,22.47651813213
2016-09-09,21.321598228108
2016-09-12,21.721378194885
2016-09-13,21.143918242873
2016-09-14,20.855188266868
2016-09-15,21.032868252102
2016-09-16,20.966238257639
2016-09-19,20.788558272405
2016-09-20,20.966238257639
2016-09-21,21.477068215187
2016-09-22,21.721378194885
2016-09-23,21.676958198576
2016-09-26,21.499278213342
2016-09-27,21.432648218879
2016-09-28,21.943478176427
2016-09-29,22.121158161662
2016-09-30,22.520938128439
2016-10-03,22.47651813213
2016-10-04,22.654198117364
2016-10-05,23.09839808045
2016-10-06,23.527791378099
2016-10-07,23.224254736657
2016-10-10,23.32790139471
2016-10-11,20.662701616197
2016-10-12,20.07043499875
2016-10-13,19.803915020898
2016-10-14,19.574411706637
2016-10-17,19.507781712175
2016-10-18,19.626235035664
2016-10-19,20.018611669723
2016-10-20,19.75949502459
2016-10-21,19.900158346233
2016-10-24,19.885351680797
2016-10-25,20.203694987675
2016-10-26,20.57386162358
2016-10-27,20.892204930458
2016-10-28,21.003254921229
2016-10-31,21.262371566363
2016-11-01,18.646749261747
2016-11-02,17.680902841212
2016-11-03,17.237401933824
2016-11-04,17.424657872499
2016-11-07,17.089568298028
2016-11-08,17.247257509544
2016-11-09,17.366135792206
2016-11-10,18.277535959281
2016-11-11,18.683703425043
2016-11-14,18.911553466812
2016-11-15,19.723888398335
2016-11-16,19.42669269168
2016-11-17,19.317720932573
2016-11-18,19.723888398335
2016-11-21,19.991364534325
2016-11-22,19.704075351225
2016-11-23,20.090429769876
2016-11-25,20.338092858755
2016-11-28,19.961644963659
2016-11-29,19.486131833011
2016-11-30,19.09977741436
2016-12-01,19.317720932573
2016-12-02,19.505944880122
2016-12-05,20.070616722766
2016-12-06,20.130055864097
2016-12-07,20.684821183186
2016-12-08,20.714540753852
2016-12-09,21.596221350262
2016-12-12,21.378277832048
2016-12-13,20.991923413396
2016-12-14,20.556036376969
2016-12-15,20.367812429421
2016-12-16,20.070616722766
2016-12-19,19.832860157442
2016-12-20,19.912112345883
2016-12-21,19.832860157442
2016-12-22,19.882392775218
2016-12-23,19.595103592118
2016-12-27,19.595103592118
2016-12-28,19.070057843694
2016-12-29,18.52519904816
2016-12-30,18.366694671277
2017-01-03,19.010618702363
2017-01-04,19.515851403677
2017-01-05,19.912112345883
2017-01-06,20.437158094307
2017-01-09,20.199401528983
2017-01-10,20.516410282748
2017-01-11,20.9027647014
2017-01-12,20.803699465848
2017-01-13,20.932484272065
2017-01-17,20.546129853414
2017-01-18,20.684821183186
2017-01-19,21.110801696058
2017-01-20,21.090988648948
2017-01-23,21.130614743169
2017-01-24,21.962762721803
2017-01-25,22.477901946671
2017-01-26,22.646312847109
2017-01-27,22.388743234675
2017-01-30,22.289677999123
2017-01-31,22.576967182223
2017-02-01,25.10313068879
2017-02-02,25.0236904018
2017-02-03,25.718792912961
2017-02-06,26.016693989173
2017-02-07,26.43375549587
2017-02-08,27.108997935284
2017-02-09,27.76438030295
2017-02-10,29.412766257989
2017-02-13,29.44255636561
2017-02-14,29.313465899252
2017-02-15,29.005634787166
2017-02-16,29.283675791631
2017-02-17,29.700737298327
2017-02-21,30.078078661529
2017-02-22,30.336259594246
2017-02-23,29.363116078621
2017-02-24,29.114865181777
2017-02-27,29.035424894787
2017-02-28,28.58857328047
2017-03-01,29.333325970999
2017-03-02,28.340322383626
2017-03-03,27.893470769308
2017-03-06,27.506199370233
2017-03-07,26.791236787324
2017-03-08,26.662146320966
2017-03-09,26.304665029512
2017-03-10,26.642286249218
2017-03-13,26.612496141597
2017-03-14,26.483405675239
2017-03-15,27.069277791789
2017-03-16,27.128858007031
2017-03-17,27.307598652758
2017-03-20,27.675009980086
2017-03-21,26.562845962229
2017-03-22,26.314595065385
2017-03-23,26.493335711112
2017-03-24,26.493335711112
2017-03-27,26.374175280628
2017-03-28,26.850817002567
2017-03-29,26.016693989173
2017-03-30,26.374175280628
2017-03-31,26.155714491406
2017-04-03,25.996833917426
2017-04-04,26.195434634901
2017-04-05,25.708862877088
2017-04-06,25.976973845678
2017-04-07,26.225224742522
2017-04-10,26.344385173006
2017-04-11,26.403965388249
2017-04-12,25.669142733593
2017-04-13,25.718792912961
2017-04-17,26.503265746986
2017-04-18,25.619492554224
2017-04-19,25.788303164078
2017-04-20,25.92732366631
2017-04-21,25.818093271699
2017-04-24,25.917393630436
2017-04-25,26.791236787324
2017-04-26,27.307598652758
2017-04-27,27.029557648294
2017-04-28,27.138788042905
2017-05-01,27.059347755915
2017-05-02,26.960047397178
2017-05-03,26.652216285092
2017-05-04,26.492979742687
2017-05-05,27.169735047909
2017-05-08,26.950784802102
2017-05-09,27.129925912308
2017-05-10,27.149830480109
2017-05-11,27.080164492806
2017-05-12,27.567826403923
2017-05-15,27.965917759936
2017-05-16,27.279210170813
2017-05-17,26.711929988494
2017-05-18,26.791548259697
2017-05-19,27.448398997119
2017-05-22,27.49816041662
2017-05-23,27.737015230228
2017-05-24,27.946013192135
2017-05-25,27.080164492806
2017-05-26,27.289162454713
2017-05-30,27.090116776707
2017-05-31,27.338923874215
2017-06-01,27.836538069232
2017-06-02,28.025631463338
2017-06-05,27.338923874215
2017-06-06,27.338923874215
2017-06-07,26.771643691896
2017-06-08,27.319019306414
2017-06-09,27.229448751311
2017-06-12,26.692025420693
2017-06-13,27.528017268321
2017-06-14,26.771643691896
2017-06-15,26.572598013889
2017-06-16,26.30388634858
2017-06-19,26.483027458786
2017-06-20,26.28398178078
2017-06-21,25.199182835643
2017-06-22,25.179278267843
2017-06-23,25.418133081451
2017-06-26,23.8954336447
2017-06-27,21.735788038328
2017-06-28,22.98977580977
2017-06-29,22.71111186056
2017-06-30,22.541923034255
2017-07-03,22.731016428361
2017-07-05,22.880300686866
2017-07-06,22.810634699564
2017-07-07,23.019632661471
2017-07-10,23.716292534494
2017-07-11,23.9053859286
2017-07-12,24.074574754906
2017-07-13,24.333334136315
2017-07-14,24.273620432913
2017-07-17,24.830948331331
2017-07-18,24.761282344029
2017-07-19,25.000137157637
2017-07-20,24.631902653325
2017-07-21,25.08970771274
2017-07-24,25.049898577138
2017-07-25,25.796319869663
2017-07-26,25.467894500952
2017-07-27,25.000137157637
2017-07-28,24.830948331331
2017-07-31,24.671711788926
2017-08-01,24.980232589836
2017-08-02,24.820996047431
2017-08-03,25.269928853755
2017-08-04,25.070403162055
2017-08-07,25.27990513834
2017-08-08,24.930735177866
2017-08-09,24.591541501976
2017-08-10,23.963035573123
2017-08-11,23.933106719368
2017-08-14,24.501754940711
2017-08-15,24.691304347826
2017-08-16,24.781090909091
2017-08-17,24.222418972332
2017-08-18,24.232395256917
2017-08-21,24.421944664032
2017-08-22,25.629075098814
2017-08-23,25.509359683794
2017-08-24,25.409596837945
2017-08-25,25.190118577075
2017-08-28,25.110308300395
2017-08-29,25.289881422925
2017-08-30,25.33976284585
2017-08-31,25.409596837945
2017-09-01,25.449501976285
2017-09-05,24.332158102767
2017-09-06,24.282276679842
2017-09-07,24.202466403162
2017-09-08,24.362086956522
2017-09-11,24.920758893281
2017-09-12,25.10033201581
2017-09-13,25.190118577075
2017-09-14,25.29985770751
2017-09-15,25.27990513834
2017-09-18,25.27990513834
2017-09-19,25.878482213439
2017-09-20,26.137865612648
2017-09-21,26.726466403162
2017-09-22,26.147841897233
2017-09-25,26.068031620553
2017-09-26,26.207699604743
2017-09-27,26.317438735178
2017-09-28,25.958292490119
2017-09-29,24.820996047431
2017-10-02,25.858529644269
2017-10-03,26.068031620553
2017-10-04,26.706513833992
2017-10-05,26.786324110672
2017-10-06,27.035731225296
2017-10-09,27.325043478261
2017-10-10,27.325043478261
2017-10-11,27.285138339921
2017-10-12,27.494640316206
2017-10-13,27.095588932806
2017-10-16,27.105565217391
2017-10-17,26.776347826087
2017-10-18,26.826229249012
2017-10-19,26.616727272727
2017-10-20,27.105565217391
2017-10-23,24.292252964427
2017-10-24,24.272300395257
2017-10-25,24.791067193676
2017-10-26,24.531683794466
2017-10-27,24.551636363636
2017-10-30,24.721233201581
2017-10-31,25.06042687747
2017-11-01,25.06042687747
2017-11-02,25.24
2017-11-03,25.34
2017-11-06,25.61
2017-11-07,25.08
2017-11-09,24.45
2017-11-10,24.24
2017-11-13,23.79
2017-11-14,23.2
2017-11-15,23.36
2017-11-16,23.73
2017-11-17,23.85
2017-11-20,23.89
2017-11-21,23.74
2017-11-22,23.75
2017-11-24,23.99
2017-11-27,23.61
2017-11-28,24.23
2017-11-29,24.07
2017-11-30,24.61
2017-12-01,24.5
2017-12-04,24.73
2017-12-05,24.23
2017-12-06,24.13
2017-12-07,24.59
2017-12-08,24.47
2017-12-11,24.43
2017-12-12,24.65
2017-12-13,25.18
2017-12-14,24.99
2017-12-15,25.3
2017-12-18,25.61
2017-12-19,25.63
2017-12-20,26.13
2017-12-21,26.8
2017-12-22,26.83
2017-12-26,27.07
2017-12-27,27.34
2017-12-28,27.62
2017-12-29,27.25
2018-01-02,27.76
2018-01-03,27.98
2018-01-04,29.32
2018-01-05,29.61
2018-01-08,29.76
2018-01-09,29.81
2018-01-10,29.79
2018-01-11,30.4
2018-01-12,30.84
2018-01-16,30.41
2018-01-17,30.54
2018-01-18,30.35
2018-01-19,30.22
2018-01-22,30.43
2018-01-23,30.3
2018-01-24,30.48
2018-01-25,30.47
2018-01-26,30.84
2018-01-29,30.26
2018-01-30,29.92
2018-01-31,30.06
2018-02-01,30.11
2018-02-02,29.11
2018-02-05,26.52
2018-02-06,25.28
2018-02-07,25.1
2018-02-08,24.45
2018-02-09,24.66
2018-02-12,24.84
2018-02-13,24.78
2018-02-14,25.48
2018-02-15,25.22
2018-02-16,25.36
2018-02-20,24.86
2018-02-21,24.66
2018-02-22,24.54
2018-02-23,25.13
2018-02-26,25.13
2018-02-27,24.74
2018-02-28,24.39
2018-03-01,24.02
2018-03-02,23.91
2018-03-05,24.33
2018-03-06,24.55
2018-03-07,24.62
2018-03-08,24.8
2018-03-09,25.19
2018-03-12,24.93
2018-03-13,24.95
2018-03-14,24.06
2018-03-15,24.24
2018-03-16,24.56
2018-03-19,24.03
2018-03-20,24.09
2018-03-21,24.16
2018-03-22,22.68
2018-03-23,22.75
2018-03-26,23.38
2018-03-27,23.05
