Date,LNT
2010-01-04,11.330373857658
2010-01-05,11.595433674427
2010-01-06,11.685031358969
2010-01-07,11.748496385519
2010-01-08,11.976223833729
2010-01-11,11.950091175738
2010-01-12,11.953824412594
2010-01-13,12.065821518271
2010-01-14,12.200218045083
2010-01-15,12.211417755651
2010-01-19,12.379413414166
2010-01-20,12.297282203337
2010-01-21,12.241283650498
2010-01-22,11.931424991458
2010-01-25,11.879159675476
2010-01-26,11.849293780629
2010-01-27,11.755962859231
2010-01-28,11.816463150562
2010-01-29,11.797556809521
2010-02-01,11.839150759811
2010-02-02,11.948807537848
2010-02-03,11.888307246517
2010-02-04,11.57068071703
2010-02-05,11.608493399112
2010-02-08,11.578243253447
2010-02-09,11.642524812986
2010-02-10,11.582024521655
2010-02-11,11.687900031484
2010-02-12,11.710587640733
2010-02-16,11.971495147097
2010-02-17,11.948807537848
2010-02-18,12.066026852302
2010-02-19,12.258871530919
2010-02-22,12.262652799127
2010-02-23,12.130308411841
2010-02-24,12.107620802592
2010-02-25,11.997964024555
2010-02-26,11.960151342473
2010-03-01,12.179464898547
2010-03-02,12.36096577254
2010-03-03,12.27777787196
2010-03-04,12.292902944793
2010-03-05,12.421466063871
2010-03-08,12.508435232659
2010-03-09,12.508435232659
2010-03-10,12.546247914741
2010-03-11,12.678592302027
2010-03-12,12.769342739023
2010-03-15,12.708842447692
2010-03-16,12.663467229194
2010-03-17,12.77690527544
2010-03-18,12.281559140168
2010-03-19,12.364747040748
2010-03-22,12.413903527454
2010-03-23,12.65212342457
2010-03-24,12.561372987573
2010-03-25,12.550029182949
2010-03-26,12.538685378324
2010-03-29,12.648342156362
2010-03-30,12.621873278904
2010-03-31,12.576498060406
2010-04-01,12.77690527544
2010-04-05,12.829843030354
2010-04-06,12.916812199142
2010-04-07,12.807155421105
2010-04-08,12.716404984109
2010-04-09,12.708842447692
2010-04-12,12.769342739023
2010-04-13,12.765561470815
2010-04-14,12.969749954057
2010-04-15,13.068062927469
2010-04-16,13.041594050012
2010-04-19,13.037812781804
2010-04-20,13.215532387588
2010-04-21,13.363001847707
2010-04-22,13.510471307827
2010-04-23,13.472658625745
2010-04-26,13.370564384124
2010-04-27,12.931937271975
2010-04-28,12.939499808391
2010-04-29,13.061931503799
2010-04-30,13.084887446688
2010-05-03,13.211145132577
2010-05-04,12.878283960688
2010-05-05,12.817068112984
2010-05-06,12.315863359909
2010-05-07,12.155171759686
2010-05-10,12.72907033191
2010-05-11,12.893587922614
2010-05-12,13.06575749428
2010-05-13,13.100191408614
2010-05-14,13.054279522836
2010-05-17,13.207319142095
2010-05-18,13.119321361021
2010-05-19,12.83237207491
2010-05-20,12.289081426538
2010-05-21,12.162823740649
2010-05-24,12.082477940538
2010-05-25,11.914134359353
2010-05-26,11.944742283205
2010-05-27,12.26612548365
2010-05-28,12.296733407501
2010-06-01,12.070999969094
2010-06-02,12.31968935039
2010-06-03,12.514814864946
2010-06-04,12.013610111871
2010-06-07,12.074825959575
2010-06-08,12.128389826316
2010-06-09,12.124563835834
2010-06-10,12.377079207613
2010-06-11,12.392383169539
2010-06-14,12.415339112428
2010-06-15,12.660202503243
2010-06-16,12.840024055873
2010-06-17,12.958629760799
2010-06-18,12.83237207491
2010-06-21,12.675506465169
2010-06-22,12.373253217131
2010-06-23,12.174301712094
2010-06-24,12.170475721612
2010-06-25,12.304385388464
2010-06-28,12.438295055316
2010-06-29,12.132215816797
2010-06-30,12.143693788242
2010-07-01,11.998306149945
2010-07-02,12.040392045242
2010-07-06,12.178127702575
2010-07-07,12.587508684094
2010-07-08,12.694636417576
2010-07-09,12.828546084428
2010-07-12,12.996889665614
2010-07-13,13.146103294392
2010-07-14,13.172885227762
2010-07-15,13.280012961244
2010-07-16,12.843850046354
2010-07-19,12.970107732243
2010-07-20,13.165233246799
2010-07-21,12.977759713206
2010-07-22,13.226449094503
2010-07-23,13.375662723281
2010-07-26,13.532528333022
2010-07-27,13.788869695282
2010-07-28,13.698958918967
2010-07-29,13.579030162545
2010-07-30,13.370122006198
2010-08-02,13.462970075686
2010-08-03,13.451364067
2010-08-04,13.559686814735
2010-08-05,13.517131449554
2010-08-06,13.621585527727
2010-08-09,13.776332310206
2010-08-10,13.776332310206
2010-08-11,13.466838745248
2010-08-12,13.447495397438
2010-08-13,13.695090249405
2010-08-16,13.722170936339
2010-08-17,13.962028449181
2010-08-18,13.911735744875
2010-08-19,13.795675658016
2010-08-20,13.76472630152
2010-08-23,13.679615571157
2010-08-24,13.571292823421
2010-08-25,13.466838745248
2010-08-26,13.513262779992
2010-08-27,13.710564927653
2010-08-30,13.482313423496
2010-08-31,13.548080806049
2010-09-01,13.90012973619
2010-09-02,13.78406964933
2010-09-03,13.865311710132
2010-09-07,13.830493684074
2010-09-08,13.88078638838
2010-09-09,13.977503127429
2010-09-10,13.884655057942
2010-09-13,14.066482527355
2010-09-14,14.074219866479
2010-09-15,14.016189823049
2010-09-16,13.931079092685
2010-09-17,13.892392397066
2010-09-20,13.946553770933
2010-09-21,13.84209969276
2010-09-22,13.907867075314
2010-09-23,13.756988962396
2010-09-24,13.954291110057
2010-09-27,14.012321153487
2010-09-28,14.066482527355
2010-09-29,14.023927162173
2010-09-30,14.062613857793
2010-10-01,14.182542614214
2010-10-04,14.11677523166
2010-10-05,14.159330596842
2010-10-06,14.004583814363
2010-10-07,13.992977805677
2010-10-08,13.981371796991
2010-10-11,14.012321153487
2010-10-12,13.849837031884
2010-10-13,13.888523727504
2010-10-14,13.896261066628
2010-10-15,13.985240466553
2010-10-18,14.112906562098
2010-10-19,14.078088536041
2010-10-20,14.205754631586
2010-10-21,14.128381240346
2010-10-22,14.167067935966
2010-10-25,14.23283531852
2010-10-26,14.178673944652
2010-10-27,14.198017292462
2010-10-28,14.346646674587
2010-10-29,14.287977181643
2010-11-01,14.252775485876
2010-11-02,14.463985660475
2010-11-03,14.475719559064
2010-11-04,14.675195835074
2010-11-05,14.718220129899
2010-11-08,14.557856849185
2010-11-09,14.51483255436
2010-11-10,14.452251761886
2010-11-11,14.338824075528
2010-11-12,14.248864186347
2010-11-15,14.393582268942
2010-11-16,14.096323504692
2010-11-17,14.178460794814
2010-11-18,14.31926757788
2010-11-19,14.194105992932
2010-11-22,14.201928591992
2010-11-23,14.088500905633
2010-11-24,14.256686785406
2010-11-26,14.205839891521
2010-11-29,14.22148508964
2010-11-30,14.201928591992
2010-12-01,14.448340462357
2010-12-02,14.471808259534
2010-12-03,14.499187356241
2010-12-06,14.409227467061
2010-12-07,14.385759669883
2010-12-08,14.256686785406
2010-12-09,14.237130287758
2010-12-10,14.287977181643
2010-12-13,14.393582268942
2010-12-14,14.491364757182
2010-12-15,14.276243283054
2010-12-16,14.479630858593
2010-12-17,14.41313876659
2010-12-20,14.327090176939
2010-12-21,14.377937070824
2010-12-22,14.565679448245
2010-12-23,14.499187356241
2010-12-27,14.452251761886
2010-12-28,14.479630858593
2010-12-29,14.41313876659
2010-12-30,14.41705006612
2010-12-31,14.381848370353
2011-01-03,14.530477752478
2011-01-04,14.589147245422
2011-01-05,14.569590747774
2011-01-06,14.569590747774
2011-01-07,14.60870374307
2011-01-10,14.507009955301
2011-01-11,14.655639337426
2011-01-12,14.577413346833
2011-01-13,14.561768148715
2011-01-14,14.639994139307
2011-01-18,14.745599226606
2011-01-19,14.643905438837
2011-01-20,14.675195835074
2011-01-21,14.636082839778
2011-01-24,14.70648623131
2011-01-25,14.718220129899
2011-01-26,14.655639337426
2011-01-27,14.726042728958
2011-01-28,14.615261107139
2011-01-31,14.702303809997
2011-02-01,14.836824350778
2011-02-02,14.718129755971
2011-02-03,14.856606783245
2011-02-04,14.860563269739
2011-02-07,14.971344891558
2011-02-08,14.995083810519
2011-02-09,15.07421354039
2011-02-10,15.327428675977
2011-02-11,15.394688946367
2011-02-14,15.363037054418
2011-02-15,15.529209487147
2011-02-16,15.38677597338
2011-02-17,15.446123270783
2011-02-18,15.446123270783
2011-02-22,15.33138516247
2011-02-23,15.220603540651
2011-02-24,15.184995162209
2011-02-25,15.275994351561
2011-02-28,15.580643811563
2011-03-01,15.501514081692
2011-03-02,15.604382730524
2011-03-03,15.786381109227
2011-03-04,15.639991108966
2011-03-07,15.707251379357
2011-03-08,15.980248947411
2011-03-09,16.071248136762
2011-03-10,15.770555163253
2011-03-11,15.738903271305
2011-03-14,15.513383541173
2011-03-15,15.204777594677
2011-03-16,15.093995972858
2011-03-17,15.224560027145
2011-03-18,15.20873408117
2011-03-21,15.38677597338
2011-03-22,15.370950027406
2011-03-23,15.299733270522
2011-03-24,15.327428675977
2011-03-25,15.382819486886
2011-03-28,15.335341648964
2011-03-29,15.410514892341
2011-03-30,15.616252190005
2011-03-31,15.402601919354
2011-04-01,15.537122460134
2011-04-04,15.624165162992
2011-04-05,15.541078946628
2011-04-06,15.691425433382
2011-04-07,15.659773541434
2011-04-08,15.671643000915
2011-04-11,15.347211108444
2011-04-12,15.113778405325
2011-04-13,15.117734891819
2011-04-14,15.149386783767
2011-04-15,15.363037054418
2011-04-18,15.113778405325
2011-04-19,15.078170026884
2011-04-20,15.220603540651
2011-04-21,15.287863811041
2011-04-25,15.378863000393
2011-04-26,15.541078946628
2011-04-27,15.752750974032
2011-04-28,15.836733652492
2011-04-29,15.812738601504
2011-05-02,15.78474437535
2011-05-03,15.772746849856
2011-05-04,15.760749324362
2011-05-05,15.824736126998
2011-05-06,16.088681687873
2011-05-09,16.14467014018
2011-05-10,16.300637971606
2011-05-11,16.308636321935
2011-05-12,16.392619000396
2011-05-13,16.292639621276
2011-05-16,16.188661066992
2011-05-17,16.196659417322
2011-05-18,16.260646219958
2011-05-19,16.248648694464
2011-05-20,16.216655293146
2011-05-23,15.940712206776
2011-05-24,15.964707257765
2011-05-25,16.108677563697
2011-05-26,16.152668490509
2011-05-27,16.196659417322
2011-05-31,16.448607452702
2011-06-01,16.568582707645
2011-06-02,16.324633022594
2011-06-03,16.080683337543
2011-06-06,15.952709732271
2011-06-07,15.952709732271
2011-06-08,15.996700659083
2011-06-09,15.952709732271
2011-06-10,15.840732827657
2011-06-13,15.816737776669
2011-06-14,15.96870643293
2011-06-15,15.748751798867
2011-06-16,15.78474437535
2011-06-17,15.888722929634
2011-06-20,16.104678388532
2011-06-21,16.148669315345
2011-06-22,16.044690761061
2011-06-23,15.904719630294
2011-06-24,15.924715506117
2011-06-27,16.020695710072
2011-06-28,16.084682512708
2011-06-29,16.140670965015
2011-06-30,16.260646219958
2011-07-01,16.564583532481
2011-07-05,16.512594255339
2011-07-06,16.720551363907
2011-07-07,16.728549714236
2011-07-08,16.712553013577
2011-07-11,16.452606627867
2011-07-12,16.484600029185
2011-07-13,16.420613226549
2011-07-14,16.22865281864
2011-07-15,16.316634672265
2011-07-18,16.044690761061
2011-07-19,16.200658592487
2011-07-20,16.32063384743
2011-07-21,16.500596729844
2011-07-22,16.388619825231
2011-07-25,16.348628073583
2011-07-26,16.22065446831
2011-07-27,16.090681275455
2011-07-28,16.021969499097
2011-07-29,15.929006507553
2011-08-01,16.042178845085
2011-08-02,15.848169123602
2011-08-03,15.856252861997
2011-08-04,15.003418461314
2011-08-05,14.886204254585
2011-08-08,13.863611347604
2011-08-09,14.704320140695
2011-08-10,14.5305197652
2011-08-11,15.152967621623
2011-08-12,15.12467453724
2011-08-15,15.803708562429
2011-08-16,15.674368748107
2011-08-17,15.860294731195
2011-08-18,15.399521642674
2011-08-19,15.32272612792
2011-08-22,15.177218836809
2011-08-23,15.722871178478
2011-08-24,16.171518659406
2011-08-25,15.937090245948
2011-08-26,15.953257722739
2011-08-29,16.304900342926
2011-08-30,16.325109688913
2011-08-31,16.397863334469
2011-09-01,16.195769874592
2011-09-02,15.872420338788
2011-09-06,15.823917908417
2011-09-07,16.03409510669
2011-09-08,15.985592676319
2011-09-09,15.532903326193
2011-09-12,15.581405756564
2011-09-13,15.795624824034
2011-09-14,15.90071342317
2011-09-15,16.05026258348
2011-09-16,16.179602397802
2011-09-19,16.175560528604
2011-09-20,16.220021089777
2011-09-21,15.819876039219
2011-09-22,15.50461024181
2011-09-23,15.577363887366
2011-09-26,15.617782579342
2011-09-27,15.787541085639
2011-09-28,15.561196410576
2011-09-29,15.710745570885
2011-09-30,15.633950056132
2011-10-03,15.346977343106
2011-10-04,15.254014351562
2011-10-05,15.367186689094
2011-10-06,15.633950056132
2011-10-07,15.739038655268
2011-10-10,15.977508937924
2011-10-11,15.888587815578
2011-10-12,16.013885760702
2011-10-13,16.127058098233
2011-10-14,16.389779596074
2011-10-17,16.244272304962
2011-10-18,16.458491372433
2011-10-19,16.405947072864
2011-10-20,16.438282026445
2011-10-21,16.737380347064
2011-10-24,16.882887638176
2011-10-25,16.337235296506
2011-10-26,16.490826326013
2011-10-27,16.77577810444
2011-10-28,16.76761073438
2011-10-31,16.653267553532
2011-11-01,16.138723239715
2011-11-02,16.522589632562
2011-11-03,16.886037600258
2011-11-04,16.710439143956
2011-11-07,16.959543930804
2011-11-08,17.106556591894
2011-11-09,16.943209190682
2011-11-10,16.90645602541
2011-11-11,17.278071363166
2011-11-14,16.935041820622
2011-11-15,17.212732402682
2011-11-16,17.065719741591
2011-11-17,17.033050261349
2011-11-18,17.012631836197
2011-11-21,16.853368120016
2011-11-22,16.706355458926
2011-11-23,16.461334357108
2011-11-25,16.49400383735
2011-11-28,16.62468175832
2011-11-29,16.77577810444
2011-11-30,17.237234512863
2011-12-01,17.233150827833
2011-12-02,16.988129726016
2011-12-05,17.224983457773
2011-12-06,17.282155048197
2011-12-07,17.196397662561
2011-12-08,16.996297096076
2011-12-09,17.175979237409
2011-12-12,17.028966576319
2011-12-13,17.094305536803
2011-12-14,16.935041820622
2011-12-15,17.204565032621
2011-12-16,17.135142387106
2011-12-19,17.065719741591
2011-12-20,17.523092464984
2011-12-21,17.735444086559
2011-12-22,17.694607236256
2011-12-23,17.915126227892
2011-12-27,18.082557314134
2011-12-28,17.960046763225
2011-12-29,18.098892054255
2011-12-30,18.013134668619
2012-01-03,17.772197251832
2012-01-04,17.653770385953
2012-01-05,17.829368842256
2012-01-06,17.739527771589
2012-01-09,17.702774606317
2012-01-10,17.731360401529
2012-01-11,17.629268275772
2012-01-12,17.527176150014
2012-01-13,17.506757724863
2012-01-17,17.60476616559
2012-01-18,17.653770385953
2012-01-19,17.400581914075
2012-01-20,17.592515110499
2012-01-23,17.457753504499
2012-01-24,17.253569252985
2012-01-25,17.576180370378
2012-01-26,17.649686700923
2012-01-27,17.543510890135
2012-01-30,17.374307421188
2012-01-31,17.493987923614
2012-02-01,17.671445220315
2012-02-02,17.642556823178
2012-02-03,17.733348928467
2012-02-06,17.770491153358
2012-02-07,17.910806225168
2012-02-08,17.923186966798
2012-02-09,17.894298569661
2012-02-10,17.778744981111
2012-02-13,17.634302995424
2012-02-14,17.634302995424
2012-02-15,17.646683737055
2012-02-16,17.786998808865
2012-02-17,17.799379550495
2012-02-21,17.675572134192
2012-02-22,17.766364239481
2012-02-23,17.803506464372
2012-02-24,17.865410172523
2012-02-27,17.848902517016
2012-02-28,17.667318306438
2012-02-29,17.597160770533
2012-03-01,17.630176081548
2012-03-02,17.531130148505
2012-03-05,17.543510890135
2012-03-06,17.584780028903
2012-03-07,17.725095100713
2012-03-08,17.786998808865
2012-03-09,17.906679311291
2012-03-12,17.99747141658
2012-03-13,18.026359813717
2012-03-14,17.663191392562
2012-03-15,17.720968186836
2012-03-16,17.745729670097
2012-03-19,17.696206703576
2012-03-20,17.667318306438
2012-03-21,17.605414598287
2012-03-22,17.489861009737
2012-03-23,17.452718784847
2012-03-26,17.848902517016
2012-03-27,17.811760292125
2012-03-28,17.815887206002
2012-03-29,17.993344502703
2012-03-30,17.877790914154
2012-04-02,17.886044741907
2012-04-03,17.931440794551
2012-04-04,17.88191782803
2012-04-05,17.737475842343
2012-04-09,17.733348928467
2012-04-10,17.4609726126
2012-04-11,17.477480268107
2012-04-12,17.679699048069
2012-04-13,17.667318306438
2012-04-16,17.807633378248
2012-04-17,18.00985215821
2012-04-18,17.956202277812
2012-04-19,17.939694622305
2012-04-20,18.228578593679
2012-04-23,18.174928713281
2012-04-24,18.439051201394
2012-04-25,18.57111244545
2012-04-26,18.666031464616
2012-04-27,18.828598509529
2012-04-30,18.857777209898
2012-05-01,18.895292681801
2012-05-02,18.857777209898
2012-05-03,18.616010835412
2012-05-04,18.29921351712
2012-05-07,18.107467771838
2012-05-08,18.38258123246
2012-05-09,18.29921351712
2012-05-10,18.490959262402
2012-05-11,18.599337292344
2012-05-14,18.661863078849
2012-05-15,18.611842449645
2012-05-16,18.503464419703
2012-05-17,18.25752965945
2012-05-18,18.119972929139
2012-05-21,18.186667101411
2012-05-22,18.395086389761
2012-05-23,18.199172258712
2012-05-24,18.311718674421
2012-05-25,18.357570917858
2012-05-29,18.38258123246
2012-05-30,18.178330329877
2012-05-31,18.211677416013
2012-06-01,18.094962614537
2012-06-04,18.119972929139
2012-06-05,18.290876745586
2012-06-06,18.524306348538
2012-06-07,18.628515992713
2012-06-08,18.724388865354
2012-06-11,18.720220479587
2012-06-12,18.79941980916
2012-06-13,18.803588194927
2012-06-14,18.803588194927
2012-06-15,18.96615523984
2012-06-18,19.095375198617
2012-06-19,18.949481696772
2012-06-20,18.803588194927
2012-06-21,18.607674063878
2012-06-22,18.749399179956
2012-06-25,18.599337292344
2012-06-26,18.595168906577
2012-06-27,18.724388865354
2012-06-28,18.8827875245
2012-06-29,18.995333940209
2012-07-02,19.278784172365
2012-07-03,19.145395827821
2012-07-05,19.032849412112
2012-07-06,18.991165554442
2012-07-09,18.945313311005
2012-07-10,18.92447138217
2012-07-11,19.037017797879
2012-07-12,19.070364884015
2012-07-13,19.445519603045
2012-07-16,19.428846059977
2012-07-17,19.533055704152
2012-07-18,19.699791134831
2012-07-19,19.68728597753
2012-07-20,19.799832393239
2012-07-23,19.570571176054
2012-07-24,19.357983501938
2012-07-25,19.253773857763
2012-07-26,19.583076333355
2012-07-27,19.753980149802
2012-07-30,19.884438902389
2012-07-31,19.657188172076
2012-08-01,19.551979500635
2012-08-02,19.594062969212
2012-08-03,19.75818849666
2012-08-06,19.68664660008
2012-08-07,19.463604216625
2012-08-08,19.434145788621
2012-08-09,19.337353810895
2012-08-10,19.387853973187
2012-08-13,19.32893711718
2012-08-14,19.434145788621
2012-08-15,19.47202091034
2012-08-16,19.379437279472
2012-08-17,19.354187198326
2012-08-20,19.261603567458
2012-08-21,19.190061670877
2012-08-22,19.080644652579
2012-08-23,18.777643678828
2012-08-24,18.781852025686
2012-08-27,18.802893759974
2012-08-28,18.731351863394
2012-08-29,18.689268394817
2012-08-30,18.621934845095
2012-08-31,18.550392948515
2012-09-04,18.689268394817
2012-09-05,18.664018313671
2012-09-06,19.076436305721
2012-09-07,18.853393922266
2012-09-10,18.836560534835
2012-09-11,18.786060372543
2012-09-12,18.626143191953
2012-09-13,18.786060372543
2012-09-14,18.596684763949
2012-09-17,18.428350889643
2012-09-18,18.386267421067
2012-09-19,18.390475767924
2012-09-20,18.339975605632
2012-09-21,18.167433384469
2012-09-24,18.419934195928
2012-09-25,18.373642380494
2012-09-26,18.453600970789
2012-09-27,18.196891812472
2012-09-28,18.260017015337
2012-10-01,18.180058425042
2012-10-02,18.302100483914
2012-10-03,18.588268070234
2012-10-04,18.735560210251
2012-10-05,18.579851376518
2012-10-08,18.689268394817
2012-10-09,18.714518475963
2012-10-10,18.588268070234
2012-10-11,18.68506004796
2012-10-12,18.563017989088
2012-10-15,18.752393597682
2012-10-16,18.769226985113
2012-10-17,19.034352837144
2012-10-18,19.063811265148
2012-10-19,19.009102755999
2012-10-22,18.903894084557
2012-10-23,18.790268719401
2012-10-24,18.655601619956
2012-10-25,18.722935169678
2012-10-26,18.722935169678
2012-10-31,18.811310453689
2012-11-01,18.866018962839
2012-11-02,18.537767907942
2012-11-05,18.306308830771
2012-11-06,18.445184277074
2012-11-07,18.007516203878
2012-11-08,17.999099510163
2012-11-09,18.390475767924
2012-11-12,18.339975605632
2012-11-13,18.289475443341
2012-11-14,17.994891163305
2012-11-15,17.834973982715
2012-11-16,18.289475443341
2012-11-19,18.285267096483
2012-11-20,18.453600970789
2012-11-21,18.41572584907
2012-11-23,18.39889246164
2012-11-26,18.491476092508
2012-11-27,18.533559561084
2012-11-28,18.600893110807
2012-11-29,18.689268394817
2012-11-30,18.861810615981
2012-12-03,18.722935169678
2012-12-04,18.655601619956
2012-12-05,18.823935494262
2012-12-06,18.75660194454
2012-12-07,18.748185250824
2012-12-10,18.781852025686
2012-12-11,18.790268719401
2012-12-12,18.693476741675
2012-12-13,18.621934845095
2012-12-14,18.424142542785
2012-12-17,18.937560859419
2012-12-18,18.945977553134
2012-12-19,18.819727147404
2012-12-20,18.878644003411
2012-12-21,18.739768557109
2012-12-24,18.697685088533
2012-12-26,18.504101133081
2012-12-27,18.47043435822
2012-12-28,18.331558911917
2012-12-31,18.478851051935
2013-01-02,18.996477715426
2013-01-03,19.004894409141
2013-01-04,19.11431142744
2013-01-07,18.975435981137
2013-01-08,18.97122763428
2013-01-09,19.063811265148
2013-01-10,19.227936792596
2013-01-11,19.253186873742
2013-01-14,19.278436954888
2013-01-15,19.278436954888
2013-01-16,19.139561508586
2013-01-17,19.211103405166
2013-01-18,19.227936792596
2013-01-22,19.375228932614
2013-01-23,19.291061995461
2013-01-24,19.312103729749
2013-01-25,19.27422860803
2013-01-28,19.240561833169
2013-01-29,19.413104054333
2013-01-30,19.408852388968
2013-01-31,19.489634030894
2013-02-01,19.65544898011
2013-02-04,19.4768790348
2013-02-05,19.544905680633
2013-02-06,19.604428995736
2013-02-07,19.685210637661
2013-02-08,19.719223960577
2013-02-11,19.774495610316
2013-02-12,19.829767260054
2013-02-13,19.817012263961
2013-02-14,19.982827213177
2013-02-15,19.95731722099
2013-02-19,20.416497080356
2013-02-20,20.220920473589
2013-02-21,20.229423804318
2013-02-22,20.399490418898
2013-02-25,20.123132170205
2013-02-26,20.161397158486
2013-02-27,20.331463773066
2013-02-28,20.276192123328
2013-03-01,20.284695454057
2013-03-04,20.386735422805
2013-03-05,20.544047041291
2013-03-06,20.518537049104
2013-03-07,20.293198784786
2013-03-08,20.510033718375
2013-03-11,20.603570356394
2013-03-12,20.544047041291
2013-03-13,20.650338675404
2013-03-14,20.735371982694
2013-03-15,20.735371982694
2013-03-18,20.688603663685
2013-03-19,20.688603663685
2013-03-20,20.867173608994
2013-03-21,20.782140301704
2013-03-22,20.90118693191
2013-03-25,20.824656955349
2013-03-26,20.926696924097
2013-03-27,20.977716908471
2013-03-28,21.334856799089
2013-04-01,21.224313499612
2013-04-02,21.228565164977
2013-04-03,21.1180218655
2013-04-04,21.334856799089
2013-04-05,21.530433405857
2013-04-08,21.645228370698
2013-04-09,21.598460051689
2013-04-10,21.84505664283
2013-04-11,21.896076627204
2013-04-12,21.942844946214
2013-04-15,21.534685071221
2013-04-16,21.815294985279
2013-04-17,21.751520004811
2013-04-18,21.76002333554
2013-04-19,22.070394907149
2013-04-22,22.049136580326
2013-04-23,22.185189871991
2013-04-24,22.274474844645
2013-04-25,22.27872651001
2013-04-26,22.295733171468
2013-04-29,22.65181280457
2013-04-30,22.956411044934
2013-05-01,22.596041295771
2013-05-02,22.707584313369
2013-05-03,22.836287795213
2013-05-06,22.531689554849
2013-05-07,22.780516286414
2013-05-08,22.600331411832
2013-05-09,22.184190153869
2013-05-10,22.351504680267
2013-05-13,22.175609921746
2013-05-14,22.325763983898
2013-05-15,22.647522688508
2013-05-16,22.445887233619
2013-05-17,22.656102920631
2013-05-20,22.433016885435
2013-05-21,22.497368626357
2013-05-22,22.064066904148
2013-05-23,21.888172145628
2013-05-24,21.780919244091
2013-05-28,21.639345414063
2013-05-29,21.150272183055
2013-05-30,21.377648334313
2013-05-31,21.133111718809
2013-06-03,21.193173343669
2013-06-04,21.047309397579
2013-06-05,20.824223362383
2013-06-06,21.034439049395
2013-06-07,21.214623923977
2013-06-10,21.154562299116
2013-06-11,21.047309397579
2013-06-12,20.824223362383
2013-06-13,21.171722763362
2013-06-14,21.309006477329
2013-06-17,21.313296593391
2013-06-18,21.48490123585
2013-06-19,20.982957656657
2013-06-20,20.296539086822
2013-06-21,20.532495470203
2013-06-24,20.596847211125
2013-06-25,20.918605915735
2013-06-26,21.158852415178
2013-06-27,21.437709959173
2013-06-28,21.63076518194
2013-07-01,21.304716361268
2013-07-02,21.304716361268
2013-07-03,21.317586709452
2013-07-05,21.420549494927
2013-07-08,21.665086110431
2013-07-09,21.892462261689
2013-07-10,22.06835702021
2013-07-11,22.458757581804
2013-07-12,22.433016885435
2013-07-15,22.909219768258
2013-07-16,22.823417447029
2013-07-17,22.819127330967
2013-07-18,23.11943545527
2013-07-19,23.140886035578
2013-07-22,23.033633134041
2013-07-23,23.067954062533
2013-07-24,22.819127330967
2013-07-25,22.964991277057
2013-07-26,23.012182553733
2013-07-29,22.853448259459
2013-07-30,22.862104868648
2013-07-31,22.927029437567
2013-08-01,23.260308891351
2013-08-02,23.173742799459
2013-08-05,23.043893661621
2013-08-06,22.909716219189
2013-08-07,22.896731305405
2013-08-08,22.961655874324
2013-08-09,22.905387914594
2013-08-12,22.90105961
2013-08-13,22.753897253783
2013-08-14,22.615391506756
2013-08-15,22.30808188054
2013-08-16,21.983459035945
2013-08-19,21.814655156756
2013-08-20,22.035398691081
2013-08-21,21.710775846486
2013-08-22,21.732417369459
2013-08-23,21.896892944054
2013-08-26,21.728089064864
2013-08-27,21.72376076027
2013-08-28,21.853609898108
2013-08-29,21.680477714324
2013-08-30,21.472719093783
2013-09-03,21.117798117027
2013-09-04,21.213020818108
2013-09-05,21.013918806756
2013-09-06,20.92302441027
2013-09-09,21.087499984864
2013-09-10,21.182722685946
2013-09-11,21.143767944594
2013-09-12,21.048545243513
2013-09-13,21.148096249189
2013-09-16,21.226005731891
2013-09-17,21.217349122702
2013-09-18,21.728089064864
2013-09-19,21.658836191351
2013-09-20,21.364511478918
2013-09-23,21.754058892432
2013-09-24,21.702119237297
2013-09-25,21.663164495946
2013-09-26,21.728089064864
2013-09-27,21.516002139729
2013-09-30,21.446749266216
2013-10-01,21.72376076027
2013-10-02,21.658836191351
2013-10-03,21.381824697297
2013-10-04,21.34719826054
2013-10-07,21.182722685946
2013-10-08,21.364511478918
2013-10-09,21.45107757081
2013-10-10,21.922862771621
2013-10-11,22.022413777297
2013-10-14,21.844953288918
2013-10-15,21.511673835135
2013-10-16,21.645851277567
2013-10-17,22.104651564594
2013-10-18,22.156591219729
2013-10-21,22.20420257027
2013-10-22,22.476885759729
2013-10-23,22.528825414864
2013-10-24,22.502855587297
2013-10-25,22.836135041081
2013-10-28,22.818821822702
2013-10-29,22.952999265135
2013-10-30,22.804520959386
2013-10-31,22.804520959386
2013-11-01,22.944265247149
2013-11-04,22.935531229164
2013-11-05,22.704079752556
2013-11-06,22.887494130246
2013-11-07,22.734648815504
2013-11-08,23.088376543905
2013-11-11,23.110211588868
2013-11-12,22.896228148231
2013-11-13,22.987935337076
2013-11-14,23.337296056484
2013-11-15,23.402801191373
2013-11-18,23.267423912602
2013-11-19,23.193184759728
2013-11-20,22.957366274127
2013-11-21,23.005403373046
2013-11-22,22.97920131909
2013-11-25,22.813254977371
2013-11-26,22.577436491771
2013-11-27,22.538133410837
2013-11-29,22.490096311918
2013-12-02,22.599271536734
2013-12-03,22.629840599682
2013-12-04,22.712813770541
2013-12-05,22.629840599682
2013-12-06,22.948632256142
2013-12-09,22.813254977371
2013-12-10,22.394022114081
2013-12-11,22.053395412658
2013-12-12,22.297947916244
2013-12-13,22.276112871281
2013-12-16,22.415857159044
2013-12-17,22.45952724897
2013-12-18,22.64294162666
2013-12-19,22.385288096096
2013-12-20,22.608005554719
2013-12-23,22.525032383859
2013-12-24,22.599271536734
2013-12-26,22.468261266955
2013-12-27,22.54250041983
2013-12-30,22.533766401845
2013-12-31,22.533766401845
2014-01-02,22.175671664451
2014-01-03,22.136368583517
2014-01-06,22.049028403665
2014-01-07,22.25864483531
2014-01-08,22.180038673443
2014-01-09,22.402756132066
2014-01-10,22.651675644645
2014-01-13,22.424591177029
2014-01-14,22.490096311918
2014-01-15,22.389655105089
2014-01-16,22.463894257963
2014-01-17,22.398389123074
2014-01-21,22.673510689608
2014-01-22,22.616739572704
2014-01-23,22.573069482778
2014-01-24,22.162570637473
2014-01-27,22.263011844303
2014-01-28,22.337250997177
2014-01-29,22.394022114081
2014-01-30,22.826288052072
2014-01-31,22.918916467356
2014-02-03,22.47341789861
2014-02-04,22.508704913956
2014-02-05,22.31903720647
2014-02-06,22.4469526371
2014-02-07,22.623387713831
2014-02-10,22.777768405971
2014-02-11,23.183569082452
2014-02-12,23.218856097799
2014-02-13,23.439399943712
2014-02-14,23.673176420381
2014-02-18,23.756983081828
2014-02-19,23.47027608214
2014-02-20,23.686409051136
2014-02-21,23.708463435727
2014-02-24,23.602602389688
2014-02-25,23.7261069434
2014-02-26,23.717285189564
2014-02-27,23.668765543463
2014-02-28,23.924596404723
2014-03-03,23.602602389688
2014-03-04,23.946650789314
2014-03-05,23.712874312645
2014-03-06,23.549671866669
2014-03-07,23.69964168189
2014-03-10,23.677587297299
2014-03-11,23.514384851323
2014-03-12,23.893720266295
2014-03-13,24.127496742963
2014-03-14,24.127496742963
2014-03-17,24.33921883504
2014-03-18,24.370094973468
2014-03-19,23.929007281641
2014-03-20,23.783448343338
2014-03-21,23.977526927742
2014-03-24,24.039279204598
2014-03-25,24.202481650574
2014-03-26,24.555351804036
2014-03-27,24.572995311709
2014-03-28,24.661212850074
2014-03-31,25.058191772719
2014-04-01,24.947919849762
2014-04-02,25.014083003536
2014-04-03,24.952330726681
2014-04-04,24.894989326743
2014-04-07,24.718554250012
2014-04-08,24.842058803724
2014-04-09,24.864113188315
2014-04-10,24.930276342089
2014-04-11,25.031726511209
2014-04-14,25.186107203349
2014-04-15,25.538977356811
2014-04-16,25.733055941215
2014-04-17,25.4639924492
2014-04-21,25.344898772407
2014-04-22,25.393418418508
2014-04-23,25.499279464547
2014-04-24,25.530155602975
2014-04-25,25.913901894864
2014-04-28,25.966832417884
2014-04-29,25.868945112676
2014-04-30,26.020225493452
2014-05-01,26.153708182372
2014-05-02,25.677619925224
2014-05-05,25.997978378632
2014-05-06,25.802203768216
2014-05-07,26.171505874228
2014-05-08,25.949034726028
2014-05-09,25.58418204298
2014-05-12,25.446249931096
2014-05-13,25.51744069852
2014-05-14,25.615328003728
2014-05-15,25.512991275556
2014-05-16,25.601979734836
2014-05-19,25.219329359932
2014-05-20,25.125891477688
2014-05-21,25.170385707328
2014-05-22,25.352812048852
2014-05-23,25.401755701456
2014-05-27,25.535238390376
2014-05-28,25.779956653396
2014-05-29,25.69541761708
2014-05-30,25.9401358801
2014-06-02,25.900091073424
2014-06-03,25.85114742082
2014-06-04,25.891192227496
2014-06-05,26.11811279866
2014-06-06,26.113663375696
2014-06-09,25.997978378632
2014-06-10,25.846697997856
2014-06-11,25.486294737772
2014-06-12,25.593080888908
2014-06-13,25.655372810404
2014-06-16,25.966832417884
2014-06-17,25.944585303064
2014-06-18,26.393977022427
2014-06-19,26.518560865419
2014-06-20,26.434021829103
2014-06-23,26.358381638715
2014-06-24,26.451819520959
2014-06-25,26.638695285447
2014-06-26,26.692088361015
2014-06-27,26.732133167691
2014-06-30,27.079188158883
2014-07-01,26.727683744727
2014-07-02,26.113663375696
2014-07-03,26.064719723092
2014-07-07,26.113663375696
2014-07-08,26.322786255003
2014-07-09,26.2738426024
2014-07-10,26.496313750599
2014-07-11,26.309437986111
2014-07-14,26.0513714542
2014-07-15,26.224898949796
2014-07-16,26.149258759408
2014-07-17,25.926787611208
2014-07-18,26.224898949796
2014-07-21,26.20710125794
2014-07-22,26.340583946859
2014-07-23,26.398426445391
2014-07-24,26.420673560211
2014-07-25,26.158157605336
2014-07-28,26.616448170627
2014-07-29,26.287190871291
2014-07-30,25.856326892524
2014-07-31,25.358140417073
2014-08-01,25.515226242666
2014-08-04,25.367116749964
2014-08-05,25.093338596789
2014-08-06,24.846489442286
2014-08-07,24.738773447594
2014-08-08,25.088850430343
2014-08-11,25.043968765888
2014-08-12,25.070897764561
2014-08-13,25.322235085509
2014-08-14,25.443415579538
2014-08-15,25.533178908448
2014-08-18,25.519714409111
2014-08-19,25.775539896505
2014-08-20,25.865303225415
2014-08-21,25.941602054988
2014-08-22,25.838374226742
2014-08-25,26.085223381244
2014-08-26,25.775539896505
2014-08-27,26.022389051007
2014-08-28,26.152545877927
2014-08-29,26.251285539728
2014-09-02,26.080735214799
2014-09-03,26.242309206836
2014-09-04,26.246797373282
2014-09-05,26.574433523803
2014-09-08,26.45774119622
2014-09-09,26.062782549017
2014-09-10,25.950578387879
2014-09-11,26.188451209491
2014-09-12,25.622942237358
2014-09-15,25.681288401149
2014-09-16,25.883255891197
2014-09-17,25.811445228069
2014-09-18,25.596013238685
2014-09-19,25.735146398495
2014-09-22,25.564596073566
2014-09-23,25.277353421054
2014-09-24,25.10231492968
2014-09-25,24.779166945604
2014-09-26,24.828536776504
2014-09-29,24.859953941623
2014-09-30,24.868930274514
2014-10-01,25.043968765888
2014-10-02,25.057433265225
2014-10-03,25.335699584846
2014-10-06,25.2818415875
2014-10-07,25.263888921718
2014-10-08,25.757587230723
2014-10-09,25.268377088163
2014-10-10,25.542155241339
2014-10-13,25.649871236031
2014-10-14,26.161522210818
2014-10-15,25.833886060296
2014-10-16,25.914673056315
2014-10-17,26.062782549017
2014-10-20,26.596874356031
2014-10-21,26.794353679633
2014-10-22,26.920022340107
2014-10-23,26.969392171007
2014-10-24,27.090572665036
2014-10-27,27.193800493282
2014-10-28,27.386791650439
2014-10-29,27.337421819538
2014-10-30,28.020857365027
2014-10-31,28.020857365027
2014-11-03,28.238108399354
2014-11-04,27.98012279609
2014-11-05,28.554932824415
2014-11-06,27.966544606445
2014-11-07,28.4010466751
2014-11-10,28.695240784085
2014-11-11,28.70881897373
2014-11-12,28.283369031506
2014-11-13,27.96201854323
2014-11-14,27.957492480015
2014-11-17,28.097800439685
2014-11-18,28.315051474012
2014-11-19,28.310525410797
2014-11-20,28.233582336139
2014-11-21,28.156639261482
2014-11-24,27.998227048951
2014-11-25,27.97107066966
2014-11-26,28.152113198266
2014-11-28,28.455359433682
2014-12-01,28.717871100161
2014-12-02,28.844600870185
2014-12-03,28.953226387349
2014-12-04,29.070904030943
2014-12-05,28.853652996615
2014-12-08,29.184055611322
2014-12-09,29.251946559549
2014-12-10,28.858179059831
2014-12-11,29.107112536664
2014-12-12,28.695240784085
2014-12-15,28.360312106164
2014-12-16,28.405572738315
2014-12-17,29.039221588437
2014-12-18,29.623083743192
2014-12-19,29.632135869622
2014-12-22,29.917277852177
2014-12-23,30.012325179695
2014-12-24,30.510192133362
2014-12-26,30.845120811284
2014-12-29,31.374670207457
2014-12-30,30.645974029817
2014-12-31,30.062111875062
2015-01-02,30.098320380783
2015-01-05,29.731709260356
2015-01-06,29.636661932837
2015-01-07,30.125476760074
2015-01-08,30.600713397665
2015-01-09,30.166211329011
2015-01-12,30.084742191138
2015-01-13,30.292941099035
2015-01-14,30.849646874499
2015-01-15,30.922063885941
2015-01-16,31.501399977481
2015-01-20,31.487821787836
2015-01-21,31.714124948594
2015-01-22,31.705072822163
2015-01-23,31.772963770391
2015-01-26,31.759385580745
2015-01-27,31.691494632518
2015-01-28,31.569290925709
2015-01-29,32.080238986934
2015-01-30,31.300130786313
2015-02-02,31.446115946663
2015-02-03,31.52823259936
2015-02-04,31.072028973266
2015-02-05,31.391371511532
2015-02-06,30.009074524467
2015-02-09,29.48900239072
2015-02-10,30.145935612295
2015-02-11,29.498126463242
2015-02-12,29.406885738023
2015-02-13,29.000864510799
2015-02-17,28.932433966885
2015-02-18,29.671483841157
2015-02-19,29.447944064371
2015-02-20,29.475316281937
2015-02-23,29.694294022462
2015-02-24,29.885899545422
2015-02-25,29.365827411674
2015-02-26,29.064733018452
2015-02-27,29.014550619582
2015-03-02,28.47166830453
2015-03-03,28.576595138532
2015-03-04,28.32568314418
2015-03-05,28.37586554305
2015-03-06,27.486268472167
2015-03-09,27.691560103909
2015-03-10,27.677873995126
2015-03-11,27.513640689733
2015-03-12,27.896851735652
2015-03-13,27.609443451212
2015-03-16,28.188822056352
2015-03-17,28.143201693742
2015-03-18,28.749952516447
2015-03-19,28.613091428619
2015-03-20,29.00542654706
2015-03-23,28.936996003146
2015-03-24,28.530974775922
2015-03-25,28.293748890353
2015-03-26,27.965282279566
2015-03-27,28.120391512438
2015-03-30,28.549222920966
2015-03-31,28.740828443926
2015-04-01,28.672397900011
2015-04-02,28.699770117577
2015-04-06,29.037360800887
2015-04-07,28.558346993488
2015-04-08,28.5218507034
2015-04-09,28.517288667139
2015-04-10,28.804696951579
2015-04-13,28.622215501141
2015-04-14,28.745390480186
2015-04-15,28.654149754968
2015-04-16,28.453420159486
2015-04-17,28.353055361746
2015-04-20,28.777324734013
2015-04-21,28.558346993488
2015-04-22,28.626777537402
2015-04-23,28.686084008794
2015-04-24,28.891375640537
2015-04-27,28.426047941921
2015-04-28,28.635901609924
2015-04-29,28.42419291914
2015-04-30,27.830488112377
2015-05-01,28.079015705906
2015-05-04,28.474818910415
2015-05-05,27.816681023848
2015-05-06,27.70162195277
2015-05-07,27.747645581201
2015-05-08,27.733838492671
2015-05-11,27.655598324338
2015-05-12,27.568153430319
2015-05-13,27.370251828065
2015-05-14,27.738440855515
2015-05-15,28.074413343063
2015-05-18,28.180267688455
2015-05-19,28.194074776984
2015-05-20,28.258507856788
2015-05-21,28.226291316886
2015-05-22,28.171062962768
2015-05-26,27.927137732083
2015-05-27,28.194074776984
2015-05-28,28.286122033846
2015-05-29,28.212484228356
2015-06-01,28.253905493945
2015-06-02,27.853499926593
2015-06-03,27.434684907868
2015-06-04,27.181554951496
2015-06-05,26.827173012576
2015-06-08,26.712113941498
2015-06-09,26.606259596106
2015-06-10,26.712113941498
2015-06-11,27.057291154732
2015-06-12,26.748932844243
2015-06-15,26.633873773165
2015-06-16,26.822570649733
2015-06-17,26.96524389787
2015-06-18,27.351842376692
2015-06-19,27.218373854241
2015-06-22,27.176952588653
2015-06-23,26.748932844243
2015-06-24,26.546428879145
2015-06-25,26.403755631008
2015-06-26,26.620066684635
2015-06-29,26.481995799341
2015-06-30,26.564838330518
2015-07-01,26.753535207086
2015-07-02,27.158543137281
2015-07-06,27.199964402869
2015-07-07,27.973161360514
2015-07-08,27.802873935318
2015-07-09,27.425480182182
2015-07-10,27.655598324338
2015-07-13,27.738440855515
2015-07-14,27.752247944044
2015-07-15,27.798271572475
2015-07-16,28.230893679729
2015-07-17,27.830488112377
2015-07-20,27.729236129828
2015-07-21,27.443889633555
2015-07-22,27.646393598652
2015-07-23,27.232180942771
2015-07-24,27.273602208359
2015-07-27,27.729236129828
2015-07-28,27.862704652279
2015-07-29,28.060606254533
2015-07-30,28.31604043924
2015-07-31,28.566830366043
2015-08-03,28.603984429273
2015-08-04,28.237088054876
2015-08-05,28.367127276182
2015-08-06,28.158135670512
2015-08-07,28.199933991646
2015-08-10,28.158135670512
2015-08-11,28.16742418632
2015-08-12,28.478589465872
2015-08-13,28.571474623947
2015-08-14,28.67364829783
2015-08-17,29.221670730474
2015-08-18,28.947659514152
2015-08-19,29.021967640612
2015-08-20,28.720090876868
2015-08-21,28.20457824955
2015-08-24,26.955272873438
2015-08-25,26.054286840108
2015-08-26,26.314365282719
2015-08-27,26.811300878421
2015-08-28,26.843810683747
2015-08-31,26.319009540622
2015-09-01,25.599149565539
2015-09-02,25.603793823443
2015-09-03,25.719900271037
2015-09-04,25.334426865025
2015-09-08,25.82207394492
2015-09-09,25.548062728598
2015-09-10,25.469110344234
2015-09-11,25.659524918288
2015-09-14,25.729188786844
2015-09-15,25.82207394492
2015-09-16,26.105373677049
2015-09-17,26.509424114677
2015-09-18,26.356163603852
2015-09-21,26.541933920003
2015-09-22,26.332942314334
2015-09-23,26.370096377564
2015-09-24,26.639463335982
2015-09-25,26.927407326015
2015-09-28,26.955272873438
2015-09-29,26.815945136325
2015-09-30,27.164264479107
2015-10-01,26.746281267768
2015-10-02,27.108533384262
2015-10-05,27.382544600584
2015-10-06,27.1549759633
2015-10-07,27.038869515706
2015-10-08,27.373256084776
2015-10-09,27.271082410894
2015-10-12,27.572959174638
2015-10-13,27.586891948349
2015-10-14,27.647267301098
2015-10-15,28.111693091475
2015-10-16,28.199933991646
2015-10-19,28.325328955048
2015-10-20,28.422858371027
2015-10-21,28.246376570684
2015-10-22,28.580763139755
2015-10-23,28.032740707111
2015-10-26,28.139558638897
2015-10-27,28.042029222918
2015-10-28,27.795883554019
2015-10-29,27.500581587087
2015-10-30,27.664638235383
2015-11-02,27.908379541421
2015-11-03,27.992751531973
2015-11-04,28.175557511502
2015-11-05,28.138058849035
2015-11-06,26.71310967527
2015-11-09,26.628737684719
2015-11-10,27.256840281049
2015-11-11,27.575578912022
2015-11-12,27.388085599685
2015-11-13,27.416209596536
2015-11-16,28.114622184992
2015-11-17,27.645888904149
2015-11-18,27.795883554019
2015-11-19,28.334926826989
2015-11-20,28.63022879392
2015-11-23,28.24118017082
2015-11-24,28.166182845885
2015-11-25,27.988064199165
2015-11-27,28.067748856908
2015-11-30,28.21305617397
2015-12-01,28.78022344379
2015-12-02,28.414611484732
2015-12-03,27.838069549295
2015-12-04,28.288053498904
2015-12-07,28.278678833288
2015-12-08,28.447422814391
2015-12-09,28.255242169245
2015-12-10,27.566204246405
2015-12-11,27.46308292462
2015-12-14,27.556829580789
2015-12-15,27.800570886827
2015-12-16,28.48023414405
2015-12-17,29.862997322539
2015-12-18,29.277080721484
2015-12-21,29.028652082637
2015-12-22,29.197396063741
2015-12-23,29.473948699438
2015-12-24,29.384889376078
2015-12-28,29.638005347734
2015-12-29,29.70831533986
2015-12-30,29.741126669519
2015-12-31,29.272393388676
2016-01-04,29.192708730932
2016-01-05,29.323954049569
2016-01-06,29.361452712036
2016-01-07,29.052088746679
2016-01-08,29.042714081062
2016-01-11,29.136460737231
2016-01-12,28.902094096809
2016-01-13,28.920843428043
2016-01-14,29.356765379228
2016-01-15,29.25833139025
2016-01-19,29.567695355607
2016-01-20,28.948967424894
2016-01-21,28.859908101534
2016-01-22,29.586444686841
2016-01-25,29.2302073934
2016-01-26,29.483323365055
2016-01-27,29.468089533428
2016-01-28,30.106848699615
2016-01-29,30.915943643452
2016-02-01,31.20929970496
2016-02-02,31.445877173918
2016-02-03,32.079904790726
2016-02-04,31.923763661214
2016-02-05,32.065710142589
2016-02-08,32.150878031413
2016-02-09,32.34014000658
2016-02-10,32.311750710305
2016-02-11,31.786548729218
2016-02-12,31.682454642876
2016-02-16,31.687186192255
2016-02-17,31.426950976401
2016-02-18,31.890642815559
2016-02-19,31.758159432943
2016-02-22,32.079904790726
2016-02-23,32.534133531126
2016-02-24,32.728127055671
2016-02-25,33.135040302279
2016-02-26,32.22658282148
2016-02-29,32.150878031413
2016-03-01,32.150878031413
2016-03-02,32.411113247267
2016-03-03,32.496281136092
2016-03-04,32.818026493875
2016-03-07,32.912657481459
2016-03-08,33.319570728067
2016-03-09,33.513564252612
2016-03-10,33.461517209442
2016-03-11,33.523027351371
2016-03-14,33.489906505717
2016-03-15,33.792725665983
2016-03-16,34.09081327687
2016-03-17,34.369974690241
2016-03-18,34.265880603899
2016-03-21,34.062423980595
2016-03-22,34.03403468432
2016-03-23,34.351048492724
2016-03-24,34.535578918512
2016-03-28,34.455142579066
2016-03-29,35.084438646495
2016-03-30,34.961418362636
2016-03-31,35.145948788424
2016-04-01,35.500814991861
2016-04-04,35.444036399311
2016-04-05,34.781619486228
2016-04-06,34.762693288711
2016-04-07,34.739035541816
2016-04-08,34.904639770086
2016-04-11,34.606552159199
2016-04-12,34.847861177536
2016-04-13,34.502458072858
2016-04-14,34.360511591483
2016-04-15,34.686988498645
2016-04-18,34.739035541816
2016-04-19,34.639673004853
2016-04-20,33.546685098267
2016-04-21,32.543596629884
2016-04-22,32.695006210017
2016-04-25,32.628764518709
2016-04-26,32.671348463121
2016-04-27,33.072347273005
2016-04-28,33.177323703536
2016-04-29,33.649717640923
2016-05-02,34.012363491846
2016-05-03,34.026678459645
2016-05-04,34.427497558034
2016-05-05,34.594505515696
2016-05-06,34.561103924164
2016-05-09,34.804458376757
2016-05-10,34.92852143102
2016-05-11,35.023954549684
2016-05-12,35.357970465008
2016-05-13,35.200505819212
2016-05-16,35.295938937876
2016-05-17,34.34637940717
2016-05-18,33.73560744772
2016-05-19,34.10779661051
2016-05-20,34.270032912239
2016-05-23,34.117339922376
2016-05-24,34.728111881826
2016-05-25,34.766285129291
2016-05-26,35.052584485283
2016-05-27,35.157560915814
2016-05-31,35.357970465008
2016-06-01,35.596553261668
2016-06-02,35.691986380332
2016-06-03,36.560427760174
2016-06-06,36.531797824575
2016-06-07,36.760837309369
2016-06-08,37.104396536559
2016-06-09,37.619735377345
2016-06-10,37.209372967089
2016-06-13,37.047136665361
2016-06-14,37.323892709486
2016-06-15,36.913530299231
2016-06-16,37.047136665361
2016-06-17,37.133026472158
2016-06-20,37.113939848425
2016-06-21,37.266632838288
2016-06-22,36.875357051765
2016-06-23,37.028050041628
2016-06-24,37.486129011215
2016-06-27,38.0300977876
2016-06-28,37.991924540134
2016-06-29,38.001467852001
2016-06-30,37.886948109604
2016-07-01,38.545436628385
2016-07-05,39.003515597972
2016-07-06,38.917625791175
2016-07-07,38.0300977876
2016-07-08,38.698129618248
2016-07-11,38.61223981145
2016-07-12,37.543388882413
2016-07-13,37.89649142147
2016-07-14,37.543388882413
2016-07-15,37.610192065478
2016-07-18,37.762885055341
2016-07-19,37.801058302806
2016-07-20,37.743798431608
2016-07-21,37.915578045203
2016-07-22,38.50726338092
2016-07-25,38.554979940252
2016-07-26,38.259137272393
2016-07-27,37.928700099019
2016-07-28,38.419033104102
2016-07-29,38.697849910913
2016-08-01,38.71707865621
2016-08-02,38.861294245941
2016-08-03,38.57286306648
2016-08-04,38.582477439129
2016-08-05,37.871013863127
2016-08-08,37.765255763992
2016-08-09,37.726798273397
2016-08-10,37.746027018694
2016-08-11,37.880628235776
2016-08-12,38.015229452857
2016-08-15,37.438367093937
2016-08-16,36.726903517935
2016-08-17,37.419138348639
2016-08-18,37.986386334911
2016-08-19,37.34222336745
2016-08-22,37.572968311018
2016-08-23,37.092249678585
2016-08-24,37.322994622153
2016-08-25,37.371066485396
2016-08-26,36.457701083772
2016-08-29,36.774975381178
2016-08-30,36.380786102583
2016-08-31,36.486544201718
2016-09-01,36.217341767555
2016-09-02,36.736517890584
2016-09-06,37.313380249504
2016-09-07,37.476824584532
2016-09-08,37.361452112747
2016-09-09,35.717394389824
2016-09-12,36.265413630799
2016-09-13,35.928910588095
2016-09-14,36.11158366842
2016-09-15,36.496158574367
2016-09-16,36.948034088854
2016-09-19,37.274922758909
2016-09-20,37.351837740099
2016-09-21,38.169059415236
2016-09-22,38.438261849399
2016-09-23,38.563248693832
2016-09-26,38.707464283562
2016-09-27,38.149830669939
2016-09-28,37.871013863127
2016-09-29,37.361452112747
2016-09-30,36.83266161707
2016-10-03,36.342328611988
2016-10-04,35.505878191553
2016-10-05,35.361662601823
2016-10-06,35.275133247985
2016-10-07,35.130917658255
2016-10-10,35.45780632831
2016-10-11,34.967473323228
2016-10-12,35.496263818905
2016-10-13,35.794309371014
2016-10-14,35.544335682148
2016-10-17,35.775080625716
2016-10-18,35.938524960744
2016-10-19,35.851995606906
2016-10-20,35.880838724852
2016-10-21,35.640479408635
2016-10-24,35.880838724852
2016-10-25,35.948139333392
2016-10-26,36.03466868723
2016-10-27,35.874829741946
2016-10-28,36.078333638375
2016-10-31,36.872967900623
2016-11-01,36.262456211335
2016-11-02,35.836067095007
2016-11-03,35.942664374089
2016-11-04,35.690707168986
2016-11-07,36.756679959806
2016-11-08,37.309047678685
2016-11-09,35.671325845517
2016-11-10,34.392158496534
2016-11-11,34.266179893982
2016-11-14,34.411539820003
2016-11-15,34.905763568474
2016-11-16,34.673187686841
2016-11-17,34.702259672045
2016-11-18,34.537518422554
2016-11-21,34.721640995514
2016-11-22,35.012360847556
2016-11-23,34.644115701636
2016-11-25,35.22555540572
2016-11-28,35.942664374089
2016-11-29,36.097714961845
2016-11-30,34.808856951127
2016-12-01,34.411539820003
2016-12-02,34.87669158327
2016-12-05,34.954216877147
2016-12-06,34.963907538882
2016-12-07,35.341843346536
2016-12-08,35.312771361332
2016-12-09,35.690707168986
2016-12-12,36.058952314906
2016-12-13,36.349672166948
2016-12-14,35.487203272557
2016-12-15,35.865139080211
2016-12-16,36.446578784295
2016-12-19,36.60162937205
2016-12-20,36.630701357255
2016-12-21,36.524104078173
2016-12-22,36.640392018989
2016-12-23,36.688845327663
2016-12-27,36.824514591949
2016-12-28,36.378744152152
2016-12-29,37.008637164909
2016-12-30,36.717917312867
2017-01-03,36.756679959806
2017-01-04,36.979565179705
2017-01-05,36.931111871031
2017-01-06,36.630701357255
2017-01-09,36.126786947049
2017-01-10,36.08802430011
2017-01-11,36.582248048581
2017-01-12,36.485341431234
2017-01-13,36.330290843478
2017-01-17,36.582248048581
2017-01-18,36.533794739907
2017-01-19,36.126786947049
2017-01-20,36.204312240927
2017-01-23,35.884520403681
2017-01-24,35.806995109803
2017-01-25,35.748851139395
2017-01-26,35.806995109803
2017-01-27,36.054106984039
2017-01-30,36.024786756077
2017-01-31,36.796886092411
2017-02-01,36.142067667925
2017-02-02,36.660058361922
2017-02-03,36.963034050863
2017-02-06,36.806659501732
2017-02-07,36.943487232222
2017-02-08,37.285556558446
2017-02-09,36.796886092411
2017-02-10,37.002127688146
2017-02-13,37.129182009315
2017-02-14,36.816432911053
2017-02-15,36.689378589884
2017-02-16,37.070541553391
2017-02-17,37.217142693201
2017-02-21,37.559212019425
2017-02-22,37.774227024481
2017-02-23,38.223803853233
2017-02-24,38.624513635381
2017-02-27,38.165163397308
2017-02-28,38.585419998098
2017-03-01,38.19448362527
2017-03-02,38.360631583722
2017-03-03,38.301991127798
2017-03-06,38.292217718477
2017-03-07,38.389951811684
2017-03-08,37.520118382143
2017-03-09,37.432157698256
2017-03-10,37.735133387198
2017-03-13,37.871961117688
2017-03-14,37.989242029536
2017-03-15,38.683154091305
2017-03-16,38.243350671874
2017-03-17,38.663607272664
2017-03-20,38.214030443912
2017-03-21,38.800435003153
2017-03-22,38.878622277719
2017-03-23,38.937262733643
2017-03-24,39.191371375981
2017-03-27,39.152277738698
2017-03-28,39.210918194623
2017-03-29,39.074090464133
2017-03-30,38.673380681984
2017-03-31,38.712474319267
2017-04-03,38.692927500626
2017-04-04,38.966582961605
2017-04-05,39.074090464133
2017-04-06,38.966582961605
2017-04-07,38.800435003153
2017-04-10,38.810208412474
2017-04-11,38.800435003153
2017-04-12,38.986129780247
2017-04-13,38.722247728588
2017-04-17,38.976356370926
2017-04-18,39.240238422585
2017-04-19,38.907942505681
2017-04-20,38.819981821795
2017-04-21,39.054543645492
2017-04-24,39.162051148019
2017-04-25,39.093637282774
2017-04-26,38.8932823917
2017-04-27,39.129715719309
2017-04-28,38.735660173294
2017-05-01,38.518929622986
2017-05-02,38.834174059798
2017-05-03,38.706106007343
2017-05-04,39.277486549065
2017-05-05,39.464662933422
2017-05-08,39.198675439862
2017-05-09,38.981944889554
2017-05-10,38.932687946302
2017-05-11,38.814471282497
2017-05-12,39.021350444155
2017-05-15,39.188824051211
2017-05-16,38.794768505196
2017-05-17,39.031201832805
2017-05-18,39.228229605813
2017-05-19,39.15926988526
2017-05-22,39.779907370234
2017-05-23,40.302030968704
2017-05-24,40.508910130362
2017-05-25,40.942371230979
2017-05-26,40.745343457972
2017-05-30,40.853708733126
2017-05-31,40.853708733126
2017-06-01,41.011330951532
2017-06-02,41.208358724539
2017-06-05,41.021182340182
2017-06-06,40.843857344475
2017-06-07,40.991628174231
2017-06-08,40.636978182817
2017-06-09,40.646829571468
2017-06-12,40.558167073614
2017-06-13,40.636978182817
2017-06-14,40.952222619629
2017-06-15,41.050736506133
2017-06-16,41.553157327303
2017-06-19,41.237912890491
2017-06-20,41.21821011319
2017-06-21,41.178804558588
2017-06-22,40.97192539693
2017-06-23,40.834005955825
2017-06-26,41.070439283434
2017-06-27,40.508910130362
2017-06-28,40.262625414103
2017-06-29,39.848867090787
2017-06-30,39.573028208576
2017-07-03,39.297189326366
2017-07-05,39.169121273911
2017-07-06,39.080458776057
2017-07-07,39.119864330659
2017-07-10,38.972093500903
2017-07-11,39.001647666854
2017-07-12,39.287337937715
2017-07-13,39.13956710796
2017-07-14,39.376000435569
2017-07-17,39.533622653975
2017-07-18,39.68139348373
2017-07-19,39.898124034039
2017-07-20,40.400544855208
2017-07-21,40.765046235272
2017-07-24,40.233071248152
2017-07-25,39.947380977291
2017-07-26,40.262625414103
2017-07-27,40.435024715485
2017-07-28,40.176907690539
2017-07-31,40.236473157834
2017-08-01,40.53430049431
2017-08-02,40.6534314289
2017-08-03,40.792417519255
2017-08-04,40.792417519255
2017-08-07,40.981041499023
2017-08-08,41.268941257616
2017-08-09,41.209375790321
2017-08-10,41.328506724911
2017-08-11,41.070389699966
2017-08-14,41.368217036441
2017-08-15,41.606478905621
2017-08-16,41.775247729624
2017-08-17,41.467492815266
2017-08-18,41.934088975744
2017-08-21,42.092930221865
2017-08-22,42.410612714105
2017-08-23,42.698512472698
2017-08-24,42.54959880446
2017-08-25,42.559526382343
2017-08-28,42.768005517876
2017-08-29,42.748150362111
2017-08-30,42.460250603518
2017-08-31,42.43046786987
2017-09-01,42.261699045867
2017-09-05,42.599236693873
2017-09-06,42.291481779515
2017-09-07,42.638947005403
2017-09-08,42.877208874583
2017-09-11,43.284239567766
2017-09-12,42.440395447753
2017-09-13,42.142568111277
2017-09-14,42.609164271755
2017-09-15,42.58930911599
2017-09-18,42.182278422807
2017-09-19,42.221988734337
2017-09-20,41.844740774802
2017-09-21,41.755392573859
2017-09-22,41.427782503736
2017-09-25,41.944016553627
2017-09-26,41.944016553627
2017-09-27,41.278868835498
2017-09-28,41.397999770089
2017-09-29,41.268941257616
2017-10-02,41.298723991263
2017-10-03,41.080317277848
2017-10-04,41.646189217151
2017-10-05,41.596551327739
2017-10-06,41.616406483504
2017-10-09,41.685899528681
2017-10-10,42.033364754569
2017-10-11,42.35104724681
2017-10-12,42.698512472698
2017-10-13,42.738222784228
2017-10-16,42.807715829406
2017-10-17,43.125398321646
2017-10-18,43.065832854351
2017-10-19,43.532429014829
2017-10-20,43.552284170594
2017-10-23,43.453008391769
2017-10-24,43.165108633176
2017-10-25,42.94173813082
2017-10-26,43.065832854351
2017-10-27,43.433153236004
2017-10-30,43.18
2017-10-31,43.26
2017-11-01,43.07
2017-11-02,43.06
2017-11-03,43.83
2017-11-06,43.59
2017-11-07,44.17
2017-11-09,44.1
2017-11-10,43.68
2017-11-13,44.3
2017-11-14,45.18
2017-11-15,44.71
2017-11-16,44.63
2017-11-17,44.4
2017-11-20,44.26
2017-11-21,44.15
2017-11-22,44.19
2017-11-24,44.22
2017-11-27,44.61
2017-11-28,44.78
2017-11-29,44.9
2017-11-30,45.11
2017-12-01,44.83
2017-12-04,44.69
2017-12-05,44.34
2017-12-06,44.54
2017-12-07,44.64
2017-12-08,44.94
2017-12-11,45.08
2017-12-12,44.01
2017-12-13,44.29
2017-12-14,43.95
2017-12-15,44.43
2017-12-18,43.6
2017-12-19,42.77
2017-12-20,42.51
2017-12-21,42.32
2017-12-22,42.5
2017-12-26,42.19
2017-12-27,42.42
2017-12-28,42.66
2017-12-29,42.61
2018-01-02,42.11
2018-01-03,41.74
2018-01-04,41.25
2018-01-05,41.08
2018-01-08,41.54
2018-01-09,40.91
2018-01-10,40.19
2018-01-11,39.84
2018-01-12,39.53
2018-01-16,39.56
2018-01-17,40.06
2018-01-18,39.68
2018-01-19,39.41
2018-01-22,39.55
2018-01-23,40.16
2018-01-24,39.85
2018-01-25,40.39
2018-01-26,40.3
2018-01-29,39.61
2018-01-30,39.26
2018-01-31,39.75
2018-02-01,39.08
2018-02-02,38.91
2018-02-05,38.22
2018-02-06,37.51
2018-02-07,37.5
2018-02-08,37.14
2018-02-09,38.42
2018-02-12,38.48
2018-02-13,38.63
2018-02-14,38.11
2018-02-15,39.05
2018-02-16,39.75
2018-02-20,39.14
2018-02-21,38.62
2018-02-22,38.6
2018-02-23,39.42
2018-02-26,39.53
2018-02-27,38.8
2018-02-28,38.65
2018-03-01,38.49
2018-03-02,38.22
2018-03-05,38.93
2018-03-06,38.17
2018-03-07,38.06
2018-03-08,38.32
2018-03-09,38.71
2018-03-12,39.21
2018-03-13,39.3
2018-03-14,39.54
2018-03-15,39.66
2018-03-16,40.13
2018-03-19,39.83
2018-03-20,39.68
2018-03-21,39.66
2018-03-22,39.83
2018-03-23,39.45
2018-03-26,39.84
2018-03-27,40.53
