Date,MO
2010-01-04,13.547027881766
2010-01-05,13.553873272308
2010-01-06,13.752389598013
2010-01-07,13.731853426389
2010-01-08,13.766080379096
2010-01-11,13.86876123722
2010-01-12,13.793461941263
2010-01-13,13.855070456137
2010-01-14,13.950905923719
2010-01-15,13.978287485885
2010-01-19,13.950905923719
2010-01-20,13.916678971011
2010-01-21,13.615481787182
2010-01-22,13.492264757434
2010-01-25,13.629172568265
2010-01-26,13.663399520973
2010-01-27,13.683935692598
2010-01-28,13.697626473681
2010-01-29,13.594945615557
2010-02-01,13.60863639664
2010-02-02,13.642863349348
2010-02-03,13.540182491225
2010-02-04,13.293748431728
2010-02-05,13.266366869562
2010-02-08,13.25952147902
2010-02-09,13.321129993894
2010-02-10,13.266366869562
2010-02-11,13.423810852018
2010-02-12,13.437501633101
2010-02-16,13.505955538517
2010-02-17,13.540182491225
2010-02-18,13.690781083139
2010-02-19,13.800307331804
2010-02-22,13.875606627762
2010-02-23,13.670244911514
2010-02-24,13.86876123722
2010-02-25,13.971442095344
2010-02-26,13.772925769638
2010-03-01,13.875606627762
2010-03-02,13.916678971011
2010-03-03,13.930369752094
2010-03-04,13.978287485885
2010-03-05,14.176803811591
2010-03-08,14.197339983215
2010-03-09,14.21787615484
2010-03-10,14.252103107548
2010-03-11,14.183649202132
2010-03-12,14.065278050224
2010-03-15,14.183649202132
2010-03-16,14.176686193196
2010-03-17,14.155797166389
2010-03-18,14.246316282554
2010-03-19,14.162760175325
2010-03-22,14.232390264683
2010-03-23,14.288094336169
2010-03-24,14.25327929149
2010-03-25,14.288094336169
2010-03-26,14.218464246811
2010-03-29,14.378613452333
2010-03-30,14.378613452333
2010-03-31,14.288094336169
2010-04-01,14.503947613177
2010-04-05,14.566614693599
2010-04-06,14.608392747213
2010-04-07,14.476095577434
2010-04-08,14.399502479141
2010-04-09,14.573577702534
2010-04-12,14.691948854442
2010-04-13,14.691948854442
2010-04-14,14.733726908057
2010-04-15,14.691948854442
2010-04-16,14.53179964892
2010-04-19,14.573577702534
2010-04-20,14.740689916993
2010-04-21,14.942617176129
2010-04-22,14.817283015286
2010-04-23,14.872987086772
2010-04-26,14.796393988479
2010-04-27,14.566614693599
2010-04-28,14.636244782956
2010-04-29,14.747652925928
2010-04-30,14.754615934864
2010-05-03,14.900839122515
2010-05-04,14.803356997414
2010-05-05,14.775504961671
2010-05-06,14.448243541691
2010-05-07,14.455206550627
2010-05-10,15.026173283359
2010-05-11,15.033136292294
2010-05-12,15.08884036378
2010-05-13,15.060988328037
2010-05-14,15.047062310166
2010-05-17,15.109729390588
2010-05-18,14.879950095708
2010-05-19,14.838172042093
2010-05-20,14.392539470205
2010-05-21,14.629281774021
2010-05-24,14.517873631048
2010-05-25,14.204538228939
2010-05-26,14.037426014481
2010-05-27,14.30202035404
2010-05-28,14.127945130646
2010-06-01,14.009573978738
2010-06-02,14.190612211068
2010-06-03,14.336835398719
2010-06-04,13.936462384913
2010-06-07,13.800683710666
2010-06-08,14.065278050224
2010-06-09,13.960832916188
2010-06-10,14.148834157453
2010-06-11,14.225427255747
2010-06-14,13.864124073454
2010-06-15,14.104992861649
2010-06-16,14.048317852662
2010-06-17,14.161667870636
2010-06-18,14.182920999006
2010-06-21,14.2112585035
2010-06-22,14.062486604909
2010-06-23,14.005811595922
2010-06-24,13.899545954071
2010-06-25,13.956220963058
2010-06-28,14.409621034955
2010-06-29,14.140414742266
2010-06-30,14.197089751253
2010-07-01,14.338777273721
2010-07-02,14.388367906584
2010-07-06,14.551308557422
2010-07-07,14.799261721741
2010-07-08,15.103889895046
2010-07-09,15.089721142799
2010-07-12,15.089721142799
2010-07-13,15.118058647293
2010-07-14,15.125143023416
2010-07-15,15.203071160773
2010-07-16,15.063154732336
2010-07-19,15.146396151786
2010-07-20,15.245577417513
2010-07-21,15.167649280156
2010-07-22,15.479361829585
2010-07-23,15.670639984916
2010-07-26,15.578543095312
2010-07-27,15.621049352053
2010-07-28,15.635218104299
2010-07-29,15.599796223682
2010-07-30,15.69897748941
2010-08-02,15.76273687452
2010-08-03,15.670639984916
2010-08-04,15.833580635754
2010-08-05,15.826496259631
2010-08-06,15.968183782098
2010-08-09,16.003605662715
2010-08-10,16.031943167209
2010-08-11,15.897340020864
2010-08-12,15.904424396988
2010-08-13,15.833580635754
2010-08-16,16.010690038838
2010-08-17,16.237390074787
2010-08-18,16.24447445091
2010-08-19,16.124040056813
2010-08-20,16.088618176196
2010-08-23,16.102786928442
2010-08-24,16.145293185183
2010-08-25,16.187799441923
2010-08-26,16.017774414962
2010-08-27,15.968183782098
2010-08-30,15.954015029851
2010-08-31,15.812327507384
2010-09-01,16.053196295579
2010-09-02,16.145293185183
2010-09-03,16.230305698663
2010-09-07,16.371993221131
2010-09-08,16.612862009326
2010-09-09,16.740380779547
2010-09-10,16.889152678138
2010-09-13,16.896237054261
2010-09-14,16.925033367945
2010-09-15,17.047417701104
2010-09-16,16.896237054261
2010-09-17,16.917834289524
2010-09-20,17.069014936367
2010-09-21,17.177001112683
2010-09-22,17.184200191104
2010-09-23,16.989825073735
2010-09-24,17.277788210578
2010-09-27,17.284987288999
2010-09-28,17.421769778999
2010-09-29,17.457765171105
2010-09-30,17.29218636742
2010-10-01,17.119408485314
2010-10-04,17.15540387742
2010-10-05,17.457765171105
2010-10-06,17.587348582684
2010-10-07,17.688135680579
2010-10-08,17.644941210053
2010-10-11,17.529755955315
2010-10-12,17.666538445316
2010-10-13,17.724131072684
2010-10-14,17.853714484264
2010-10-15,17.911307111632
2010-10-18,17.925705268475
2010-10-19,17.817719092158
2010-10-20,17.940103425317
2010-10-21,17.96170066058
2010-10-22,17.940103425317
2010-10-25,18.040890523212
2010-10-26,18.141677621107
2010-10-27,18.076885915317
2010-10-28,18.242464719002
2010-10-29,18.298257576765
2010-11-01,18.264061954265
2010-11-02,18.408043522687
2010-11-03,18.544826012687
2010-11-04,18.825590071109
2010-11-05,18.796793757425
2010-11-08,18.624015875319
2010-11-09,18.415242601108
2010-11-10,18.148876699528
2010-11-11,18.16327485637
2010-11-12,17.889709876369
2010-11-15,17.774524621632
2010-11-16,17.551353190579
2010-11-17,17.608945817947
2010-11-18,17.817719092158
2010-11-19,17.810520013737
2010-11-22,17.623343974789
2010-11-23,17.666538445316
2010-11-24,17.688135680579
2010-11-26,17.536955033737
2010-11-29,17.587348582684
2010-11-30,17.277788210578
2010-12-01,17.400172543736
2010-12-02,17.133806642156
2010-12-03,17.141005720577
2010-12-06,17.313783602683
2010-12-07,17.313783602683
2010-12-08,17.565751347421
2010-12-09,17.702533837421
2010-12-10,17.889709876369
2010-12-13,17.810520013737
2010-12-14,17.846515405843
2010-12-15,17.817719092158
2010-12-16,17.968899739001
2010-12-17,17.990496974264
2010-12-20,18.120080385844
2010-12-21,18.177673013212
2010-12-22,18.184872091633
2010-12-23,18.16327485637
2010-12-27,18.053637382388
2010-12-28,18.090183207049
2010-12-29,18.06094654732
2010-12-30,17.980545733066
2010-12-31,17.995164062931
2011-01-03,17.907454083745
2011-01-04,17.827053269492
2011-01-05,17.892835753881
2011-01-06,17.965927403202
2011-01-07,17.827053269492
2011-01-10,17.717415795509
2011-01-11,17.593159991663
2011-01-12,17.585850826731
2011-01-13,17.629705816324
2011-01-14,17.658942476052
2011-01-18,17.600469156595
2011-01-19,17.534686672206
2011-01-20,17.571232496867
2011-01-21,17.607778321527
2011-01-24,17.848980764288
2011-01-25,17.75396162017
2011-01-26,17.73568870784
2011-01-27,17.483522517681
2011-01-28,17.388503373563
2011-01-31,17.183846755463
2011-02-01,17.235010909988
2011-02-02,17.30810255931
2011-02-03,17.578541661799
2011-02-04,17.541995837138
2011-02-07,17.585850826731
2011-02-08,17.637014981256
2011-02-09,17.65163331112
2011-02-10,17.607778321527
2011-02-11,17.863599094152
2011-02-14,17.900144918813
2011-02-15,17.892835753881
2011-02-16,17.892835753881
2011-02-17,18.075564877184
2011-02-18,18.119419866777
2011-02-22,18.082874042116
2011-02-23,18.06094654732
2011-02-24,18.06094654732
2011-02-25,18.229057340759
2011-02-28,18.543351432841
2011-03-01,18.360622309538
2011-03-02,18.309458155013
2011-03-03,18.594515587366
2011-03-04,18.506805608181
2011-03-07,18.550660597773
2011-03-08,18.755317215873
2011-03-09,18.864954689856
2011-03-10,18.740698886009
2011-03-11,18.587206422434
2011-03-14,18.54268616753
2011-03-15,18.334924977978
2011-03-16,18.02328319365
2011-03-17,18.13458383091
2011-03-18,18.401705360334
2011-03-21,18.661406847274
2011-03-22,18.869168036826
2011-03-23,19.002728801538
2011-03-24,19.240170161027
2011-03-25,19.158549693703
2011-03-28,19.329210670835
2011-03-29,19.269850330963
2011-03-30,19.373730925739
2011-03-31,19.314370585867
2011-04-01,19.277270373447
2011-04-04,19.247590203511
2011-04-05,19.373730925739
2011-04-06,19.499871647967
2011-04-07,19.366310883255
2011-04-08,19.470191478031
2011-04-11,19.677952667583
2011-04-12,19.811513432295
2011-04-13,19.796673347327
2011-04-14,19.952494239491
2011-04-15,20.041534749299
2011-04-18,19.700212795035
2011-04-19,19.574072072807
2011-04-20,19.403411095675
2011-04-21,19.336630713319
2011-04-25,19.351470798287
2011-04-26,19.507291690451
2011-04-27,19.752153092423
2011-04-28,19.774413219875
2011-04-29,19.915394027071
2011-05-02,19.870873772167
2011-05-03,20.034114706815
2011-05-04,19.922814069555
2011-05-05,19.796673347327
2011-05-06,20.004434536879
2011-05-09,20.137995301591
2011-05-10,20.160255429043
2011-05-11,20.078634961719
2011-05-12,20.293816193755
2011-05-13,20.264136023819
2011-05-16,20.397696788532
2011-05-17,20.52383751076
2011-05-18,20.679658402924
2011-05-19,20.761278870248
2011-05-20,20.583197850632
2011-05-23,20.664818317956
2011-05-24,20.716758615344
2011-05-25,20.70933857286
2011-05-26,20.605457978084
2011-05-27,20.731598700312
2011-05-31,20.82063921012
2011-06-01,20.716758615344
2011-06-02,20.457057128404
2011-06-03,20.479317255856
2011-06-06,20.219615768915
2011-06-07,20.108315131655
2011-06-08,20.249295938851
2011-06-09,20.37543666108
2011-06-10,20.041534749299
2011-06-13,20.264136023819
2011-06-14,20.595224766875
2011-06-15,20.023344210688
2011-06-16,20.264136023819
2011-06-17,20.377007186225
2011-06-20,20.557601046073
2011-06-21,20.550076301913
2011-06-22,20.452254627828
2011-06-23,20.203938070537
2011-06-24,20.158789605575
2011-06-27,20.143740117254
2011-06-28,19.83522560668
2011-06-29,19.63958225851
2011-06-30,19.872849327481
2011-07-01,19.963146257405
2011-07-05,20.015819466528
2011-07-06,20.181363838056
2011-07-07,20.316809232942
2011-07-08,20.234037047178
2011-07-11,20.264136023819
2011-07-12,20.241561791338
2011-07-13,20.211462814697
2011-07-14,20.203938070537
2011-07-15,20.083542163971
2011-07-18,20.015819466528
2011-07-19,20.331858721263
2011-07-20,19.84275035084
2011-07-21,20.008294722368
2011-07-22,19.83522560668
2011-07-25,19.744928676755
2011-07-26,19.684730723473
2011-07-27,19.647107002671
2011-07-28,19.737403932595
2011-07-29,19.790077141717
2011-08-01,19.677205979312
2011-08-02,19.699780211793
2011-08-03,19.83522560668
2011-08-04,19.180572864729
2011-08-05,19.481562631143
2011-08-08,18.465722169496
2011-08-09,18.947305795758
2011-08-10,18.33027677461
2011-08-11,18.781761424231
2011-08-12,18.962355284079
2011-08-15,19.338592492097
2011-08-16,19.323543003776
2011-08-17,19.564334816907
2011-08-18,19.338592492097
2011-08-19,19.346117236257
2011-08-22,19.458988398662
2011-08-23,19.887898815802
2011-08-24,19.917997792443
2011-08-25,19.571859561067
2011-08-26,19.790077141717
2011-08-29,20.151264861414
2011-08-30,20.331858721263
2011-08-31,20.459779371989
2011-09-01,20.384531930385
2011-09-02,20.106116396452
2011-09-06,20.188888582216
2011-09-07,20.309284488782
2011-09-08,20.324333977102
2011-09-09,19.84275035084
2011-09-12,19.970671001566
2011-09-13,20.008294722368
2011-09-14,20.291070469017
2011-09-15,20.53563327693
2011-09-16,20.558561040171
2011-09-19,20.53563327693
2011-09-20,20.596773978908
2011-09-21,19.962439195884
2011-09-22,19.641450510498
2011-09-23,19.694948624729
2011-09-26,19.870728142917
2011-09-27,20.191716828302
2011-09-28,19.947154020389
2011-09-29,20.207002003797
2011-09-30,20.489777750446
2011-10-03,20.298713056764
2011-10-04,20.28342788127
2011-10-05,20.25285753028
2011-10-06,20.596773978908
2011-10-07,20.963618190777
2011-10-10,21.116469945723
2011-10-11,21.246393937426
2011-10-12,21.223466174184
2011-10-13,21.101184770228
2011-10-14,21.147040296712
2011-10-17,20.95597560303
2011-10-18,21.04004406825
2011-10-19,20.879549725557
2011-10-20,20.826051611326
2011-10-21,20.978903366272
2011-10-24,20.87190713781
2011-10-25,20.634986917644
2011-10-26,20.845158080694
2011-10-27,21.139397708964
2011-10-28,21.062971831492
2011-10-31,21.055329243744
2011-11-01,20.711412795117
2011-11-02,20.780196084842
2011-11-03,20.994188541766
2011-11-04,20.917762664293
2011-11-07,21.032401480503
2011-11-08,21.131755121217
2011-11-09,20.764910909348
2011-11-10,21.116469945723
2011-11-11,21.231108761932
2011-11-14,21.108827357975
2011-11-15,21.223466174184
2011-11-16,21.017116305008
2011-11-17,21.047686655997
2011-11-18,21.12411253347
2011-11-21,20.864264550062
2011-11-22,20.917762664293
2011-11-23,20.726697970611
2011-11-25,20.826051611326
2011-11-28,21.093542182481
2011-11-29,21.361032753635
2011-11-30,21.926584246934
2011-12-01,21.918941659186
2011-12-02,21.71259179001
2011-12-05,21.567382622812
2011-12-06,21.980082361165
2011-12-07,22.033580475396
2011-12-08,21.804302842977
2011-12-09,21.995367536659
2011-12-12,22.064150826385
2011-12-13,22.155861879352
2011-12-14,21.957154597923
2011-12-15,22.247572932319
2011-12-16,22.270500695561
2011-12-19,22.423352450507
2011-12-20,22.820767013365
2011-12-21,23.164683461992
2011-12-22,23.103542760014
2011-12-23,23.119038093857
2011-12-27,23.026066090799
2011-12-28,23.026066090799
2011-12-29,23.08029975925
2011-12-30,22.971832422348
2012-01-03,22.127336727901
2012-01-04,22.003374057156
2012-01-05,22.336523734782
2012-01-06,22.251299398645
2012-01-09,22.080850726372
2012-01-10,22.398505070155
2012-01-11,22.344271401704
2012-01-12,22.344271401704
2012-01-13,22.437243404762
2012-01-17,22.390757403233
2012-01-18,22.437243404762
2012-01-19,22.166075062509
2012-01-20,22.235804064802
2012-01-23,22.166075062509
2012-01-24,21.910402054098
2012-01-25,22.212561064038
2012-01-26,22.204813397116
2012-01-27,21.801934717197
2012-01-30,21.995626390235
2012-01-31,22.003374057156
2012-02-01,22.026617057921
2012-02-02,22.111841394058
2012-02-03,22.344271401704
2012-02-06,22.189318063273
2012-02-07,22.328776067861
2012-02-08,22.344271401704
2012-02-09,22.700664080094
2012-02-10,22.630935077801
2012-02-13,22.646430411644
2012-02-14,22.67742107933
2012-02-15,22.661925745487
2012-02-16,22.886608086211
2012-02-17,22.971832422348
2012-02-21,22.948589421584
2012-02-22,22.971832422348
2012-02-23,23.010570756956
2012-02-24,23.23525309768
2012-02-27,23.266243765366
2012-02-28,23.258496098445
2012-02-29,23.320477433817
2012-03-01,23.258496098445
2012-03-02,23.212010096916
2012-03-05,23.444440104562
2012-03-06,23.304982099974
2012-03-07,23.320477433817
2012-03-08,23.599393442992
2012-03-09,23.599393442992
2012-03-12,23.583898109149
2012-03-13,23.6381317776
2012-03-14,23.520333778708
2012-03-15,23.583159378117
2012-03-16,23.583159378117
2012-03-19,23.645984977526
2012-03-20,23.661691377378
2012-03-21,23.677397777231
2012-03-22,23.669544577305
2012-03-23,23.873727775383
2012-03-26,24.077910973462
2012-03-27,24.038644973832
2012-03-28,23.967966174497
2012-03-29,24.02293857398
2012-03-30,24.242828171911
2012-04-02,24.470570969768
2012-04-03,24.415598570285
2012-04-04,24.431304970137
2012-04-05,24.62763496829
2012-04-09,24.470570969768
2012-04-10,24.30565377132
2012-04-11,24.509836969399
2012-04-12,24.58836896866
2012-04-13,24.72972656733
2012-04-16,24.643341368143
2012-04-17,24.823964966443
2012-04-18,24.863230966074
2012-04-19,24.957469365187
2012-04-20,25.043854564374
2012-04-23,24.941762965335
2012-04-24,24.894643765778
2012-04-25,24.886790565852
2012-04-26,25.075267364079
2012-04-27,25.232331362601
2012-04-30,25.29515696201
2012-05-01,25.460074160458
2012-05-02,25.420808160828
2012-05-03,25.562165759498
2012-05-04,25.467927360384
2012-05-07,25.287303762084
2012-05-08,25.33442296164
2012-05-09,24.933909765409
2012-05-10,24.918203365556
2012-05-11,24.965322565113
2012-05-14,24.886790565852
2012-05-15,24.933909765409
2012-05-16,25.020294964596
2012-05-17,24.847524566221
2012-05-18,24.878937365926
2012-05-21,25.01244176467
2012-05-22,24.941762965335
2012-05-23,24.91035016563
2012-05-24,25.33442296164
2012-05-25,25.216624962749
2012-05-29,25.232331362601
2012-05-30,25.145946163414
2012-05-31,25.279450562158
2012-06-01,24.886790565852
2012-06-04,25.075267364079
2012-06-05,24.969249165076
2012-06-06,25.585725359276
2012-06-07,25.71922975802
2012-06-08,25.844880956838
2012-06-11,25.884146956468
2012-06-12,26.253247352996
2012-06-13,26.449577351148
2012-06-14,26.775526455867
2012-06-15,26.847076259341
2012-06-18,26.910676084652
2012-06-19,26.966325931799
2012-06-20,26.958375953635
2012-06-21,26.942475997308
2012-06-22,26.92657604098
2012-06-25,26.807326368522
2012-06-26,26.767576477703
2012-06-27,27.02992575711
2012-06-28,27.053775691602
2012-06-29,27.467174556122
2012-07-02,27.79312366084
2012-07-03,27.816973595332
2012-07-05,27.737473813693
2012-07-06,27.801073639004
2012-07-09,27.952123224117
2012-07-10,28.166772634541
2012-07-11,28.079322874739
2012-07-12,27.920323311462
2012-07-13,28.317822219655
2012-07-16,28.293972285163
2012-07-17,28.468871804768
2012-07-18,28.55632156457
2012-07-19,28.572221520898
2012-07-20,28.548371586406
2012-07-23,28.214472503524
2012-07-24,28.278072328835
2012-07-25,28.14292270005
2012-07-26,28.325772197818
2012-07-27,28.536446619161
2012-07-30,28.747121040503
2012-07-31,28.59607145539
2012-08-01,28.643771324373
2012-08-02,28.270122350671
2012-08-03,28.55632156457
2012-08-06,28.45297184844
2012-08-07,27.785173682676
2012-08-08,27.832873551659
2012-08-09,27.602324184908
2012-08-10,27.79312366084
2012-08-13,27.991873114937
2012-08-14,28.174722612705
2012-08-15,27.928273289626
2012-08-16,28.14292270005
2012-08-17,28.150872678214
2012-08-20,27.968023180445
2012-08-21,27.363824839992
2012-08-22,26.966325931799
2012-08-23,26.592676958098
2012-08-24,27.093525582421
2012-08-27,27.23662518937
2012-08-28,27.435374643467
2012-08-29,27.498974468777
2012-08-30,27.37972479632
2012-08-31,26.998125844455
2012-09-04,27.347924883664
2012-09-05,27.228675211206
2012-09-06,27.498974468777
2012-09-07,27.244575167534
2012-09-10,27.387674774483
2012-09-11,27.3399749055
2012-09-12,26.82322632485
2012-09-13,27.234032493789
2012-09-14,26.533245499716
2012-09-17,26.750731118566
2012-09-18,26.815171301929
2012-09-19,26.702400981044
2012-09-20,27.072932035381
2012-09-21,27.435408066798
2012-09-24,27.556233410604
2012-09-25,27.395132952196
2012-09-26,27.524013318922
2012-09-27,27.306527700072
2012-09-28,26.895721531133
2012-10-01,27.097097104142
2012-10-02,27.169592310426
2012-10-03,27.427353043878
2012-10-04,27.387077929276
2012-10-05,27.387077929276
2012-10-08,27.370967883435
2012-10-09,27.000436829098
2012-10-10,26.855446416531
2012-10-11,26.347979972548
2012-10-12,26.678235912283
2012-10-15,26.718511026885
2012-10-16,26.791006233168
2012-10-17,26.984326783257
2012-10-18,26.654070843522
2012-10-19,26.283539789185
2012-10-22,26.517135453875
2012-10-23,26.057999147414
2012-10-24,25.880788643166
2012-10-25,25.856623574405
2012-10-26,25.582752795112
2012-10-31,25.614972886793
2012-11-01,25.75190827644
2012-11-02,25.53442265759
2012-11-05,25.679413070156
2012-11-06,25.727743207679
2012-11-07,25.292771969978
2012-11-08,25.196111694934
2012-11-09,25.357212153341
2012-11-12,25.051121282367
2012-11-13,25.11556146573
2012-11-14,24.801415571836
2012-11-15,24.559764884224
2012-11-16,25.163891603252
2012-11-19,26.227154628742
2012-11-20,26.460750293433
2012-11-21,26.468805316353
2012-11-23,26.968216737416
2012-11-26,26.750731118566
2012-11-27,26.702400981044
2012-11-28,26.911831576974
2012-11-29,27.0407119437
2012-11-30,27.234032493789
2012-12-03,27.113207149983
2012-12-04,26.976271760337
2012-12-05,26.82322632485
2012-12-06,26.726566049805
2012-12-07,26.960161714496
2012-12-10,26.919886599894
2012-12-11,26.549355545557
2012-12-12,26.782951210248
2012-12-13,26.791006233168
2012-12-14,26.710456003964
2012-12-17,26.573520614318
2012-12-18,26.251319697503
2012-12-19,26.090219239096
2012-12-20,26.307704857946
2012-12-21,26.009669009892
2012-12-24,25.854509288954
2012-12-26,25.576855051485
2012-12-27,25.642185460302
2012-12-28,25.389030126139
2012-12-31,25.67485066471
2013-01-02,26.57314378593
2013-01-03,26.589476388134
2013-01-04,26.57314378593
2013-01-07,26.507813377114
2013-01-08,26.24649174185
2013-01-09,26.050500515402
2013-01-10,26.703804603562
2013-01-11,26.891629528909
2013-01-14,26.940627335521
2013-01-15,26.769135012378
2013-01-16,26.769135012378
2013-01-17,26.940627335521
2013-01-18,27.169283766377
2013-01-22,27.071288153153
2013-01-23,26.956959937725
2013-01-24,27.283611981805
2013-01-25,27.316277186213
2013-01-28,27.520434713763
2013-01-29,27.520434713763
2013-01-30,27.520434713763
2013-01-31,27.504102111559
2013-02-01,27.928749768863
2013-02-04,27.675594434701
2013-02-05,27.912417166659
2013-02-06,27.863419360047
2013-02-07,28.263568114046
2013-02-08,28.328898522862
2013-02-11,28.377896329474
2013-02-12,28.304399619556
2013-02-13,28.40239523278
2013-02-14,27.855253058945
2013-02-15,28.0757431887
2013-02-19,28.394228931678
2013-02-20,28.492224544902
2013-02-21,28.745379879064
2013-02-22,28.843375492288
2013-02-25,28.296233318454
2013-02-26,28.010412779883
2013-02-27,27.822587854537
2013-02-28,27.397940197233
2013-03-01,27.348942390621
2013-03-04,27.708259639109
2013-03-05,27.961414973271
2013-03-06,27.871585661149
2013-03-07,27.732758542415
2013-03-08,27.765423746823
2013-03-11,27.977747575475
2013-03-12,27.896084564455
2013-03-13,28.067576887598
2013-03-14,27.960038278833
2013-03-15,27.860771870742
2013-03-18,27.687055656584
2013-03-19,27.869044071416
2013-03-20,28.158571095014
2013-03-21,28.009671482878
2013-03-22,28.051032486249
2013-03-25,28.026215884226
2013-03-26,28.423281516589
2013-03-27,28.46464251996
2013-03-28,28.448098118611
2013-04-01,28.373648312543
2013-04-02,29.118146373222
2013-04-03,28.803802747602
2013-04-04,29.085057570525
2013-04-05,28.820347148951
2013-04-08,29.167779577268
2013-04-09,29.3497679921
2013-04-10,29.498667604236
2013-04-11,29.465578801539
2013-04-12,29.705472621091
2013-04-15,28.795530546928
2013-04-16,29.267045985358
2013-04-17,29.068513169177
2013-04-18,28.687991938163
2013-04-19,28.969246761087
2013-04-22,29.184323978616
2013-04-23,29.391128995471
2013-04-24,29.391128995471
2013-04-25,29.730289223114
2013-04-26,29.837827831879
2013-04-29,30.284526668286
2013-04-30,30.201804661544
2013-05-01,30.044632848734
2013-05-02,30.317615470983
2013-05-03,30.201804661544
2013-05-06,29.846100032553
2013-05-07,30.168715858847
2013-05-08,30.210076862218
2013-05-09,30.069449450757
2013-05-10,30.342432073006
2013-05-13,30.540964889187
2013-05-14,30.656775698626
2013-05-15,30.987663725594
2013-05-16,30.756042106716
2013-05-17,30.971119324246
2013-05-20,30.888397317503
2013-05-21,30.540964889187
2013-05-22,30.524420487838
2013-05-23,30.491331685141
2013-05-24,30.681592300648
2013-05-28,30.6650478993
2013-05-29,30.143899256824
2013-05-30,30.13562705615
2013-05-31,29.862644433901
2013-06-03,30.160443658173
2013-06-04,29.953638641318
2013-06-05,29.540028607607
2013-06-06,29.622750614349
2013-06-07,29.904005437272
2013-06-10,29.970183042666
2013-06-11,29.912277637947
2013-06-12,29.813011229856
2013-06-13,29.947002291563
2013-06-14,29.796262347143
2013-06-17,29.972125615633
2013-06-18,30.273605504475
2013-06-19,29.469659134231
2013-06-20,28.757831618912
2013-06-21,29.251923658957
2013-06-24,29.000690418256
2013-06-25,29.251923658957
2013-06-26,29.536654665085
2013-06-27,29.687394609506
2013-06-28,29.302170307097
2013-07-01,29.628773520009
2013-07-02,29.695769050862
2013-07-03,29.720892374932
2013-07-05,29.720892374932
2013-07-08,30.181486649551
2013-07-09,30.374098800755
2013-07-10,30.566710951959
2013-07-11,30.8681908408
2013-07-12,30.918437488941
2013-07-15,31.027305226578
2013-07-16,31.178045170998
2013-07-17,31.002181902508
2013-07-18,30.985433019794
2013-07-19,31.111049640145
2013-07-22,30.884939723514
2013-07-23,30.139614442767
2013-07-24,29.787887905786
2013-07-25,30.072618911914
2013-07-26,30.064244470557
2013-07-29,29.871632319353
2013-07-30,29.779513464429
2013-07-31,29.360791396594
2013-08-01,29.762764581716
2013-08-02,29.88000676071
2013-08-05,29.821385671213
2013-08-06,29.645522402722
2013-08-07,29.478033575588
2013-08-08,29.787887905786
2013-08-09,29.620399078652
2013-08-12,29.444535810161
2013-08-13,29.494782458301
2013-08-14,29.360791396594
2013-08-15,28.950443770116
2013-08-16,28.715959412128
2013-08-19,28.414479523287
2013-08-20,28.28048846158
2013-08-21,28.020880779522
2013-08-22,28.104625193089
2013-08-23,28.707584970771
2013-08-26,28.514972819567
2013-08-27,28.464726171427
2013-08-28,28.138122958516
2013-08-29,28.422853964644
2013-08-30,28.372607316503
2013-09-03,28.33073510972
2013-09-04,28.615466115848
2013-09-05,28.682461646701
2013-09-06,28.808078267052
2013-09-09,28.967192652829
2013-09-10,29.293795865741
2013-09-11,29.653896844079
2013-09-12,29.327293631167
2013-09-13,29.582018242903
2013-09-16,29.828252034248
2013-09-17,30.023540903245
2013-09-18,30.388646180066
2013-09-19,30.397137000457
2013-09-20,30.184866490677
2013-09-23,29.930141878942
2013-09-24,29.785797932292
2013-09-25,29.539564140947
2013-09-26,29.717871369162
2013-09-27,29.471637577818
2013-09-30,29.165968043735
2013-10-01,29.471637577818
2013-10-02,29.505600859382
2013-10-03,29.463146757426
2013-10-04,29.42069265547
2013-10-07,29.505600859382
2013-10-08,29.446165116644
2013-10-09,29.250876247647
2013-10-10,30.125430747939
2013-10-11,30.176375670286
2013-10-14,30.34619207811
2013-10-15,29.998068442071
2013-10-16,30.303737976154
2013-10-17,30.244302233416
2013-10-18,30.448081922804
2013-10-21,30.583935049063
2013-10-22,30.91507704432
2013-10-23,30.889604583146
2013-10-24,30.532990126716
2013-10-25,30.779223918061
2013-10-28,31.254709859967
2013-10-29,31.781140724221
2013-10-30,31.466980369747
2013-10-31,31.611324316397
2013-11-01,31.696232520309
2013-11-04,31.781140724221
2013-11-05,31.874539748524
2013-11-06,32.112282719477
2013-11-07,31.840576466959
2013-11-08,31.883030568915
2013-11-11,31.798122365003
2013-11-12,31.679250879527
2013-11-13,31.908503030089
2013-11-14,32.010392874783
2013-11-15,32.265117486519
2013-11-18,32.290589947692
2013-11-19,32.120773539869
2013-11-20,31.933975491262
2013-11-21,31.534906932877
2013-11-22,31.645287597962
2013-11-25,31.517925292094
2013-11-26,31.4160354474
2013-11-27,31.543397753268
2013-11-29,31.399053806618
2013-12-02,31.373581345444
2013-12-03,31.56037939405
2013-12-04,31.611324316397
2013-12-05,31.382072165835
2013-12-06,31.806613185395
2013-12-09,32.001902054392
2013-12-10,31.687741699918
2013-12-11,31.98492041361
2013-12-12,31.585851855224
2013-12-13,31.500943651312
2013-12-16,31.619815136788
2013-12-17,31.798122365003
2013-12-18,32.400970612778
2013-12-19,32.451915535125
2013-12-20,32.749094248817
2013-12-23,32.791548350773
2013-12-24,32.739962275758
2013-12-26,32.886122821632
2013-12-27,32.937708896646
2013-12-30,32.980697292492
2013-12-31,33.006490329999
2014-01-02,32.585204050715
2014-01-03,32.430445825672
2014-01-06,32.052147942234
2014-01-07,32.052147942234
2014-01-08,31.923182754698
2014-01-09,32.026354904727
2014-01-10,32.034952583896
2014-01-13,31.888792038022
2014-01-14,31.794217567162
2014-01-15,31.72543613381
2014-01-16,32.069343300572
2014-01-17,31.837205963008
2014-01-21,32.129527054755
2014-01-22,32.241296883953
2014-01-23,32.129527054755
2014-01-24,32.069343300572
2014-01-27,31.665252379626
2014-01-28,31.682447737965
2014-01-29,31.321345212864
2014-01-30,30.392795862606
2014-01-31,30.281026033409
2014-02-03,29.326683645644
2014-02-04,29.601809379053
2014-02-05,29.232109174784
2014-02-06,29.842544395787
2014-02-07,30.349807466761
2014-02-10,30.255232995902
2014-02-11,30.212244600056
2014-02-12,30.031693337506
2014-02-13,30.332612108423
2014-02-14,30.581944804326
2014-02-18,30.487370333466
2014-02-19,30.229439958394
2014-02-20,30.547554087649
2014-02-21,30.409991220945
2014-02-24,30.418588900114
2014-02-25,30.581944804326
2014-02-26,30.470174975128
2014-02-27,30.839875179397
2014-02-28,31.17518466699
2014-03-03,31.338540571202
2014-03-04,31.871596679684
2014-03-05,31.768424529655
2014-03-06,31.716838454641
2014-03-07,31.648057021288
2014-03-10,31.691045417134
2014-03-11,31.605068625443
2014-03-12,31.484701117076
2014-03-13,31.336599313261
2014-03-14,31.65893853333
2014-03-17,31.693786016581
2014-03-18,31.876735303648
2014-03-19,31.380158667324
2014-03-20,31.667650404143
2014-03-21,31.75476911227
2014-03-24,31.963854011774
2014-03-25,32.155515169654
2014-03-26,32.451718777285
2014-03-27,32.43429503566
2014-03-28,32.33846445672
2014-03-31,32.608532451914
2014-04-01,32.573684968663
2014-04-02,32.739210514104
2014-04-03,32.747922384917
2014-04-04,32.730498643292
2014-04-07,32.800193609793
2014-04-08,33.009278509298
2014-04-09,33.227075279615
2014-04-10,32.948295413609
2014-04-11,32.800193609793
2014-04-14,33.322905858555
2014-04-15,33.288058375304
2014-04-16,33.418736437494
2014-04-17,33.497143274809
2014-04-21,33.471007662371
2014-04-22,33.66266882025
2014-04-23,33.375177083431
2014-04-24,33.453583920745
2014-04-25,34.072126748446
2014-04-28,34.786500155087
2014-04-29,34.952025700529
2014-04-30,34.943313829716
2014-05-01,34.69938144696
2014-05-02,34.821347638338
2014-05-05,34.751652671837
2014-05-06,34.638398351272
2014-05-07,34.899754475652
2014-05-08,34.943313829716
2014-05-09,35.02172066703
2014-05-12,35.169822470846
2014-05-13,35.378907370351
2014-05-14,35.134974987595
2014-05-15,34.89104260484
2014-05-16,35.448602336852
2014-05-19,35.030432537843
2014-05-20,34.873618863214
2014-05-21,35.405042982789
2014-05-22,35.439890466039
2014-05-23,35.439890466039
2014-05-27,35.518297303354
2014-05-28,35.518297303354
2014-05-29,35.988738327239
2014-05-30,36.206535097556
2014-06-02,35.936467102363
2014-06-03,35.92775523155
2014-06-04,35.919043360738
2014-06-05,35.971314585614
2014-06-06,36.058433293741
2014-06-09,36.25009445162
2014-06-10,36.894772891759
2014-06-11,37.103857791264
2014-06-12,36.38077251381
2014-06-13,36.530596431624
2014-06-16,36.847870610524
2014-06-17,36.733299379254
2014-06-18,37.323781878873
2014-06-19,37.958330236672
2014-06-20,38.002396094852
2014-06-23,37.6234297145
2014-06-24,37.323781878873
2014-06-25,37.041760386518
2014-06-26,36.927189155248
2014-06-27,36.85668378216
2014-06-30,36.962441841793
2014-07-01,36.865496953796
2014-07-02,36.90074964034
2014-07-03,37.359034565417
2014-07-07,37.561737513047
2014-07-08,37.641056057772
2014-07-09,37.720374602497
2014-07-10,37.852572177039
2014-07-11,38.275604415571
2014-07-14,38.205099042483
2014-07-15,36.803804752343
2014-07-16,36.85668378216
2014-07-17,37.165144789423
2014-07-18,37.165144789423
2014-07-21,37.024134043245
2014-07-22,36.953628670157
2014-07-23,36.768552065799
2014-07-24,37.050573558154
2014-07-25,36.786178409071
2014-07-28,36.706859864346
2014-07-29,36.609914976349
2014-07-30,36.239761767633
2014-07-31,35.781476842556
2014-08-01,35.896048073825
2014-08-04,35.896048073825
2014-08-05,35.755037327647
2014-08-06,36.512970088352
2014-08-07,36.266201282541
2014-08-08,36.689233521074
2014-08-11,37.024134043245
2014-08-12,36.980068185065
2014-08-13,37.077013073062
2014-08-14,37.244463334148
2014-08-15,37.191584304331
2014-08-18,37.455979453414
2014-08-19,37.632242886136
2014-08-20,37.42072676687
2014-08-21,37.526484826503
2014-08-22,37.535297998139
2014-08-25,37.693935087589
2014-08-26,37.773253632314
2014-08-27,37.738000945769
2014-08-28,37.817319490494
2014-08-29,37.967143408308
2014-09-02,38.064088296305
2014-09-03,38.090527811213
2014-09-04,38.020022438124
2014-09-05,38.240351729027
2014-09-08,38.328483445388
2014-09-09,38.469494191565
2014-09-10,38.654570795924
2014-09-11,38.522373221382
2014-09-12,38.495615379367
2014-09-15,39.485655533933
2014-09-16,39.565929059979
2014-09-17,39.788911076774
2014-09-18,39.904861725507
2014-09-19,40.127843742301
2014-09-22,40.448937846485
2014-09-23,39.976215970881
2014-09-24,40.761112669997
2014-09-25,40.234875110362
2014-09-26,40.859224757386
2014-09-29,41.064368212837
2014-09-30,40.975175406119
2014-10-01,40.823547634699
2014-10-02,40.555969214546
2014-10-03,41.198157422914
2014-10-06,41.48357440441
2014-10-07,41.073287493509
2014-10-08,41.742233543892
2014-10-09,41.358704475005
2014-10-10,41.670879298517
2014-10-13,41.073287493509
2014-10-14,41.189238142242
2014-10-15,40.609484898577
2014-10-16,40.288390794393
2014-10-17,40.72543554731
2014-10-20,41.403300878364
2014-10-21,41.938457718671
2014-10-22,41.974134841358
2014-10-23,42.03656980606
2014-10-24,42.357663910244
2014-10-27,42.49145312032
2014-10-28,42.393341032931
2014-10-29,42.429018155618
2014-10-30,42.366583190916
2014-10-31,43.115802767344
2014-11-03,43.633121046307
2014-11-04,44.079085079896
2014-11-05,44.373421342064
2014-11-06,44.203955009301
2014-11-07,44.480452710126
2014-11-10,44.480452710126
2014-11-11,43.954215150491
2014-11-12,43.99881155385
2014-11-13,44.105842921911
2014-11-14,43.508251116902
2014-11-17,43.74907169504
2014-11-18,43.945295869819
2014-11-19,43.829345221086
2014-11-20,43.552847520261
2014-11-21,43.918538027804
2014-11-24,43.927457308476
2014-11-25,44.114762202583
2014-11-26,44.346663500049
2014-11-28,44.828304656325
2014-12-01,44.863981779012
2014-12-02,45.095883076478
2014-12-03,45.657797758799
2014-12-04,45.434815742005
2014-12-05,45.550766390738
2014-12-08,45.425896461333
2014-12-09,45.220753005883
2014-12-10,44.587484078187
2014-12-11,44.783708252966
2014-12-12,44.284228535347
2014-12-15,44.159358605942
2014-12-16,43.99881155385
2014-12-17,44.542887674828
2014-12-18,45.729152004174
2014-12-19,45.095883076478
2014-12-22,45.238591567226
2014-12-23,45.535976730915
2014-12-24,45.382778313257
2014-12-26,45.599058432304
2014-12-29,45.265626582107
2014-12-30,44.905159717029
2014-12-31,44.400506105921
2015-01-02,44.130155957113
2015-01-05,43.877829151559
2015-01-06,44.13916762874
2015-01-07,44.950218075164
2015-01-08,45.707198491827
2015-01-09,45.599058432304
2015-01-12,45.887431924366
2015-01-13,46.247898789443
2015-01-14,46.617377326148
2015-01-15,47.284241026541
2015-01-16,47.806917980903
2015-01-20,48.509828367804
2015-01-21,48.90634191939
2015-01-22,49.25779711284
2015-01-23,48.834248546374
2015-01-26,49.059540337048
2015-01-27,49.167680396571
2015-01-28,48.672038457089
2015-01-29,49.014481978913
2015-01-30,47.851976339038
2015-02-02,48.482793352924
2015-02-03,48.897330247763
2015-02-04,48.690061800343
2015-02-05,48.365641621773
2015-02-06,48.059244786458
2015-02-09,47.9060463688
2015-02-10,48.455758338043
2015-02-11,49.34791382911
2015-02-12,50.050824216011
2015-02-13,49.34791382911
2015-02-17,49.690357350933
2015-02-18,49.780474067203
2015-02-19,49.996754186249
2015-02-20,50.113905917399
2015-02-23,50.02378920113
2015-02-24,50.213034305296
2015-02-25,50.14094093228
2015-02-26,50.546466155492
2015-02-27,50.726699588031
2015-03-02,50.915944692197
2015-03-03,50.879898005689
2015-03-04,50.276116006684
2015-03-05,50.014777529503
2015-03-06,48.095291472965
2015-03-09,48.509828367804
2015-03-10,47.942093055307
2015-03-11,47.058949235868
2015-03-12,47.338311056303
2015-03-13,46.774001253286
2015-03-16,47.411125224434
2015-03-17,46.983341986663
2015-03-18,46.728492398204
2015-03-19,46.664780001089
2015-03-20,46.801306566335
2015-03-23,46.983341986663
2015-03-24,46.519151664826
2015-03-25,45.645381647252
2015-03-26,45.508855082006
2015-03-27,45.818315296564
2015-03-30,45.991248945875
2015-03-31,45.527058624039
2015-04-01,45.781908212498
2015-04-02,46.591965832958
2015-04-06,46.86501896345
2015-04-07,47.056156154794
2015-04-08,46.983341986663
2015-04-09,47.201784491057
2015-04-10,47.793399607123
2015-04-13,47.119868551909
2015-04-14,47.438430537483
2015-04-15,46.974240215647
2015-04-16,47.374718140368
2015-04-17,47.101665009876
2015-04-20,47.902620859319
2015-04-21,47.42022699545
2015-04-22,47.438430537483
2015-04-23,47.64777127086
2015-04-24,47.392921682401
2015-04-27,46.783103024302
2015-04-28,47.065257925811
2015-04-29,45.690890502334
2015-04-30,45.554363937088
2015-05-01,46.109571969088
2015-05-04,46.127775511121
2015-05-05,45.82741706758
2015-05-06,46.127775511121
2015-05-07,46.63747468804
2015-05-08,47.483939392565
2015-05-11,46.728492398204
2015-05-12,46.555558748892
2015-05-13,46.419032183646
2015-05-14,47.87531554627
2015-05-15,48.075554508631
2015-05-18,47.283700430204
2015-05-19,47.128970322925
2015-05-20,47.147173864958
2015-05-21,47.001545528696
2015-05-22,46.628372917023
2015-05-26,46.673881772105
2015-05-27,47.174479178007
2015-05-28,46.983341986663
2015-05-29,46.601067603974
2015-06-01,46.601067603974
2015-06-02,46.082266656039
2015-06-03,45.82741706758
2015-06-04,45.399633829809
2015-06-05,43.87963807007
2015-06-08,43.979757551251
2015-06-09,44.198200055644
2015-06-10,44.798916942727
2015-06-11,44.46215141512
2015-06-12,44.195360107229
2015-06-15,43.735375093623
2015-06-16,44.176960706684
2015-06-17,44.673744521378
2015-06-18,45.501717545869
2015-06-19,45.372921742059
2015-06-22,45.805307654848
2015-06-23,45.152128935528
2015-06-24,45.050932232535
2015-06-25,45.225726537705
2015-06-26,45.520116946413
2015-06-29,44.774941224372
2015-06-30,44.995734030902
2015-07-01,45.170528336072
2015-07-02,45.069331633079
2015-07-06,45.878905257025
2015-07-07,47.544051006278
2015-07-08,46.94607048859
2015-07-09,46.872472886413
2015-07-10,47.203662096209
2015-07-13,47.222061496754
2015-07-14,47.240460897298
2015-07-15,47.130064494032
2015-07-16,48.675614139747
2015-07-17,48.960804848183
2015-07-20,49.411590161516
2015-07-21,49.264394957163
2015-07-22,49.641582668319
2015-07-23,49.51278686451
2015-07-24,49.485187763693
2015-07-27,49.632382968047
2015-07-28,50.828344003422
2015-07-29,50.046369480292
2015-07-30,49.86237547485
2015-07-31,50.027970079748
2015-08-03,50.285561687367
2015-08-04,50.524753894442
2015-08-05,51.030737409408
2015-08-06,51.122734412129
2015-08-07,51.049136809952
2015-08-10,51.251530215939
2015-08-11,51.269929616483
2015-08-12,51.279129316755
2015-08-13,51.122734412129
2015-08-14,51.297528717299
2015-08-17,51.21473141485
2015-08-18,50.782345502061
2015-08-19,50.423557191449
2015-08-20,50.349959589272
2015-08-21,49.623183267775
2015-08-24,47.967237218795
2015-08-25,47.672846810087
2015-08-26,48.951605147911
2015-08-27,49.411590161516
2015-08-28,49.834776374034
2015-08-31,49.291994057979
2015-09-01,47.866040515801
2015-09-02,48.878007545734
2015-09-03,49.301193758251
2015-09-04,48.188030025325
2015-09-08,49.20919675553
2015-09-09,48.776810842741
2015-09-10,49.006803349543
2015-09-11,48.901006796414
2015-09-14,48.770827276515
2015-09-15,50.314384441034
2015-09-16,51.476701582991
2015-09-17,50.853699594902
2015-09-18,50.25859321822
2015-09-21,50.946684966258
2015-09-22,50.398071275255
2015-09-23,50.584042017968
2015-09-24,50.779311297817
2015-09-25,50.946684966258
2015-09-28,50.797908372088
2015-09-29,50.425966886662
2015-09-30,50.584042017968
2015-10-01,50.416668349526
2015-10-02,51.011774726208
2015-10-05,51.82074745701
2015-10-06,51.523194268669
2015-10-07,51.978822588316
2015-10-08,52.415853833692
2015-10-09,52.824989467661
2015-10-12,53.429394381479
2015-10-13,53.578170975649
2015-10-14,53.513081215699
2015-10-15,53.81063440404
2015-10-16,54.601010060571
2015-10-19,55.475072551323
2015-10-20,55.549460848408
2015-10-21,55.642446219765
2015-10-22,57.093018012927
2015-10-23,56.767569213179
2015-10-26,57.093018012927
2015-10-27,56.776867750315
2015-10-28,57.13021216147
2015-10-29,57.21389899569
2015-10-30,56.228254059311
2015-11-02,56.256149670718
2015-11-03,53.792037329769
2015-11-04,53.959410998211
2015-11-05,53.978008072482
2015-11-06,53.085348507459
2015-11-09,53.076049970324
2015-11-10,52.80639239339
2015-11-11,53.196930953087
2015-11-12,52.778496781983
2015-11-13,52.332166999471
2015-11-16,52.787795319118
2015-11-17,52.704108484897
2015-11-18,53.057452896052
2015-11-19,53.429394381479
2015-11-20,53.122542656002
2015-11-23,53.578170975649
2015-11-24,53.531678289971
2015-11-25,53.466588530021
2015-11-27,53.699051958413
2015-11-30,53.559573901378
2015-12-01,53.829231478312
2015-12-02,53.782738792633
2015-12-03,53.085348507459
2015-12-04,54.405740780722
2015-12-07,54.182575889467
2015-12-08,54.145381740924
2015-12-09,53.308513398715
2015-12-10,53.16903534168
2015-12-11,52.499540667913
2015-12-14,53.485185604292
2015-12-15,53.317811935851
2015-12-16,54.814876414691
2015-12-17,54.331352483637
2015-12-18,53.122542656002
2015-12-21,53.410797307207
2015-12-22,54.243016380848
2015-12-23,54.86272195141
2015-12-24,54.731269254624
2015-12-28,54.712490297941
2015-12-29,55.322806390161
2015-12-30,55.210132650059
2015-12-31,54.65615342789
2016-01-04,53.886216203858
2016-01-05,54.975395691512
2016-01-06,55.557543348707
2016-01-07,54.590427079497
2016-01-08,54.684321862915
2016-01-11,55.82983822062
2016-01-12,55.754722393886
2016-01-13,54.25240585919
2016-01-14,54.665542906231
2016-01-15,53.707816115363
2016-01-19,54.834553516385
2016-01-20,53.726595072047
2016-01-21,53.942553073909
2016-01-22,54.721879776283
2016-01-25,54.834553516385
2016-01-26,55.360364303528
2016-01-27,55.360364303528
2016-01-28,55.989459352432
2016-01-29,57.379102147025
2016-02-01,57.219481015214
2016-02-02,56.796954489831
2016-02-03,56.186638397611
2016-02-04,55.848617177304
2016-02-05,56.149080484243
2016-02-08,56.449543791182
2016-02-09,56.759396576463
2016-02-10,56.383817442789
2016-02-11,56.327480572738
2016-02-12,56.308701616055
2016-02-16,56.618554401336
2016-02-17,56.712449184754
2016-02-18,56.919017708275
2016-02-19,56.862680838224
2016-02-22,57.472996930444
2016-02-23,57.764070759041
2016-02-24,57.613839105571
2016-02-25,58.57156589644
2016-02-26,57.782849715725
2016-02-29,57.81101815075
2016-03-01,57.96124980422
2016-03-02,57.745291802357
2016-03-03,58.430723721312
2016-03-04,59.134934596951
2016-03-07,58.036365630954
2016-03-08,58.496450069705
2016-03-09,58.975313465139
2016-03-10,59.153713553634
2016-03-11,58.754660724106
2016-03-14,58.754660724106
2016-03-15,58.612535274846
2016-03-16,58.81151090381
2016-03-17,59.057861682527
2016-03-18,58.309334316424
2016-03-21,58.479884855536
2016-03-22,57.797682699088
2016-03-23,58.186158927066
2016-03-24,57.68398233968
2016-03-28,58.39460958598
2016-03-29,58.773610784007
2016-03-30,59.294737431294
2016-03-31,59.370537670899
2016-04-01,59.749538868926
2016-04-04,59.910614378087
2016-04-05,59.626363479567
2016-04-06,60.22329036646
2016-04-07,60.0811649172
2016-04-08,60.450691085276
2016-04-11,59.986414617693
2016-04-12,60.469641145177
2016-04-13,58.81151090381
2016-04-14,58.356709466178
2016-04-15,58.441984735734
2016-04-18,58.906261203316
2016-04-19,58.470409825586
2016-04-20,58.25248413672
2016-04-21,57.020730243133
2016-04-22,57.342881261456
2016-04-25,58.006133358003
2016-04-26,58.129308747361
2016-04-27,58.318809346375
2016-04-28,58.925211263218
2016-04-29,59.417912820653
2016-05-02,59.80638904863
2016-05-03,59.882189288235
2016-05-04,59.910614378087
2016-05-05,59.541088210011
2016-05-06,59.626363479567
2016-05-09,60.318040665966
2016-05-10,61.208693481329
2016-05-11,61.21816851128
2016-05-12,61.606644739257
2016-05-13,61.189743421428
2016-05-16,61.36029396054
2016-05-17,60.526491324881
2016-05-18,59.683213659271
2016-05-19,60.024314737496
2016-05-20,59.654788569419
2016-05-23,59.920089408038
2016-05-24,60.441216055325
2016-05-25,60.564391444684
2016-05-26,60.640191684289
2016-05-27,60.602291564486
2016-05-31,60.299090606065
2016-06-01,60.971817732563
2016-06-02,60.93391761276
2016-06-03,61.871945577876
2016-06-06,61.77719527837
2016-06-07,61.682444978863
2016-06-08,62.175146536298
2016-06-09,62.402547255114
2016-06-10,62.658373063782
2016-06-13,61.971433392358
2016-06-14,62.411082673057
2016-06-15,62.439755452233
2016-06-16,63.03232622187
2016-06-17,62.506658603643
2016-06-20,62.965423070459
2016-06-21,63.252150862219
2016-06-22,63.223478083043
2016-06-23,63.376399571981
2016-06-24,64.054988679146
2016-06-27,64.924729647485
2016-06-28,64.905614461367
2016-06-29,64.829153716898
2016-06-30,65.909161732527
2016-07-01,65.966507290879
2016-07-05,66.53040528134
2016-07-06,66.635538804985
2016-07-07,66.234119896521
2016-07-08,66.74067232863
2016-07-11,66.778902700865
2016-07-12,65.823143394999
2016-07-13,66.023852849231
2016-07-14,65.870931360292
2016-07-15,66.339253420166
2016-07-18,66.109871186758
2016-07-19,66.157659152052
2016-07-20,65.95694969782
2016-07-21,65.689337092177
2016-07-22,65.81358580194
2016-07-25,65.756240243588
2016-07-26,64.924729647485
2016-07-27,63.796933666563
2016-07-28,64.141007016674
2016-07-29,64.704905007135
2016-08-01,64.657117041842
2016-08-02,64.360831657024
2016-08-03,63.433745130333
2016-08-04,63.6726849568
2016-08-05,63.586666619272
2016-08-08,63.548436247037
2016-08-09,63.6726849568
2016-08-10,63.88295200409
2016-08-11,63.787376073504
2016-08-12,63.787376073504
2016-08-15,63.328611606688
2016-08-16,63.328611606688
2016-08-17,63.519763467861
2016-08-18,63.376399571981
2016-08-19,63.395514758099
2016-08-22,63.405072351157
2016-08-23,63.519763467861
2016-08-24,63.233035676102
2016-08-25,63.003653442694
2016-08-26,62.917635105166
2016-08-29,63.17569011775
2016-08-30,62.965423070459
2016-08-31,63.166132524691
2016-09-01,63.38595716504
2016-09-02,63.921182376325
2016-09-06,64.227025354202
2016-09-07,63.768260887387
2016-09-08,63.462417909509
2016-09-09,60.74806148085
2016-09-12,61.808954310361
2016-09-13,61.321517064369
2016-09-14,60.906595705791
2016-09-15,61.032037046756
2016-09-16,60.597817020337
2016-09-19,60.520622348973
2016-09-20,60.761855696984
2016-09-21,61.273270394767
2016-09-22,61.871529097834
2016-09-23,61.630295749823
2016-09-26,60.819751700507
2016-09-27,61.099582384199
2016-09-28,61.533802410619
2016-09-29,60.617115688177
2016-09-30,61.012738378915
2016-10-03,60.646063689939
2016-10-04,59.613584960452
2016-10-05,59.073222260908
2016-10-06,59.613584960452
2016-10-07,59.748675635338
2016-10-10,59.584636958691
2016-10-11,59.816220972781
2016-10-12,60.346934338405
2016-10-13,60.491674347212
2016-10-14,60.250440999201
2016-10-17,60.24079166528
2016-10-18,60.462726345451
2016-10-19,59.739026301418
2016-10-20,59.681130297895
2016-10-21,61.466257073176
2016-10-24,62.67242381323
2016-10-25,62.44083979914
2016-10-26,62.257502454652
2016-10-27,62.170658449368
2016-10-28,63.569811867831
2016-10-31,63.801395881921
2016-11-01,63.183838511013
2016-11-02,62.836462489878
2016-11-03,62.788215820276
2016-11-04,62.122411779765
2016-11-07,62.981202498684
2016-11-08,63.531214532149
2016-11-09,61.794334426471
2016-11-10,59.55568895693
2016-11-11,59.594286292611
2016-11-14,59.044274259146
2016-11-15,59.642532962213
2016-11-16,60.462726345451
2016-11-17,60.607466354257
2016-11-18,60.568869018575
2016-11-21,61.456607739255
2016-11-22,61.958373103118
2016-11-23,61.77503575863
2016-11-25,62.21890511897
2016-11-28,62.556631806185
2016-11-29,62.8943584934
2016-11-30,61.688191753346
2016-12-01,60.684661025621
2016-12-02,61.746087756868
2016-12-05,61.302218396528
2016-12-06,62.045217108402
2016-12-07,63.11629317357
2016-12-08,63.068046503968
2016-12-09,63.946135890728
2016-12-12,64.158421236977
2016-12-13,64.351407915386
2016-12-14,63.627707871353
2016-12-15,63.936486556807
2016-12-16,64.689134602601
2016-12-19,65.383886644873
2016-12-20,65.567223989361
2016-12-21,65.499066791867
2016-12-22,65.898273234333
2016-12-23,65.937220204329
2016-12-27,66.034587629321
2016-12-28,65.732748611847
2016-12-29,66.063797856818
2016-12-30,65.839852779338
2017-01-03,65.849589521837
2017-01-04,66.063797856818
2017-01-05,66.141691796812
2017-01-06,66.433794071787
2017-01-09,66.16116528181
2017-01-10,65.937220204329
2017-01-11,65.869063006835
2017-01-12,65.732748611847
2017-01-13,65.800905809341
2017-01-17,66.677212634266
2017-01-18,67.339311124209
2017-01-19,67.719044081676
2017-01-20,68.166934236637
2017-01-23,68.692718331592
2017-01-24,68.897189924075
2017-01-25,69.091924774058
2017-01-26,68.984820606567
2017-01-27,69.160081971552
2017-01-30,69.422974019029
2017-01-31,69.306133109039
2017-02-01,69.510604701522
2017-02-02,69.569025156517
2017-02-03,69.607972126514
2017-02-06,69.41323727653
2017-02-07,70.299280843954
2017-02-08,70.250597131458
2017-02-09,70.58164637643
2017-02-10,70.513489178936
2017-02-13,70.143492963967
2017-02-14,69.987705083981
2017-02-15,70.270070616457
2017-02-16,70.795854711411
2017-02-17,71.04901001639
2017-02-21,71.711108506333
2017-02-22,71.662424793837
2017-02-23,72.499784648765
2017-02-24,72.470574421267
2017-02-27,72.626362301254
2017-02-28,72.947674803726
2017-03-01,73.609773293669
2017-03-02,73.726614203659
2017-03-03,73.580563066172
2017-03-06,73.590299808671
2017-03-07,74.096610418627
2017-03-08,73.843455113649
2017-03-09,74.18424110112
2017-03-10,74.437396406098
2017-03-13,74.252398298614
2017-03-14,73.948125417285
2017-03-15,74.272028807087
2017-03-16,73.908864400339
2017-03-17,73.771450841029
2017-03-20,74.183691518959
2017-03-21,74.527225417234
2017-03-22,73.683113552901
2017-03-23,72.652511858076
2017-03-24,71.818215247979
2017-03-27,71.847661010688
2017-03-28,71.837845756452
2017-03-29,71.612094909014
2017-03-30,70.718906773498
2017-03-31,70.100545756603
2017-04-03,70.296850841332
2017-04-04,70.620754231134
2017-04-05,70.601123722661
2017-04-06,70.100545756603
2017-04-07,70.38518812946
2017-04-10,70.434264400642
2017-04-11,70.748352536208
2017-04-12,70.826874570099
2017-04-13,69.982762705766
2017-04-17,70.974103383646
2017-04-18,71.003549146355
2017-04-19,70.777798298917
2017-04-20,70.090730502367
2017-04-21,70.149622027785
2017-04-24,71.20966948532
2017-04-25,71.091886434483
2017-04-26,70.188883044731
2017-04-27,70.208513553204
2017-04-28,70.453894909115
2017-05-01,69.491999993944
2017-05-02,69.521445756653
2017-05-03,68.922715248231
2017-05-04,69.011052536359
2017-05-05,69.609783044781
2017-05-08,69.403662705816
2017-05-09,68.991422027886
2017-05-10,69.011052536359
2017-05-11,69.177911858378
2017-05-12,69.344771180398
2017-05-15,69.364401688871
2017-05-16,69.639228807491
2017-05-17,69.246618638033
2017-05-18,69.236803383797
2017-05-19,69.590152536309
2017-05-22,70.709091519262
2017-05-23,70.79742880739
2017-05-24,71.504127112413
2017-05-25,72.770294908913
2017-05-26,73.035306773296
2017-05-30,73.683113552901
2017-05-31,74.046277959649
2017-06-01,74.007016942703
2017-06-02,73.732189824083
2017-06-05,73.673298298665
2017-06-06,73.87941863763
2017-06-07,74.213137281668
2017-06-08,73.820527112211
2017-06-09,74.065908468122
2017-06-12,74.007016942703
2017-06-13,74.164061010486
2017-06-14,74.955672068637
2017-06-15,75.608751191611
2017-06-16,76.46962821735
2017-06-19,76.895119161106
2017-06-20,76.519103908484
2017-06-21,76.222249761678
2017-06-22,75.678017159199
2017-06-23,75.687912297426
2017-06-26,75.727492850334
2017-06-27,74.589551954242
2017-06-28,75.044728312679
2017-06-29,73.619828408008
2017-06-30,73.689094375596
2017-07-03,73.748465204957
2017-07-05,73.827626310772
2017-07-06,73.540667302193
2017-07-07,73.471401334604
2017-07-10,72.917273593899
2017-07-11,72.66
2017-07-12,73.115176358437
2017-07-13,72.709475691134
2017-07-14,73.154756911344
2017-07-17,72.600629170639
2017-07-18,72.561048617731
2017-07-19,72.778741658723
2017-07-20,72.81832221163
2017-07-21,72.650104861773
2017-07-24,71.878284080076
2017-07-25,71.482478551001
2017-07-26,70.97782650143
2017-07-27,73.184442326025
2017-07-28,66.238055290753
2017-07-31,64.288713060057
2017-08-01,64.813155386082
2017-08-02,64.862631077216
2017-08-03,64.85273593899
2017-08-04,64.832945662536
2017-08-07,65.298017159199
2017-08-08,64.694413727359
2017-08-09,64.625147759771
2017-08-10,64.09081029552
2017-08-11,63.635633937083
2017-08-14,64.160076263108
2017-08-15,64.615252621544
2017-08-16,64.763679694948
2017-08-17,63.625738798856
2017-08-18,63.022135367016
2017-08-21,63.714795042898
2017-08-22,63.388255481411
2017-08-23,63.04192564347
2017-08-24,62.933079122974
2017-08-25,63.408045757865
2017-08-28,63.259618684461
2017-08-29,63.140877025739
2017-08-30,63.378360343184
2017-08-31,62.735176358437
2017-09-01,62.873708293613
2017-09-05,62.210734032412
2017-09-06,62.606539561487
2017-09-07,62.072202097235
2017-09-08,61.577445185891
2017-09-11,61.83471877979
2017-09-12,61.844613918017
2017-09-13,61.854509056244
2017-09-14,62.28
2017-09-15,62.39
2017-09-18,62.56
2017-09-19,62.23
2017-09-20,61.22
2017-09-21,61.5
2017-09-22,62.49
2017-09-25,63.79
2017-09-26,64.52
2017-09-27,64.41
2017-09-28,64.19
2017-09-29,63.42
2017-10-02,62.9
2017-10-03,63.37
2017-10-04,63.49
2017-10-05,63.81
2017-10-06,62.55
2017-10-09,63.57
2017-10-10,65.01
2017-10-11,64.87
2017-10-12,65.35
2017-10-13,65.05
2017-10-16,65.37
2017-10-17,64.87
2017-10-18,64.81
2017-10-19,64.37
2017-10-20,65.0
2017-10-23,64.5
2017-10-24,64.13
2017-10-25,63.785
2017-10-26,65.79
2017-10-27,64.92
2017-10-30,64.05
2017-10-31,64.22
2017-11-01,64.7
2017-11-02,63.9
2017-11-03,63.91
2017-11-06,63.45
2017-11-07,64.31
2017-11-09,64.51
2017-11-10,65.02
2017-11-13,65.84
2017-11-14,65.73
2017-11-15,65.26
2017-11-16,65.88
2017-11-17,66.42
2017-11-20,65.83
2017-11-21,65.65
2017-11-22,65.49
2017-11-24,65.48
2017-11-27,65.07
2017-11-28,66.4
2017-11-29,67.37
2017-11-30,67.83
2017-12-01,68.58
2017-12-04,70.08
2017-12-05,70.18
2017-12-06,71.66
2017-12-07,71.5
2017-12-08,71.54
2017-12-11,71.65
2017-12-12,71.72
2017-12-13,72.32
2017-12-14,71.79
2017-12-15,71.67
2017-12-18,72.65
2017-12-19,73.9
2017-12-20,72.6
2017-12-21,71.94
2017-12-22,72.14
2017-12-26,72.08
2017-12-27,72.43
2017-12-28,71.27
2017-12-29,71.41
2018-01-02,70.74
2018-01-03,70.48
2018-01-04,70.2
2018-01-05,70.4
2018-01-08,70.31
2018-01-09,69.57
2018-01-10,70.29
2018-01-11,70.29
2018-01-12,69.61
2018-01-16,68.92
2018-01-17,70.15
2018-01-18,70.03
2018-01-19,71.12
2018-01-22,71.28
2018-01-23,71.45
2018-01-24,71.56
2018-01-25,69.91
2018-01-26,71.02
2018-01-29,69.83
2018-01-30,69.82
2018-01-31,70.34
2018-02-01,69.93
2018-02-02,69.4
2018-02-05,66.04
2018-02-06,66.53
2018-02-07,66.79
2018-02-08,64.05
2018-02-09,64.03
2018-02-12,65.35
2018-02-13,65.64
2018-02-14,65.18
2018-02-15,65.32
2018-02-16,65.46
2018-02-20,64.19
2018-02-21,63.93
2018-02-22,63.34
2018-02-23,64.59
2018-02-26,65.43
2018-02-27,64.0
2018-02-28,62.95
2018-03-01,62.43
2018-03-02,62.55
2018-03-05,64.13
2018-03-06,64.77
2018-03-07,64.07
2018-03-08,65.43
2018-03-09,65.65
2018-03-12,65.77
2018-03-13,66.13
2018-03-14,63.82
2018-03-15,63.81
2018-03-16,63.19
2018-03-19,62.48
2018-03-20,61.52
2018-03-21,60.0
2018-03-22,60.39
2018-03-23,59.27
2018-03-26,59.6
2018-03-27,60.72
